experiment,condition,draw_id,embedding_model,fusion_method,model_level,model_name,n,auc,pr_auc,brier,log_loss,domain_variant,base_auc,augmented_auc,delta_auc,base_pr_auc,augmented_pr_auc,delta_pr_auc,base_brier,augmented_brier,delta_brier,base_log_loss,augmented_log_loss,delta_log_loss
fake_d,fake_d,1,model_1_all_mpnet_base_v2,early_concat,L3,augmented,142.0,0.7204604181348366,0.5535316622953947,0.19628374581288568,0.6148369985050255,Fake-D,,,,,,,,,,,,
fake_d,fake_d,1,model_1_all_mpnet_base_v2,early_concat,L3,base,142.0,0.704721634954193,0.5280874432026551,0.20273709094962117,0.6211906703163346,Fake-D,,,,,,,,,,,,
fake_d,fake_d,1,model_1_all_mpnet_base_v2,early_concat,L3,,,,,,,Fake-D,0.704721634954193,0.7204604181348366,0.01573878318064359,0.5280874432026551,0.5535316622953947,0.02544421909273964,0.20273709094962117,0.19628374581288568,0.006453345136735483,0.6211906703163346,0.6148369985050255,0.006353671811309081
fake_d,fake_d,2,model_1_all_mpnet_base_v2,early_concat,L3,augmented,142.0,0.7171717171717172,0.5504943362303127,0.19853100643692387,0.604993378872259,Fake-D,,,,,,,,,,,,
fake_d,fake_d,2,model_1_all_mpnet_base_v2,early_concat,L3,base,142.0,0.6915668311017148,0.5165150330053758,0.2081774395925336,0.6147310640437519,Fake-D,,,,,,,,,,,,
fake_d,fake_d,2,model_1_all_mpnet_base_v2,early_concat,L3,,,,,,,Fake-D,0.6915668311017148,0.7171717171717172,0.02560488607000244,0.5165150330053758,0.5504943362303127,0.03397930322493692,0.2081774395925336,0.19853100643692387,0.00964643315560973,0.6147310640437519,0.604993378872259,0.009737685171492871
fake_d,fake_d,3,model_1_all_mpnet_base_v2,early_concat,L3,augmented,142.0,0.7228094902513507,0.6176255162717968,0.192413771846665,0.5909622008596095,Fake-D,,,,,,,,,,,,
fake_d,fake_d,3,model_1_all_mpnet_base_v2,early_concat,L3,base,142.0,0.7195207892882312,0.5644720421616152,0.1952071845703186,0.5903893656579067,Fake-D,,,,,,,,,,,,
fake_d,fake_d,3,model_1_all_mpnet_base_v2,early_concat,L3,,,,,,,Fake-D,0.7195207892882312,0.7228094902513507,0.0032887009631195063,0.5644720421616152,0.6176255162717968,0.053153474110181675,0.1952071845703186,0.192413771846665,0.0027934127236536044,0.5903893656579067,0.5909622008596095,-0.0005728352017028149
fake_d,fake_d,4,model_1_all_mpnet_base_v2,early_concat,L3,augmented,142.0,0.7333803147756635,0.5595136828292462,0.19521470621657724,0.5968343752453461,Fake-D,,,,,,,,,,,,
fake_d,fake_d,4,model_1_all_mpnet_base_v2,early_concat,L3,base,142.0,0.7000234907211651,0.5251792812205391,0.2074396516882464,0.6256662838698481,Fake-D,,,,,,,,,,,,
fake_d,fake_d,4,model_1_all_mpnet_base_v2,early_concat,L3,,,,,,,Fake-D,0.7000234907211651,0.7333803147756635,0.03335682405449836,0.5251792812205391,0.5595136828292462,0.034334401608707044,0.2074396516882464,0.19521470621657724,0.012224945471669163,0.6256662838698481,0.5968343752453461,0.028831908624502023
fake_d,fake_d,5,model_1_all_mpnet_base_v2,early_concat,L3,augmented,142.0,0.7484143763213531,0.5971296914841103,0.18834492530459368,0.5752935054864742,Fake-D,,,,,,,,,,,,
fake_d,fake_d,5,model_1_all_mpnet_base_v2,early_concat,L3,base,142.0,0.7324406859290581,0.5543313886607036,0.19633877835181743,0.59369394399041,Fake-D,,,,,,,,,,,,
fake_d,fake_d,5,model_1_all_mpnet_base_v2,early_concat,L3,,,,,,,Fake-D,0.7324406859290581,0.7484143763213531,0.015973690392295015,0.5543313886607036,0.5971296914841103,0.042798302823406686,0.19633877835181743,0.18834492530459368,0.007993853047223748,0.59369394399041,0.5752935054864742,0.0184004385039358
fake_d,fake_d,6,model_1_all_mpnet_base_v2,early_concat,L3,augmented,142.0,0.6734789758045572,0.5049164023019477,0.21371989099718716,0.6550593857604957,Fake-D,,,,,,,,,,,,
fake_d,fake_d,6,model_1_all_mpnet_base_v2,early_concat,L3,base,142.0,0.6471693680996008,0.4642318644629624,0.22486001534508035,0.6675528846491228,Fake-D,,,,,,,,,,,,
fake_d,fake_d,6,model_1_all_mpnet_base_v2,early_concat,L3,,,,,,,Fake-D,0.6471693680996008,0.6734789758045572,0.026309607704956384,0.4642318644629624,0.5049164023019477,0.04068453783898529,0.22486001534508035,0.21371989099718716,0.011140124347893188,0.6675528846491228,0.6550593857604957,0.012493498888627053
fake_d,fake_d,7,model_1_all_mpnet_base_v2,early_concat,L3,augmented,142.0,0.7373737373737373,0.6002622296230751,0.18658007346895494,0.5632336271377772,Fake-D,,,,,,,,,,,,
fake_d,fake_d,7,model_1_all_mpnet_base_v2,early_concat,L3,base,142.0,0.7077754287056612,0.5848704122266765,0.19670661792498473,0.580655208065508,Fake-D,,,,,,,,,,,,
fake_d,fake_d,7,model_1_all_mpnet_base_v2,early_concat,L3,,,,,,,Fake-D,0.7077754287056612,0.7373737373737373,0.029598308668076112,0.5848704122266765,0.6002622296230751,0.01539181739639861,0.19670661792498473,0.18658007346895494,0.010126544456029785,0.580655208065508,0.5632336271377772,0.017421580927730718
fake_d,fake_d,8,model_1_all_mpnet_base_v2,early_concat,L3,augmented,142.0,0.6786469344608879,0.5173621548603156,0.21148385804988132,0.6663888788534722,Fake-D,,,,,,,,,,,,
fake_d,fake_d,8,model_1_all_mpnet_base_v2,early_concat,L3,base,142.0,0.7007282123561194,0.5398880858464226,0.20367425711393794,0.6254699343596982,Fake-D,,,,,,,,,,,,
fake_d,fake_d,8,model_1_all_mpnet_base_v2,early_concat,L3,,,,,,,Fake-D,0.7007282123561194,0.6786469344608879,-0.02208127789523151,0.5398880858464226,0.5173621548603156,-0.022525930986107,0.20367425711393794,0.21148385804988132,-0.007809600935943378,0.6254699343596982,0.6663888788534722,-0.04091894449377398
fake_d,fake_d,9,model_1_all_mpnet_base_v2,early_concat,L3,augmented,142.0,0.689922480620155,0.5271565676915133,0.21581318130483326,0.6586477313780124,Fake-D,,,,,,,,,,,,
fake_d,fake_d,9,model_1_all_mpnet_base_v2,early_concat,L3,base,142.0,0.6511627906976742,0.4880648263009751,0.22556098796548607,0.6676079817967099,Fake-D,,,,,,,,,,,,
fake_d,fake_d,9,model_1_all_mpnet_base_v2,early_concat,L3,,,,,,,Fake-D,0.6511627906976742,0.689922480620155,0.0387596899224808,0.4880648263009751,0.5271565676915133,0.039091741390538226,0.22556098796548607,0.21581318130483326,0.009747806660652808,0.6676079817967099,0.6586477313780124,0.008960250418697524
fake_d,fake_d,10,model_1_all_mpnet_base_v2,early_concat,L3,augmented,142.0,0.7432464176650223,0.601042242420829,0.1856954233558311,0.6066949358787807,Fake-D,,,,,,,,,,,,
fake_d,fake_d,10,model_1_all_mpnet_base_v2,early_concat,L3,base,142.0,0.7209302325581394,0.5704125443106093,0.1965258392502414,0.6247882508796291,Fake-D,,,,,,,,,,,,
fake_d,fake_d,10,model_1_all_mpnet_base_v2,early_concat,L3,,,,,,,Fake-D,0.7209302325581394,0.7432464176650223,0.022316185106882935,0.5704125443106093,0.601042242420829,0.03062969811021976,0.1965258392502414,0.1856954233558311,0.010830415894410278,0.6247882508796291,0.6066949358787807,0.01809331500084843
fake_d,fake_d,11,model_1_all_mpnet_base_v2,early_concat,L3,augmented,142.0,0.7390180878552972,0.5992374636872062,0.185302081972371,0.5791789073496435,Fake-D,,,,,,,,,,,,
fake_d,fake_d,11,model_1_all_mpnet_base_v2,early_concat,L3,base,142.0,0.7211651397697909,0.580712439107059,0.19459315389886123,0.5872414645227211,Fake-D,,,,,,,,,,,,
fake_d,fake_d,11,model_1_all_mpnet_base_v2,early_concat,L3,,,,,,,Fake-D,0.7211651397697909,0.7390180878552972,0.017852948085506304,0.580712439107059,0.5992374636872062,0.018525024580147154,0.19459315389886123,0.185302081972371,0.00929107192649023,0.5872414645227211,0.5791789073496435,0.008062557173077578
fake_d,fake_d,12,model_1_all_mpnet_base_v2,early_concat,L3,augmented,142.0,0.7721400046981443,0.646610189859335,0.17731493504974458,0.5389466861334476,Fake-D,,,,,,,,,,,,
fake_d,fake_d,12,model_1_all_mpnet_base_v2,early_concat,L3,base,142.0,0.7458303969931876,0.5727164568689042,0.18932310873938313,0.5682340250739477,Fake-D,,,,,,,,,,,,
fake_d,fake_d,12,model_1_all_mpnet_base_v2,early_concat,L3,,,,,,,Fake-D,0.7458303969931876,0.7721400046981443,0.026309607704956606,0.5727164568689042,0.646610189859335,0.0738937329904309,0.18932310873938313,0.17731493504974458,0.012008173689638552,0.5682340250739477,0.5389466861334476,0.029287338940500063
fake_d,fake_d,13,model_1_all_mpnet_base_v2,early_concat,L3,augmented,142.0,0.732440685929058,0.5973768472077624,0.19620471016530125,0.6056108382782052,Fake-D,,,,,,,,,,,,
fake_d,fake_d,13,model_1_all_mpnet_base_v2,early_concat,L3,base,142.0,0.6744186046511627,0.5250416684875897,0.21066953015102988,0.6243296075584382,Fake-D,,,,,,,,,,,,
fake_d,fake_d,13,model_1_all_mpnet_base_v2,early_concat,L3,,,,,,,Fake-D,0.6744186046511627,0.732440685929058,0.05802208127789532,0.5250416684875897,0.5973768472077624,0.0723351787201727,0.21066953015102988,0.19620471016530125,0.014464819985728627,0.6243296075584382,0.6056108382782052,0.018718769280233083
fake_d,fake_d,14,model_1_all_mpnet_base_v2,early_concat,L3,augmented,142.0,0.7150575522668545,0.5615362497133074,0.19472780903876202,0.6640001758311176,Fake-D,,,,,,,,,,,,
fake_d,fake_d,14,model_1_all_mpnet_base_v2,early_concat,L3,base,142.0,0.7136481089969461,0.5496136879326105,0.19924699342653976,0.6374618307479609,Fake-D,,,,,,,,,,,,
fake_d,fake_d,14,model_1_all_mpnet_base_v2,early_concat,L3,,,,,,,Fake-D,0.7136481089969461,0.7150575522668545,0.0014094432699084392,0.5496136879326105,0.5615362497133074,0.01192256178069695,0.19924699342653976,0.19472780903876202,0.004519184387777736,0.6374618307479609,0.6640001758311176,-0.026538345083156667
fake_d,fake_d,15,model_1_all_mpnet_base_v2,early_concat,L3,augmented,142.0,0.7063659854357529,0.517930378160318,0.21069814586374586,0.6355405170816438,Fake-D,,,,,,,,,,,,
fake_d,fake_d,15,model_1_all_mpnet_base_v2,early_concat,L3,base,142.0,0.692271552736669,0.4506558959472642,0.2173829173504497,0.6463283429752976,Fake-D,,,,,,,,,,,,
fake_d,fake_d,15,model_1_all_mpnet_base_v2,early_concat,L3,,,,,,,Fake-D,0.692271552736669,0.7063659854357529,0.014094432699083947,0.4506558959472642,0.517930378160318,0.06727448221305377,0.2173829173504497,0.21069814586374586,0.00668477148670385,0.6463283429752976,0.6355405170816438,0.01078782589365379
fake_d,fake_d,16,model_1_all_mpnet_base_v2,early_concat,L3,augmented,142.0,0.7352595724688749,0.5479473254346802,0.19345819231825376,0.6029291486743585,Fake-D,,,,,,,,,,,,
fake_d,fake_d,16,model_1_all_mpnet_base_v2,early_concat,L3,base,142.0,0.7122386657270378,0.542657255049677,0.20256425478331527,0.6087237040687561,Fake-D,,,,,,,,,,,,
fake_d,fake_d,16,model_1_all_mpnet_base_v2,early_concat,L3,,,,,,,Fake-D,0.7122386657270378,0.7352595724688749,0.0230209067418371,0.542657255049677,0.5479473254346802,0.005290070385003176,0.20256425478331527,0.19345819231825376,0.009106062465061515,0.6087237040687561,0.6029291486743585,0.005794555394397549
fake_d,fake_d,17,model_1_all_mpnet_base_v2,early_concat,L3,augmented,142.0,0.7524077989194269,0.5720938995002693,0.18798038018910956,0.5908591286285093,Fake-D,,,,,,,,,,,,
fake_d,fake_d,17,model_1_all_mpnet_base_v2,early_concat,L3,base,142.0,0.7446558609349307,0.5195962428643685,0.19491823757389495,0.6086024105397598,Fake-D,,,,,,,,,,,,
fake_d,fake_d,17,model_1_all_mpnet_base_v2,early_concat,L3,,,,,,,Fake-D,0.7446558609349307,0.7524077989194269,0.007751937984496138,0.5195962428643685,0.5720938995002693,0.05249765663590089,0.19491823757389495,0.18798038018910956,0.00693785738478539,0.6086024105397598,0.5908591286285093,0.01774328191125052
fake_d,fake_d,18,model_1_all_mpnet_base_v2,early_concat,L3,augmented,142.0,0.6690157387831805,0.5098081277950578,0.2160089510475878,0.6426841577953143,Fake-D,,,,,,,,,,,,
fake_d,fake_d,18,model_1_all_mpnet_base_v2,early_concat,L3,base,142.0,0.6304909560723514,0.4398141048451433,0.2284860049465646,0.6622378765073234,Fake-D,,,,,,,,,,,,
fake_d,fake_d,18,model_1_all_mpnet_base_v2,early_concat,L3,,,,,,,Fake-D,0.6304909560723514,0.6690157387831805,0.03852478271082915,0.4398141048451433,0.5098081277950578,0.06999402294991447,0.2284860049465646,0.2160089510475878,0.012477053898976798,0.6622378765073234,0.6426841577953143,0.01955371871200906
fake_d,fake_d,19,model_1_all_mpnet_base_v2,early_concat,L3,augmented,142.0,0.7733145407564013,0.589541225759532,0.17856527597410907,0.5579764282546612,Fake-D,,,,,,,,,,,,
fake_d,fake_d,19,model_1_all_mpnet_base_v2,early_concat,L3,base,142.0,0.7564012215175007,0.6177002853270717,0.18184104392026493,0.5478439632401145,Fake-D,,,,,,,,,,,,
fake_d,fake_d,19,model_1_all_mpnet_base_v2,early_concat,L3,,,,,,,Fake-D,0.7564012215175007,0.7733145407564013,0.016913319238900604,0.6177002853270717,0.589541225759532,-0.028159059567539613,0.18184104392026493,0.17856527597410907,0.003275767946155861,0.5478439632401145,0.5579764282546612,-0.010132465014546677
fake_d,fake_d,20,model_1_all_mpnet_base_v2,early_concat,L3,augmented,142.0,0.6875734085036411,0.5475899698772542,0.20567664700760901,0.6475312189342566,Fake-D,,,,,,,,,,,,
fake_d,fake_d,20,model_1_all_mpnet_base_v2,early_concat,L3,base,142.0,0.6605590791637304,0.5029803380269938,0.2179252312801459,0.6681159513302732,Fake-D,,,,,,,,,,,,
fake_d,fake_d,20,model_1_all_mpnet_base_v2,early_concat,L3,,,,,,,Fake-D,0.6605590791637304,0.6875734085036411,0.02701432933991077,0.5029803380269938,0.5475899698772542,0.044609631850260345,0.2179252312801459,0.20567664700760901,0.012248584272536889,0.6681159513302732,0.6475312189342566,0.02058473239601666
fake_d,fake_d,21,model_1_all_mpnet_base_v2,early_concat,L3,augmented,142.0,0.7813013859525487,0.6776183671573179,0.17343240917530867,0.5355763477744979,Fake-D,,,,,,,,,,,,
fake_d,fake_d,21,model_1_all_mpnet_base_v2,early_concat,L3,base,142.0,0.7601597369039229,0.6329315604790478,0.18327633806531912,0.5466825197200923,Fake-D,,,,,,,,,,,,
fake_d,fake_d,21,model_1_all_mpnet_base_v2,early_concat,L3,,,,,,,Fake-D,0.7601597369039229,0.7813013859525487,0.02114164904862581,0.6329315604790478,0.6776183671573179,0.044686806678270186,0.18327633806531912,0.17343240917530867,0.009843928890010456,0.5466825197200923,0.5355763477744979,0.011106171945594379
fake_d,fake_d,22,model_1_all_mpnet_base_v2,early_concat,L3,augmented,142.0,0.7470049330514447,0.5858206282478489,0.18777737239033362,0.5645541840095668,Fake-D,,,,,,,,,,,,
fake_d,fake_d,22,model_1_all_mpnet_base_v2,early_concat,L3,base,142.0,0.7369039229504346,0.5369225071232625,0.19426522524337086,0.5738577028730363,Fake-D,,,,,,,,,,,,
fake_d,fake_d,22,model_1_all_mpnet_base_v2,early_concat,L3,,,,,,,Fake-D,0.7369039229504346,0.7470049330514447,0.010101010101010055,0.5369225071232625,0.5858206282478489,0.04889812112458636,0.19426522524337086,0.18777737239033362,0.00648785285303724,0.5738577028730363,0.5645541840095668,0.009303518863469473
fake_d,fake_d,23,model_1_all_mpnet_base_v2,early_concat,L3,augmented,142.0,0.732440685929058,0.6154214148060109,0.1920830827186495,0.5852398402056335,Fake-D,,,,,,,,,,,,
fake_d,fake_d,23,model_1_all_mpnet_base_v2,early_concat,L3,base,142.0,0.7150575522668546,0.5845543801963522,0.19800893525404833,0.5893346632333981,Fake-D,,,,,,,,,,,,
fake_d,fake_d,23,model_1_all_mpnet_base_v2,early_concat,L3,,,,,,,Fake-D,0.7150575522668546,0.732440685929058,0.017383133662203343,0.5845543801963522,0.6154214148060109,0.030867034609658672,0.19800893525404833,0.1920830827186495,0.005925852535398846,0.5893346632333981,0.5852398402056335,0.004094823027764649
fake_d,fake_d,24,model_1_all_mpnet_base_v2,early_concat,L3,augmented,142.0,0.700493305144468,0.6022168826744049,0.19508182816920008,0.5904513425545441,Fake-D,,,,,,,,,,,,
fake_d,fake_d,24,model_1_all_mpnet_base_v2,early_concat,L3,base,142.0,0.6828752642706131,0.5243514101196666,0.20609107998143536,0.6003118553856244,Fake-D,,,,,,,,,,,,
fake_d,fake_d,24,model_1_all_mpnet_base_v2,early_concat,L3,,,,,,,Fake-D,0.6828752642706131,0.700493305144468,0.01761804087385488,0.5243514101196666,0.6022168826744049,0.0778654725547383,0.20609107998143536,0.19508182816920008,0.011009251812235277,0.6003118553856244,0.5904513425545441,0.009860512831080248
fake_d,fake_d,25,model_1_all_mpnet_base_v2,early_concat,L3,augmented,142.0,0.7296217993892412,0.6332130214365259,0.19707382795203562,0.5942226173268158,Fake-D,,,,,,,,,,,,
fake_d,fake_d,25,model_1_all_mpnet_base_v2,early_concat,L3,base,142.0,0.7249236551562133,0.5864420220991811,0.19892840131290232,0.5911668173775563,Fake-D,,,,,,,,,,,,
fake_d,fake_d,25,model_1_all_mpnet_base_v2,early_concat,L3,,,,,,,Fake-D,0.7249236551562133,0.7296217993892412,0.0046981442330279455,0.5864420220991811,0.6332130214365259,0.046770999337344854,0.19892840131290232,0.19707382795203562,0.0018545733608666959,0.5911668173775563,0.5942226173268158,-0.00305579994925953
fake_d,fake_d,26,model_1_all_mpnet_base_v2,early_concat,L3,augmented,142.0,0.7329105003523608,0.6099969972618112,0.19275616755167235,0.6399215818874673,Fake-D,,,,,,,,,,,,
fake_d,fake_d,26,model_1_all_mpnet_base_v2,early_concat,L3,base,142.0,0.7279774489076813,0.5953144288229644,0.1949900997727969,0.6439825738004081,Fake-D,,,,,,,,,,,,
fake_d,fake_d,26,model_1_all_mpnet_base_v2,early_concat,L3,,,,,,,Fake-D,0.7279774489076813,0.7329105003523608,0.0049330514446794815,0.5953144288229644,0.6099969972618112,0.014682568438846855,0.1949900997727969,0.19275616755167235,0.002233932221124557,0.6439825738004081,0.6399215818874673,0.004060991912940848
fake_d,fake_d,27,model_1_all_mpnet_base_v2,early_concat,L3,augmented,142.0,0.7383133662203429,0.5820886739438108,0.19198166874639158,0.5793955472810282,Fake-D,,,,,,,,,,,,
fake_d,fake_d,27,model_1_all_mpnet_base_v2,early_concat,L3,base,142.0,0.7317359642941038,0.5803980014098334,0.1938765526711653,0.5706166507589179,Fake-D,,,,,,,,,,,,
fake_d,fake_d,27,model_1_all_mpnet_base_v2,early_concat,L3,,,,,,,Fake-D,0.7317359642941038,0.7383133662203429,0.006577401926239124,0.5803980014098334,0.5820886739438108,0.0016906725339773665,0.1938765526711653,0.19198166874639158,0.001894883924773716,0.5706166507589179,0.5793955472810282,-0.00877889652211028
fake_d,fake_d,28,model_1_all_mpnet_base_v2,early_concat,L3,augmented,142.0,0.6913319238900634,0.49936612413968784,0.2091785824892833,0.6812894187495802,Fake-D,,,,,,,,,,,,
fake_d,fake_d,28,model_1_all_mpnet_base_v2,early_concat,L3,base,142.0,0.6964998825463942,0.4820468401740132,0.20895471400363103,0.6526720245813707,Fake-D,,,,,,,,,,,,
fake_d,fake_d,28,model_1_all_mpnet_base_v2,early_concat,L3,,,,,,,Fake-D,0.6964998825463942,0.6913319238900634,-0.0051679586563307955,0.4820468401740132,0.49936612413968784,0.017319283965674614,0.20895471400363103,0.2091785824892833,-0.00022386848565228434,0.6526720245813707,0.6812894187495802,-0.02861739416820941
fake_d,fake_d,29,model_1_all_mpnet_base_v2,early_concat,L3,augmented,142.0,0.7204604181348367,0.5829232408422363,0.1947592790375378,0.5975002256281542,Fake-D,,,,,,,,,,,,
fake_d,fake_d,29,model_1_all_mpnet_base_v2,early_concat,L3,base,142.0,0.707070707070707,0.5745262212167482,0.19803322029373366,0.5871523751893704,Fake-D,,,,,,,,,,,,
fake_d,fake_d,29,model_1_all_mpnet_base_v2,early_concat,L3,,,,,,,Fake-D,0.707070707070707,0.7204604181348367,0.013389711064129783,0.5745262212167482,0.5829232408422363,0.008397019625488111,0.19803322029373366,0.1947592790375378,0.0032739412561958448,0.5871523751893704,0.5975002256281542,-0.010347850438783834
fake_d,fake_d,30,model_1_all_mpnet_base_v2,early_concat,L3,augmented,142.0,0.7221047686163965,0.5717133512988499,0.19907378929944827,0.5881731722026674,Fake-D,,,,,,,,,,,,
fake_d,fake_d,30,model_1_all_mpnet_base_v2,early_concat,L3,base,142.0,0.7101245008221753,0.5263487635313546,0.20634854880502373,0.5981421478442541,Fake-D,,,,,,,,,,,,
fake_d,fake_d,30,model_1_all_mpnet_base_v2,early_concat,L3,,,,,,,Fake-D,0.7101245008221753,0.7221047686163965,0.011980267794221233,0.5263487635313546,0.5717133512988499,0.0453645877674953,0.20634854880502373,0.19907378929944827,0.007274759505575462,0.5981421478442541,0.5881731722026674,0.00996897564158672
fake_d,fake_d,31,model_1_all_mpnet_base_v2,early_concat,L3,augmented,142.0,0.696969696969697,0.5000242049597649,0.20610115002002485,0.6598757754470508,Fake-D,,,,,,,,,,,,
fake_d,fake_d,31,model_1_all_mpnet_base_v2,early_concat,L3,base,142.0,0.6868686868686867,0.48313751526514037,0.20936558727480706,0.6392935495508248,Fake-D,,,,,,,,,,,,
fake_d,fake_d,31,model_1_all_mpnet_base_v2,early_concat,L3,,,,,,,Fake-D,0.6868686868686867,0.696969696969697,0.010101010101010277,0.48313751526514037,0.5000242049597649,0.01688668969462448,0.20936558727480706,0.20610115002002485,0.0032644372547822043,0.6392935495508248,0.6598757754470508,-0.020582225896225936
fake_d,fake_d,32,model_1_all_mpnet_base_v2,early_concat,L3,augmented,142.0,0.7824759220108057,0.695544290319071,0.17113290398750636,0.523994911765217,Fake-D,,,,,,,,,,,,
fake_d,fake_d,32,model_1_all_mpnet_base_v2,early_concat,L3,base,142.0,0.7709654686398871,0.6607336340553802,0.17831247295069674,0.5339761576515402,Fake-D,,,,,,,,,,,,
fake_d,fake_d,32,model_1_all_mpnet_base_v2,early_concat,L3,,,,,,,Fake-D,0.7709654686398871,0.7824759220108057,0.011510453370918605,0.6607336340553802,0.695544290319071,0.03481065626369073,0.17831247295069674,0.17113290398750636,0.007179568963190386,0.5339761576515402,0.523994911765217,0.009981245886323209
fake_d,fake_d,33,model_1_all_mpnet_base_v2,early_concat,L3,augmented,142.0,0.7061310782241015,0.5783980741472408,0.20453352095600863,0.6612031995325507,Fake-D,,,,,,,,,,,,
fake_d,fake_d,33,model_1_all_mpnet_base_v2,early_concat,L3,base,142.0,0.700493305144468,0.5517785399883659,0.20927180527971664,0.6652457460909452,Fake-D,,,,,,,,,,,,
fake_d,fake_d,33,model_1_all_mpnet_base_v2,early_concat,L3,,,,,,,Fake-D,0.700493305144468,0.7061310782241015,0.005637773079633535,0.5517785399883659,0.5783980741472408,0.026619534158874858,0.20927180527971664,0.20453352095600863,0.004738284323708014,0.6652457460909452,0.6612031995325507,0.004042546558394533
fake_d,fake_d,34,model_1_all_mpnet_base_v2,early_concat,L3,augmented,142.0,0.7326755931407094,0.5466538382356365,0.19376365541937465,0.598393221342935,Fake-D,,,,,,,,,,,,
fake_d,fake_d,34,model_1_all_mpnet_base_v2,early_concat,L3,base,142.0,0.7143528306319005,0.5075564167142589,0.19918294884820817,0.6043093380852672,Fake-D,,,,,,,,,,,,
fake_d,fake_d,34,model_1_all_mpnet_base_v2,early_concat,L3,,,,,,,Fake-D,0.7143528306319005,0.7326755931407094,0.018322762508808932,0.5075564167142589,0.5466538382356365,0.03909742152137763,0.19918294884820817,0.19376365541937465,0.005419293428833516,0.6043093380852672,0.598393221342935,0.005916116742332167
fake_d,fake_d,35,model_1_all_mpnet_base_v2,early_concat,L3,augmented,142.0,0.7112990368804323,0.58798944906282,0.20293261929381465,0.6167719214399713,Fake-D,,,,,,,,,,,,
fake_d,fake_d,35,model_1_all_mpnet_base_v2,early_concat,L3,base,142.0,0.6976744186046512,0.5415864022859617,0.20665002881702632,0.6171918604000456,Fake-D,,,,,,,,,,,,
fake_d,fake_d,35,model_1_all_mpnet_base_v2,early_concat,L3,,,,,,,Fake-D,0.6976744186046512,0.7112990368804323,0.013624618275781097,0.5415864022859617,0.58798944906282,0.04640304677685836,0.20665002881702632,0.20293261929381465,0.0037174095232116733,0.6171918604000456,0.6167719214399713,0.0004199389600743064
fake_d,fake_d,36,model_1_all_mpnet_base_v2,early_concat,L3,augmented,142.0,0.7453605825698849,0.6244723220849359,0.1866348104002292,0.586380595260634,Fake-D,,,,,,,,,,,,
fake_d,fake_d,36,model_1_all_mpnet_base_v2,early_concat,L3,base,142.0,0.6885130373502466,0.5352349376483013,0.21029684504167595,0.6377909601513145,Fake-D,,,,,,,,,,,,
fake_d,fake_d,36,model_1_all_mpnet_base_v2,early_concat,L3,,,,,,,Fake-D,0.6885130373502466,0.7453605825698849,0.05684754521963831,0.5352349376483013,0.6244723220849359,0.08923738443663454,0.21029684504167595,0.1866348104002292,0.023662034641446755,0.6377909601513145,0.586380595260634,0.051410364890680516
fake_d,fake_d,37,model_1_all_mpnet_base_v2,early_concat,L3,augmented,142.0,0.7813013859525487,0.6497638442469134,0.1826202898910362,0.5634842660465116,Fake-D,,,,,,,,,,,,
fake_d,fake_d,37,model_1_all_mpnet_base_v2,early_concat,L3,base,142.0,0.7704956542165844,0.6136293745947706,0.19020942958565132,0.5783732152063175,Fake-D,,,,,,,,,,,,
fake_d,fake_d,37,model_1_all_mpnet_base_v2,early_concat,L3,,,,,,,Fake-D,0.7704956542165844,0.7813013859525487,0.01080573173596433,0.6136293745947706,0.6497638442469134,0.03613446965214273,0.19020942958565132,0.1826202898910362,0.00758913969461511,0.5783732152063175,0.5634842660465116,0.014888949159805875
fake_d,fake_d,38,model_1_all_mpnet_base_v2,early_concat,L3,augmented,142.0,0.733615221987315,0.5931261623569819,0.19453869195605408,0.5958884637263451,Fake-D,,,,,,,,,,,,
fake_d,fake_d,38,model_1_all_mpnet_base_v2,early_concat,L3,base,142.0,0.7051914493774959,0.48908455380393817,0.20711132921093087,0.6147281718338206,Fake-D,,,,,,,,,,,,
fake_d,fake_d,38,model_1_all_mpnet_base_v2,early_concat,L3,,,,,,,Fake-D,0.7051914493774959,0.733615221987315,0.028423772609819098,0.48908455380393817,0.5931261623569819,0.10404160855304373,0.20711132921093087,0.19453869195605408,0.012572637254876784,0.6147281718338206,0.5958884637263451,0.018839708107475484
fake_d,fake_d,39,model_1_all_mpnet_base_v2,early_concat,L3,augmented,142.0,0.7474747474747475,0.6012750094196767,0.18071438163593612,0.5553117812797816,Fake-D,,,,,,,,,,,,
fake_d,fake_d,39,model_1_all_mpnet_base_v2,early_concat,L3,base,142.0,0.737138830162086,0.6148965129802985,0.18518795894145051,0.5660753259324055,Fake-D,,,,,,,,,,,,
fake_d,fake_d,39,model_1_all_mpnet_base_v2,early_concat,L3,,,,,,,Fake-D,0.737138830162086,0.7474747474747475,0.01033591731266148,0.6148965129802985,0.6012750094196767,-0.01362150356062175,0.18518795894145051,0.18071438163593612,0.004473577305514398,0.5660753259324055,0.5553117812797816,0.010763544652623858
fake_d,fake_d,40,model_1_all_mpnet_base_v2,early_concat,L3,augmented,142.0,0.72774254169603,0.5768351016531644,0.19511971444415557,0.5973378372511243,Fake-D,,,,,,,,,,,,
fake_d,fake_d,40,model_1_all_mpnet_base_v2,early_concat,L3,base,142.0,0.7122386657270379,0.5452582629107724,0.20780223937887132,0.6095440911761746,Fake-D,,,,,,,,,,,,
fake_d,fake_d,40,model_1_all_mpnet_base_v2,early_concat,L3,,,,,,,Fake-D,0.7122386657270379,0.72774254169603,0.015503875968992165,0.5452582629107724,0.5768351016531644,0.03157683874239203,0.20780223937887132,0.19511971444415557,0.01268252493471575,0.6095440911761746,0.5973378372511243,0.012206253925050259
fake_d,fake_d,41,model_1_all_mpnet_base_v2,early_concat,L3,augmented,142.0,0.7488841907446558,0.642429492788535,0.17727828260933864,0.629677838673007,Fake-D,,,,,,,,,,,,
fake_d,fake_d,41,model_1_all_mpnet_base_v2,early_concat,L3,base,142.0,0.7493540051679586,0.643387498180912,0.17757357818244834,0.6258994754654792,Fake-D,,,,,,,,,,,,
fake_d,fake_d,41,model_1_all_mpnet_base_v2,early_concat,L3,,,,,,,Fake-D,0.7493540051679586,0.7488841907446558,-0.00046981442330273904,0.643387498180912,0.642429492788535,-0.0009580053923770038,0.17757357818244834,0.17727828260933864,0.00029529557310969956,0.6258994754654792,0.629677838673007,-0.0037783632075277795
fake_d,fake_d,42,model_1_all_mpnet_base_v2,early_concat,L3,augmented,142.0,0.7390180878552972,0.6181836252986788,0.1810337363953868,0.5730594727479756,Fake-D,,,,,,,,,,,,
fake_d,fake_d,42,model_1_all_mpnet_base_v2,early_concat,L3,base,142.0,0.7305614282358469,0.592913686021952,0.1913893711054342,0.5746672918668487,Fake-D,,,,,,,,,,,,
fake_d,fake_d,42,model_1_all_mpnet_base_v2,early_concat,L3,,,,,,,Fake-D,0.7305614282358469,0.7390180878552972,0.008456659619450302,0.592913686021952,0.6181836252986788,0.025269939276726716,0.1913893711054342,0.1810337363953868,0.010355634710047384,0.5746672918668487,0.5730594727479756,0.0016078191188730884
fake_d,fake_d,43,model_1_all_mpnet_base_v2,early_concat,L3,augmented,142.0,0.7026074700493307,0.576774342217877,0.2017429376828819,0.6330227354320974,Fake-D,,,,,,,,,,,,
fake_d,fake_d,43,model_1_all_mpnet_base_v2,early_concat,L3,base,142.0,0.6767676767676768,0.5212205214830076,0.2125365538598319,0.6526850353499103,Fake-D,,,,,,,,,,,,
fake_d,fake_d,43,model_1_all_mpnet_base_v2,early_concat,L3,,,,,,,Fake-D,0.6767676767676768,0.7026074700493307,0.025839793281653867,0.5212205214830076,0.576774342217877,0.055553820734869475,0.2125365538598319,0.2017429376828819,0.010793616176949988,0.6526850353499103,0.6330227354320974,0.019662299917812875
fake_d,fake_d,44,model_1_all_mpnet_base_v2,early_concat,L3,augmented,142.0,0.8087855297157622,0.6523930688318117,0.16258850253618717,0.526632420164863,Fake-D,,,,,,,,,,,,
fake_d,fake_d,44,model_1_all_mpnet_base_v2,early_concat,L3,base,142.0,0.8029128494244773,0.6590533741297581,0.16338132113838005,0.5105746911868836,Fake-D,,,,,,,,,,,,
fake_d,fake_d,44,model_1_all_mpnet_base_v2,early_concat,L3,,,,,,,Fake-D,0.8029128494244773,0.8087855297157622,0.00587268029128496,0.6590533741297581,0.6523930688318117,-0.006660305297946367,0.16338132113838005,0.16258850253618717,0.0007928186021928796,0.5105746911868836,0.526632420164863,-0.016057728977979413
fake_d,fake_d,45,model_1_all_mpnet_base_v2,early_concat,L3,augmented,142.0,0.6854592435987784,0.5091751542413157,0.2149345280948076,0.6652170319777619,Fake-D,,,,,,,,,,,,
fake_d,fake_d,45,model_1_all_mpnet_base_v2,early_concat,L3,base,142.0,0.6765327695560254,0.477275989090841,0.21767869980400203,0.6654165638661601,Fake-D,,,,,,,,,,,,
fake_d,fake_d,45,model_1_all_mpnet_base_v2,early_concat,L3,,,,,,,Fake-D,0.6765327695560254,0.6854592435987784,0.008926474042753041,0.477275989090841,0.5091751542413157,0.03189916515047464,0.21767869980400203,0.2149345280948076,0.002744171709194443,0.6654165638661601,0.6652170319777619,0.00019953188839816338
fake_d,fake_d,46,model_1_all_mpnet_base_v2,early_concat,L3,augmented,142.0,0.7373737373737375,0.5828287135759481,0.18981298567706528,0.5999766013714017,Fake-D,,,,,,,,,,,,
fake_d,fake_d,46,model_1_all_mpnet_base_v2,early_concat,L3,base,142.0,0.7211651397697909,0.5668723024796616,0.19629184639705155,0.5960765561806305,Fake-D,,,,,,,,,,,,
fake_d,fake_d,46,model_1_all_mpnet_base_v2,early_concat,L3,,,,,,,Fake-D,0.7211651397697909,0.7373737373737375,0.01620859760394655,0.5668723024796616,0.5828287135759481,0.015956411096286538,0.19629184639705155,0.18981298567706528,0.006478860719986268,0.5960765561806305,0.5999766013714017,-0.0039000451907712508
fake_d,fake_d,47,model_1_all_mpnet_base_v2,early_concat,L3,augmented,142.0,0.7629786234437397,0.6208011898236467,0.1838876101667806,0.5661327173794529,Fake-D,,,,,,,,,,,,
fake_d,fake_d,47,model_1_all_mpnet_base_v2,early_concat,L3,base,142.0,0.7493540051679586,0.6102185591550164,0.18811441918637534,0.5592407254229645,Fake-D,,,,,,,,,,,,
fake_d,fake_d,47,model_1_all_mpnet_base_v2,early_concat,L3,,,,,,,Fake-D,0.7493540051679586,0.7629786234437397,0.013624618275781097,0.6102185591550164,0.6208011898236467,0.0105826306686303,0.18811441918637534,0.1838876101667806,0.0042268090195947405,0.5592407254229645,0.5661327173794529,-0.006891991956488375
fake_d,fake_d,48,model_1_all_mpnet_base_v2,early_concat,L3,augmented,142.0,0.7082452431289641,0.5671986290653326,0.19792830191194,0.6001985472561241,Fake-D,,,,,,,,,,,,
fake_d,fake_d,48,model_1_all_mpnet_base_v2,early_concat,L3,base,142.0,0.7080103359173125,0.5697913541079176,0.19921368306501008,0.5906622128417676,Fake-D,,,,,,,,,,,,
fake_d,fake_d,48,model_1_all_mpnet_base_v2,early_concat,L3,,,,,,,Fake-D,0.7080103359173125,0.7082452431289641,0.00023490721165153605,0.5697913541079176,0.5671986290653326,-0.002592725042585009,0.19921368306501008,0.19792830191194,0.0012853811530700865,0.5906622128417676,0.6001985472561241,-0.009536334414356529
fake_d,fake_d,49,model_1_all_mpnet_base_v2,early_concat,L3,augmented,142.0,0.7683814893117219,0.5609439974183158,0.1836403989120421,0.5752466797016389,Fake-D,,,,,,,,,,,,
fake_d,fake_d,49,model_1_all_mpnet_base_v2,early_concat,L3,base,142.0,0.7632135306553911,0.5396099238629619,0.18677598598051154,0.5662814808911337,Fake-D,,,,,,,,,,,,
fake_d,fake_d,49,model_1_all_mpnet_base_v2,early_concat,L3,,,,,,,Fake-D,0.7632135306553911,0.7683814893117219,0.0051679586563307955,0.5396099238629619,0.5609439974183158,0.021334073555353883,0.18677598598051154,0.1836403989120421,0.0031355870684694476,0.5662814808911337,0.5752466797016389,-0.00896519881050517
fake_d,fake_d,50,model_1_all_mpnet_base_v2,early_concat,L3,augmented,142.0,0.7627437162320884,0.6558073771220556,0.1782997934238243,0.5472751182089747,Fake-D,,,,,,,,,,,,
fake_d,fake_d,50,model_1_all_mpnet_base_v2,early_concat,L3,base,142.0,0.7625088090204368,0.6423119161292457,0.17975751113819735,0.5438973250025383,Fake-D,,,,,,,,,,,,
fake_d,fake_d,50,model_1_all_mpnet_base_v2,early_concat,L3,,,,,,,Fake-D,0.7625088090204368,0.7627437162320884,0.00023490721165153605,0.6423119161292457,0.6558073771220556,0.01349546099280996,0.17975751113819735,0.1782997934238243,0.001457717714373058,0.5438973250025383,0.5472751182089747,-0.003377793206436386
fake_d,real,0,model_1_all_mpnet_base_v2,early_concat,L3,augmented,142.0,0.7517030772844726,0.6639454455841558,0.1948480524693477,0.5838689512467699,D-P,,,,,,,,,,,,
fake_d,real,0,model_1_all_mpnet_base_v2,early_concat,L3,base,142.0,0.8047921071176884,0.6814245815376129,0.2011576065695262,0.590047783387383,D-P,,,,,,,,,,,,
fake_d,real,0,model_1_all_mpnet_base_v2,early_concat,L3,,,,,,,D-P,0.8047921071176884,0.7517030772844726,-0.05308902983321584,0.6814245815376129,0.6639454455841558,-0.01747913595345707,0.2011576065695262,0.1948480524693477,0.006309554100178499,0.590047783387383,0.5838689512467699,0.0061788321406131
fake_d,fake_d,1,model_1_all_mpnet_base_v2,late_fusion,L3,augmented,142.0,0.6730091613812543,0.49322344420223085,0.23907062194510953,0.7815959229389088,Fake-D,,,,,,,,,,,,
fake_d,fake_d,1,model_1_all_mpnet_base_v2,late_fusion,L3,base,142.0,0.6777073056142824,0.48787074193037927,0.23118031063868602,0.6545972373250355,Fake-D,,,,,,,,,,,,
fake_d,fake_d,1,model_1_all_mpnet_base_v2,late_fusion,L3,,,,,,,Fake-D,0.6777073056142824,0.6730091613812543,-0.0046981442330280565,0.48787074193037927,0.49322344420223085,0.005352702271851584,0.23118031063868602,0.23907062194510953,-0.007890311306423509,0.6545972373250355,0.7815959229389088,-0.12699868561387329
fake_d,fake_d,2,model_1_all_mpnet_base_v2,late_fusion,L3,augmented,142.0,0.6081747709654687,0.42096599894908693,0.26297993291028615,0.8584890548983453,Fake-D,,,,,,,,,,,,
fake_d,fake_d,2,model_1_all_mpnet_base_v2,late_fusion,L3,base,142.0,0.553441390650693,0.35457844546591333,0.2595337432861786,0.7316189774641101,Fake-D,,,,,,,,,,,,
fake_d,fake_d,2,model_1_all_mpnet_base_v2,late_fusion,L3,,,,,,,Fake-D,0.553441390650693,0.6081747709654687,0.054733380314775704,0.35457844546591333,0.42096599894908693,0.0663875534831736,0.2595337432861786,0.26297993291028615,-0.003446189624107532,0.7316189774641101,0.8584890548983453,-0.12687007743423517
fake_d,fake_d,3,model_1_all_mpnet_base_v2,late_fusion,L3,augmented,142.0,0.6408268733850129,0.48095326856138193,0.24695852671229152,0.8062325864080161,Fake-D,,,,,,,,,,,,
fake_d,fake_d,3,model_1_all_mpnet_base_v2,late_fusion,L3,base,142.0,0.6422363166549212,0.524912343571993,0.2322516767113073,0.6659831157690118,Fake-D,,,,,,,,,,,,
fake_d,fake_d,3,model_1_all_mpnet_base_v2,late_fusion,L3,,,,,,,Fake-D,0.6422363166549212,0.6408268733850129,-0.0014094432699083281,0.524912343571993,0.48095326856138193,-0.04395907501061108,0.2322516767113073,0.24695852671229152,-0.014706850000984206,0.6659831157690118,0.8062325864080161,-0.14024947063900428
fake_d,fake_d,4,model_1_all_mpnet_base_v2,late_fusion,L3,augmented,142.0,0.6259102654451492,0.4409721944702285,0.2576270256176308,2.09498048123903,Fake-D,,,,,,,,,,,,
fake_d,fake_d,4,model_1_all_mpnet_base_v2,late_fusion,L3,base,142.0,0.6079398637538173,0.45769758646961944,0.24162416854234722,0.7072381099575796,Fake-D,,,,,,,,,,,,
fake_d,fake_d,4,model_1_all_mpnet_base_v2,late_fusion,L3,,,,,,,Fake-D,0.6079398637538173,0.6223866572703781,0.014446793516560863,0.45769758646961944,0.4295932399824299,-0.02810434648718957,0.24162416854234722,0.25762702477257177,-0.016002856230224544,0.7072381099575796,1.4989846257503319,-0.7917465157927522
fake_d,fake_d,5,model_1_all_mpnet_base_v2,late_fusion,L3,augmented,142.0,0.643175945501527,0.4670000566484522,0.2545961593017909,1.3941388470541145,Fake-D,,,,,,,,,,,,
fake_d,fake_d,5,model_1_all_mpnet_base_v2,late_fusion,L3,base,142.0,0.6579750998355648,0.49858255516211325,0.2273511291177445,0.6462562545448864,Fake-D,,,,,,,,,,,,
fake_d,fake_d,5,model_1_all_mpnet_base_v2,late_fusion,L3,,,,,,,Fake-D,0.6579750998355648,0.6424712238665726,-0.015503875968992165,0.49858255516211325,0.46270365461016677,-0.03587890055194648,0.2273511291177445,0.2545961590274293,-0.02724502990968483,0.6462562545448864,1.308140485862267,-0.6618842313173805
fake_d,fake_d,6,model_1_all_mpnet_base_v2,late_fusion,L3,augmented,142.0,0.6262626262626262,0.4683060274758859,0.24873910769226426,0.8055092183629272,Fake-D,,,,,,,,,,,,
fake_d,fake_d,6,model_1_all_mpnet_base_v2,late_fusion,L3,base,142.0,0.5811604416255578,0.44096749104544397,0.24785622239316812,0.7227616092917615,Fake-D,,,,,,,,,,,,
fake_d,fake_d,6,model_1_all_mpnet_base_v2,late_fusion,L3,,,,,,,Fake-D,0.5811604416255578,0.6262626262626262,0.04510218463706839,0.44096749104544397,0.4683060274758859,0.02733853643044193,0.24785622239316812,0.24873910769226426,-0.0008828852990961367,0.7227616092917615,0.8055092183629272,-0.08274760907116574
fake_d,fake_d,7,model_1_all_mpnet_base_v2,late_fusion,L3,augmented,142.0,0.5999530185576697,0.41634469256595885,0.25439791102094106,0.8265427515108316,Fake-D,,,,,,,,,,,,
fake_d,fake_d,7,model_1_all_mpnet_base_v2,late_fusion,L3,base,142.0,0.5503875968992248,0.3310137213398501,0.2619657026412152,0.7256189333271017,Fake-D,,,,,,,,,,,,
fake_d,fake_d,7,model_1_all_mpnet_base_v2,late_fusion,L3,,,,,,,Fake-D,0.5503875968992248,0.5999530185576697,0.04956542165844491,0.3310137213398501,0.41634469256595885,0.08533097122610878,0.2619657026412152,0.25439791102094106,0.007567791620274156,0.7256189333271017,0.8265427515108316,-0.10092381818372986
fake_d,fake_d,8,model_1_all_mpnet_base_v2,late_fusion,L3,augmented,142.0,0.5900869156683111,0.435912275379129,0.2590150911018298,0.8333433991275442,Fake-D,,,,,,,,,,,,
fake_d,fake_d,8,model_1_all_mpnet_base_v2,late_fusion,L3,base,142.0,0.540521494009866,0.37258647391080957,0.2585460567752032,0.7177609765799307,Fake-D,,,,,,,,,,,,
fake_d,fake_d,8,model_1_all_mpnet_base_v2,late_fusion,L3,,,,,,,Fake-D,0.540521494009866,0.5900869156683111,0.04956542165844502,0.37258647391080957,0.435912275379129,0.06332580146831945,0.2585460567752032,0.2590150911018298,-0.00046903432662659394,0.7177609765799307,0.8333433991275442,-0.11558242254761353
fake_d,fake_d,9,model_1_all_mpnet_base_v2,late_fusion,L3,augmented,142.0,0.5774019262391356,0.4252924797901589,0.25307408394253716,0.818154625674908,Fake-D,,,,,,,,,,,,
fake_d,fake_d,9,model_1_all_mpnet_base_v2,late_fusion,L3,base,142.0,0.5607235142118864,0.3813311757108129,0.25507475013856007,0.706892236460569,Fake-D,,,,,,,,,,,,
fake_d,fake_d,9,model_1_all_mpnet_base_v2,late_fusion,L3,,,,,,,Fake-D,0.5607235142118864,0.5774019262391356,0.01667841202724918,0.3813311757108129,0.4252924797901589,0.04396130407934601,0.25507475013856007,0.25307408394253716,0.0020006661960229044,0.706892236460569,0.818154625674908,-0.11126238921433906
fake_d,fake_d,10,model_1_all_mpnet_base_v2,late_fusion,L3,augmented,142.0,0.6281418839558375,0.474415588495238,0.2533139266060358,0.8444545697864715,Fake-D,,,,,,,,,,,,
fake_d,fake_d,10,model_1_all_mpnet_base_v2,late_fusion,L3,base,142.0,0.5727037820061076,0.44526105384647097,0.2434297186609739,0.682087610967535,Fake-D,,,,,,,,,,,,
fake_d,fake_d,10,model_1_all_mpnet_base_v2,late_fusion,L3,,,,,,,Fake-D,0.5727037820061076,0.6281418839558375,0.05543810194972987,0.44526105384647097,0.474415588495238,0.02915453464876705,0.2434297186609739,0.2533139266060358,-0.009884207945061896,0.682087610967535,0.8444545697864715,-0.16236695881893648
fake_d,fake_d,11,model_1_all_mpnet_base_v2,late_fusion,L3,augmented,142.0,0.6210946676062955,0.45689781047008643,0.24631054673277183,0.8139281292464025,Fake-D,,,,,,,,,,,,
fake_d,fake_d,11,model_1_all_mpnet_base_v2,late_fusion,L3,base,142.0,0.6246182757810665,0.4832548205642258,0.2276028574739549,0.690650720082803,Fake-D,,,,,,,,,,,,
fake_d,fake_d,11,model_1_all_mpnet_base_v2,late_fusion,L3,,,,,,,Fake-D,0.6246182757810665,0.6210946676062955,-0.0035236081747710424,0.4832548205642258,0.45689781047008643,-0.026357010094139377,0.2276028574739549,0.24631054673277183,-0.01870768925881694,0.690650720082803,0.8139281292464025,-0.12327740916359942
fake_d,fake_d,12,model_1_all_mpnet_base_v2,late_fusion,L3,augmented,142.0,0.6448202959830867,0.4589807948239079,0.24679017822040494,0.8109344822158104,Fake-D,,,,,,,,,,,,
fake_d,fake_d,12,model_1_all_mpnet_base_v2,late_fusion,L3,base,142.0,0.6833450786939159,0.4983727505097736,0.22807933538511024,0.6463464493107616,Fake-D,,,,,,,,,,,,
fake_d,fake_d,12,model_1_all_mpnet_base_v2,late_fusion,L3,,,,,,,Fake-D,0.6833450786939159,0.6448202959830867,-0.038524782710829264,0.4983727505097736,0.4589807948239079,-0.039391955685865676,0.22807933538511024,0.24679017822040494,-0.0187108428352947,0.6463464493107616,0.8109344822158104,-0.16458803290504886
fake_d,fake_d,13,model_1_all_mpnet_base_v2,late_fusion,L3,augmented,142.0,0.6138125440451021,0.4566594223815989,0.25284006909156564,0.8706668434007983,Fake-D,,,,,,,,,,,,
fake_d,fake_d,13,model_1_all_mpnet_base_v2,late_fusion,L3,base,142.0,0.5532064834390417,0.43755513973303595,0.24352052350912395,0.6997004359181734,Fake-D,,,,,,,,,,,,
fake_d,fake_d,13,model_1_all_mpnet_base_v2,late_fusion,L3,,,,,,,Fake-D,0.5532064834390417,0.6138125440451021,0.06060606060606044,0.43755513973303595,0.4566594223815989,0.019104282648562954,0.24352052350912395,0.25284006909156564,-0.00931954558244169,0.6997004359181734,0.8706668434007983,-0.17096640748262482
fake_d,fake_d,14,model_1_all_mpnet_base_v2,late_fusion,L3,augmented,142.0,0.6112285647169369,0.4411327046941329,0.2599948363086058,1.526054585606985,Fake-D,,,,,,,,,,,,
fake_d,fake_d,14,model_1_all_mpnet_base_v2,late_fusion,L3,base,142.0,0.5971341320178529,0.44523391586953515,0.2564473996020019,0.7836994671667387,Fake-D,,,,,,,,,,,,
fake_d,fake_d,14,model_1_all_mpnet_base_v2,late_fusion,L3,,,,,,,Fake-D,0.5971341320178529,0.6108762038994597,0.01374207188160681,0.44523391586953515,0.4299148376295577,-0.015319078239977468,0.2564473996020019,0.2599948358918874,-0.003547436289885464,0.7836994671667387,1.3817705012836456,-0.598071034116907
fake_d,fake_d,15,model_1_all_mpnet_base_v2,late_fusion,L3,augmented,142.0,0.6209772140004698,0.4315551714823577,0.26249276045169545,2.0413531861794203,Fake-D,,,,,,,,,,,,
fake_d,fake_d,15,model_1_all_mpnet_base_v2,late_fusion,L3,base,142.0,0.5628376791167489,0.37636309019254444,0.2548281008320718,0.7113581177703269,Fake-D,,,,,,,,,,,,
fake_d,fake_d,15,model_1_all_mpnet_base_v2,late_fusion,L3,,,,,,,Fake-D,0.5628376791167489,0.6176885130373502,0.054850833920601305,0.37636309019254444,0.42405218598680716,0.047689095794262726,0.2548281008320718,0.2624927596067622,-0.007664658774690414,0.7113581177703269,1.5182435117983422,-0.8068853940280153
fake_d,fake_d,16,model_1_all_mpnet_base_v2,late_fusion,L3,augmented,142.0,0.6100540286586797,0.4163745791577159,0.26679224385489314,0.8540593517488556,Fake-D,,,,,,,,,,,,
fake_d,fake_d,16,model_1_all_mpnet_base_v2,late_fusion,L3,base,142.0,0.6358938219403336,0.4485306973799157,0.2420708102598803,0.7097870775911512,Fake-D,,,,,,,,,,,,
fake_d,fake_d,16,model_1_all_mpnet_base_v2,late_fusion,L3,,,,,,,Fake-D,0.6358938219403336,0.6100540286586797,-0.025839793281653867,0.4485306973799157,0.4163745791577159,-0.03215611822219977,0.2420708102598803,0.26679224385489314,-0.02472143359501283,0.7097870775911512,0.8540593517488556,-0.14427227415770438
fake_d,fake_d,17,model_1_all_mpnet_base_v2,late_fusion,L3,augmented,142.0,0.6631430584918957,0.47746421083855106,0.2467120649505199,1.3368130875766044,Fake-D,,,,,,,,,,,,
fake_d,fake_d,17,model_1_all_mpnet_base_v2,late_fusion,L3,base,142.0,0.6894526661968522,0.47876078491845314,0.23104713710692043,0.6692456617491441,Fake-D,,,,,,,,,,,,
fake_d,fake_d,17,model_1_all_mpnet_base_v2,late_fusion,L3,,,,,,,Fake-D,0.6894526661968522,0.6623208832511158,-0.02713178294573637,0.47876078491845314,0.46934711896777426,-0.009413665950678884,0.23104713710692043,0.24671206469097745,-0.01566492758405702,0.6692456617491441,1.2754888949847236,-0.6062432332355795
fake_d,fake_d,18,model_1_all_mpnet_base_v2,late_fusion,L3,augmented,142.0,0.5330044632370214,0.3697203204234587,0.2681406788334003,0.8540298903606177,Fake-D,,,,,,,,,,,,
fake_d,fake_d,18,model_1_all_mpnet_base_v2,late_fusion,L3,base,142.0,0.5052854122621564,0.36720874884939714,0.24803964086257846,0.6888919838677606,Fake-D,,,,,,,,,,,,
fake_d,fake_d,18,model_1_all_mpnet_base_v2,late_fusion,L3,,,,,,,Fake-D,0.5052854122621564,0.5330044632370214,0.027719050974865045,0.36720874884939714,0.3697203204234587,0.0025115715740615663,0.24803964086257846,0.2681406788334003,-0.020101037970821856,0.6888919838677606,0.8540298903606177,-0.1651379064928571
fake_d,fake_d,19,model_1_all_mpnet_base_v2,late_fusion,L3,augmented,142.0,0.6481089969462063,0.4640476259103273,0.2545958145707983,1.5043137743596764,Fake-D,,,,,,,,,,,,
fake_d,fake_d,19,model_1_all_mpnet_base_v2,late_fusion,L3,base,142.0,0.662673244068593,0.5269652855958457,0.23236040046180675,0.6587643134644166,Fake-D,,,,,,,,,,,,
fake_d,fake_d,19,model_1_all_mpnet_base_v2,late_fusion,L3,,,,,,,Fake-D,0.662673244068593,0.6474042753112519,-0.015268968757341073,0.5269652855958457,0.44934138675272883,-0.07762389884311682,0.23236040046180675,0.254595814189735,-0.022235413727928227,0.6587643134644166,1.3713955434458953,-0.7126312299814788
fake_d,fake_d,20,model_1_all_mpnet_base_v2,late_fusion,L3,augmented,142.0,0.5950199671129903,0.42592069885625194,0.2548960684495366,0.824030924495994,Fake-D,,,,,,,,,,,,
fake_d,fake_d,20,model_1_all_mpnet_base_v2,late_fusion,L3,base,142.0,0.5569649988254639,0.41844939639324874,0.25107354974951535,0.7187460173929302,Fake-D,,,,,,,,,,,,
fake_d,fake_d,20,model_1_all_mpnet_base_v2,late_fusion,L3,,,,,,,Fake-D,0.5569649988254639,0.5950199671129903,0.038054968287526414,0.41844939639324874,0.42592069885625194,0.007471302463003204,0.25107354974951535,0.2548960684495366,-0.00382251870002126,0.7187460173929302,0.824030924495994,-0.10528490710306382
fake_d,fake_d,21,model_1_all_mpnet_base_v2,late_fusion,L3,augmented,142.0,0.6469344608879493,0.47949784751476665,0.24661143872078373,0.7998887878122761,Fake-D,,,,,,,,,,,,
fake_d,fake_d,21,model_1_all_mpnet_base_v2,late_fusion,L3,base,142.0,0.6412966878083156,0.48739092113713584,0.22433131753584826,0.6700765506246157,Fake-D,,,,,,,,,,,,
fake_d,fake_d,21,model_1_all_mpnet_base_v2,late_fusion,L3,,,,,,,Fake-D,0.6412966878083156,0.6469344608879493,0.005637773079633646,0.48739092113713584,0.47949784751476665,-0.007893073622369184,0.22433131753584826,0.24661143872078373,-0.02228012118493547,0.6700765506246157,0.7998887878122761,-0.12981223718766044
fake_d,fake_d,22,model_1_all_mpnet_base_v2,late_fusion,L3,augmented,142.0,0.6311956777073056,0.44645554723392566,0.2615863612371653,1.3835182234339083,Fake-D,,,,,,,,,,,,
fake_d,fake_d,22,model_1_all_mpnet_base_v2,late_fusion,L3,base,142.0,0.5722339675828048,0.41010021592277085,0.2534064688647346,0.7101143293129133,Fake-D,,,,,,,,,,,,
fake_d,fake_d,22,model_1_all_mpnet_base_v2,late_fusion,L3,,,,,,,Fake-D,0.5722339675828048,0.6300211416490485,0.057787174066243785,0.41010021592277085,0.434351096785827,0.024250880863056157,0.2534064688647346,0.2615863610501144,-0.008179892185379789,0.7101143293129133,1.323286462795229,-0.6131721334823157
fake_d,fake_d,23,model_1_all_mpnet_base_v2,late_fusion,L3,augmented,142.0,0.6168663377965704,0.4478103053631146,0.25688004145503057,1.3990740946029978,Fake-D,,,,,,,,,,,,
fake_d,fake_d,23,model_1_all_mpnet_base_v2,late_fusion,L3,base,142.0,0.5689452666196851,0.4003743025174529,0.25106321843010065,0.6989617836061883,Fake-D,,,,,,,,,,,,
fake_d,fake_d,23,model_1_all_mpnet_base_v2,late_fusion,L3,,,,,,,Fake-D,0.5689452666196851,0.6163965233732676,0.047451256753582416,0.4003743025174529,0.43969321349233786,0.03931891097488499,0.25106321843010065,0.2568800411856496,-0.005816822755548956,0.6989617836061883,1.3241948055811106,-0.6252330219749223
fake_d,fake_d,24,model_1_all_mpnet_base_v2,late_fusion,L3,augmented,142.0,0.6105238430819826,0.4452699003706252,0.25562098991122423,1.4525377191567725,Fake-D,,,,,,,,,,,,
fake_d,fake_d,24,model_1_all_mpnet_base_v2,late_fusion,L3,base,142.0,0.5926708949964764,0.4395909472212869,0.23884781142301162,0.6748250101177455,Fake-D,,,,,,,,,,,,
fake_d,fake_d,24,model_1_all_mpnet_base_v2,late_fusion,L3,,,,,,,Fake-D,0.5926708949964764,0.6100540286586797,0.017383133662203343,0.4395909472212869,0.43715280849984844,-0.002438138721438443,0.23884781142301162,0.25562098963311747,-0.01677317821010585,0.6748250101177455,1.3599801976820869,-0.6851551875643414
fake_d,fake_d,25,model_1_all_mpnet_base_v2,late_fusion,L3,augmented,142.0,0.6671364810899695,0.488610003676676,0.24408612723250137,0.798488743552116,Fake-D,,,,,,,,,,,,
fake_d,fake_d,25,model_1_all_mpnet_base_v2,late_fusion,L3,base,142.0,0.6753582334977684,0.4919134600924119,0.23276373797571057,0.6594861502536068,Fake-D,,,,,,,,,,,,
fake_d,fake_d,25,model_1_all_mpnet_base_v2,late_fusion,L3,,,,,,,Fake-D,0.6753582334977684,0.6671364810899695,-0.008221752407798877,0.4919134600924119,0.488610003676676,-0.0033034564157358726,0.23276373797571057,0.24408612723250137,-0.011322389256790799,0.6594861502536068,0.798488743552116,-0.13900259329850917
fake_d,fake_d,26,model_1_all_mpnet_base_v2,late_fusion,L3,augmented,142.0,0.6427061310782242,0.47758577517206297,0.2511244160876684,1.3765226012115286,Fake-D,,,,,,,,,,,,
fake_d,fake_d,26,model_1_all_mpnet_base_v2,late_fusion,L3,base,142.0,0.6375381724218933,0.4908527739933503,0.2356148695921193,0.6823304351714766,Fake-D,,,,,,,,,,,,
fake_d,fake_d,26,model_1_all_mpnet_base_v2,late_fusion,L3,,,,,,,Fake-D,0.6375381724218933,0.6416490486257929,0.004110876203899605,0.4908527739933503,0.4655374351492813,-0.025315338844069002,0.2356148695921193,0.2511244158517995,-0.015509546259680207,0.6823304351714766,1.3222501936991389,-0.6399197585276623
fake_d,fake_d,27,model_1_all_mpnet_base_v2,late_fusion,L3,augmented,142.0,0.6274371623208832,0.4360240300309072,0.24904133710359863,0.8117942174371785,Fake-D,,,,,,,,,,,,
fake_d,fake_d,27,model_1_all_mpnet_base_v2,late_fusion,L3,base,142.0,0.6535118628141885,0.48988931957967774,0.22666932373642448,0.6448169812329485,Fake-D,,,,,,,,,,,,
fake_d,fake_d,27,model_1_all_mpnet_base_v2,late_fusion,L3,,,,,,,Fake-D,0.6535118628141885,0.6274371623208832,-0.02607470049330529,0.48988931957967774,0.4360240300309072,-0.05386528954877057,0.22666932373642448,0.24904133710359863,-0.02237201336717415,0.6448169812329485,0.8117942174371785,-0.16697723620423
fake_d,fake_d,28,model_1_all_mpnet_base_v2,late_fusion,L3,augmented,142.0,0.6088794926004227,0.42519388790229073,0.26003465876905835,0.8434295432764806,Fake-D,,,,,,,,,,,,
fake_d,fake_d,28,model_1_all_mpnet_base_v2,late_fusion,L3,base,142.0,0.5752877613342728,0.38708645410799636,0.25324824209636837,0.7296350347327257,Fake-D,,,,,,,,,,,,
fake_d,fake_d,28,model_1_all_mpnet_base_v2,late_fusion,L3,,,,,,,Fake-D,0.5752877613342728,0.6088794926004227,0.03359173126614989,0.38708645410799636,0.42519388790229073,0.038107433794294376,0.25324824209636837,0.26003465876905835,-0.006786416672689977,0.7296350347327257,0.8434295432764806,-0.11379450854375484
fake_d,fake_d,29,model_1_all_mpnet_base_v2,late_fusion,L3,augmented,142.0,0.6020671834625323,0.4358997393312477,0.25390674291127635,0.8145430820027697,Fake-D,,,,,,,,,,,,
fake_d,fake_d,29,model_1_all_mpnet_base_v2,late_fusion,L3,base,142.0,0.5973690392295044,0.4301262646656989,0.24417458219980914,0.6828301315968309,Fake-D,,,,,,,,,,,,
fake_d,fake_d,29,model_1_all_mpnet_base_v2,late_fusion,L3,,,,,,,Fake-D,0.5973690392295044,0.6020671834625323,0.0046981442330279455,0.4301262646656989,0.4358997393312477,0.005773474665548783,0.24417458219980914,0.25390674291127635,-0.009732160711467208,0.6828301315968309,0.8145430820027697,-0.13171295040593878
fake_d,fake_d,30,model_1_all_mpnet_base_v2,late_fusion,L3,augmented,142.0,0.6008926474042754,0.4566815627791536,0.24749988150093913,0.8506891983217609,Fake-D,,,,,,,,,,,,
fake_d,fake_d,30,model_1_all_mpnet_base_v2,late_fusion,L3,base,142.0,0.5769321118158328,0.42681519931393713,0.2477108810031852,0.7006665199934283,Fake-D,,,,,,,,,,,,
fake_d,fake_d,30,model_1_all_mpnet_base_v2,late_fusion,L3,,,,,,,Fake-D,0.5769321118158328,0.6008926474042754,0.023960535588442577,0.42681519931393713,0.4566815627791536,0.029866363465216483,0.2477108810031852,0.24749988150093913,0.00021099950224606756,0.7006665199934283,0.8506891983217609,-0.1500226783283326
fake_d,fake_d,31,model_1_all_mpnet_base_v2,late_fusion,L3,augmented,142.0,0.6175710594315246,0.45733067074594397,0.24967694605918606,0.8297642657759776,Fake-D,,,,,,,,,,,,
fake_d,fake_d,31,model_1_all_mpnet_base_v2,late_fusion,L3,base,142.0,0.5757575757575758,0.4081925543406348,0.24276998977112105,0.7157098567014549,Fake-D,,,,,,,,,,,,
fake_d,fake_d,31,model_1_all_mpnet_base_v2,late_fusion,L3,,,,,,,Fake-D,0.5757575757575758,0.6175710594315246,0.04181348367394877,0.4081925543406348,0.45733067074594397,0.049138116405309185,0.24276998977112105,0.24967694605918606,-0.006906956288065008,0.7157098567014549,0.8297642657759776,-0.11405440907452269
fake_d,fake_d,32,model_1_all_mpnet_base_v2,late_fusion,L3,augmented,142.0,0.6809960065774019,0.5083887406727287,0.24041183727752924,0.8029946546546418,Fake-D,,,,,,,,,,,,
fake_d,fake_d,32,model_1_all_mpnet_base_v2,late_fusion,L3,base,142.0,0.6859290580220813,0.4647213360572611,0.23378053953861822,0.6724348842392457,Fake-D,,,,,,,,,,,,
fake_d,fake_d,32,model_1_all_mpnet_base_v2,late_fusion,L3,,,,,,,Fake-D,0.6859290580220813,0.6809960065774019,-0.0049330514446793705,0.4647213360572611,0.5083887406727287,0.04366740461546753,0.23378053953861822,0.24041183727752924,-0.006631297738911024,0.6724348842392457,0.8029946546546418,-0.13055977041539613
fake_d,fake_d,33,model_1_all_mpnet_base_v2,late_fusion,L3,augmented,142.0,0.6044162555790462,0.43356012277746814,0.266214830496725,0.93836630080506,Fake-D,,,,,,,,,,,,
fake_d,fake_d,33,model_1_all_mpnet_base_v2,late_fusion,L3,base,142.0,0.5879727507634485,0.4404594816425665,0.24234850362297597,0.7525493271577361,Fake-D,,,,,,,,,,,,
fake_d,fake_d,33,model_1_all_mpnet_base_v2,late_fusion,L3,,,,,,,Fake-D,0.5879727507634485,0.6044162555790462,0.016443504815597754,0.4404594816425665,0.43356012277746814,-0.006899358865098348,0.24234850362297597,0.266214830496725,-0.02386632687374904,0.7525493271577361,0.93836630080506,-0.18581697364732386
fake_d,fake_d,34,model_1_all_mpnet_base_v2,late_fusion,L3,augmented,142.0,0.6032417195207893,0.43696985139578615,0.25294873441993593,0.8152562799821158,Fake-D,,,,,,,,,,,,
fake_d,fake_d,34,model_1_all_mpnet_base_v2,late_fusion,L3,base,142.0,0.5588442565186751,0.3641785592440774,0.25755171274521194,0.727183328654916,Fake-D,,,,,,,,,,,,
fake_d,fake_d,34,model_1_all_mpnet_base_v2,late_fusion,L3,,,,,,,Fake-D,0.5588442565186751,0.6032417195207893,0.044397463002114224,0.3641785592440774,0.43696985139578615,0.07279129215170876,0.25755171274521194,0.25294873441993593,0.004602978325276008,0.727183328654916,0.8152562799821158,-0.08807295132719983
fake_d,fake_d,35,model_1_all_mpnet_base_v2,late_fusion,L3,augmented,142.0,0.6257928118393234,0.44691017053051024,0.250932575591451,0.818203275186366,Fake-D,,,,,,,,,,,,
fake_d,fake_d,35,model_1_all_mpnet_base_v2,late_fusion,L3,base,142.0,0.6492835330044632,0.4921078192818044,0.23511702835898657,0.6691771717008267,Fake-D,,,,,,,,,,,,
fake_d,fake_d,35,model_1_all_mpnet_base_v2,late_fusion,L3,,,,,,,Fake-D,0.6492835330044632,0.6257928118393234,-0.023490721165139727,0.4921078192818044,0.44691017053051024,-0.04519764875129417,0.23511702835898657,0.250932575591451,-0.015815547232464422,0.6691771717008267,0.818203275186366,-0.14902610348553935
fake_d,fake_d,36,model_1_all_mpnet_base_v2,late_fusion,L3,augmented,142.0,0.6868686868686869,0.5149832693213537,0.24576334541984374,0.7967838899394417,Fake-D,,,,,,,,,,,,
fake_d,fake_d,36,model_1_all_mpnet_base_v2,late_fusion,L3,base,142.0,0.6826403570589618,0.508717597633725,0.23838605366952859,0.6734930057662462,Fake-D,,,,,,,,,,,,
fake_d,fake_d,36,model_1_all_mpnet_base_v2,late_fusion,L3,,,,,,,Fake-D,0.6826403570589618,0.6868686868686869,0.004228329809725095,0.508717597633725,0.5149832693213537,0.006265671687628704,0.23838605366952859,0.24576334541984374,-0.007377291750315151,0.6734930057662462,0.7967838899394417,-0.12329088417319556
fake_d,fake_d,37,model_1_all_mpnet_base_v2,late_fusion,L3,augmented,142.0,0.7192858820765797,0.5541608563931472,0.21755481917398736,0.7328351275258799,Fake-D,,,,,,,,,,,,
fake_d,fake_d,37,model_1_all_mpnet_base_v2,late_fusion,L3,base,142.0,0.6953253464881373,0.4586516913408569,0.23080004309457117,0.6945860759805683,Fake-D,,,,,,,,,,,,
fake_d,fake_d,37,model_1_all_mpnet_base_v2,late_fusion,L3,,,,,,,Fake-D,0.6953253464881373,0.7192858820765797,0.023960535588442466,0.4586516913408569,0.5541608563931472,0.09550916505229023,0.23080004309457117,0.21755481917398736,0.013245223920583804,0.6945860759805683,0.7328351275258799,-0.03824905154531155
fake_d,fake_d,38,model_1_all_mpnet_base_v2,late_fusion,L3,augmented,142.0,0.6055907916373033,0.43118540382023574,0.26460705450798333,1.4790009595642084,Fake-D,,,,,,,,,,,,
fake_d,fake_d,38,model_1_all_mpnet_base_v2,late_fusion,L3,base,142.0,0.5743481324876674,0.3747689908923506,0.2507612818510539,0.7009455710313846,Fake-D,,,,,,,,,,,,
fake_d,fake_d,38,model_1_all_mpnet_base_v2,late_fusion,L3,,,,,,,Fake-D,0.5743481324876674,0.6052384308198261,0.030890298332158728,0.3747689908923506,0.4269442809417071,0.052175290049356504,0.2507612818510539,0.26460705422905895,-0.01384577237800505,0.7009455710313846,1.377305531912091,-0.6763599608807065
fake_d,fake_d,39,model_1_all_mpnet_base_v2,late_fusion,L3,augmented,142.0,0.6257928118393234,0.4381699297911258,0.25246191634167836,0.8210004553867881,Fake-D,,,,,,,,,,,,
fake_d,fake_d,39,model_1_all_mpnet_base_v2,late_fusion,L3,base,142.0,0.6147521728917078,0.42992417868867394,0.24024285237112708,0.6992687316112606,Fake-D,,,,,,,,,,,,
fake_d,fake_d,39,model_1_all_mpnet_base_v2,late_fusion,L3,,,,,,,Fake-D,0.6147521728917078,0.6257928118393234,0.011040638947615644,0.42992417868867394,0.4381699297911258,0.008245751102451848,0.24024285237112708,0.25246191634167836,-0.01221906397055128,0.6992687316112606,0.8210004553867881,-0.12173172377552754
fake_d,fake_d,40,model_1_all_mpnet_base_v2,late_fusion,L3,augmented,142.0,0.6429410382898755,0.46132912967316714,0.2472829391769457,0.7969009966161289,Fake-D,,,,,,,,,,,,
fake_d,fake_d,40,model_1_all_mpnet_base_v2,late_fusion,L3,base,142.0,0.6074700493305144,0.4059392002367341,0.2437429569746983,0.6873408293600748,Fake-D,,,,,,,,,,,,
fake_d,fake_d,40,model_1_all_mpnet_base_v2,late_fusion,L3,,,,,,,Fake-D,0.6074700493305144,0.6429410382898755,0.03547098895936107,0.4059392002367341,0.46132912967316714,0.05538992943643306,0.2437429569746983,0.2472829391769457,-0.0035399822022473826,0.6873408293600748,0.7969009966161289,-0.10956016725605411
fake_d,fake_d,41,model_1_all_mpnet_base_v2,late_fusion,L3,augmented,142.0,0.6718346253229974,0.48653101454007575,0.24095543149026105,1.4239225445311186,Fake-D,,,,,,,,,,,,
fake_d,fake_d,41,model_1_all_mpnet_base_v2,late_fusion,L3,base,142.0,0.6772374911909796,0.5264538445393209,0.2273524407125751,0.7023865452731466,Fake-D,,,,,,,,,,,,
fake_d,fake_d,41,model_1_all_mpnet_base_v2,late_fusion,L3,,,,,,,Fake-D,0.6772374911909796,0.6711299036880433,-0.006107587502936385,0.5264538445393209,0.4745379536770509,-0.05191589086226994,0.2273524407125751,0.2409554312292833,-0.013602990516708213,0.7023865452731466,1.3518091845570364,-0.6494226392838898
fake_d,fake_d,42,model_1_all_mpnet_base_v2,late_fusion,L3,augmented,142.0,0.6438806671364811,0.4768741645670648,0.25596104342669684,1.4066520149421788,Fake-D,,,,,,,,,,,,
fake_d,fake_d,42,model_1_all_mpnet_base_v2,late_fusion,L3,base,142.0,0.6560958421423538,0.49023240906050625,0.228394444930401,0.688029425834738,Fake-D,,,,,,,,,,,,
fake_d,fake_d,42,model_1_all_mpnet_base_v2,late_fusion,L3,,,,,,,Fake-D,0.6560958421423538,0.6431759455015269,-0.012919896640826933,0.49023240906050625,0.46488110370404,-0.025351305356466236,0.228394444930401,0.25596104316534907,-0.02756659823494806,0.688029425834738,1.335813507223732,-0.647784081388994
fake_d,fake_d,43,model_1_all_mpnet_base_v2,late_fusion,L3,augmented,142.0,0.6309607704956542,0.45961212420109004,0.24718778620029405,0.8004291800481893,Fake-D,,,,,,,,,,,,
fake_d,fake_d,43,model_1_all_mpnet_base_v2,late_fusion,L3,base,142.0,0.6342494714587738,0.47810033204571456,0.2338936232542794,0.6708544461850418,Fake-D,,,,,,,,,,,,
fake_d,fake_d,43,model_1_all_mpnet_base_v2,late_fusion,L3,,,,,,,Fake-D,0.6342494714587738,0.6309607704956542,-0.0032887009631195063,0.47810033204571456,0.45961212420109004,-0.018488207844624516,0.2338936232542794,0.24718778620029405,-0.013294162946014654,0.6708544461850418,0.8004291800481893,-0.12957473386314755
fake_d,fake_d,44,model_1_all_mpnet_base_v2,late_fusion,L3,augmented,142.0,0.6781771200375851,0.49552023145959273,0.24443623826010707,1.477175698609903,Fake-D,,,,,,,,,,,,
fake_d,fake_d,44,model_1_all_mpnet_base_v2,late_fusion,L3,base,142.0,0.7230443974630021,0.5524794691445774,0.20642173503241615,0.6700470290682824,Fake-D,,,,,,,,,,,,
fake_d,fake_d,44,model_1_all_mpnet_base_v2,late_fusion,L3,,,,,,,Fake-D,0.7230443974630021,0.6777073056142824,-0.0453370918487197,0.5524794691445774,0.4912238294213073,-0.06125563972327003,0.20642173503241615,0.24443623798008074,-0.03801450294766459,0.6700470290682824,1.365500314982572,-0.6954532859142896
fake_d,fake_d,45,model_1_all_mpnet_base_v2,late_fusion,L3,augmented,142.0,0.5810429880197322,0.40006541229422937,0.26808813963750405,2.0470707944180497,Fake-D,,,,,,,,,,,,
fake_d,fake_d,45,model_1_all_mpnet_base_v2,late_fusion,L3,base,142.0,0.5597838853652807,0.36911831852109955,0.26189708246960947,0.7338103078007293,Fake-D,,,,,,,,,,,,
fake_d,fake_d,45,model_1_all_mpnet_base_v2,late_fusion,L3,,,,,,,Fake-D,0.5597838853652807,0.5777542870566127,0.017970401691332016,0.36911831852109955,0.39256539118012945,0.0234470726590299,0.26189708246960947,0.26808813879251164,-0.0061910563229021776,0.7338103078007293,1.5138979102839176,-0.7800876024831883
fake_d,fake_d,46,model_1_all_mpnet_base_v2,late_fusion,L3,augmented,142.0,0.6225041108762039,0.4505808750207126,0.243097673293693,0.801692488516413,Fake-D,,,,,,,,,,,,
fake_d,fake_d,46,model_1_all_mpnet_base_v2,late_fusion,L3,base,142.0,0.6699553676297862,0.44146971721945205,0.23629313733274096,0.6653307627633654,Fake-D,,,,,,,,,,,,
fake_d,fake_d,46,model_1_all_mpnet_base_v2,late_fusion,L3,,,,,,,Fake-D,0.6699553676297862,0.6225041108762039,-0.047451256753582305,0.44146971721945205,0.4505808750207126,0.009111157801260539,0.23629313733274096,0.243097673293693,-0.006804535960952041,0.6653307627633654,0.801692488516413,-0.1363617257530475
fake_d,fake_d,47,model_1_all_mpnet_base_v2,late_fusion,L3,augmented,142.0,0.6704251820530891,0.49923122155651967,0.23802859661543727,0.7991176175005593,Fake-D,,,,,,,,,,,,
fake_d,fake_d,47,model_1_all_mpnet_base_v2,late_fusion,L3,base,142.0,0.6464646464646465,0.503887744749078,0.23582222188139212,0.6918949875590001,Fake-D,,,,,,,,,,,,
fake_d,fake_d,47,model_1_all_mpnet_base_v2,late_fusion,L3,,,,,,,Fake-D,0.6464646464646465,0.6704251820530891,0.023960535588442577,0.503887744749078,0.49923122155651967,-0.004656523192558382,0.23582222188139212,0.23802859661543727,-0.002206374734045141,0.6918949875590001,0.7991176175005593,-0.10722262994155918
fake_d,fake_d,48,model_1_all_mpnet_base_v2,late_fusion,L3,augmented,142.0,0.6124031007751938,0.437100076470612,0.25059544923736576,0.8105564179313357,Fake-D,,,,,,,,,,,,
fake_d,fake_d,48,model_1_all_mpnet_base_v2,late_fusion,L3,base,142.0,0.5785764622973925,0.44548336456285703,0.23419706580177926,0.6736803253102983,Fake-D,,,,,,,,,,,,
fake_d,fake_d,48,model_1_all_mpnet_base_v2,late_fusion,L3,,,,,,,Fake-D,0.5785764622973925,0.6124031007751938,0.03382663847780132,0.44548336456285703,0.437100076470612,-0.008383288092245034,0.23419706580177926,0.25059544923736576,-0.0163983834355865,0.6736803253102983,0.8105564179313357,-0.1368760926210374
fake_d,fake_d,49,model_1_all_mpnet_base_v2,late_fusion,L3,augmented,142.0,0.6781771200375851,0.49840408544149833,0.24227727115968148,0.7895147375282958,Fake-D,,,,,,,,,,,,
fake_d,fake_d,49,model_1_all_mpnet_base_v2,late_fusion,L3,base,142.0,0.7011980267794221,0.5485007870583185,0.21785291083577663,0.6218876987296725,Fake-D,,,,,,,,,,,,
fake_d,fake_d,49,model_1_all_mpnet_base_v2,late_fusion,L3,,,,,,,Fake-D,0.7011980267794221,0.6781771200375851,-0.02302090674183699,0.5485007870583185,0.49840408544149833,-0.05009670161682017,0.21785291083577663,0.24227727115968148,-0.024424360323904853,0.6218876987296725,0.7895147375282958,-0.16762703879862328
fake_d,fake_d,50,model_1_all_mpnet_base_v2,late_fusion,L3,augmented,142.0,0.6929762743716232,0.5073272251680258,0.24027103862470398,0.7830946201866039,Fake-D,,,,,,,,,,,,
fake_d,fake_d,50,model_1_all_mpnet_base_v2,late_fusion,L3,base,142.0,0.669250645994832,0.5630334276721113,0.22096389687671994,0.6496507039453158,Fake-D,,,,,,,,,,,,
fake_d,fake_d,50,model_1_all_mpnet_base_v2,late_fusion,L3,,,,,,,Fake-D,0.669250645994832,0.6929762743716232,0.023725628376791263,0.5630334276721113,0.5073272251680258,-0.055706202504085534,0.22096389687671994,0.24027103862470398,-0.019307141747984036,0.6496507039453158,0.7830946201866039,-0.13344391624128815
fake_d,real,0,model_1_all_mpnet_base_v2,late_fusion,L3,augmented,142.0,0.7439511392999765,0.5723178319770137,0.21960656055976013,0.7141798677269429,D-P,,,,,,,,,,,,
fake_d,real,0,model_1_all_mpnet_base_v2,late_fusion,L3,base,142.0,0.8029128494244773,0.6799554054353487,0.20737186722542703,0.6047278994350769,D-P,,,,,,,,,,,,
fake_d,real,0,model_1_all_mpnet_base_v2,late_fusion,L3,,,,,,,D-P,0.8029128494244773,0.7439511392999765,-0.0589617101245008,0.6799554054353487,0.5723178319770137,-0.10763757345833502,0.20737186722542703,0.21960656055976013,-0.012234693334333108,0.6047278994350769,0.7141798677269429,-0.10945196829186599
fake_d,fake_d,1,model_2_bge_large_en_v1_5,early_concat,L3,augmented,142.0,0.7122386657270378,0.5357619132901951,0.20106884261354463,0.6053799347210512,Fake-D,,,,,,,,,,,,
fake_d,fake_d,1,model_2_bge_large_en_v1_5,early_concat,L3,base,142.0,0.6405919661733616,0.45400680942867727,0.2244340021776389,0.6587496062821748,Fake-D,,,,,,,,,,,,
fake_d,fake_d,1,model_2_bge_large_en_v1_5,early_concat,L3,,,,,,,Fake-D,0.6405919661733616,0.7122386657270378,0.0716466995536762,0.45400680942867727,0.5357619132901951,0.0817551038615178,0.2244340021776389,0.20106884261354463,0.023365159564094268,0.6587496062821748,0.6053799347210512,0.0533696715611236
fake_d,fake_d,2,model_2_bge_large_en_v1_5,early_concat,L3,augmented,142.0,0.7279774489076815,0.5909275029155034,0.1921695392981346,0.5791673261492463,Fake-D,,,,,,,,,,,,
fake_d,fake_d,2,model_2_bge_large_en_v1_5,early_concat,L3,base,142.0,0.6553911205073996,0.5201386238172745,0.2149451772449111,0.6263409321856004,Fake-D,,,,,,,,,,,,
fake_d,fake_d,2,model_2_bge_large_en_v1_5,early_concat,L3,,,,,,,Fake-D,0.6553911205073996,0.7279774489076815,0.0725863284002819,0.5201386238172745,0.5909275029155034,0.07078887909822895,0.2149451772449111,0.1921695392981346,0.022775637946776506,0.6263409321856004,0.5791673261492463,0.04717360603635412
fake_d,fake_d,3,model_2_bge_large_en_v1_5,early_concat,L3,augmented,142.0,0.731735964294104,0.6282831426289937,0.19225504199092744,0.5778832135986951,Fake-D,,,,,,,,,,,,
fake_d,fake_d,3,model_2_bge_large_en_v1_5,early_concat,L3,base,142.0,0.7077754287056611,0.5728547686408585,0.2049554586809886,0.6075305180075211,Fake-D,,,,,,,,,,,,
fake_d,fake_d,3,model_2_bge_large_en_v1_5,early_concat,L3,,,,,,,Fake-D,0.7077754287056611,0.731735964294104,0.02396053558844291,0.5728547686408585,0.6282831426289937,0.05542837398813516,0.2049554586809886,0.19225504199092744,0.012700416690061167,0.6075305180075211,0.5778832135986951,0.029647304408826014
fake_d,fake_d,4,model_2_bge_large_en_v1_5,early_concat,L3,augmented,142.0,0.6962649753347429,0.49764780905894834,0.2065934551617401,0.6279122146482158,Fake-D,,,,,,,,,,,,
fake_d,fake_d,4,model_2_bge_large_en_v1_5,early_concat,L3,base,142.0,0.584684049800329,0.3744915569066767,0.24391134726121527,0.7171328950065282,Fake-D,,,,,,,,,,,,
fake_d,fake_d,4,model_2_bge_large_en_v1_5,early_concat,L3,,,,,,,Fake-D,0.584684049800329,0.6962649753347429,0.1115809255344139,0.3744915569066767,0.49764780905894834,0.12315625215227166,0.24391134726121527,0.2065934551617401,0.03731789209947517,0.7171328950065282,0.6279122146482158,0.08922068035831243
fake_d,fake_d,5,model_2_bge_large_en_v1_5,early_concat,L3,augmented,142.0,0.743716232088325,0.5524512896711823,0.19197229914733333,0.5750474304478767,Fake-D,,,,,,,,,,,,
fake_d,fake_d,5,model_2_bge_large_en_v1_5,early_concat,L3,base,142.0,0.6974395113929999,0.4912634649704447,0.21286802135502395,0.628075162516823,Fake-D,,,,,,,,,,,,
fake_d,fake_d,5,model_2_bge_large_en_v1_5,early_concat,L3,,,,,,,Fake-D,0.6974395113929999,0.743716232088325,0.04627672069532518,0.4912634649704447,0.5524512896711823,0.06118782470073758,0.21286802135502395,0.19197229914733333,0.02089572220769062,0.628075162516823,0.5750474304478767,0.0530277320689464
fake_d,fake_d,6,model_2_bge_large_en_v1_5,early_concat,L3,augmented,142.0,0.6852243363871271,0.4801023742571464,0.2112100650511449,0.6301337779222473,Fake-D,,,,,,,,,,,,
fake_d,fake_d,6,model_2_bge_large_en_v1_5,early_concat,L3,base,142.0,0.6269673478975805,0.42242761344687274,0.22994662678034278,0.6708913757330857,Fake-D,,,,,,,,,,,,
fake_d,fake_d,6,model_2_bge_large_en_v1_5,early_concat,L3,,,,,,,Fake-D,0.6269673478975805,0.6852243363871271,0.058256988489546635,0.42242761344687274,0.4801023742571464,0.05767476081027367,0.22994662678034278,0.2112100650511449,0.01873656172919788,0.6708913757330857,0.6301337779222473,0.04075759781083832
fake_d,fake_d,7,model_2_bge_large_en_v1_5,early_concat,L3,augmented,142.0,0.6955602536997886,0.6038579985560488,0.19760602307551547,0.5998371175485502,Fake-D,,,,,,,,,,,,
fake_d,fake_d,7,model_2_bge_large_en_v1_5,early_concat,L3,base,142.0,0.6354240075170308,0.4703602733394956,0.2214487546517215,0.6557162315910419,Fake-D,,,,,,,,,,,,
fake_d,fake_d,7,model_2_bge_large_en_v1_5,early_concat,L3,,,,,,,Fake-D,0.6354240075170308,0.6955602536997886,0.06013624618275781,0.4703602733394956,0.6038579985560488,0.13349772521655323,0.2214487546517215,0.19760602307551547,0.023842731576206033,0.6557162315910419,0.5998371175485502,0.055879114042491684
fake_d,fake_d,8,model_2_bge_large_en_v1_5,early_concat,L3,augmented,142.0,0.6833450786939159,0.5086771843452632,0.21086118305680313,0.6343259981720373,Fake-D,,,,,,,,,,,,
fake_d,fake_d,8,model_2_bge_large_en_v1_5,early_concat,L3,base,142.0,0.6396523373267559,0.4503780788238264,0.22898850352541208,0.6716255120856854,Fake-D,,,,,,,,,,,,
fake_d,fake_d,8,model_2_bge_large_en_v1_5,early_concat,L3,,,,,,,Fake-D,0.6396523373267559,0.6833450786939159,0.04369274136716006,0.4503780788238264,0.5086771843452632,0.0582991055214368,0.22898850352541208,0.21086118305680313,0.01812732046860896,0.6716255120856854,0.6343259981720373,0.037299513913648163
fake_d,fake_d,9,model_2_bge_large_en_v1_5,early_concat,L3,augmented,142.0,0.6701902748414377,0.5282316776523686,0.2180206927792037,0.638872196879912,Fake-D,,,,,,,,,,,,
fake_d,fake_d,9,model_2_bge_large_en_v1_5,early_concat,L3,base,142.0,0.5905567300916138,0.4288013058706005,0.24144479948837588,0.68844301894683,Fake-D,,,,,,,,,,,,
fake_d,fake_d,9,model_2_bge_large_en_v1_5,early_concat,L3,,,,,,,Fake-D,0.5905567300916138,0.6701902748414377,0.07963354474982387,0.4288013058706005,0.5282316776523686,0.09943037178176806,0.24144479948837588,0.2180206927792037,0.023424106709172193,0.68844301894683,0.638872196879912,0.049570822066917986
fake_d,fake_d,10,model_2_bge_large_en_v1_5,early_concat,L3,augmented,142.0,0.7096546863988724,0.5475323994552495,0.1999554322911693,0.627014267294334,Fake-D,,,,,,,,,,,,
fake_d,fake_d,10,model_2_bge_large_en_v1_5,early_concat,L3,base,142.0,0.6349541930937279,0.4731722795782682,0.22492427994158307,0.6852363411161675,Fake-D,,,,,,,,,,,,
fake_d,fake_d,10,model_2_bge_large_en_v1_5,early_concat,L3,,,,,,,Fake-D,0.6349541930937279,0.7096546863988724,0.0747004933051445,0.4731722795782682,0.5475323994552495,0.07436011987698127,0.22492427994158307,0.1999554322911693,0.024968847650413767,0.6852363411161675,0.627014267294334,0.05822207382183353
fake_d,fake_d,11,model_2_bge_large_en_v1_5,early_concat,L3,augmented,142.0,0.7411322527601596,0.59191265543696,0.19002002899951068,0.5719753347282656,Fake-D,,,,,,,,,,,,
fake_d,fake_d,11,model_2_bge_large_en_v1_5,early_concat,L3,base,142.0,0.6680761099365751,0.5095326293245441,0.21506355883859826,0.6244137890766857,Fake-D,,,,,,,,,,,,
fake_d,fake_d,11,model_2_bge_large_en_v1_5,early_concat,L3,,,,,,,Fake-D,0.6680761099365751,0.7411322527601596,0.07305614282358452,0.5095326293245441,0.59191265543696,0.0823800261124159,0.21506355883859826,0.19002002899951068,0.025043529839087586,0.6244137890766857,0.5719753347282656,0.052438454348420094
fake_d,fake_d,12,model_2_bge_large_en_v1_5,early_concat,L3,augmented,142.0,0.7354944796805262,0.5833476405417795,0.1938037591705094,0.5705431065012502,Fake-D,,,,,,,,,,,,
fake_d,fake_d,12,model_2_bge_large_en_v1_5,early_concat,L3,base,142.0,0.6680761099365751,0.4649892252394916,0.21925477211321404,0.6285596754003067,Fake-D,,,,,,,,,,,,
fake_d,fake_d,12,model_2_bge_large_en_v1_5,early_concat,L3,,,,,,,Fake-D,0.6680761099365751,0.7354944796805262,0.0674183697439511,0.4649892252394916,0.5833476405417795,0.11835841530228786,0.21925477211321404,0.1938037591705094,0.02545101294270463,0.6285596754003067,0.5705431065012502,0.058016568899056487
fake_d,fake_d,13,model_2_bge_large_en_v1_5,early_concat,L3,augmented,142.0,0.704016913319239,0.5329897575010837,0.20379090467524894,0.6012734162208608,Fake-D,,,,,,,,,,,,
fake_d,fake_d,13,model_2_bge_large_en_v1_5,early_concat,L3,base,142.0,0.6178059666431759,0.42598755091882945,0.22901473079332582,0.6556343444793439,Fake-D,,,,,,,,,,,,
fake_d,fake_d,13,model_2_bge_large_en_v1_5,early_concat,L3,,,,,,,Fake-D,0.6178059666431759,0.704016913319239,0.0862109466760631,0.42598755091882945,0.5329897575010837,0.10700220658225423,0.22901473079332582,0.20379090467524894,0.025223826118076886,0.6556343444793439,0.6012734162208608,0.05436092825848304
fake_d,fake_d,14,model_2_bge_large_en_v1_5,early_concat,L3,augmented,142.0,0.7134132017852949,0.5637634506561433,0.19969188257208215,0.6151722357815655,Fake-D,,,,,,,,,,,,
fake_d,fake_d,14,model_2_bge_large_en_v1_5,early_concat,L3,base,142.0,0.6549213060840968,0.4861685637643059,0.22030124259753833,0.657716344986729,Fake-D,,,,,,,,,,,,
fake_d,fake_d,14,model_2_bge_large_en_v1_5,early_concat,L3,,,,,,,Fake-D,0.6549213060840968,0.7134132017852949,0.05849189570119806,0.4861685637643059,0.5637634506561433,0.07759488689183741,0.22030124259753833,0.19969188257208215,0.020609360025456186,0.657716344986729,0.6151722357815655,0.042544109205163494
fake_d,fake_d,15,model_2_bge_large_en_v1_5,early_concat,L3,augmented,142.0,0.6896875734085037,0.47253163759931,0.2120514152466782,0.6285069895366312,Fake-D,,,,,,,,,,,,
fake_d,fake_d,15,model_2_bge_large_en_v1_5,early_concat,L3,base,142.0,0.6156918017383133,0.3830200169952488,0.24015234372561503,0.6958727732354322,Fake-D,,,,,,,,,,,,
fake_d,fake_d,15,model_2_bge_large_en_v1_5,early_concat,L3,,,,,,,Fake-D,0.6156918017383133,0.6896875734085037,0.07399577167019045,0.3830200169952488,0.47253163759931,0.0895116206040612,0.24015234372561503,0.2120514152466782,0.028100928478936832,0.6958727732354322,0.6285069895366312,0.06736578369880097
fake_d,fake_d,16,model_2_bge_large_en_v1_5,early_concat,L3,augmented,142.0,0.7331454075640121,0.5186240839810585,0.1968540956786181,0.6056007130933331,Fake-D,,,,,,,,,,,,
fake_d,fake_d,16,model_2_bge_large_en_v1_5,early_concat,L3,base,142.0,0.6755931407094198,0.4475765866499991,0.21706916046666896,0.6528200000107417,Fake-D,,,,,,,,,,,,
fake_d,fake_d,16,model_2_bge_large_en_v1_5,early_concat,L3,,,,,,,Fake-D,0.6755931407094198,0.7331454075640121,0.05755226685459236,0.4475765866499991,0.5186240839810585,0.07104749733105942,0.21706916046666896,0.1968540956786181,0.02021506478805085,0.6528200000107417,0.6056007130933331,0.04721928691740862
fake_d,fake_d,17,model_2_bge_large_en_v1_5,early_concat,L3,augmented,142.0,0.7371388301620859,0.508301831455081,0.198376464380311,0.5945316350853643,Fake-D,,,,,,,,,,,,
fake_d,fake_d,17,model_2_bge_large_en_v1_5,early_concat,L3,base,142.0,0.6849894291754757,0.45123868623687885,0.21741722030211816,0.6464493148837648,Fake-D,,,,,,,,,,,,
fake_d,fake_d,17,model_2_bge_large_en_v1_5,early_concat,L3,,,,,,,Fake-D,0.6849894291754757,0.7371388301620859,0.05214940098661025,0.45123868623687885,0.508301831455081,0.05706314521820216,0.21741722030211816,0.198376464380311,0.01904075592180715,0.6464493148837648,0.5945316350853643,0.05191767979840045
fake_d,fake_d,18,model_2_bge_large_en_v1_5,early_concat,L3,augmented,142.0,0.6276720695325345,0.4224991487468666,0.2298215263395253,0.6618436777563158,Fake-D,,,,,,,,,,,,
fake_d,fake_d,18,model_2_bge_large_en_v1_5,early_concat,L3,base,142.0,0.546394174301151,0.3476482619548358,0.2550098431881234,0.7179535660264251,Fake-D,,,,,,,,,,,,
fake_d,fake_d,18,model_2_bge_large_en_v1_5,early_concat,L3,,,,,,,Fake-D,0.546394174301151,0.6276720695325345,0.08127789523138351,0.3476482619548358,0.4224991487468666,0.07485088679203084,0.2550098431881234,0.2298215263395253,0.025188316848598125,0.7179535660264251,0.6618436777563158,0.05610988827010932
fake_d,fake_d,19,model_2_bge_large_en_v1_5,early_concat,L3,augmented,142.0,0.7500587268029129,0.5899547379766189,0.18567354251943077,0.5523574652442258,Fake-D,,,,,,,,,,,,
fake_d,fake_d,19,model_2_bge_large_en_v1_5,early_concat,L3,base,142.0,0.6950904392764857,0.5275251134027407,0.20595012921237368,0.5982359094772711,Fake-D,,,,,,,,,,,,
fake_d,fake_d,19,model_2_bge_large_en_v1_5,early_concat,L3,,,,,,,Fake-D,0.6950904392764857,0.7500587268029129,0.05496828752642713,0.5275251134027407,0.5899547379766189,0.06242962457387824,0.20595012921237368,0.18567354251943077,0.02027658669294291,0.5982359094772711,0.5523574652442258,0.045878444233045323
fake_d,fake_d,20,model_2_bge_large_en_v1_5,early_concat,L3,augmented,142.0,0.6701902748414376,0.518615776791177,0.2100005665386352,0.633941618730085,Fake-D,,,,,,,,,,,,
fake_d,fake_d,20,model_2_bge_large_en_v1_5,early_concat,L3,base,142.0,0.5832746065304205,0.4056485965123422,0.2417730429088394,0.7052075841803987,Fake-D,,,,,,,,,,,,
fake_d,fake_d,20,model_2_bge_large_en_v1_5,early_concat,L3,,,,,,,Fake-D,0.5832746065304205,0.6701902748414376,0.08691566831101705,0.4056485965123422,0.518615776791177,0.11296718027883479,0.2417730429088394,0.2100005665386352,0.031772476370204195,0.7052075841803987,0.633941618730085,0.07126596545031372
fake_d,fake_d,21,model_2_bge_large_en_v1_5,early_concat,L3,augmented,142.0,0.7777777777777778,0.6307049981609733,0.17753563375645087,0.5358708254411887,Fake-D,,,,,,,,,,,,
fake_d,fake_d,21,model_2_bge_large_en_v1_5,early_concat,L3,base,142.0,0.7268029128494244,0.5135246149292644,0.20003021800288334,0.5859007981692163,Fake-D,,,,,,,,,,,,
fake_d,fake_d,21,model_2_bge_large_en_v1_5,early_concat,L3,,,,,,,Fake-D,0.7268029128494244,0.7777777777777778,0.05097486492835335,0.5135246149292644,0.6307049981609733,0.11718038323170887,0.20003021800288334,0.17753563375645087,0.02249458424643247,0.5859007981692163,0.5358708254411887,0.05002997272802756
fake_d,fake_d,22,model_2_bge_large_en_v1_5,early_concat,L3,augmented,142.0,0.7289170777542872,0.5615297026190641,0.19649833052091098,0.58082689690102,Fake-D,,,,,,,,,,,,
fake_d,fake_d,22,model_2_bge_large_en_v1_5,early_concat,L3,base,142.0,0.6730091613812543,0.46362883405201993,0.2202406940595804,0.6381547182241752,Fake-D,,,,,,,,,,,,
fake_d,fake_d,22,model_2_bge_large_en_v1_5,early_concat,L3,,,,,,,Fake-D,0.6730091613812543,0.7289170777542872,0.05590791637303283,0.46362883405201993,0.5615297026190641,0.09790086856704416,0.2202406940595804,0.19649833052091098,0.02374236353866943,0.6381547182241752,0.58082689690102,0.05732782132315528
fake_d,fake_d,23,model_2_bge_large_en_v1_5,early_concat,L3,augmented,142.0,0.7338501291989664,0.5951737161535535,0.19378736211973457,0.5717961097272463,Fake-D,,,,,,,,,,,,
fake_d,fake_d,23,model_2_bge_large_en_v1_5,early_concat,L3,base,142.0,0.6499882546394175,0.4669483981469207,0.223345577233261,0.6372483470501714,Fake-D,,,,,,,,,,,,
fake_d,fake_d,23,model_2_bge_large_en_v1_5,early_concat,L3,,,,,,,Fake-D,0.6499882546394175,0.7338501291989664,0.08386187455954897,0.4669483981469207,0.5951737161535535,0.12822531800663284,0.223345577233261,0.19378736211973457,0.029558215113526437,0.6372483470501714,0.5717961097272463,0.06545223732292516
fake_d,fake_d,24,model_2_bge_large_en_v1_5,early_concat,L3,augmented,142.0,0.7016678412027249,0.5702803829858355,0.2022528735795795,0.5941395248345404,Fake-D,,,,,,,,,,,,
fake_d,fake_d,24,model_2_bge_large_en_v1_5,early_concat,L3,base,142.0,0.6149870801033592,0.4128251891232122,0.22644515141286542,0.6431364026443682,Fake-D,,,,,,,,,,,,
fake_d,fake_d,24,model_2_bge_large_en_v1_5,early_concat,L3,,,,,,,Fake-D,0.6149870801033592,0.7016678412027249,0.08668076109936562,0.4128251891232122,0.5702803829858355,0.1574551938626233,0.22644515141286542,0.2022528735795795,0.024192277833285925,0.6431364026443682,0.5941395248345404,0.048996877809827866
fake_d,fake_d,25,model_2_bge_large_en_v1_5,early_concat,L3,augmented,142.0,0.7181113460183227,0.6113834545870677,0.19901410782505063,0.5848310744976354,Fake-D,,,,,,,,,,,,
fake_d,fake_d,25,model_2_bge_large_en_v1_5,early_concat,L3,base,142.0,0.6725393469579516,0.5061525874664752,0.21881198784019337,0.6324587440657397,Fake-D,,,,,,,,,,,,
fake_d,fake_d,25,model_2_bge_large_en_v1_5,early_concat,L3,,,,,,,Fake-D,0.6725393469579516,0.7181113460183227,0.04557199906037113,0.5061525874664752,0.6113834545870677,0.10523086712059249,0.21881198784019337,0.19901410782505063,0.019797880015142738,0.6324587440657397,0.5848310744976354,0.04762766956810427
fake_d,fake_d,26,model_2_bge_large_en_v1_5,early_concat,L3,augmented,142.0,0.7070707070707071,0.5336546281187077,0.20433735355877045,0.6637036981986094,Fake-D,,,,,,,,,,,,
fake_d,fake_d,26,model_2_bge_large_en_v1_5,early_concat,L3,base,142.0,0.6791167488841907,0.474985573280097,0.21751760152272848,0.7046316483903879,Fake-D,,,,,,,,,,,,
fake_d,fake_d,26,model_2_bge_large_en_v1_5,early_concat,L3,,,,,,,Fake-D,0.6791167488841907,0.7070707070707071,0.02795395818651636,0.474985573280097,0.5336546281187077,0.05866905483861068,0.21751760152272848,0.20433735355877045,0.01318024796395803,0.7046316483903879,0.6637036981986094,0.04092795019177853
fake_d,fake_d,27,model_2_bge_large_en_v1_5,early_concat,L3,augmented,142.0,0.7434813248766737,0.5336513244800987,0.19482652325402006,0.57843457630531,Fake-D,,,,,,,,,,,,
fake_d,fake_d,27,model_2_bge_large_en_v1_5,early_concat,L3,base,142.0,0.6798214705191449,0.4731432777340697,0.21607105908491314,0.6294735309505411,Fake-D,,,,,,,,,,,,
fake_d,fake_d,27,model_2_bge_large_en_v1_5,early_concat,L3,,,,,,,Fake-D,0.6798214705191449,0.7434813248766737,0.06365985435752886,0.4731432777340697,0.5336513244800987,0.06050804674602894,0.21607105908491314,0.19482652325402006,0.021244535830893085,0.6294735309505411,0.57843457630531,0.051038954645231116
fake_d,fake_d,28,model_2_bge_large_en_v1_5,early_concat,L3,augmented,142.0,0.7004933051444681,0.5139509279650134,0.20688841297174004,0.6327834666175239,Fake-D,,,,,,,,,,,,
fake_d,fake_d,28,model_2_bge_large_en_v1_5,early_concat,L3,base,142.0,0.6354240075170307,0.4258859380961393,0.22853321151411496,0.6754665920309255,Fake-D,,,,,,,,,,,,
fake_d,fake_d,28,model_2_bge_large_en_v1_5,early_concat,L3,,,,,,,Fake-D,0.6354240075170307,0.7004933051444681,0.0650692976274374,0.4258859380961393,0.5139509279650134,0.08806498986887412,0.22853321151411496,0.20688841297174004,0.021644798542374916,0.6754665920309255,0.6327834666175239,0.04268312541340158
fake_d,fake_d,29,model_2_bge_large_en_v1_5,early_concat,L3,augmented,142.0,0.7014329339910734,0.5321510914961791,0.19995229384124225,0.5947613527700919,Fake-D,,,,,,,,,,,,
fake_d,fake_d,29,model_2_bge_large_en_v1_5,early_concat,L3,base,142.0,0.6166314305849189,0.44769360590886975,0.22633458845348467,0.6472827870673705,Fake-D,,,,,,,,,,,,
fake_d,fake_d,29,model_2_bge_large_en_v1_5,early_concat,L3,,,,,,,Fake-D,0.6166314305849189,0.7014329339910734,0.08480150340615455,0.44769360590886975,0.5321510914961791,0.08445748558730937,0.22633458845348467,0.19995229384124225,0.026382294612242424,0.6472827870673705,0.5947613527700919,0.052521434297278624
fake_d,fake_d,30,model_2_bge_large_en_v1_5,early_concat,L3,augmented,142.0,0.702842377260982,0.5264422923945258,0.20583402414752208,0.5980037852600713,Fake-D,,,,,,,,,,,,
fake_d,fake_d,30,model_2_bge_large_en_v1_5,early_concat,L3,base,142.0,0.6168663377965704,0.4200178131898542,0.23163252523652905,0.6538007326253645,Fake-D,,,,,,,,,,,,
fake_d,fake_d,30,model_2_bge_large_en_v1_5,early_concat,L3,,,,,,,Fake-D,0.6168663377965704,0.702842377260982,0.08597603946441157,0.4200178131898542,0.5264422923945258,0.10642447920467157,0.23163252523652905,0.20583402414752208,0.02579850108900697,0.6538007326253645,0.5980037852600713,0.05579694736529328
fake_d,fake_d,31,model_2_bge_large_en_v1_5,early_concat,L3,augmented,142.0,0.6664317594550152,0.47700891407568424,0.21538269206366106,0.6339557098890306,Fake-D,,,,,,,,,,,,
fake_d,fake_d,31,model_2_bge_large_en_v1_5,early_concat,L3,base,142.0,0.6267324406859291,0.4055755065931437,0.2311058618777723,0.6712761380955712,Fake-D,,,,,,,,,,,,
fake_d,fake_d,31,model_2_bge_large_en_v1_5,early_concat,L3,,,,,,,Fake-D,0.6267324406859291,0.6664317594550152,0.039699318769086056,0.4055755065931437,0.47700891407568424,0.07143340748254057,0.2311058618777723,0.21538269206366106,0.015723169814111232,0.6712761380955712,0.6339557098890306,0.03732042820654058
fake_d,fake_d,32,model_2_bge_large_en_v1_5,early_concat,L3,augmented,142.0,0.7864693446088795,0.6382245851301263,0.17360806464909143,0.5327251629830927,Fake-D,,,,,,,,,,,,
fake_d,fake_d,32,model_2_bge_large_en_v1_5,early_concat,L3,base,142.0,0.7420718816067653,0.5546851493330578,0.19463015946119874,0.5803184472691132,Fake-D,,,,,,,,,,,,
fake_d,fake_d,32,model_2_bge_large_en_v1_5,early_concat,L3,,,,,,,Fake-D,0.7420718816067653,0.7864693446088795,0.044397463002114224,0.5546851493330578,0.6382245851301263,0.08353943579706846,0.19463015946119874,0.17360806464909143,0.021022094812107317,0.5803184472691132,0.5327251629830927,0.0475932842860205
fake_d,fake_d,33,model_2_bge_large_en_v1_5,early_concat,L3,augmented,142.0,0.6906272022551093,0.5633050755331943,0.21187511282952207,0.6596828034910511,Fake-D,,,,,,,,,,,,
fake_d,fake_d,33,model_2_bge_large_en_v1_5,early_concat,L3,base,142.0,0.6558609349307023,0.5029345224695286,0.22851888393693232,0.6982966784060134,Fake-D,,,,,,,,,,,,
fake_d,fake_d,33,model_2_bge_large_en_v1_5,early_concat,L3,,,,,,,Fake-D,0.6558609349307023,0.6906272022551093,0.03476626732440702,0.5029345224695286,0.5633050755331943,0.06037055306366568,0.22851888393693232,0.21187511282952207,0.01664377110741025,0.6982966784060134,0.6596828034910511,0.038613874914962265
fake_d,fake_d,34,model_2_bge_large_en_v1_5,early_concat,L3,augmented,142.0,0.7260981912144703,0.546298519086808,0.1971045923008721,0.6067265624529264,Fake-D,,,,,,,,,,,,
fake_d,fake_d,34,model_2_bge_large_en_v1_5,early_concat,L3,base,142.0,0.6584449142588678,0.46671638983525743,0.21951157051122472,0.6655229658798808,Fake-D,,,,,,,,,,,,
fake_d,fake_d,34,model_2_bge_large_en_v1_5,early_concat,L3,,,,,,,Fake-D,0.6584449142588678,0.7260981912144703,0.06765327695560253,0.46671638983525743,0.546298519086808,0.07958212925155062,0.21951157051122472,0.1971045923008721,0.02240697821035262,0.6655229658798808,0.6067265624529264,0.05879640342695436
fake_d,fake_d,35,model_2_bge_large_en_v1_5,early_concat,L3,augmented,142.0,0.6894526661968522,0.5367286797977472,0.2064916601404259,0.6103302452904872,Fake-D,,,,,,,,,,,,
fake_d,fake_d,35,model_2_bge_large_en_v1_5,early_concat,L3,base,142.0,0.6272022551092319,0.43632177122592186,0.22911180614510865,0.6612457211491142,Fake-D,,,,,,,,,,,,
fake_d,fake_d,35,model_2_bge_large_en_v1_5,early_concat,L3,,,,,,,Fake-D,0.6272022551092319,0.6894526661968522,0.062250411087620305,0.43632177122592186,0.5367286797977472,0.10040690857182533,0.22911180614510865,0.2064916601404259,0.022620146004682762,0.6612457211491142,0.6103302452904872,0.05091547585862699
fake_d,fake_d,36,model_2_bge_large_en_v1_5,early_concat,L3,augmented,142.0,0.6636128729151985,0.5373732674454222,0.21546782638625878,0.636504204488247,Fake-D,,,,,,,,,,,,
fake_d,fake_d,36,model_2_bge_large_en_v1_5,early_concat,L3,base,142.0,0.6335447498238197,0.47174880446764367,0.22905232249935065,0.6705783843678418,Fake-D,,,,,,,,,,,,
fake_d,fake_d,36,model_2_bge_large_en_v1_5,early_concat,L3,,,,,,,Fake-D,0.6335447498238197,0.6636128729151985,0.03006812309137885,0.47174880446764367,0.5373732674454222,0.06562446297777857,0.22905232249935065,0.21546782638625878,0.01358449611309187,0.6705783843678418,0.636504204488247,0.034074179879594824
fake_d,fake_d,37,model_2_bge_large_en_v1_5,early_concat,L3,augmented,142.0,0.7707305614282358,0.6127250854563341,0.18845139636040006,0.5648140479939369,Fake-D,,,,,,,,,,,,
fake_d,fake_d,37,model_2_bge_large_en_v1_5,early_concat,L3,base,142.0,0.7218698614047451,0.5199452422073093,0.21115383744328622,0.6305324314371369,Fake-D,,,,,,,,,,,,
fake_d,fake_d,37,model_2_bge_large_en_v1_5,early_concat,L3,,,,,,,Fake-D,0.7218698614047451,0.7707305614282358,0.048860700023490744,0.5199452422073093,0.6127250854563341,0.09277984324902477,0.21115383744328622,0.18845139636040006,0.02270244108288616,0.6305324314371369,0.5648140479939369,0.06571838344320002
fake_d,fake_d,38,model_2_bge_large_en_v1_5,early_concat,L3,augmented,142.0,0.703547098895936,0.5232477208668819,0.2049109457719576,0.602899521740729,Fake-D,,,,,,,,,,,,
fake_d,fake_d,38,model_2_bge_large_en_v1_5,early_concat,L3,base,142.0,0.6375381724218933,0.40004746840654876,0.232074106486253,0.6681078454532843,Fake-D,,,,,,,,,,,,
fake_d,fake_d,38,model_2_bge_large_en_v1_5,early_concat,L3,,,,,,,Fake-D,0.6375381724218933,0.703547098895936,0.06600892647404277,0.40004746840654876,0.5232477208668819,0.12320025246033312,0.232074106486253,0.2049109457719576,0.02716316071429542,0.6681078454532843,0.602899521740729,0.06520832371255525
fake_d,fake_d,39,model_2_bge_large_en_v1_5,early_concat,L3,augmented,142.0,0.7260981912144703,0.5709093053533305,0.19208438917151843,0.5754815920634632,Fake-D,,,,,,,,,,,,
fake_d,fake_d,39,model_2_bge_large_en_v1_5,early_concat,L3,base,142.0,0.6687808315715292,0.4770466577072502,0.21434101524672355,0.6285005519651741,Fake-D,,,,,,,,,,,,
fake_d,fake_d,39,model_2_bge_large_en_v1_5,early_concat,L3,,,,,,,Fake-D,0.6687808315715292,0.7260981912144703,0.057317359642941046,0.4770466577072502,0.5709093053533305,0.09386264764608032,0.21434101524672355,0.19208438917151843,0.02225662607520512,0.6285005519651741,0.5754815920634632,0.053018959901710905
fake_d,fake_d,40,model_2_bge_large_en_v1_5,early_concat,L3,augmented,142.0,0.7204604181348367,0.5567504600971044,0.2004798589537561,0.5898947428549421,Fake-D,,,,,,,,,,,,
fake_d,fake_d,40,model_2_bge_large_en_v1_5,early_concat,L3,base,142.0,0.636128729151985,0.428529603723523,0.22993322947215494,0.649143938865677,Fake-D,,,,,,,,,,,,
fake_d,fake_d,40,model_2_bge_large_en_v1_5,early_concat,L3,,,,,,,Fake-D,0.636128729151985,0.7204604181348367,0.0843316889828517,0.428529603723523,0.5567504600971044,0.12822085637358138,0.22993322947215494,0.2004798589537561,0.02945337051839883,0.649143938865677,0.5898947428549421,0.05924919601073486
fake_d,fake_d,41,model_2_bge_large_en_v1_5,early_concat,L3,augmented,142.0,0.7434813248766737,0.6427463186143578,0.1839609685071919,0.6381603476547797,Fake-D,,,,,,,,,,,,
fake_d,fake_d,41,model_2_bge_large_en_v1_5,early_concat,L3,base,142.0,0.7026074700493306,0.6002479413144205,0.20387971454279608,0.6852074952051834,Fake-D,,,,,,,,,,,,
fake_d,fake_d,41,model_2_bge_large_en_v1_5,early_concat,L3,,,,,,,Fake-D,0.7026074700493306,0.7434813248766737,0.04087385482734318,0.6002479413144205,0.6427463186143578,0.04249837729993733,0.20387971454279608,0.1839609685071919,0.019918746035604173,0.6852074952051834,0.6381603476547797,0.047047147550403734
fake_d,fake_d,42,model_2_bge_large_en_v1_5,early_concat,L3,augmented,142.0,0.7423067888184167,0.606007147960601,0.1841755822764044,0.5664358612520957,Fake-D,,,,,,,,,,,,
fake_d,fake_d,42,model_2_bge_large_en_v1_5,early_concat,L3,base,142.0,0.6960300681230912,0.49784875100214343,0.20480795831309007,0.606639909818397,Fake-D,,,,,,,,,,,,
fake_d,fake_d,42,model_2_bge_large_en_v1_5,early_concat,L3,,,,,,,Fake-D,0.6960300681230912,0.7423067888184167,0.04627672069532551,0.49784875100214343,0.606007147960601,0.10815839695845753,0.20480795831309007,0.1841755822764044,0.020632376036685662,0.606639909818397,0.5664358612520957,0.04020404856630133
fake_d,fake_d,43,model_2_bge_large_en_v1_5,early_concat,L3,augmented,142.0,0.6878083157152924,0.555707538071963,0.206967026747252,0.6235555275235513,Fake-D,,,,,,,,,,,,
fake_d,fake_d,43,model_2_bge_large_en_v1_5,early_concat,L3,base,142.0,0.6210946676062955,0.4679856117903227,0.2301863516087698,0.672591495940006,Fake-D,,,,,,,,,,,,
fake_d,fake_d,43,model_2_bge_large_en_v1_5,early_concat,L3,,,,,,,Fake-D,0.6210946676062955,0.6878083157152924,0.06671364810899694,0.4679856117903227,0.555707538071963,0.08772192628164033,0.2301863516087698,0.206967026747252,0.023219324861517787,0.672591495940006,0.6235555275235513,0.049035968416454745
fake_d,fake_d,44,model_2_bge_large_en_v1_5,early_concat,L3,augmented,142.0,0.7935165609584214,0.6167062375477494,0.16991169458211747,0.5287984730009876,Fake-D,,,,,,,,,,,,
fake_d,fake_d,44,model_2_bge_large_en_v1_5,early_concat,L3,base,142.0,0.7310312426591496,0.5455347463990763,0.19463567248891553,0.587173667178984,Fake-D,,,,,,,,,,,,
fake_d,fake_d,44,model_2_bge_large_en_v1_5,early_concat,L3,,,,,,,Fake-D,0.7310312426591496,0.7935165609584214,0.06248531829927173,0.5455347463990763,0.6167062375477494,0.07117149114867316,0.19463567248891553,0.16991169458211747,0.02472397790679806,0.587173667178984,0.5287984730009876,0.058375194177996415
fake_d,fake_d,45,model_2_bge_large_en_v1_5,early_concat,L3,augmented,142.0,0.6831101714822646,0.5016205223530439,0.21265781695231173,0.638359542889185,Fake-D,,,,,,,,,,,,
fake_d,fake_d,45,model_2_bge_large_en_v1_5,early_concat,L3,base,142.0,0.6175710594315246,0.4114222760178803,0.2348467041783659,0.6942169287443599,Fake-D,,,,,,,,,,,,
fake_d,fake_d,45,model_2_bge_large_en_v1_5,early_concat,L3,,,,,,,Fake-D,0.6175710594315246,0.6831101714822646,0.06553911205074003,0.4114222760178803,0.5016205223530439,0.0901982463351636,0.2348467041783659,0.21265781695231173,0.022188887226054166,0.6942169287443599,0.638359542889185,0.05585738585517497
fake_d,fake_d,46,model_2_bge_large_en_v1_5,early_concat,L3,augmented,142.0,0.7430115104533709,0.5693912916257293,0.19307698242889132,0.580023179724124,Fake-D,,,,,,,,,,,,
fake_d,fake_d,46,model_2_bge_large_en_v1_5,early_concat,L3,base,142.0,0.6859290580220813,0.4854678919970987,0.2133789803484841,0.627383674244736,Fake-D,,,,,,,,,,,,
fake_d,fake_d,46,model_2_bge_large_en_v1_5,early_concat,L3,,,,,,,Fake-D,0.6859290580220813,0.7430115104533709,0.05708245243128962,0.4854678919970987,0.5693912916257293,0.0839233996286306,0.2133789803484841,0.19307698242889132,0.02030199791959278,0.627383674244736,0.580023179724124,0.04736049452061197
fake_d,fake_d,47,model_2_bge_large_en_v1_5,early_concat,L3,augmented,142.0,0.7392529950669485,0.5751581797610429,0.19597880471727835,0.5741617259388373,Fake-D,,,,,,,,,,,,
fake_d,fake_d,47,model_2_bge_large_en_v1_5,early_concat,L3,base,142.0,0.7087150575522669,0.5059805983380018,0.2088004449684586,0.6010480761062864,Fake-D,,,,,,,,,,,,
fake_d,fake_d,47,model_2_bge_large_en_v1_5,early_concat,L3,,,,,,,Fake-D,0.7087150575522669,0.7392529950669485,0.03053793751468159,0.5059805983380018,0.5751581797610429,0.06917758142304109,0.2088004449684586,0.19597880471727835,0.012821640251180239,0.6010480761062864,0.5741617259388373,0.026886350167449113
fake_d,fake_d,48,model_2_bge_large_en_v1_5,early_concat,L3,augmented,142.0,0.7089499647639183,0.5525031649889871,0.19965417750074171,0.5896739389512915,Fake-D,,,,,,,,,,,,
fake_d,fake_d,48,model_2_bge_large_en_v1_5,early_concat,L3,base,142.0,0.6354240075170308,0.47724228498479504,0.22105577731262374,0.6331040521571689,Fake-D,,,,,,,,,,,,
fake_d,fake_d,48,model_2_bge_large_en_v1_5,early_concat,L3,,,,,,,Fake-D,0.6354240075170308,0.7089499647639183,0.07352595724688749,0.47724228498479504,0.5525031649889871,0.07526088000419207,0.22105577731262374,0.19965417750074171,0.021401599811882027,0.6331040521571689,0.5896739389512915,0.04343011320587742
fake_d,fake_d,49,model_2_bge_large_en_v1_5,early_concat,L3,augmented,142.0,0.7470049330514448,0.5438395886003708,0.19587897495312973,0.584905982078624,Fake-D,,,,,,,,,,,,
fake_d,fake_d,49,model_2_bge_large_en_v1_5,early_concat,L3,base,142.0,0.7103594080338266,0.48275393134572214,0.2102308256725056,0.6133063209511281,Fake-D,,,,,,,,,,,,
fake_d,fake_d,49,model_2_bge_large_en_v1_5,early_concat,L3,,,,,,,Fake-D,0.7103594080338266,0.7470049330514448,0.0366455250176182,0.48275393134572214,0.5438395886003708,0.061085657254648706,0.2102308256725056,0.19587897495312973,0.014351850719375864,0.6133063209511281,0.584905982078624,0.02840033887250415
fake_d,fake_d,50,model_2_bge_large_en_v1_5,early_concat,L3,augmented,142.0,0.7512332628611699,0.6527711837382917,0.1842920397864849,0.5517205423523182,Fake-D,,,,,,,,,,,,
fake_d,fake_d,50,model_2_bge_large_en_v1_5,early_concat,L3,base,142.0,0.677472398402631,0.4759358570246847,0.21488483363508754,0.6218584185703188,Fake-D,,,,,,,,,,,,
fake_d,fake_d,50,model_2_bge_large_en_v1_5,early_concat,L3,,,,,,,Fake-D,0.677472398402631,0.7512332628611699,0.07376086445853891,0.4759358570246847,0.6527711837382917,0.17683532671360697,0.21488483363508754,0.1842920397864849,0.03059279384860264,0.6218584185703188,0.5517205423523182,0.0701378762180006
fake_d,real,0,model_2_bge_large_en_v1_5,early_concat,L3,augmented,142.0,0.7634484378670425,0.6591800245716941,0.1906475093596686,0.5622273744834214,D-P,,,,,,,,,,,,
fake_d,real,0,model_2_bge_large_en_v1_5,early_concat,L3,base,142.0,0.8047921071176884,0.681333146008639,0.2012000060407114,0.5901971786790553,D-P,,,,,,,,,,,,
fake_d,real,0,model_2_bge_large_en_v1_5,early_concat,L3,,,,,,,D-P,0.8047921071176884,0.7634484378670425,-0.04134366925064592,0.681333146008639,0.6591800245716941,-0.022153121436944923,0.2012000060407114,0.1906475093596686,0.0105524966810428,0.5901971786790553,0.5622273744834214,0.027969804195633885
fake_d,fake_d,1,model_2_bge_large_en_v1_5,late_fusion,L3,augmented,142.0,0.7239840263096077,0.5637882785687651,0.22006867458796528,0.6429972593055819,Fake-D,,,,,,,,,,,,
fake_d,fake_d,1,model_2_bge_large_en_v1_5,late_fusion,L3,base,142.0,0.6779422128259337,0.49536624487164316,0.24805561163396572,1.0206394079683918,Fake-D,,,,,,,,,,,,
fake_d,fake_d,1,model_2_bge_large_en_v1_5,late_fusion,L3,,,,,,,Fake-D,0.6779422128259337,0.7239840263096077,0.04604181348367398,0.49536624487164316,0.5637882785687651,0.06842203369712196,0.24805561163396572,0.22006867458796528,0.027986937046000443,1.0206394083812773,0.6429972593055819,0.3776421490756954
fake_d,fake_d,2,model_2_bge_large_en_v1_5,late_fusion,L3,augmented,142.0,0.7058961710124502,0.5329295691115101,0.230658650130707,0.6629183445115362,Fake-D,,,,,,,,,,,,
fake_d,fake_d,2,model_2_bge_large_en_v1_5,late_fusion,L3,base,142.0,0.6119332863518909,0.4530996058224246,0.27217735159419604,1.289863024896998,Fake-D,,,,,,,,,,,,
fake_d,fake_d,2,model_2_bge_large_en_v1_5,late_fusion,L3,,,,,,,Fake-D,0.6115809255344138,0.7058961710124502,0.09431524547803638,0.4356577453573084,0.5329295691115101,0.09727182375420174,0.2721773514539099,0.230658650130707,0.04151870132320293,1.2509230975573582,0.6629183445115362,0.588004753045822
fake_d,fake_d,3,model_2_bge_large_en_v1_5,late_fusion,L3,augmented,142.0,0.72774254169603,0.550703002385456,0.22907667235408524,0.6604916091735253,Fake-D,,,,,,,,,,,,
fake_d,fake_d,3,model_2_bge_large_en_v1_5,late_fusion,L3,base,142.0,0.6577401926239136,0.4792364719777289,0.2531510994542492,1.0041959470381445,Fake-D,,,,,,,,,,,,
fake_d,fake_d,3,model_2_bge_large_en_v1_5,late_fusion,L3,,,,,,,Fake-D,0.6577401926239136,0.72774254169603,0.07000234907211644,0.47923647197772895,0.550703002385456,0.07146653040772705,0.2531510994542492,0.22907667235408524,0.024074427100163942,1.0041959473809485,0.6604916091735253,0.3437043382074232
fake_d,fake_d,4,model_2_bge_large_en_v1_5,late_fusion,L3,augmented,142.0,0.6903922950434578,0.5239618662893161,0.23452672526692564,0.6940029561677047,Fake-D,,,,,,,,,,,,
fake_d,fake_d,4,model_2_bge_large_en_v1_5,late_fusion,L3,base,142.0,0.6041813483673949,0.4570785723063042,0.26017737431803895,0.7524831634868338,Fake-D,,,,,,,,,,,,
fake_d,fake_d,4,model_2_bge_large_en_v1_5,late_fusion,L3,,,,,,,Fake-D,0.6041813483673949,0.6903922950434578,0.08621094667606288,0.4570785723063042,0.5239618662893161,0.06688329398301185,0.26017737431803895,0.23452672526692564,0.025650649051113306,0.7524831634868338,0.6940029561677047,0.05848020731912906
fake_d,fake_d,5,model_2_bge_large_en_v1_5,late_fusion,L3,augmented,142.0,0.7357293868921776,0.5390889276235202,0.23063036705004092,1.1829445990536005,Fake-D,,,,,,,,,,,,
fake_d,fake_d,5,model_2_bge_large_en_v1_5,late_fusion,L3,base,142.0,0.6647874089734555,0.48143597289393414,0.2594497769627358,1.2640181009162121,Fake-D,,,,,,,,,,,,
fake_d,fake_d,5,model_2_bge_large_en_v1_5,late_fusion,L3,,,,,,,Fake-D,0.6646699553676297,0.7356119332863519,0.07094197791872214,0.46980806591718993,0.527461020646776,0.05765295472958609,0.25944977682208176,0.23063036690920757,0.028819409912874183,1.2175201754876344,1.1167915840726388,0.10072859141499557
fake_d,fake_d,6,model_2_bge_large_en_v1_5,late_fusion,L3,augmented,142.0,0.7070707070707072,0.5267616075790625,0.2326983009142417,0.671563398637244,Fake-D,,,,,,,,,,,,
fake_d,fake_d,6,model_2_bge_large_en_v1_5,late_fusion,L3,base,142.0,0.6412966878083157,0.4749518255087589,0.24710669896629142,0.7038173121664231,Fake-D,,,,,,,,,,,,
fake_d,fake_d,6,model_2_bge_large_en_v1_5,late_fusion,L3,,,,,,,Fake-D,0.6412966878083157,0.7070707070707072,0.06577401926239146,0.4749518255087589,0.5267616075790625,0.05180978207030362,0.24710669896629142,0.2326983009142417,0.014408398052049715,0.7038173121664231,0.671563398637244,0.03225391352917906
fake_d,fake_d,7,model_2_bge_large_en_v1_5,late_fusion,L3,augmented,142.0,0.6988489546629082,0.5144213004343483,0.24805974189362776,1.2301393529979625,Fake-D,,,,,,,,,,,,
fake_d,fake_d,7,model_2_bge_large_en_v1_5,late_fusion,L3,base,142.0,0.6027719050974865,0.42713473127173485,0.2680906319696429,1.4358613158813687,Fake-D,,,,,,,,,,,,
fake_d,fake_d,7,model_2_bge_large_en_v1_5,late_fusion,L3,,,,,,,Fake-D,0.6026544514916607,0.6987315010570825,0.09607704956542173,0.41550682429499064,0.5027933934576041,0.08728656916261346,0.2680906318288011,0.24805974175282697,0.02003089007597414,1.3607924245829834,1.1733460082738656,0.18744641630911785
fake_d,fake_d,8,model_2_bge_large_en_v1_5,late_fusion,L3,augmented,142.0,0.7066008926474042,0.544943971365171,0.2296834100006499,0.6635982597898425,Fake-D,,,,,,,,,,,,
fake_d,fake_d,8,model_2_bge_large_en_v1_5,late_fusion,L3,base,142.0,0.6264975334742776,0.4780422726121225,0.2526075704905023,0.7140114878738419,Fake-D,,,,,,,,,,,,
fake_d,fake_d,8,model_2_bge_large_en_v1_5,late_fusion,L3,,,,,,,Fake-D,0.6264975334742776,0.7066008926474042,0.08010335917312661,0.4780422726121225,0.544943971365171,0.06690169875304852,0.2526075704905023,0.2296834100006499,0.022924160489852408,0.7140114878738419,0.6635982597898425,0.050413228083999395
fake_d,fake_d,9,model_2_bge_large_en_v1_5,late_fusion,L3,augmented,142.0,0.677472398402631,0.5091003441747598,0.23076115790168908,0.6615997941008124,Fake-D,,,,,,,,,,,,
fake_d,fake_d,9,model_2_bge_large_en_v1_5,late_fusion,L3,base,142.0,0.5806906272022551,0.4333674803131893,0.25768103907571444,0.7221751220747672,Fake-D,,,,,,,,,,,,
fake_d,fake_d,9,model_2_bge_large_en_v1_5,late_fusion,L3,,,,,,,Fake-D,0.5806906272022551,0.677472398402631,0.0967817712003759,0.4333674803131893,0.5091003441747598,0.07573286386157052,0.25768103907571444,0.23076115790168908,0.026919881174025356,0.7221751220747672,0.6615997941008124,0.06057532797395482
fake_d,fake_d,10,model_2_bge_large_en_v1_5,late_fusion,L3,augmented,142.0,0.7002583979328165,0.5326600061662012,0.2436780250802164,0.9168840023809589,Fake-D,,,,,,,,,,,,
fake_d,fake_d,10,model_2_bge_large_en_v1_5,late_fusion,L3,base,142.0,0.6368334507869392,0.4821647335952421,0.2594683694571464,1.4433152606274189,Fake-D,,,,,,,,,,,,
fake_d,fake_d,10,model_2_bge_large_en_v1_5,late_fusion,L3,,,,,,,Fake-D,0.636128729151985,0.7002583979328165,0.06412966878083148,0.45425775685105607,0.5326600061662012,0.07840224931514517,0.2594683692046436,0.2436780250802164,0.015790344124427202,1.3530319331174372,0.9168840026016417,0.4361479305157955
fake_d,fake_d,11,model_2_bge_large_en_v1_5,late_fusion,L3,augmented,142.0,0.7056612638007985,0.5593644890572774,0.22070806002096952,0.6410716744442877,Fake-D,,,,,,,,,,,,
fake_d,fake_d,11,model_2_bge_large_en_v1_5,late_fusion,L3,base,142.0,0.6422363166549212,0.4697247942559041,0.264568133734532,1.3545737033134588,Fake-D,,,,,,,,,,,,
fake_d,fake_d,11,model_2_bge_large_en_v1_5,late_fusion,L3,,,,,,,Fake-D,0.6421188630490956,0.7056612638007985,0.06354240075170292,0.45809688727915987,0.5593644890572774,0.10126760177811756,0.2645681335937042,0.22070806002096952,0.043860073572734665,1.2911439808657241,0.6410716744442877,0.6500723064214364
fake_d,fake_d,12,model_2_bge_large_en_v1_5,late_fusion,L3,augmented,142.0,0.7108292224571294,0.5287860355788764,0.24492880702723685,0.8815099253422978,Fake-D,,,,,,,,,,,,
fake_d,fake_d,12,model_2_bge_large_en_v1_5,late_fusion,L3,base,142.0,0.6459948320413437,0.47715823491020903,0.2557666293295273,0.9693627336738619,Fake-D,,,,,,,,,,,,
fake_d,fake_d,12,model_2_bge_large_en_v1_5,late_fusion,L3,,,,,,,Fake-D,0.6459948320413437,0.7108292224571294,0.06483439041578576,0.4771582349102091,0.5287860355788764,0.05162780066866729,0.2557666293295273,0.24492880702723685,0.010837822302290467,0.9693627338924773,0.8815099254603457,0.08785280843213161
fake_d,fake_d,13,model_2_bge_large_en_v1_5,late_fusion,L3,augmented,142.0,0.6793516560958422,0.5026218138498162,0.23238154033055475,0.6695288660257961,Fake-D,,,,,,,,,,,,
fake_d,fake_d,13,model_2_bge_large_en_v1_5,late_fusion,L3,base,142.0,0.6030068123091379,0.47459147471360075,0.2537354100222082,0.7199689925534342,Fake-D,,,,,,,,,,,,
fake_d,fake_d,13,model_2_bge_large_en_v1_5,late_fusion,L3,,,,,,,Fake-D,0.6030068123091379,0.6793516560958422,0.07634484378670436,0.47459147471360075,0.5026218138498162,0.028030339136215443,0.2537354100222082,0.23238154033055475,0.021353869691653427,0.7199689925534342,0.6695288660257961,0.050440126527638074
fake_d,fake_d,14,model_2_bge_large_en_v1_5,late_fusion,L3,augmented,142.0,0.7190509748649284,0.5488702322657697,0.2286569602710045,0.6604213910949794,Fake-D,,,,,,,,,,,,
fake_d,fake_d,14,model_2_bge_large_en_v1_5,late_fusion,L3,base,142.0,0.6128729151984965,0.4488268753549741,0.26320510095207916,1.2930626683214115,Fake-D,,,,,,,,,,,,
fake_d,fake_d,14,model_2_bge_large_en_v1_5,late_fusion,L3,,,,,,,Fake-D,0.6127554615926708,0.7190509748649284,0.10629551327225761,0.43719896837823,0.5488702322657697,0.11167126388753967,0.2632051008113943,0.2286569602710045,0.03454814054038982,1.2453253669415842,0.6604213910949794,0.5849039758466048
fake_d,fake_d,15,model_2_bge_large_en_v1_5,late_fusion,L3,augmented,142.0,0.7218698614047451,0.5294313296913757,0.23291240963940976,0.6679638593524556,Fake-D,,,,,,,,,,,,
fake_d,fake_d,15,model_2_bge_large_en_v1_5,late_fusion,L3,base,142.0,0.6060606060606061,0.432658590384844,0.26482206688485016,1.002626700532548,Fake-D,,,,,,,,,,,,
fake_d,fake_d,15,model_2_bge_large_en_v1_5,late_fusion,L3,,,,,,,Fake-D,0.6060606060606061,0.7218698614047451,0.115809255344139,0.432658590384844,0.5294313296913757,0.09677273930653174,0.26482206688485016,0.23291240963940976,0.0319096572454404,1.0026267007211214,0.6679638593524556,0.33466284136866575
fake_d,fake_d,16,model_2_bge_large_en_v1_5,late_fusion,L3,augmented,142.0,0.7145877378435518,0.532188968988344,0.2416739592407044,1.1977712748205234,Fake-D,,,,,,,,,,,,
fake_d,fake_d,16,model_2_bge_large_en_v1_5,late_fusion,L3,base,142.0,0.654451491660794,0.46084030810364335,0.26632837993413194,1.4267293750853094,Fake-D,,,,,,,,,,,,
fake_d,fake_d,16,model_2_bge_large_en_v1_5,late_fusion,L3,,,,,,,Fake-D,0.6543340380549683,0.7144702842377261,0.06013624618275781,0.4492124011268991,0.5205610620115998,0.07134866088470071,0.26632837979328755,0.2416739590999191,0.024654420693368456,1.3403463733354424,1.1430877688784682,0.19725860445697418
fake_d,fake_d,17,model_2_bge_large_en_v1_5,late_fusion,L3,augmented,142.0,0.7192858820765798,0.5231419287071246,0.24182663340549593,1.188344598697178,Fake-D,,,,,,,,,,,,
fake_d,fake_d,17,model_2_bge_large_en_v1_5,late_fusion,L3,base,142.0,0.6420014094432699,0.4651861029376604,0.25355641006710355,1.381481145310444,Fake-D,,,,,,,,,,,,
fake_d,fake_d,17,model_2_bge_large_en_v1_5,late_fusion,L3,,,,,,,Fake-D,0.6412966878083157,0.719168428470754,0.0778717406624383,0.43727912619347437,0.5115140217303804,0.07423489553690604,0.25355640991885375,0.2418266332653713,0.01172977665348246,1.3169125485736701,1.1511924858676792,0.16572006270599093
fake_d,fake_d,18,model_2_bge_large_en_v1_5,late_fusion,L3,augmented,142.0,0.6079398637538173,0.44249506276994205,0.2504571581263432,0.7067630956603417,Fake-D,,,,,,,,,,,,
fake_d,fake_d,18,model_2_bge_large_en_v1_5,late_fusion,L3,base,142.0,0.5738783180643645,0.42726549036133776,0.2894015659863352,1.3208501347169217,Fake-D,,,,,,,,,,,,
fake_d,fake_d,18,model_2_bge_large_en_v1_5,late_fusion,L3,,,,,,,Fake-D,0.5735259572468875,0.6079398637538173,0.03441390650692977,0.40982362989622156,0.44249506276994205,0.032671432873720485,0.28940156584600857,0.2504571581263432,0.03894440771966534,1.281381942529412,0.7067630956603417,0.5746188468690703
fake_d,fake_d,19,model_2_bge_large_en_v1_5,late_fusion,L3,augmented,142.0,0.7430115104533709,0.5503999065088907,0.24200751987823826,0.8874221687751849,Fake-D,,,,,,,,,,,,
fake_d,fake_d,19,model_2_bge_large_en_v1_5,late_fusion,L3,base,142.0,0.6774723984026308,0.4866945988363408,0.23972952217194032,0.6897493088955434,Fake-D,,,,,,,,,,,,
fake_d,fake_d,19,model_2_bge_large_en_v1_5,late_fusion,L3,,,,,,,Fake-D,0.6774723984026308,0.7430115104533709,0.06553911205074003,0.4866945988363408,0.5503999065088908,0.06370530767255,0.23972952217194032,0.24200751987823826,-0.0022779977062979406,0.6897493088955434,0.8874221689447488,-0.19767286004920537
fake_d,fake_d,20,model_2_bge_large_en_v1_5,late_fusion,L3,augmented,142.0,0.6718346253229975,0.4895603533532103,0.2511643272920805,0.9237820899345167,Fake-D,,,,,,,,,,,,
fake_d,fake_d,20,model_2_bge_large_en_v1_5,late_fusion,L3,base,142.0,0.5665961945031712,0.41123642921300774,0.2723542534747842,1.3304579698352426,Fake-D,,,,,,,,,,,,
fake_d,fake_d,20,model_2_bge_large_en_v1_5,late_fusion,L3,,,,,,,Fake-D,0.5662438336856942,0.6718346253229974,0.10559079163730323,0.3937945687478915,0.48956035335321035,0.09576578460531887,0.2723542533341371,0.2511643272920805,0.021189926042056606,1.2842092645926775,0.9237820901767593,0.3604271744159182
fake_d,fake_d,21,model_2_bge_large_en_v1_5,late_fusion,L3,augmented,142.0,0.734789758045572,0.5549411102384724,0.23332573211585644,0.8270938712786359,Fake-D,,,,,,,,,,,,
fake_d,fake_d,21,model_2_bge_large_en_v1_5,late_fusion,L3,base,142.0,0.6920366455250176,0.5150001699483364,0.250083922119822,0.9200031241102402,Fake-D,,,,,,,,,,,,
fake_d,fake_d,21,model_2_bge_large_en_v1_5,late_fusion,L3,,,,,,,Fake-D,0.6920366455250176,0.734789758045572,0.04275311252055436,0.5150001699483365,0.5549411102384723,0.03994094029013573,0.250083922119822,0.23332573211585644,0.016758190003965556,0.9200031243096036,0.8270938714017424,0.09290925290786123
fake_d,fake_d,22,model_2_bge_large_en_v1_5,late_fusion,L3,augmented,142.0,0.6943857176415317,0.5088609879618984,0.2509780798531184,1.3466695860241964,Fake-D,,,,,,,,,,,,
fake_d,fake_d,22,model_2_bge_large_en_v1_5,late_fusion,L3,base,142.0,0.6530420483908856,0.46407607668307826,0.2640694589051632,1.5934385622189635,Fake-D,,,,,,,,,,,,
fake_d,fake_d,22,model_2_bge_large_en_v1_5,late_fusion,L3,,,,,,,Fake-D,0.6525722339675828,0.6942682640357059,0.04169603006812306,0.4419830534272643,0.4972330809851542,0.05525002755788988,0.26406945863852205,0.2509780797122757,0.013091378926246344,1.463346807850064,1.26933303407132,0.19401377377874396
fake_d,fake_d,23,model_2_bge_large_en_v1_5,late_fusion,L3,augmented,142.0,0.6513976979093258,0.4739212879422115,0.26215716058378047,0.9353846497243186,Fake-D,,,,,,,,,,,,
fake_d,fake_d,23,model_2_bge_large_en_v1_5,late_fusion,L3,base,142.0,0.5879727507634483,0.4195061743360135,0.26519294083385553,0.7387952154372347,Fake-D,,,,,,,,,,,,
fake_d,fake_d,23,model_2_bge_large_en_v1_5,late_fusion,L3,,,,,,,Fake-D,0.5879727507634483,0.6513976979093258,0.06342494714587743,0.4195061743360135,0.4739212879422115,0.054415113606197996,0.26519294083385553,0.26215716058378047,0.0030357802500750597,0.7387952154372347,0.9353846499492497,-0.19658943451201505
fake_d,fake_d,24,model_2_bge_large_en_v1_5,late_fusion,L3,augmented,142.0,0.7239840263096078,0.5391395731276121,0.24931789541773372,1.18675762535927,Fake-D,,,,,,,,,,,,
fake_d,fake_d,24,model_2_bge_large_en_v1_5,late_fusion,L3,base,142.0,0.6382428940568475,0.4619623349917393,0.25657128264669227,1.3794764758217484,Fake-D,,,,,,,,,,,,
fake_d,fake_d,24,model_2_bge_large_en_v1_5,late_fusion,L3,,,,,,,Fake-D,0.6381254404510217,0.7238665727037821,0.08574113225276037,0.4503344280149951,0.5275116661508679,0.07717723813587274,0.2565712825058486,0.24931789527694453,0.007253387228904062,1.2982356461455893,1.1316024282745596,0.1666332178710297
fake_d,fake_d,25,model_2_bge_large_en_v1_5,late_fusion,L3,augmented,142.0,0.7239840263096078,0.5511400678447838,0.23048288850438095,0.6592425831659952,Fake-D,,,,,,,,,,,,
fake_d,fake_d,25,model_2_bge_large_en_v1_5,late_fusion,L3,base,142.0,0.6424712238665727,0.4892782186201573,0.24298093956124184,0.6842777907243608,Fake-D,,,,,,,,,,,,
fake_d,fake_d,25,model_2_bge_large_en_v1_5,late_fusion,L3,,,,,,,Fake-D,0.6424712238665727,0.7239840263096078,0.08151280244303505,0.4892782186201573,0.5511400678447838,0.06186184922462645,0.24298093956124184,0.23048288850438095,0.012498051056860887,0.6842777907243608,0.6592425831659952,0.025035207558365635
fake_d,fake_d,26,model_2_bge_large_en_v1_5,late_fusion,L3,augmented,142.0,0.716466995536763,0.5223236321069459,0.24782750908260684,1.1564206732991134,Fake-D,,,,,,,,,,,,
fake_d,fake_d,26,model_2_bge_large_en_v1_5,late_fusion,L3,base,142.0,0.663377965703547,0.4689519078390688,0.2650970892235611,1.3098419684229472,Fake-D,,,,,,,,,,,,
fake_d,fake_d,26,model_2_bge_large_en_v1_5,late_fusion,L3,,,,,,,Fake-D,0.66302560488607,0.7163495419309373,0.053323937044867264,0.4515100473739525,0.5106957251302018,0.05918567775624928,0.26509708908282986,0.2478275089421627,0.01726958014066715,1.2596961695183322,1.115142003383834,0.14455416613449823
fake_d,fake_d,27,model_2_bge_large_en_v1_5,late_fusion,L3,augmented,142.0,0.7413671599718111,0.5753318567575251,0.21918099683056944,0.6456075028269029,Fake-D,,,,,,,,,,,,
fake_d,fake_d,27,model_2_bge_large_en_v1_5,late_fusion,L3,base,142.0,0.6882781301385952,0.5037500930852619,0.2414216229844103,0.6911147130933379,Fake-D,,,,,,,,,,,,
fake_d,fake_d,27,model_2_bge_large_en_v1_5,late_fusion,L3,,,,,,,Fake-D,0.6882781301385952,0.7413671599718111,0.05308902983321595,0.5037500930852619,0.5753318567575251,0.07158176367226321,0.2414216229844103,0.21918099683056944,0.02224062615384087,0.6911147130933379,0.6456075028269029,0.045507210266435005
fake_d,fake_d,28,model_2_bge_large_en_v1_5,late_fusion,L3,augmented,142.0,0.6720695325346487,0.522936012027231,0.2345848079980456,0.678534509646596,Fake-D,,,,,,,,,,,,
fake_d,fake_d,28,model_2_bge_large_en_v1_5,late_fusion,L3,base,142.0,0.6227390180878553,0.47073595900093207,0.253656818433287,0.7314098164340023,Fake-D,,,,,,,,,,,,
fake_d,fake_d,28,model_2_bge_large_en_v1_5,late_fusion,L3,,,,,,,Fake-D,0.6227390180878553,0.6720695325346487,0.04933051444679348,0.47073595900093207,0.522936012027231,0.052200053026298876,0.253656818433287,0.2345848079980456,0.019072010435241427,0.7314098164340023,0.678534509646596,0.05287530678740626
fake_d,fake_d,29,model_2_bge_large_en_v1_5,late_fusion,L3,augmented,142.0,0.6849894291754757,0.5043606013162053,0.24420342896979252,0.9113904658702191,Fake-D,,,,,,,,,,,,
fake_d,fake_d,29,model_2_bge_large_en_v1_5,late_fusion,L3,base,142.0,0.6758280479210711,0.5070236691246431,0.25440515866241525,0.9809276987224762,Fake-D,,,,,,,,,,,,
fake_d,fake_d,29,model_2_bge_large_en_v1_5,late_fusion,L3,,,,,,,Fake-D,0.6758280479210711,0.6849894291754757,0.009161381254404577,0.5070236691246431,0.5043606013162053,-0.0026630678084378356,0.25440515866241525,0.24420342896979252,0.01020172969262273,0.9809276989599511,0.9113904660516481,0.06953723290830305
fake_d,fake_d,30,model_2_bge_large_en_v1_5,late_fusion,L3,augmented,142.0,0.6732440685929059,0.49720994508837885,0.25203091142372575,0.9226252544677502,Fake-D,,,,,,,,,,,,
fake_d,fake_d,30,model_2_bge_large_en_v1_5,late_fusion,L3,base,142.0,0.5790462767206954,0.42484882217896225,0.28775656610911354,1.0649890893566831,Fake-D,,,,,,,,,,,,
fake_d,fake_d,30,model_2_bge_large_en_v1_5,late_fusion,L3,,,,,,,Fake-D,0.5790462767206953,0.6732440685929059,0.09419779187221056,0.42484882217896225,0.49720994508837896,0.07236112290941671,0.28775656610911354,0.25203091142372575,0.0357256546853878,1.06498908960249,0.9226252546624898,0.14236383494000027
fake_d,fake_d,31,model_2_bge_large_en_v1_5,late_fusion,L3,augmented,142.0,0.6859290580220813,0.5057947405287043,0.24685820444898185,1.0980165085637819,Fake-D,,,,,,,,,,,,
fake_d,fake_d,31,model_2_bge_large_en_v1_5,late_fusion,L3,base,142.0,0.6020671834625323,0.42420915641069595,0.2658778343123286,0.9960531992037122,Fake-D,,,,,,,,,,,,
fake_d,fake_d,31,model_2_bge_large_en_v1_5,late_fusion,L3,,,,,,,Fake-D,0.6020671834625323,0.6858116044162557,0.08374442095372336,0.42420915641069595,0.49416683355196017,0.06995767714126422,0.2658778343123286,0.24685820430961758,0.019019630002711008,0.9960531994284776,1.0659386577835248,-0.06988545835504723
fake_d,fake_d,32,model_2_bge_large_en_v1_5,late_fusion,L3,augmented,142.0,0.7780126849894291,0.6267257754388477,0.2032850967073615,0.6449288792255565,Fake-D,,,,,,,,,,,,
fake_d,fake_d,32,model_2_bge_large_en_v1_5,late_fusion,L3,base,142.0,0.7096546863988724,0.5174556097933319,0.2352154980247606,0.6737966505046323,Fake-D,,,,,,,,,,,,
fake_d,fake_d,32,model_2_bge_large_en_v1_5,late_fusion,L3,,,,,,,Fake-D,0.7096546863988724,0.7780126849894291,0.06835799859055669,0.5174556097933319,0.6267257754388477,0.10927016564551573,0.2352154980247606,0.2032850967073615,0.031930401317399104,0.6737966505046323,0.6449288792255565,0.028867771279075805
fake_d,fake_d,33,model_2_bge_large_en_v1_5,late_fusion,L3,augmented,142.0,0.6661968522433638,0.525588784403856,0.24076449803627467,0.7423613451371346,Fake-D,,,,,,,,,,,,
fake_d,fake_d,33,model_2_bge_large_en_v1_5,late_fusion,L3,base,142.0,0.6274371623208832,0.45815128351342255,0.2544183044230179,0.7681664510135302,Fake-D,,,,,,,,,,,,
fake_d,fake_d,33,model_2_bge_large_en_v1_5,late_fusion,L3,,,,,,,Fake-D,0.6274371623208832,0.6661968522433638,0.03875968992248058,0.45815128351342255,0.525588784403856,0.06743750089043349,0.2544183044230179,0.24076449803627467,0.013653806386743211,0.7681664510135302,0.7423613451371346,0.025805105876395618
fake_d,fake_d,34,model_2_bge_large_en_v1_5,late_fusion,L3,augmented,142.0,0.6842847075405215,0.5017499985545035,0.24273192045661118,0.9175619374490809,Fake-D,,,,,,,,,,,,
fake_d,fake_d,34,model_2_bge_large_en_v1_5,late_fusion,L3,base,142.0,0.5959595959595959,0.43573039031942085,0.2690314411815316,1.4145929952101914,Fake-D,,,,,,,,,,,,
fake_d,fake_d,34,model_2_bge_large_en_v1_5,late_fusion,L3,,,,,,,Fake-D,0.5956072351421189,0.6842847075405215,0.08867747239840262,0.4182885298543046,0.5017499985545035,0.08346146870019894,0.2690314410406948,0.24273192045661118,0.026299520584083635,1.3459621827882549,0.9175619377253386,0.4284002450629163
fake_d,fake_d,35,model_2_bge_large_en_v1_5,late_fusion,L3,augmented,142.0,0.6840498003288701,0.5121541380705698,0.2492899028577586,1.2613808752926878,Fake-D,,,,,,,,,,,,
fake_d,fake_d,35,model_2_bge_large_en_v1_5,late_fusion,L3,base,142.0,0.6048860700023492,0.43912660322485814,0.26729843301150746,1.401629080682319,Fake-D,,,,,,,,,,,,
fake_d,fake_d,35,model_2_bge_large_en_v1_5,late_fusion,L3,,,,,,,Fake-D,0.6041813483673949,0.6836974395113931,0.07951609114399816,0.4112196264806721,0.49471227760545355,0.08349265112478144,0.2672984328636159,0.24928990271697135,0.018008530146644525,1.3424773697805727,1.206467376376057,0.1360099934045158
fake_d,fake_d,36,model_2_bge_large_en_v1_5,late_fusion,L3,augmented,142.0,0.7195207892882312,0.5592102577651444,0.2282248568673697,0.6537811854410682,Fake-D,,,,,,,,,,,,
fake_d,fake_d,36,model_2_bge_large_en_v1_5,late_fusion,L3,base,142.0,0.668076109936575,0.5159111635891586,0.24070715166322282,0.6813293741713593,Fake-D,,,,,,,,,,,,
fake_d,fake_d,36,model_2_bge_large_en_v1_5,late_fusion,L3,,,,,,,Fake-D,0.668076109936575,0.7195207892882312,0.0514446793516562,0.5159111635891586,0.5592102577651444,0.043299094175985875,0.24070715166322282,0.2282248568673697,0.01248229479585311,0.6813293741713593,0.6537811854410682,0.02754818873029108
fake_d,fake_d,37,model_2_bge_large_en_v1_5,late_fusion,L3,augmented,142.0,0.7303265210241954,0.544787860279877,0.23177854116625451,1.1771495492981232,Fake-D,,,,,,,,,,,,
fake_d,fake_d,37,model_2_bge_large_en_v1_5,late_fusion,L3,base,142.0,0.7002583979328165,0.5080405563405255,0.24406370473631517,1.2623776271020957,Fake-D,,,,,,,,,,,,
fake_d,fake_d,37,model_2_bge_large_en_v1_5,late_fusion,L3,,,,,,,Fake-D,0.6999060371153394,0.7302090674183697,0.030303030303030276,0.4905986958754092,0.5331599533031328,0.0425612574277236,0.2440637045966575,0.23177854102584036,0.012285163570817131,1.2287447765732529,1.1363781088460028,0.0923666677272501
fake_d,fake_d,38,model_2_bge_large_en_v1_5,late_fusion,L3,augmented,142.0,0.7007282123561195,0.5109271138601899,0.24979120353397466,1.2203399078310804,Fake-D,,,,,,,,,,,,
fake_d,fake_d,38,model_2_bge_large_en_v1_5,late_fusion,L3,base,142.0,0.6100540286586799,0.432431667452345,0.26762927423031885,1.4085555733492534,Fake-D,,,,,,,,,,,,
fake_d,fake_d,38,model_2_bge_large_en_v1_5,late_fusion,L3,,,,,,,Fake-D,0.609584214235377,0.7006107587502937,0.09102654451491665,0.41033864419653104,0.4992992068834456,0.08896056268691455,0.2676292740857506,0.24979120339317357,0.017838070692577035,1.3347115925205024,1.1634901468974228,0.17122144562307962
fake_d,fake_d,39,model_2_bge_large_en_v1_5,late_fusion,L3,augmented,142.0,0.7188160676532769,0.523980616173783,0.24187459317979138,0.9221497730432604,Fake-D,,,,,,,,,,,,
fake_d,fake_d,39,model_2_bge_large_en_v1_5,late_fusion,L3,base,142.0,0.6490486257928119,0.46814675524251226,0.255140522116263,1.0115117160195444,Fake-D,,,,,,,,,,,,
fake_d,fake_d,39,model_2_bge_large_en_v1_5,late_fusion,L3,,,,,,,Fake-D,0.6490486257928119,0.7188160676532769,0.06976744186046502,0.4681467552425123,0.523980616173783,0.055833860931270685,0.255140522116263,0.24187459317979138,0.013265928936471605,1.0115117163139509,0.9221497732877404,0.08936194302621048
fake_d,fake_d,40,model_2_bge_large_en_v1_5,late_fusion,L3,augmented,142.0,0.7162320883251115,0.5520210771194881,0.2222324169789622,0.6418492963335177,Fake-D,,,,,,,,,,,,
fake_d,fake_d,40,model_2_bge_large_en_v1_5,late_fusion,L3,base,142.0,0.6412966878083157,0.4487030470523556,0.243220633517279,0.6877759019837811,Fake-D,,,,,,,,,,,,
fake_d,fake_d,40,model_2_bge_large_en_v1_5,late_fusion,L3,,,,,,,Fake-D,0.6412966878083157,0.7162320883251115,0.07493540051679581,0.4487030470523556,0.5520210771194881,0.10331803006713253,0.243220633517279,0.2222324169789622,0.020988216538316784,0.6877759019837811,0.6418492963335177,0.04592660565026341
fake_d,fake_d,41,model_2_bge_large_en_v1_5,late_fusion,L3,augmented,142.0,0.7110641296687809,0.5478491644157635,0.23960210103167598,0.9426150023866705,Fake-D,,,,,,,,,,,,
fake_d,fake_d,41,model_2_bge_large_en_v1_5,late_fusion,L3,base,142.0,0.6828752642706131,0.5136018117463879,0.24839996587441118,1.4749156672910295,Fake-D,,,,,,,,,,,,
fake_d,fake_d,41,model_2_bge_large_en_v1_5,late_fusion,L3,,,,,,,Fake-D,0.682170542635659,0.7110641296687809,0.028893587033121837,0.48569483500220184,0.5478491644157636,0.06215432941356175,0.24839996561775018,0.23960210103167598,0.008797864586074206,1.366603646105953,0.9426150026231127,0.42398864348284027
fake_d,fake_d,42,model_2_bge_large_en_v1_5,late_fusion,L3,augmented,142.0,0.7019027484143763,0.5339669546014817,0.2304211051374539,1.236283724043635,Fake-D,,,,,,,,,,,,
fake_d,fake_d,42,model_2_bge_large_en_v1_5,late_fusion,L3,base,142.0,0.6981442330279539,0.5015536076222167,0.2495227240926782,1.3809117529862438,Fake-D,,,,,,,,,,,,
fake_d,fake_d,42,model_2_bge_large_en_v1_5,late_fusion,L3,,,,,,,Fake-D,0.6980267794221282,0.7017852948085506,0.0037585153864223564,0.48992570064547253,0.5223390476247376,0.03241334697926507,0.24952272395183467,0.2304211049966193,0.019101618955215366,1.3005992711676937,1.1693718073109889,0.1312274638567048
fake_d,fake_d,43,model_2_bge_large_en_v1_5,late_fusion,L3,augmented,142.0,0.7103594080338267,0.5303974799536405,0.24848744753417037,1.176374756759136,Fake-D,,,,,,,,,,,,
fake_d,fake_d,43,model_2_bge_large_en_v1_5,late_fusion,L3,base,142.0,0.6304909560723514,0.4569730829143349,0.2653608262671973,1.2398964409823126,Fake-D,,,,,,,,,,,,
fake_d,fake_d,43,model_2_bge_large_en_v1_5,late_fusion,L3,,,,,,,Fake-D,0.6301385952548744,0.7100070472163497,0.0798684519614753,0.4395312224492186,0.5129556194885243,0.0734243970393057,0.26536082612973744,0.24848744739404924,0.0168733787356882,1.2136411022430855,1.1392570748222652,0.07438402742082029
fake_d,fake_d,44,model_2_bge_large_en_v1_5,late_fusion,L3,augmented,142.0,0.7587502936340146,0.5780611805109414,0.2213090155367793,0.8437912491328734,Fake-D,,,,,,,,,,,,
fake_d,fake_d,44,model_2_bge_large_en_v1_5,late_fusion,L3,base,142.0,0.7023725628376791,0.5137760379275159,0.24454946953636877,0.9841093898100547,Fake-D,,,,,,,,,,,,
fake_d,fake_d,44,model_2_bge_large_en_v1_5,late_fusion,L3,,,,,,,Fake-D,0.7023725628376791,0.7587502936340146,0.05637773079633546,0.513776037927516,0.5780611805109412,0.06428514258342521,0.24454946953636877,0.2213090155367793,0.02324045399958946,0.9841093901139855,0.8437912493570703,0.14031814075691518
fake_d,fake_d,45,model_2_bge_large_en_v1_5,late_fusion,L3,augmented,142.0,0.6983791402396053,0.5312762771055555,0.24072570172425134,1.2726035219415897,Fake-D,,,,,,,,,,,,
fake_d,fake_d,45,model_2_bge_large_en_v1_5,late_fusion,L3,base,142.0,0.5985435752877613,0.4434215120751565,0.27716129958432323,1.4728379980925896,Fake-D,,,,,,,,,,,,
fake_d,fake_d,45,model_2_bge_large_en_v1_5,late_fusion,L3,,,,,,,Fake-D,0.5978388536528071,0.6979093258163025,0.1000704721634954,0.4155145353309705,0.5091832538497416,0.09366871851877112,0.2771612993040734,0.24072570144937164,0.03643559785470177,1.3642948493046325,1.1773056396240023,0.18698920968063026
fake_d,fake_d,46,model_2_bge_large_en_v1_5,late_fusion,L3,augmented,142.0,0.7467700258397932,0.5799120710791161,0.21467729299959917,0.626260091950839,Fake-D,,,,,,,,,,,,
fake_d,fake_d,46,model_2_bge_large_en_v1_5,late_fusion,L3,base,142.0,0.6988489546629081,0.5109077651239312,0.22996731030085465,0.6616155003533215,Fake-D,,,,,,,,,,,,
fake_d,fake_d,46,model_2_bge_large_en_v1_5,late_fusion,L3,,,,,,,Fake-D,0.6988489546629081,0.7467700258397932,0.047921071176885155,0.5109077651239312,0.5799120710791161,0.06900430595518492,0.22996731030085465,0.21467729299959917,0.015290017301255482,0.6616155003533215,0.626260091950839,0.035355408402482524
fake_d,fake_d,47,model_2_bge_large_en_v1_5,late_fusion,L3,augmented,142.0,0.7286821705426356,0.551430159345119,0.23222407905862788,0.7028851536588355,Fake-D,,,,,,,,,,,,
fake_d,fake_d,47,model_2_bge_large_en_v1_5,late_fusion,L3,base,142.0,0.676297862344374,0.4949405670499154,0.2380459389306063,0.6761344193494907,Fake-D,,,,,,,,,,,,
fake_d,fake_d,47,model_2_bge_large_en_v1_5,late_fusion,L3,,,,,,,Fake-D,0.676297862344374,0.7286821705426356,0.052384308198261675,0.4949405670499154,0.551430159345119,0.05648959229520356,0.2380459389306063,0.23222407905862788,0.005821859871978419,0.6761344193494907,0.7028851536588355,-0.026750734309344826
fake_d,fake_d,48,model_2_bge_large_en_v1_5,late_fusion,L3,augmented,142.0,0.7284472633309843,0.578691936542703,0.2221169199496458,0.6473287219046178,Fake-D,,,,,,,,,,,,
fake_d,fake_d,48,model_2_bge_large_en_v1_5,late_fusion,L3,base,142.0,0.6506929762743716,0.49603687187335105,0.2486374873877544,0.7126366869302108,Fake-D,,,,,,,,,,,,
fake_d,fake_d,48,model_2_bge_large_en_v1_5,late_fusion,L3,,,,,,,Fake-D,0.6506929762743716,0.7284472633309843,0.07775428705661269,0.49603687187335105,0.578691936542703,0.08265506466935196,0.2486374873877544,0.2221169199496458,0.0265205674381086,0.7126366869302108,0.6473287219046178,0.065307965025593
fake_d,fake_d,49,model_2_bge_large_en_v1_5,late_fusion,L3,augmented,142.0,0.74958891237961,0.5467759749357693,0.239849743311433,1.1000045607809654,Fake-D,,,,,,,,,,,,
fake_d,fake_d,49,model_2_bge_large_en_v1_5,late_fusion,L3,base,142.0,0.6960300681230914,0.5020486436967442,0.24673974827887546,0.9329406076337398,Fake-D,,,,,,,,,,,,
fake_d,fake_d,49,model_2_bge_large_en_v1_5,late_fusion,L3,,,,,,,Fake-D,0.6960300681230914,0.7494714587737843,0.053441390650692866,0.5020486436967442,0.5351480679590253,0.033099424262281074,0.24673974827887546,0.23984974317331695,0.006890005105558511,0.9329406077680416,1.07223187285458,-0.13929126508653855
fake_d,fake_d,50,model_2_bge_large_en_v1_5,late_fusion,L3,augmented,142.0,0.7300916138125441,0.5484774043170436,0.2243237213117368,0.6538447241150803,Fake-D,,,,,,,,,,,,
fake_d,fake_d,50,model_2_bge_large_en_v1_5,late_fusion,L3,base,142.0,0.6760629551327225,0.4939667049998756,0.24615543028606635,0.9845725604908462,Fake-D,,,,,,,,,,,,
fake_d,fake_d,50,model_2_bge_large_en_v1_5,late_fusion,L3,,,,,,,Fake-D,0.6760629551327225,0.7300916138125441,0.05402865867982154,0.49396670499987555,0.5484774043170436,0.054510699317168065,0.24615543028606635,0.2243237213117368,0.02183170897432954,0.9845725607808079,0.6538447241150803,0.3307278366657276
fake_d,real,0,model_2_bge_large_en_v1_5,late_fusion,L3,augmented,142.0,0.8050270143293399,0.6623132514313973,0.20064347161156362,0.5911035419323986,D-P,,,,,,,,,,,,
fake_d,real,0,model_2_bge_large_en_v1_5,late_fusion,L3,base,142.0,0.7813013859525487,0.6388267746263339,0.20169385853610391,0.5925405284526077,D-P,,,,,,,,,,,,
fake_d,real,0,model_2_bge_large_en_v1_5,late_fusion,L3,,,,,,,D-P,0.7813013859525487,0.8050270143293399,0.023725628376791152,0.6388267746263339,0.6623132514313973,0.02348647680506344,0.20169385853610391,0.20064347161156362,0.001050386924540292,0.5925405284526077,0.5911035419323986,0.0014369865202091825
