condition,repeat,fold,participant_id,label,raw_probability,model_seed,train_ids_sha256,test_ids_sha256
c5_random_same_word_seed_01,1,1,319,1,0.4480578942246292,20260625,e730d1138a995a210216a7f9c12d1405ed6f24fdbade2e3907cb6cabae0e04c1,9bd60b452a99fd3fe74334703b28b6103849534c5da6eecb548faa5f0fcbe342
c5_random_same_word_seed_01,1,1,331,0,0.5038822876976689,20260625,e730d1138a995a210216a7f9c12d1405ed6f24fdbade2e3907cb6cabae0e04c1,9bd60b452a99fd3fe74334703b28b6103849534c5da6eecb548faa5f0fcbe342
c5_random_same_word_seed_01,1,1,345,1,0.5299389381278428,20260625,e730d1138a995a210216a7f9c12d1405ed6f24fdbade2e3907cb6cabae0e04c1,9bd60b452a99fd3fe74334703b28b6103849534c5da6eecb548faa5f0fcbe342
c5_random_same_word_seed_01,1,1,346,1,0.5725161122824082,20260625,e730d1138a995a210216a7f9c12d1405ed6f24fdbade2e3907cb6cabae0e04c1,9bd60b452a99fd3fe74334703b28b6103849534c5da6eecb548faa5f0fcbe342
c5_random_same_word_seed_01,1,1,357,0,0.3846335078124709,20260625,e730d1138a995a210216a7f9c12d1405ed6f24fdbade2e3907cb6cabae0e04c1,9bd60b452a99fd3fe74334703b28b6103849534c5da6eecb548faa5f0fcbe342
c5_random_same_word_seed_01,1,1,358,0,0.44291057761380626,20260625,e730d1138a995a210216a7f9c12d1405ed6f24fdbade2e3907cb6cabae0e04c1,9bd60b452a99fd3fe74334703b28b6103849534c5da6eecb548faa5f0fcbe342
c5_random_same_word_seed_01,1,1,362,1,0.48489126034592467,20260625,e730d1138a995a210216a7f9c12d1405ed6f24fdbade2e3907cb6cabae0e04c1,9bd60b452a99fd3fe74334703b28b6103849534c5da6eecb548faa5f0fcbe342
c5_random_same_word_seed_01,1,1,363,0,0.4608028941071114,20260625,e730d1138a995a210216a7f9c12d1405ed6f24fdbade2e3907cb6cabae0e04c1,9bd60b452a99fd3fe74334703b28b6103849534c5da6eecb548faa5f0fcbe342
c5_random_same_word_seed_01,1,1,364,0,0.4790839396400522,20260625,e730d1138a995a210216a7f9c12d1405ed6f24fdbade2e3907cb6cabae0e04c1,9bd60b452a99fd3fe74334703b28b6103849534c5da6eecb548faa5f0fcbe342
c5_random_same_word_seed_01,1,1,369,0,0.4570596167032735,20260625,e730d1138a995a210216a7f9c12d1405ed6f24fdbade2e3907cb6cabae0e04c1,9bd60b452a99fd3fe74334703b28b6103849534c5da6eecb548faa5f0fcbe342
c5_random_same_word_seed_01,1,1,372,1,0.5070974220231542,20260625,e730d1138a995a210216a7f9c12d1405ed6f24fdbade2e3907cb6cabae0e04c1,9bd60b452a99fd3fe74334703b28b6103849534c5da6eecb548faa5f0fcbe342
c5_random_same_word_seed_01,1,1,391,0,0.4181539875266363,20260625,e730d1138a995a210216a7f9c12d1405ed6f24fdbade2e3907cb6cabae0e04c1,9bd60b452a99fd3fe74334703b28b6103849534c5da6eecb548faa5f0fcbe342
c5_random_same_word_seed_01,1,1,400,0,0.4439814962667346,20260625,e730d1138a995a210216a7f9c12d1405ed6f24fdbade2e3907cb6cabae0e04c1,9bd60b452a99fd3fe74334703b28b6103849534c5da6eecb548faa5f0fcbe342
c5_random_same_word_seed_01,1,1,402,1,0.5385864681847354,20260625,e730d1138a995a210216a7f9c12d1405ed6f24fdbade2e3907cb6cabae0e04c1,9bd60b452a99fd3fe74334703b28b6103849534c5da6eecb548faa5f0fcbe342
c5_random_same_word_seed_01,1,1,403,0,0.46451306780459034,20260625,e730d1138a995a210216a7f9c12d1405ed6f24fdbade2e3907cb6cabae0e04c1,9bd60b452a99fd3fe74334703b28b6103849534c5da6eecb548faa5f0fcbe342
c5_random_same_word_seed_01,1,1,404,0,0.49749926812426637,20260625,e730d1138a995a210216a7f9c12d1405ed6f24fdbade2e3907cb6cabae0e04c1,9bd60b452a99fd3fe74334703b28b6103849534c5da6eecb548faa5f0fcbe342
c5_random_same_word_seed_01,1,1,413,1,0.4960546433069011,20260625,e730d1138a995a210216a7f9c12d1405ed6f24fdbade2e3907cb6cabae0e04c1,9bd60b452a99fd3fe74334703b28b6103849534c5da6eecb548faa5f0fcbe342
c5_random_same_word_seed_01,1,1,416,0,0.4952458136348803,20260625,e730d1138a995a210216a7f9c12d1405ed6f24fdbade2e3907cb6cabae0e04c1,9bd60b452a99fd3fe74334703b28b6103849534c5da6eecb548faa5f0fcbe342
c5_random_same_word_seed_01,1,1,420,0,0.4953112531191023,20260625,e730d1138a995a210216a7f9c12d1405ed6f24fdbade2e3907cb6cabae0e04c1,9bd60b452a99fd3fe74334703b28b6103849534c5da6eecb548faa5f0fcbe342
c5_random_same_word_seed_01,1,1,423,0,0.4644202676425579,20260625,e730d1138a995a210216a7f9c12d1405ed6f24fdbade2e3907cb6cabae0e04c1,9bd60b452a99fd3fe74334703b28b6103849534c5da6eecb548faa5f0fcbe342
c5_random_same_word_seed_01,1,1,426,1,0.4775223206845601,20260625,e730d1138a995a210216a7f9c12d1405ed6f24fdbade2e3907cb6cabae0e04c1,9bd60b452a99fd3fe74334703b28b6103849534c5da6eecb548faa5f0fcbe342
c5_random_same_word_seed_01,1,1,433,1,0.4247070298842285,20260625,e730d1138a995a210216a7f9c12d1405ed6f24fdbade2e3907cb6cabae0e04c1,9bd60b452a99fd3fe74334703b28b6103849534c5da6eecb548faa5f0fcbe342
c5_random_same_word_seed_01,1,1,451,0,0.4822280515089943,20260625,e730d1138a995a210216a7f9c12d1405ed6f24fdbade2e3907cb6cabae0e04c1,9bd60b452a99fd3fe74334703b28b6103849534c5da6eecb548faa5f0fcbe342
c5_random_same_word_seed_01,1,1,454,0,0.5034516223537169,20260625,e730d1138a995a210216a7f9c12d1405ed6f24fdbade2e3907cb6cabae0e04c1,9bd60b452a99fd3fe74334703b28b6103849534c5da6eecb548faa5f0fcbe342
c5_random_same_word_seed_01,1,1,473,0,0.433101238882145,20260625,e730d1138a995a210216a7f9c12d1405ed6f24fdbade2e3907cb6cabae0e04c1,9bd60b452a99fd3fe74334703b28b6103849534c5da6eecb548faa5f0fcbe342
c5_random_same_word_seed_01,1,1,476,0,0.44493035989407265,20260625,e730d1138a995a210216a7f9c12d1405ed6f24fdbade2e3907cb6cabae0e04c1,9bd60b452a99fd3fe74334703b28b6103849534c5da6eecb548faa5f0fcbe342
c5_random_same_word_seed_01,1,1,484,0,0.5187592165384742,20260625,e730d1138a995a210216a7f9c12d1405ed6f24fdbade2e3907cb6cabae0e04c1,9bd60b452a99fd3fe74334703b28b6103849534c5da6eecb548faa5f0fcbe342
c5_random_same_word_seed_01,1,1,487,0,0.5158257338089511,20260625,e730d1138a995a210216a7f9c12d1405ed6f24fdbade2e3907cb6cabae0e04c1,9bd60b452a99fd3fe74334703b28b6103849534c5da6eecb548faa5f0fcbe342
c5_random_same_word_seed_01,1,1,490,0,0.4425344033998646,20260625,e730d1138a995a210216a7f9c12d1405ed6f24fdbade2e3907cb6cabae0e04c1,9bd60b452a99fd3fe74334703b28b6103849534c5da6eecb548faa5f0fcbe342
c5_random_same_word_seed_01,1,2,303,0,0.4589671256620876,20260625,915c6e8ad24faf499277f1d94c24da85f7a75dcc1bc619fcc79e03708fae1185,bedf43dd0f7573adea1654fa2c4d66a65f9e7f2031012d1ce4c250f8278ff66a
c5_random_same_word_seed_01,1,2,304,0,0.4113925907646933,20260625,915c6e8ad24faf499277f1d94c24da85f7a75dcc1bc619fcc79e03708fae1185,bedf43dd0f7573adea1654fa2c4d66a65f9e7f2031012d1ce4c250f8278ff66a
c5_random_same_word_seed_01,1,2,310,0,0.41139067011142033,20260625,915c6e8ad24faf499277f1d94c24da85f7a75dcc1bc619fcc79e03708fae1185,bedf43dd0f7573adea1654fa2c4d66a65f9e7f2031012d1ce4c250f8278ff66a
c5_random_same_word_seed_01,1,2,312,0,0.45379960561809324,20260625,915c6e8ad24faf499277f1d94c24da85f7a75dcc1bc619fcc79e03708fae1185,bedf43dd0f7573adea1654fa2c4d66a65f9e7f2031012d1ce4c250f8278ff66a
c5_random_same_word_seed_01,1,2,316,0,0.3935571473709966,20260625,915c6e8ad24faf499277f1d94c24da85f7a75dcc1bc619fcc79e03708fae1185,bedf43dd0f7573adea1654fa2c4d66a65f9e7f2031012d1ce4c250f8278ff66a
c5_random_same_word_seed_01,1,2,324,0,0.42786856060036293,20260625,915c6e8ad24faf499277f1d94c24da85f7a75dcc1bc619fcc79e03708fae1185,bedf43dd0f7573adea1654fa2c4d66a65f9e7f2031012d1ce4c250f8278ff66a
c5_random_same_word_seed_01,1,2,328,0,0.4490288137558225,20260625,915c6e8ad24faf499277f1d94c24da85f7a75dcc1bc619fcc79e03708fae1185,bedf43dd0f7573adea1654fa2c4d66a65f9e7f2031012d1ce4c250f8278ff66a
c5_random_same_word_seed_01,1,2,339,1,0.4886918109470255,20260625,915c6e8ad24faf499277f1d94c24da85f7a75dcc1bc619fcc79e03708fae1185,bedf43dd0f7573adea1654fa2c4d66a65f9e7f2031012d1ce4c250f8278ff66a
c5_random_same_word_seed_01,1,2,353,1,0.4796204813557191,20260625,915c6e8ad24faf499277f1d94c24da85f7a75dcc1bc619fcc79e03708fae1185,bedf43dd0f7573adea1654fa2c4d66a65f9e7f2031012d1ce4c250f8278ff66a
c5_random_same_word_seed_01,1,2,355,1,0.45733271357616967,20260625,915c6e8ad24faf499277f1d94c24da85f7a75dcc1bc619fcc79e03708fae1185,bedf43dd0f7573adea1654fa2c4d66a65f9e7f2031012d1ce4c250f8278ff66a
c5_random_same_word_seed_01,1,2,366,0,0.4776732244458373,20260625,915c6e8ad24faf499277f1d94c24da85f7a75dcc1bc619fcc79e03708fae1185,bedf43dd0f7573adea1654fa2c4d66a65f9e7f2031012d1ce4c250f8278ff66a
c5_random_same_word_seed_01,1,2,375,0,0.4079708595641921,20260625,915c6e8ad24faf499277f1d94c24da85f7a75dcc1bc619fcc79e03708fae1185,bedf43dd0f7573adea1654fa2c4d66a65f9e7f2031012d1ce4c250f8278ff66a
c5_random_same_word_seed_01,1,2,376,1,0.5233586943010629,20260625,915c6e8ad24faf499277f1d94c24da85f7a75dcc1bc619fcc79e03708fae1185,bedf43dd0f7573adea1654fa2c4d66a65f9e7f2031012d1ce4c250f8278ff66a
c5_random_same_word_seed_01,1,2,379,0,0.4701597691921721,20260625,915c6e8ad24faf499277f1d94c24da85f7a75dcc1bc619fcc79e03708fae1185,bedf43dd0f7573adea1654fa2c4d66a65f9e7f2031012d1ce4c250f8278ff66a
c5_random_same_word_seed_01,1,2,381,1,0.5200140280668059,20260625,915c6e8ad24faf499277f1d94c24da85f7a75dcc1bc619fcc79e03708fae1185,bedf43dd0f7573adea1654fa2c4d66a65f9e7f2031012d1ce4c250f8278ff66a
c5_random_same_word_seed_01,1,2,382,0,0.44024771730843165,20260625,915c6e8ad24faf499277f1d94c24da85f7a75dcc1bc619fcc79e03708fae1185,bedf43dd0f7573adea1654fa2c4d66a65f9e7f2031012d1ce4c250f8278ff66a
c5_random_same_word_seed_01,1,2,386,1,0.44589450008032294,20260625,915c6e8ad24faf499277f1d94c24da85f7a75dcc1bc619fcc79e03708fae1185,bedf43dd0f7573adea1654fa2c4d66a65f9e7f2031012d1ce4c250f8278ff66a
c5_random_same_word_seed_01,1,2,390,0,0.48758990549910824,20260625,915c6e8ad24faf499277f1d94c24da85f7a75dcc1bc619fcc79e03708fae1185,bedf43dd0f7573adea1654fa2c4d66a65f9e7f2031012d1ce4c250f8278ff66a
c5_random_same_word_seed_01,1,2,392,0,0.4592647653214502,20260625,915c6e8ad24faf499277f1d94c24da85f7a75dcc1bc619fcc79e03708fae1185,bedf43dd0f7573adea1654fa2c4d66a65f9e7f2031012d1ce4c250f8278ff66a
c5_random_same_word_seed_01,1,2,401,0,0.43824217471836424,20260625,915c6e8ad24faf499277f1d94c24da85f7a75dcc1bc619fcc79e03708fae1185,bedf43dd0f7573adea1654fa2c4d66a65f9e7f2031012d1ce4c250f8278ff66a
c5_random_same_word_seed_01,1,2,412,1,0.44712037176488256,20260625,915c6e8ad24faf499277f1d94c24da85f7a75dcc1bc619fcc79e03708fae1185,bedf43dd0f7573adea1654fa2c4d66a65f9e7f2031012d1ce4c250f8278ff66a
c5_random_same_word_seed_01,1,2,422,1,0.5262489125725713,20260625,915c6e8ad24faf499277f1d94c24da85f7a75dcc1bc619fcc79e03708fae1185,bedf43dd0f7573adea1654fa2c4d66a65f9e7f2031012d1ce4c250f8278ff66a
c5_random_same_word_seed_01,1,2,427,0,0.44508953847910865,20260625,915c6e8ad24faf499277f1d94c24da85f7a75dcc1bc619fcc79e03708fae1185,bedf43dd0f7573adea1654fa2c4d66a65f9e7f2031012d1ce4c250f8278ff66a
c5_random_same_word_seed_01,1,2,440,1,0.5359820542184964,20260625,915c6e8ad24faf499277f1d94c24da85f7a75dcc1bc619fcc79e03708fae1185,bedf43dd0f7573adea1654fa2c4d66a65f9e7f2031012d1ce4c250f8278ff66a
c5_random_same_word_seed_01,1,2,443,0,0.39809766729573476,20260625,915c6e8ad24faf499277f1d94c24da85f7a75dcc1bc619fcc79e03708fae1185,bedf43dd0f7573adea1654fa2c4d66a65f9e7f2031012d1ce4c250f8278ff66a
c5_random_same_word_seed_01,1,2,457,0,0.47503170604240524,20260625,915c6e8ad24faf499277f1d94c24da85f7a75dcc1bc619fcc79e03708fae1185,bedf43dd0f7573adea1654fa2c4d66a65f9e7f2031012d1ce4c250f8278ff66a
c5_random_same_word_seed_01,1,2,479,0,0.4613910095958697,20260625,915c6e8ad24faf499277f1d94c24da85f7a75dcc1bc619fcc79e03708fae1185,bedf43dd0f7573adea1654fa2c4d66a65f9e7f2031012d1ce4c250f8278ff66a
c5_random_same_word_seed_01,1,2,482,0,0.5039093575512468,20260625,915c6e8ad24faf499277f1d94c24da85f7a75dcc1bc619fcc79e03708fae1185,bedf43dd0f7573adea1654fa2c4d66a65f9e7f2031012d1ce4c250f8278ff66a
c5_random_same_word_seed_01,1,2,486,0,0.422909395716016,20260625,915c6e8ad24faf499277f1d94c24da85f7a75dcc1bc619fcc79e03708fae1185,bedf43dd0f7573adea1654fa2c4d66a65f9e7f2031012d1ce4c250f8278ff66a
c5_random_same_word_seed_01,1,3,305,0,0.48749924411829576,20260625,40b11b1f2b69a58a40ae07cd201d72fd8e439c6f413eaec59ff4ebf9bb08182e,8c20b147f3f5fff0bbf7e8418b6b76ddaeff21201831dda7e2fd9e3606e39d22
c5_random_same_word_seed_01,1,3,307,0,0.4736701293038314,20260625,40b11b1f2b69a58a40ae07cd201d72fd8e439c6f413eaec59ff4ebf9bb08182e,8c20b147f3f5fff0bbf7e8418b6b76ddaeff21201831dda7e2fd9e3606e39d22
c5_random_same_word_seed_01,1,3,313,0,0.4292434933994703,20260625,40b11b1f2b69a58a40ae07cd201d72fd8e439c6f413eaec59ff4ebf9bb08182e,8c20b147f3f5fff0bbf7e8418b6b76ddaeff21201831dda7e2fd9e3606e39d22
c5_random_same_word_seed_01,1,3,315,0,0.4786713881515351,20260625,40b11b1f2b69a58a40ae07cd201d72fd8e439c6f413eaec59ff4ebf9bb08182e,8c20b147f3f5fff0bbf7e8418b6b76ddaeff21201831dda7e2fd9e3606e39d22
c5_random_same_word_seed_01,1,3,317,0,0.4452843665516659,20260625,40b11b1f2b69a58a40ae07cd201d72fd8e439c6f413eaec59ff4ebf9bb08182e,8c20b147f3f5fff0bbf7e8418b6b76ddaeff21201831dda7e2fd9e3606e39d22
c5_random_same_word_seed_01,1,3,320,1,0.5141292755780891,20260625,40b11b1f2b69a58a40ae07cd201d72fd8e439c6f413eaec59ff4ebf9bb08182e,8c20b147f3f5fff0bbf7e8418b6b76ddaeff21201831dda7e2fd9e3606e39d22
c5_random_same_word_seed_01,1,3,338,1,0.4846992373211331,20260625,40b11b1f2b69a58a40ae07cd201d72fd8e439c6f413eaec59ff4ebf9bb08182e,8c20b147f3f5fff0bbf7e8418b6b76ddaeff21201831dda7e2fd9e3606e39d22
c5_random_same_word_seed_01,1,3,344,1,0.502498881107528,20260625,40b11b1f2b69a58a40ae07cd201d72fd8e439c6f413eaec59ff4ebf9bb08182e,8c20b147f3f5fff0bbf7e8418b6b76ddaeff21201831dda7e2fd9e3606e39d22
c5_random_same_word_seed_01,1,3,352,1,0.5226985760432579,20260625,40b11b1f2b69a58a40ae07cd201d72fd8e439c6f413eaec59ff4ebf9bb08182e,8c20b147f3f5fff0bbf7e8418b6b76ddaeff21201831dda7e2fd9e3606e39d22
c5_random_same_word_seed_01,1,3,356,1,0.5272556431246062,20260625,40b11b1f2b69a58a40ae07cd201d72fd8e439c6f413eaec59ff4ebf9bb08182e,8c20b147f3f5fff0bbf7e8418b6b76ddaeff21201831dda7e2fd9e3606e39d22
c5_random_same_word_seed_01,1,3,367,1,0.5061332336076123,20260625,40b11b1f2b69a58a40ae07cd201d72fd8e439c6f413eaec59ff4ebf9bb08182e,8c20b147f3f5fff0bbf7e8418b6b76ddaeff21201831dda7e2fd9e3606e39d22
c5_random_same_word_seed_01,1,3,371,0,0.4088095318845549,20260625,40b11b1f2b69a58a40ae07cd201d72fd8e439c6f413eaec59ff4ebf9bb08182e,8c20b147f3f5fff0bbf7e8418b6b76ddaeff21201831dda7e2fd9e3606e39d22
c5_random_same_word_seed_01,1,3,380,1,0.49649049551784374,20260625,40b11b1f2b69a58a40ae07cd201d72fd8e439c6f413eaec59ff4ebf9bb08182e,8c20b147f3f5fff0bbf7e8418b6b76ddaeff21201831dda7e2fd9e3606e39d22
c5_random_same_word_seed_01,1,3,383,0,0.43062460836419314,20260625,40b11b1f2b69a58a40ae07cd201d72fd8e439c6f413eaec59ff4ebf9bb08182e,8c20b147f3f5fff0bbf7e8418b6b76ddaeff21201831dda7e2fd9e3606e39d22
c5_random_same_word_seed_01,1,3,393,0,0.4417840014296175,20260625,40b11b1f2b69a58a40ae07cd201d72fd8e439c6f413eaec59ff4ebf9bb08182e,8c20b147f3f5fff0bbf7e8418b6b76ddaeff21201831dda7e2fd9e3606e39d22
c5_random_same_word_seed_01,1,3,395,0,0.46687755075531334,20260625,40b11b1f2b69a58a40ae07cd201d72fd8e439c6f413eaec59ff4ebf9bb08182e,8c20b147f3f5fff0bbf7e8418b6b76ddaeff21201831dda7e2fd9e3606e39d22
c5_random_same_word_seed_01,1,3,397,0,0.5025904848742145,20260625,40b11b1f2b69a58a40ae07cd201d72fd8e439c6f413eaec59ff4ebf9bb08182e,8c20b147f3f5fff0bbf7e8418b6b76ddaeff21201831dda7e2fd9e3606e39d22
c5_random_same_word_seed_01,1,3,425,0,0.5392543345669998,20260625,40b11b1f2b69a58a40ae07cd201d72fd8e439c6f413eaec59ff4ebf9bb08182e,8c20b147f3f5fff0bbf7e8418b6b76ddaeff21201831dda7e2fd9e3606e39d22
c5_random_same_word_seed_01,1,3,430,0,0.5134748942532333,20260625,40b11b1f2b69a58a40ae07cd201d72fd8e439c6f413eaec59ff4ebf9bb08182e,8c20b147f3f5fff0bbf7e8418b6b76ddaeff21201831dda7e2fd9e3606e39d22
c5_random_same_word_seed_01,1,3,436,0,0.4784944869375521,20260625,40b11b1f2b69a58a40ae07cd201d72fd8e439c6f413eaec59ff4ebf9bb08182e,8c20b147f3f5fff0bbf7e8418b6b76ddaeff21201831dda7e2fd9e3606e39d22
c5_random_same_word_seed_01,1,3,439,0,0.4403933761097034,20260625,40b11b1f2b69a58a40ae07cd201d72fd8e439c6f413eaec59ff4ebf9bb08182e,8c20b147f3f5fff0bbf7e8418b6b76ddaeff21201831dda7e2fd9e3606e39d22
c5_random_same_word_seed_01,1,3,446,0,0.4977915298673048,20260625,40b11b1f2b69a58a40ae07cd201d72fd8e439c6f413eaec59ff4ebf9bb08182e,8c20b147f3f5fff0bbf7e8418b6b76ddaeff21201831dda7e2fd9e3606e39d22
c5_random_same_word_seed_01,1,3,447,0,0.4480543494698876,20260625,40b11b1f2b69a58a40ae07cd201d72fd8e439c6f413eaec59ff4ebf9bb08182e,8c20b147f3f5fff0bbf7e8418b6b76ddaeff21201831dda7e2fd9e3606e39d22
c5_random_same_word_seed_01,1,3,459,1,0.47779069108919703,20260625,40b11b1f2b69a58a40ae07cd201d72fd8e439c6f413eaec59ff4ebf9bb08182e,8c20b147f3f5fff0bbf7e8418b6b76ddaeff21201831dda7e2fd9e3606e39d22
c5_random_same_word_seed_01,1,3,474,0,0.49657882705329,20260625,40b11b1f2b69a58a40ae07cd201d72fd8e439c6f413eaec59ff4ebf9bb08182e,8c20b147f3f5fff0bbf7e8418b6b76ddaeff21201831dda7e2fd9e3606e39d22
c5_random_same_word_seed_01,1,3,475,0,0.46578565933750676,20260625,40b11b1f2b69a58a40ae07cd201d72fd8e439c6f413eaec59ff4ebf9bb08182e,8c20b147f3f5fff0bbf7e8418b6b76ddaeff21201831dda7e2fd9e3606e39d22
c5_random_same_word_seed_01,1,3,489,0,0.4304791373650206,20260625,40b11b1f2b69a58a40ae07cd201d72fd8e439c6f413eaec59ff4ebf9bb08182e,8c20b147f3f5fff0bbf7e8418b6b76ddaeff21201831dda7e2fd9e3606e39d22
c5_random_same_word_seed_01,1,3,491,0,0.4855736810201866,20260625,40b11b1f2b69a58a40ae07cd201d72fd8e439c6f413eaec59ff4ebf9bb08182e,8c20b147f3f5fff0bbf7e8418b6b76ddaeff21201831dda7e2fd9e3606e39d22
c5_random_same_word_seed_01,1,4,318,0,0.39905859555787904,20260625,661aecd0428a842ecabaa96046e595de0bea3503f47a77e56c1b6faabd8f50ec,20f3f098ee7a0655ecaf9d880b4c2181ce0aecce0329183790c4ba2d065ee744
c5_random_same_word_seed_01,1,4,322,0,0.4872850379035497,20260625,661aecd0428a842ecabaa96046e595de0bea3503f47a77e56c1b6faabd8f50ec,20f3f098ee7a0655ecaf9d880b4c2181ce0aecce0329183790c4ba2d065ee744
c5_random_same_word_seed_01,1,4,326,0,0.37225786435395897,20260625,661aecd0428a842ecabaa96046e595de0bea3503f47a77e56c1b6faabd8f50ec,20f3f098ee7a0655ecaf9d880b4c2181ce0aecce0329183790c4ba2d065ee744
c5_random_same_word_seed_01,1,4,327,0,0.5088546818922478,20260625,661aecd0428a842ecabaa96046e595de0bea3503f47a77e56c1b6faabd8f50ec,20f3f098ee7a0655ecaf9d880b4c2181ce0aecce0329183790c4ba2d065ee744
c5_random_same_word_seed_01,1,4,335,1,0.5225109044844233,20260625,661aecd0428a842ecabaa96046e595de0bea3503f47a77e56c1b6faabd8f50ec,20f3f098ee7a0655ecaf9d880b4c2181ce0aecce0329183790c4ba2d065ee744
c5_random_same_word_seed_01,1,4,343,0,0.5094818941158693,20260625,661aecd0428a842ecabaa96046e595de0bea3503f47a77e56c1b6faabd8f50ec,20f3f098ee7a0655ecaf9d880b4c2181ce0aecce0329183790c4ba2d065ee744
c5_random_same_word_seed_01,1,4,347,1,0.4629596167258638,20260625,661aecd0428a842ecabaa96046e595de0bea3503f47a77e56c1b6faabd8f50ec,20f3f098ee7a0655ecaf9d880b4c2181ce0aecce0329183790c4ba2d065ee744
c5_random_same_word_seed_01,1,4,351,1,0.5236954542589486,20260625,661aecd0428a842ecabaa96046e595de0bea3503f47a77e56c1b6faabd8f50ec,20f3f098ee7a0655ecaf9d880b4c2181ce0aecce0329183790c4ba2d065ee744
c5_random_same_word_seed_01,1,4,374,0,0.5151563446964231,20260625,661aecd0428a842ecabaa96046e595de0bea3503f47a77e56c1b6faabd8f50ec,20f3f098ee7a0655ecaf9d880b4c2181ce0aecce0329183790c4ba2d065ee744
c5_random_same_word_seed_01,1,4,377,1,0.48830787548815613,20260625,661aecd0428a842ecabaa96046e595de0bea3503f47a77e56c1b6faabd8f50ec,20f3f098ee7a0655ecaf9d880b4c2181ce0aecce0329183790c4ba2d065ee744
c5_random_same_word_seed_01,1,4,389,1,0.4821529698498455,20260625,661aecd0428a842ecabaa96046e595de0bea3503f47a77e56c1b6faabd8f50ec,20f3f098ee7a0655ecaf9d880b4c2181ce0aecce0329183790c4ba2d065ee744
c5_random_same_word_seed_01,1,4,414,1,0.5142254054352161,20260625,661aecd0428a842ecabaa96046e595de0bea3503f47a77e56c1b6faabd8f50ec,20f3f098ee7a0655ecaf9d880b4c2181ce0aecce0329183790c4ba2d065ee744
c5_random_same_word_seed_01,1,4,415,0,0.49637760687469934,20260625,661aecd0428a842ecabaa96046e595de0bea3503f47a77e56c1b6faabd8f50ec,20f3f098ee7a0655ecaf9d880b4c2181ce0aecce0329183790c4ba2d065ee744
c5_random_same_word_seed_01,1,4,419,0,0.49835160005227863,20260625,661aecd0428a842ecabaa96046e595de0bea3503f47a77e56c1b6faabd8f50ec,20f3f098ee7a0655ecaf9d880b4c2181ce0aecce0329183790c4ba2d065ee744
c5_random_same_word_seed_01,1,4,445,0,0.5233054564351424,20260625,661aecd0428a842ecabaa96046e595de0bea3503f47a77e56c1b6faabd8f50ec,20f3f098ee7a0655ecaf9d880b4c2181ce0aecce0329183790c4ba2d065ee744
c5_random_same_word_seed_01,1,4,448,1,0.4470404734119966,20260625,661aecd0428a842ecabaa96046e595de0bea3503f47a77e56c1b6faabd8f50ec,20f3f098ee7a0655ecaf9d880b4c2181ce0aecce0329183790c4ba2d065ee744
c5_random_same_word_seed_01,1,4,449,0,0.5072575655584934,20260625,661aecd0428a842ecabaa96046e595de0bea3503f47a77e56c1b6faabd8f50ec,20f3f098ee7a0655ecaf9d880b4c2181ce0aecce0329183790c4ba2d065ee744
c5_random_same_word_seed_01,1,4,455,0,0.4835813476175611,20260625,661aecd0428a842ecabaa96046e595de0bea3503f47a77e56c1b6faabd8f50ec,20f3f098ee7a0655ecaf9d880b4c2181ce0aecce0329183790c4ba2d065ee744
c5_random_same_word_seed_01,1,4,458,0,0.47446495575886555,20260625,661aecd0428a842ecabaa96046e595de0bea3503f47a77e56c1b6faabd8f50ec,20f3f098ee7a0655ecaf9d880b4c2181ce0aecce0329183790c4ba2d065ee744
c5_random_same_word_seed_01,1,4,463,0,0.5127421386486155,20260625,661aecd0428a842ecabaa96046e595de0bea3503f47a77e56c1b6faabd8f50ec,20f3f098ee7a0655ecaf9d880b4c2181ce0aecce0329183790c4ba2d065ee744
c5_random_same_word_seed_01,1,4,464,0,0.46191177130408606,20260625,661aecd0428a842ecabaa96046e595de0bea3503f47a77e56c1b6faabd8f50ec,20f3f098ee7a0655ecaf9d880b4c2181ce0aecce0329183790c4ba2d065ee744
c5_random_same_word_seed_01,1,4,471,0,0.48202828407768206,20260625,661aecd0428a842ecabaa96046e595de0bea3503f47a77e56c1b6faabd8f50ec,20f3f098ee7a0655ecaf9d880b4c2181ce0aecce0329183790c4ba2d065ee744
c5_random_same_word_seed_01,1,4,472,0,0.42604206537197253,20260625,661aecd0428a842ecabaa96046e595de0bea3503f47a77e56c1b6faabd8f50ec,20f3f098ee7a0655ecaf9d880b4c2181ce0aecce0329183790c4ba2d065ee744
c5_random_same_word_seed_01,1,4,477,0,0.5329929019453755,20260625,661aecd0428a842ecabaa96046e595de0bea3503f47a77e56c1b6faabd8f50ec,20f3f098ee7a0655ecaf9d880b4c2181ce0aecce0329183790c4ba2d065ee744
c5_random_same_word_seed_01,1,4,478,0,0.5086986158774207,20260625,661aecd0428a842ecabaa96046e595de0bea3503f47a77e56c1b6faabd8f50ec,20f3f098ee7a0655ecaf9d880b4c2181ce0aecce0329183790c4ba2d065ee744
c5_random_same_word_seed_01,1,4,483,1,0.4426761015966367,20260625,661aecd0428a842ecabaa96046e595de0bea3503f47a77e56c1b6faabd8f50ec,20f3f098ee7a0655ecaf9d880b4c2181ce0aecce0329183790c4ba2d065ee744
c5_random_same_word_seed_01,1,4,488,0,0.49982607711149063,20260625,661aecd0428a842ecabaa96046e595de0bea3503f47a77e56c1b6faabd8f50ec,20f3f098ee7a0655ecaf9d880b4c2181ce0aecce0329183790c4ba2d065ee744
c5_random_same_word_seed_01,1,4,492,0,0.3733874478481246,20260625,661aecd0428a842ecabaa96046e595de0bea3503f47a77e56c1b6faabd8f50ec,20f3f098ee7a0655ecaf9d880b4c2181ce0aecce0329183790c4ba2d065ee744
c5_random_same_word_seed_01,1,5,302,0,0.4474284789535685,20260625,a4bf959d120841b8c2c73bac3c5ff2e4eb6b5d77f5e322654a438bec05c2c92e,981d18d88e3ee43ec34f182c66366e389688cd978cfc412aef8239e5872f5573
c5_random_same_word_seed_01,1,5,321,1,0.46815135351212905,20260625,a4bf959d120841b8c2c73bac3c5ff2e4eb6b5d77f5e322654a438bec05c2c92e,981d18d88e3ee43ec34f182c66366e389688cd978cfc412aef8239e5872f5573
c5_random_same_word_seed_01,1,5,325,1,0.575463062120508,20260625,a4bf959d120841b8c2c73bac3c5ff2e4eb6b5d77f5e322654a438bec05c2c92e,981d18d88e3ee43ec34f182c66366e389688cd978cfc412aef8239e5872f5573
c5_random_same_word_seed_01,1,5,330,1,0.41838781178282203,20260625,a4bf959d120841b8c2c73bac3c5ff2e4eb6b5d77f5e322654a438bec05c2c92e,981d18d88e3ee43ec34f182c66366e389688cd978cfc412aef8239e5872f5573
c5_random_same_word_seed_01,1,5,333,0,0.4732521429921462,20260625,a4bf959d120841b8c2c73bac3c5ff2e4eb6b5d77f5e322654a438bec05c2c92e,981d18d88e3ee43ec34f182c66366e389688cd978cfc412aef8239e5872f5573
c5_random_same_word_seed_01,1,5,336,0,0.48265167287763994,20260625,a4bf959d120841b8c2c73bac3c5ff2e4eb6b5d77f5e322654a438bec05c2c92e,981d18d88e3ee43ec34f182c66366e389688cd978cfc412aef8239e5872f5573
c5_random_same_word_seed_01,1,5,340,0,0.48863850485171,20260625,a4bf959d120841b8c2c73bac3c5ff2e4eb6b5d77f5e322654a438bec05c2c92e,981d18d88e3ee43ec34f182c66366e389688cd978cfc412aef8239e5872f5573
c5_random_same_word_seed_01,1,5,341,0,0.4621176644867689,20260625,a4bf959d120841b8c2c73bac3c5ff2e4eb6b5d77f5e322654a438bec05c2c92e,981d18d88e3ee43ec34f182c66366e389688cd978cfc412aef8239e5872f5573
c5_random_same_word_seed_01,1,5,348,1,0.4466884370766998,20260625,a4bf959d120841b8c2c73bac3c5ff2e4eb6b5d77f5e322654a438bec05c2c92e,981d18d88e3ee43ec34f182c66366e389688cd978cfc412aef8239e5872f5573
c5_random_same_word_seed_01,1,5,350,1,0.5065081507971816,20260625,a4bf959d120841b8c2c73bac3c5ff2e4eb6b5d77f5e322654a438bec05c2c92e,981d18d88e3ee43ec34f182c66366e389688cd978cfc412aef8239e5872f5573
c5_random_same_word_seed_01,1,5,360,0,0.48164504736710845,20260625,a4bf959d120841b8c2c73bac3c5ff2e4eb6b5d77f5e322654a438bec05c2c92e,981d18d88e3ee43ec34f182c66366e389688cd978cfc412aef8239e5872f5573
c5_random_same_word_seed_01,1,5,368,0,0.5072473018317422,20260625,a4bf959d120841b8c2c73bac3c5ff2e4eb6b5d77f5e322654a438bec05c2c92e,981d18d88e3ee43ec34f182c66366e389688cd978cfc412aef8239e5872f5573
c5_random_same_word_seed_01,1,5,370,0,0.4974783390842355,20260625,a4bf959d120841b8c2c73bac3c5ff2e4eb6b5d77f5e322654a438bec05c2c92e,981d18d88e3ee43ec34f182c66366e389688cd978cfc412aef8239e5872f5573
c5_random_same_word_seed_01,1,5,385,0,0.3667596269951568,20260625,a4bf959d120841b8c2c73bac3c5ff2e4eb6b5d77f5e322654a438bec05c2c92e,981d18d88e3ee43ec34f182c66366e389688cd978cfc412aef8239e5872f5573
c5_random_same_word_seed_01,1,5,388,1,0.45066416485342814,20260625,a4bf959d120841b8c2c73bac3c5ff2e4eb6b5d77f5e322654a438bec05c2c92e,981d18d88e3ee43ec34f182c66366e389688cd978cfc412aef8239e5872f5573
c5_random_same_word_seed_01,1,5,406,0,0.44919164608167844,20260625,a4bf959d120841b8c2c73bac3c5ff2e4eb6b5d77f5e322654a438bec05c2c92e,981d18d88e3ee43ec34f182c66366e389688cd978cfc412aef8239e5872f5573
c5_random_same_word_seed_01,1,5,409,1,0.47630047117448304,20260625,a4bf959d120841b8c2c73bac3c5ff2e4eb6b5d77f5e322654a438bec05c2c92e,981d18d88e3ee43ec34f182c66366e389688cd978cfc412aef8239e5872f5573
c5_random_same_word_seed_01,1,5,417,0,0.5134535726343712,20260625,a4bf959d120841b8c2c73bac3c5ff2e4eb6b5d77f5e322654a438bec05c2c92e,981d18d88e3ee43ec34f182c66366e389688cd978cfc412aef8239e5872f5573
c5_random_same_word_seed_01,1,5,418,1,0.5078578741134274,20260625,a4bf959d120841b8c2c73bac3c5ff2e4eb6b5d77f5e322654a438bec05c2c92e,981d18d88e3ee43ec34f182c66366e389688cd978cfc412aef8239e5872f5573
c5_random_same_word_seed_01,1,5,428,0,0.4127456407265947,20260625,a4bf959d120841b8c2c73bac3c5ff2e4eb6b5d77f5e322654a438bec05c2c92e,981d18d88e3ee43ec34f182c66366e389688cd978cfc412aef8239e5872f5573
c5_random_same_word_seed_01,1,5,429,0,0.48664774635540176,20260625,a4bf959d120841b8c2c73bac3c5ff2e4eb6b5d77f5e322654a438bec05c2c92e,981d18d88e3ee43ec34f182c66366e389688cd978cfc412aef8239e5872f5573
c5_random_same_word_seed_01,1,5,434,0,0.5084794390074918,20260625,a4bf959d120841b8c2c73bac3c5ff2e4eb6b5d77f5e322654a438bec05c2c92e,981d18d88e3ee43ec34f182c66366e389688cd978cfc412aef8239e5872f5573
c5_random_same_word_seed_01,1,5,437,0,0.41919998123334656,20260625,a4bf959d120841b8c2c73bac3c5ff2e4eb6b5d77f5e322654a438bec05c2c92e,981d18d88e3ee43ec34f182c66366e389688cd978cfc412aef8239e5872f5573
c5_random_same_word_seed_01,1,5,441,1,0.4417435634970063,20260625,a4bf959d120841b8c2c73bac3c5ff2e4eb6b5d77f5e322654a438bec05c2c92e,981d18d88e3ee43ec34f182c66366e389688cd978cfc412aef8239e5872f5573
c5_random_same_word_seed_01,1,5,444,0,0.44979350338567115,20260625,a4bf959d120841b8c2c73bac3c5ff2e4eb6b5d77f5e322654a438bec05c2c92e,981d18d88e3ee43ec34f182c66366e389688cd978cfc412aef8239e5872f5573
c5_random_same_word_seed_01,1,5,456,0,0.456500850421487,20260625,a4bf959d120841b8c2c73bac3c5ff2e4eb6b5d77f5e322654a438bec05c2c92e,981d18d88e3ee43ec34f182c66366e389688cd978cfc412aef8239e5872f5573
c5_random_same_word_seed_01,1,5,468,0,0.49836300475656403,20260625,a4bf959d120841b8c2c73bac3c5ff2e4eb6b5d77f5e322654a438bec05c2c92e,981d18d88e3ee43ec34f182c66366e389688cd978cfc412aef8239e5872f5573
c5_random_same_word_seed_01,1,5,485,0,0.45730643325009374,20260625,a4bf959d120841b8c2c73bac3c5ff2e4eb6b5d77f5e322654a438bec05c2c92e,981d18d88e3ee43ec34f182c66366e389688cd978cfc412aef8239e5872f5573
c5_random_same_word_seed_01,2,1,303,0,0.44984984220761476,20260626,2c12dff8a9fa58dd8cc77e84cde3d4ee9c50e7a3ee4807abcb00afa8648af4ef,57347e2b732a1402c8df2bf331609fcd08e72adc97c6b7b9a84d3602650054ed
c5_random_same_word_seed_01,2,1,304,0,0.4009866589178121,20260626,2c12dff8a9fa58dd8cc77e84cde3d4ee9c50e7a3ee4807abcb00afa8648af4ef,57347e2b732a1402c8df2bf331609fcd08e72adc97c6b7b9a84d3602650054ed
c5_random_same_word_seed_01,2,1,327,0,0.5048803831040094,20260626,2c12dff8a9fa58dd8cc77e84cde3d4ee9c50e7a3ee4807abcb00afa8648af4ef,57347e2b732a1402c8df2bf331609fcd08e72adc97c6b7b9a84d3602650054ed
c5_random_same_word_seed_01,2,1,335,1,0.5123008490413626,20260626,2c12dff8a9fa58dd8cc77e84cde3d4ee9c50e7a3ee4807abcb00afa8648af4ef,57347e2b732a1402c8df2bf331609fcd08e72adc97c6b7b9a84d3602650054ed
c5_random_same_word_seed_01,2,1,341,0,0.4475845245780058,20260626,2c12dff8a9fa58dd8cc77e84cde3d4ee9c50e7a3ee4807abcb00afa8648af4ef,57347e2b732a1402c8df2bf331609fcd08e72adc97c6b7b9a84d3602650054ed
c5_random_same_word_seed_01,2,1,345,1,0.5372509925163688,20260626,2c12dff8a9fa58dd8cc77e84cde3d4ee9c50e7a3ee4807abcb00afa8648af4ef,57347e2b732a1402c8df2bf331609fcd08e72adc97c6b7b9a84d3602650054ed
c5_random_same_word_seed_01,2,1,347,1,0.4616572741707828,20260626,2c12dff8a9fa58dd8cc77e84cde3d4ee9c50e7a3ee4807abcb00afa8648af4ef,57347e2b732a1402c8df2bf331609fcd08e72adc97c6b7b9a84d3602650054ed
c5_random_same_word_seed_01,2,1,360,0,0.46790884172347674,20260626,2c12dff8a9fa58dd8cc77e84cde3d4ee9c50e7a3ee4807abcb00afa8648af4ef,57347e2b732a1402c8df2bf331609fcd08e72adc97c6b7b9a84d3602650054ed
c5_random_same_word_seed_01,2,1,362,1,0.48755492840217896,20260626,2c12dff8a9fa58dd8cc77e84cde3d4ee9c50e7a3ee4807abcb00afa8648af4ef,57347e2b732a1402c8df2bf331609fcd08e72adc97c6b7b9a84d3602650054ed
c5_random_same_word_seed_01,2,1,370,0,0.4828096483105512,20260626,2c12dff8a9fa58dd8cc77e84cde3d4ee9c50e7a3ee4807abcb00afa8648af4ef,57347e2b732a1402c8df2bf331609fcd08e72adc97c6b7b9a84d3602650054ed
c5_random_same_word_seed_01,2,1,374,0,0.5263700397740204,20260626,2c12dff8a9fa58dd8cc77e84cde3d4ee9c50e7a3ee4807abcb00afa8648af4ef,57347e2b732a1402c8df2bf331609fcd08e72adc97c6b7b9a84d3602650054ed
c5_random_same_word_seed_01,2,1,375,0,0.41192008673053004,20260626,2c12dff8a9fa58dd8cc77e84cde3d4ee9c50e7a3ee4807abcb00afa8648af4ef,57347e2b732a1402c8df2bf331609fcd08e72adc97c6b7b9a84d3602650054ed
c5_random_same_word_seed_01,2,1,382,0,0.4428955249193353,20260626,2c12dff8a9fa58dd8cc77e84cde3d4ee9c50e7a3ee4807abcb00afa8648af4ef,57347e2b732a1402c8df2bf331609fcd08e72adc97c6b7b9a84d3602650054ed
c5_random_same_word_seed_01,2,1,389,1,0.4664383541369123,20260626,2c12dff8a9fa58dd8cc77e84cde3d4ee9c50e7a3ee4807abcb00afa8648af4ef,57347e2b732a1402c8df2bf331609fcd08e72adc97c6b7b9a84d3602650054ed
c5_random_same_word_seed_01,2,1,393,0,0.42706250843747723,20260626,2c12dff8a9fa58dd8cc77e84cde3d4ee9c50e7a3ee4807abcb00afa8648af4ef,57347e2b732a1402c8df2bf331609fcd08e72adc97c6b7b9a84d3602650054ed
c5_random_same_word_seed_01,2,1,401,0,0.45403656018127936,20260626,2c12dff8a9fa58dd8cc77e84cde3d4ee9c50e7a3ee4807abcb00afa8648af4ef,57347e2b732a1402c8df2bf331609fcd08e72adc97c6b7b9a84d3602650054ed
c5_random_same_word_seed_01,2,1,403,0,0.4865313602407547,20260626,2c12dff8a9fa58dd8cc77e84cde3d4ee9c50e7a3ee4807abcb00afa8648af4ef,57347e2b732a1402c8df2bf331609fcd08e72adc97c6b7b9a84d3602650054ed
c5_random_same_word_seed_01,2,1,422,1,0.5492938651975895,20260626,2c12dff8a9fa58dd8cc77e84cde3d4ee9c50e7a3ee4807abcb00afa8648af4ef,57347e2b732a1402c8df2bf331609fcd08e72adc97c6b7b9a84d3602650054ed
c5_random_same_word_seed_01,2,1,425,0,0.5109864860435329,20260626,2c12dff8a9fa58dd8cc77e84cde3d4ee9c50e7a3ee4807abcb00afa8648af4ef,57347e2b732a1402c8df2bf331609fcd08e72adc97c6b7b9a84d3602650054ed
c5_random_same_word_seed_01,2,1,426,1,0.5018663740457258,20260626,2c12dff8a9fa58dd8cc77e84cde3d4ee9c50e7a3ee4807abcb00afa8648af4ef,57347e2b732a1402c8df2bf331609fcd08e72adc97c6b7b9a84d3602650054ed
c5_random_same_word_seed_01,2,1,427,0,0.41969105902569903,20260626,2c12dff8a9fa58dd8cc77e84cde3d4ee9c50e7a3ee4807abcb00afa8648af4ef,57347e2b732a1402c8df2bf331609fcd08e72adc97c6b7b9a84d3602650054ed
c5_random_same_word_seed_01,2,1,433,1,0.4486827922203427,20260626,2c12dff8a9fa58dd8cc77e84cde3d4ee9c50e7a3ee4807abcb00afa8648af4ef,57347e2b732a1402c8df2bf331609fcd08e72adc97c6b7b9a84d3602650054ed
c5_random_same_word_seed_01,2,1,439,0,0.47079862349636614,20260626,2c12dff8a9fa58dd8cc77e84cde3d4ee9c50e7a3ee4807abcb00afa8648af4ef,57347e2b732a1402c8df2bf331609fcd08e72adc97c6b7b9a84d3602650054ed
c5_random_same_word_seed_01,2,1,445,0,0.5090253296993865,20260626,2c12dff8a9fa58dd8cc77e84cde3d4ee9c50e7a3ee4807abcb00afa8648af4ef,57347e2b732a1402c8df2bf331609fcd08e72adc97c6b7b9a84d3602650054ed
c5_random_same_word_seed_01,2,1,449,0,0.5045398423970262,20260626,2c12dff8a9fa58dd8cc77e84cde3d4ee9c50e7a3ee4807abcb00afa8648af4ef,57347e2b732a1402c8df2bf331609fcd08e72adc97c6b7b9a84d3602650054ed
c5_random_same_word_seed_01,2,1,454,0,0.4839724095634678,20260626,2c12dff8a9fa58dd8cc77e84cde3d4ee9c50e7a3ee4807abcb00afa8648af4ef,57347e2b732a1402c8df2bf331609fcd08e72adc97c6b7b9a84d3602650054ed
c5_random_same_word_seed_01,2,1,475,0,0.4553145081751127,20260626,2c12dff8a9fa58dd8cc77e84cde3d4ee9c50e7a3ee4807abcb00afa8648af4ef,57347e2b732a1402c8df2bf331609fcd08e72adc97c6b7b9a84d3602650054ed
c5_random_same_word_seed_01,2,1,483,1,0.45334005544064504,20260626,2c12dff8a9fa58dd8cc77e84cde3d4ee9c50e7a3ee4807abcb00afa8648af4ef,57347e2b732a1402c8df2bf331609fcd08e72adc97c6b7b9a84d3602650054ed
c5_random_same_word_seed_01,2,1,491,0,0.48227630459145726,20260626,2c12dff8a9fa58dd8cc77e84cde3d4ee9c50e7a3ee4807abcb00afa8648af4ef,57347e2b732a1402c8df2bf331609fcd08e72adc97c6b7b9a84d3602650054ed
c5_random_same_word_seed_01,2,2,310,0,0.4497886102227468,20260626,3ee8c0b6c18bffd775f57dbb47434db635c980fd26177b0232c582ec640803b5,c96e307910b06257d668e45fe34cbe39cddba5268f1b5bac97099d9dd0b52e9b
c5_random_same_word_seed_01,2,2,320,1,0.471258977676677,20260626,3ee8c0b6c18bffd775f57dbb47434db635c980fd26177b0232c582ec640803b5,c96e307910b06257d668e45fe34cbe39cddba5268f1b5bac97099d9dd0b52e9b
c5_random_same_word_seed_01,2,2,321,1,0.4922218563706445,20260626,3ee8c0b6c18bffd775f57dbb47434db635c980fd26177b0232c582ec640803b5,c96e307910b06257d668e45fe34cbe39cddba5268f1b5bac97099d9dd0b52e9b
c5_random_same_word_seed_01,2,2,325,1,0.5636658476410666,20260626,3ee8c0b6c18bffd775f57dbb47434db635c980fd26177b0232c582ec640803b5,c96e307910b06257d668e45fe34cbe39cddba5268f1b5bac97099d9dd0b52e9b
c5_random_same_word_seed_01,2,2,326,0,0.3762851724776732,20260626,3ee8c0b6c18bffd775f57dbb47434db635c980fd26177b0232c582ec640803b5,c96e307910b06257d668e45fe34cbe39cddba5268f1b5bac97099d9dd0b52e9b
c5_random_same_word_seed_01,2,2,339,1,0.4809559219160729,20260626,3ee8c0b6c18bffd775f57dbb47434db635c980fd26177b0232c582ec640803b5,c96e307910b06257d668e45fe34cbe39cddba5268f1b5bac97099d9dd0b52e9b
c5_random_same_word_seed_01,2,2,343,0,0.5379955232632218,20260626,3ee8c0b6c18bffd775f57dbb47434db635c980fd26177b0232c582ec640803b5,c96e307910b06257d668e45fe34cbe39cddba5268f1b5bac97099d9dd0b52e9b
c5_random_same_word_seed_01,2,2,350,1,0.5144334889896457,20260626,3ee8c0b6c18bffd775f57dbb47434db635c980fd26177b0232c582ec640803b5,c96e307910b06257d668e45fe34cbe39cddba5268f1b5bac97099d9dd0b52e9b
c5_random_same_word_seed_01,2,2,351,1,0.504703180078258,20260626,3ee8c0b6c18bffd775f57dbb47434db635c980fd26177b0232c582ec640803b5,c96e307910b06257d668e45fe34cbe39cddba5268f1b5bac97099d9dd0b52e9b
c5_random_same_word_seed_01,2,2,353,1,0.4976942914003028,20260626,3ee8c0b6c18bffd775f57dbb47434db635c980fd26177b0232c582ec640803b5,c96e307910b06257d668e45fe34cbe39cddba5268f1b5bac97099d9dd0b52e9b
c5_random_same_word_seed_01,2,2,357,0,0.4025799117117435,20260626,3ee8c0b6c18bffd775f57dbb47434db635c980fd26177b0232c582ec640803b5,c96e307910b06257d668e45fe34cbe39cddba5268f1b5bac97099d9dd0b52e9b
c5_random_same_word_seed_01,2,2,390,0,0.49298506225655986,20260626,3ee8c0b6c18bffd775f57dbb47434db635c980fd26177b0232c582ec640803b5,c96e307910b06257d668e45fe34cbe39cddba5268f1b5bac97099d9dd0b52e9b
c5_random_same_word_seed_01,2,2,395,0,0.4509131329869804,20260626,3ee8c0b6c18bffd775f57dbb47434db635c980fd26177b0232c582ec640803b5,c96e307910b06257d668e45fe34cbe39cddba5268f1b5bac97099d9dd0b52e9b
c5_random_same_word_seed_01,2,2,406,0,0.470021819255532,20260626,3ee8c0b6c18bffd775f57dbb47434db635c980fd26177b0232c582ec640803b5,c96e307910b06257d668e45fe34cbe39cddba5268f1b5bac97099d9dd0b52e9b
c5_random_same_word_seed_01,2,2,416,0,0.49986035418780317,20260626,3ee8c0b6c18bffd775f57dbb47434db635c980fd26177b0232c582ec640803b5,c96e307910b06257d668e45fe34cbe39cddba5268f1b5bac97099d9dd0b52e9b
c5_random_same_word_seed_01,2,2,417,0,0.5184859030898525,20260626,3ee8c0b6c18bffd775f57dbb47434db635c980fd26177b0232c582ec640803b5,c96e307910b06257d668e45fe34cbe39cddba5268f1b5bac97099d9dd0b52e9b
c5_random_same_word_seed_01,2,2,419,0,0.48261614123078117,20260626,3ee8c0b6c18bffd775f57dbb47434db635c980fd26177b0232c582ec640803b5,c96e307910b06257d668e45fe34cbe39cddba5268f1b5bac97099d9dd0b52e9b
c5_random_same_word_seed_01,2,2,420,0,0.4929920523617231,20260626,3ee8c0b6c18bffd775f57dbb47434db635c980fd26177b0232c582ec640803b5,c96e307910b06257d668e45fe34cbe39cddba5268f1b5bac97099d9dd0b52e9b
c5_random_same_word_seed_01,2,2,429,0,0.47523159178735797,20260626,3ee8c0b6c18bffd775f57dbb47434db635c980fd26177b0232c582ec640803b5,c96e307910b06257d668e45fe34cbe39cddba5268f1b5bac97099d9dd0b52e9b
c5_random_same_word_seed_01,2,2,434,0,0.48047414096200536,20260626,3ee8c0b6c18bffd775f57dbb47434db635c980fd26177b0232c582ec640803b5,c96e307910b06257d668e45fe34cbe39cddba5268f1b5bac97099d9dd0b52e9b
c5_random_same_word_seed_01,2,2,443,0,0.4085640198752809,20260626,3ee8c0b6c18bffd775f57dbb47434db635c980fd26177b0232c582ec640803b5,c96e307910b06257d668e45fe34cbe39cddba5268f1b5bac97099d9dd0b52e9b
c5_random_same_word_seed_01,2,2,444,0,0.44721333424271714,20260626,3ee8c0b6c18bffd775f57dbb47434db635c980fd26177b0232c582ec640803b5,c96e307910b06257d668e45fe34cbe39cddba5268f1b5bac97099d9dd0b52e9b
c5_random_same_word_seed_01,2,2,448,1,0.44712741536503214,20260626,3ee8c0b6c18bffd775f57dbb47434db635c980fd26177b0232c582ec640803b5,c96e307910b06257d668e45fe34cbe39cddba5268f1b5bac97099d9dd0b52e9b
c5_random_same_word_seed_01,2,2,456,0,0.4691135914343539,20260626,3ee8c0b6c18bffd775f57dbb47434db635c980fd26177b0232c582ec640803b5,c96e307910b06257d668e45fe34cbe39cddba5268f1b5bac97099d9dd0b52e9b
c5_random_same_word_seed_01,2,2,459,1,0.5057622115924475,20260626,3ee8c0b6c18bffd775f57dbb47434db635c980fd26177b0232c582ec640803b5,c96e307910b06257d668e45fe34cbe39cddba5268f1b5bac97099d9dd0b52e9b
c5_random_same_word_seed_01,2,2,463,0,0.4972610119078282,20260626,3ee8c0b6c18bffd775f57dbb47434db635c980fd26177b0232c582ec640803b5,c96e307910b06257d668e45fe34cbe39cddba5268f1b5bac97099d9dd0b52e9b
c5_random_same_word_seed_01,2,2,474,0,0.49865986062982043,20260626,3ee8c0b6c18bffd775f57dbb47434db635c980fd26177b0232c582ec640803b5,c96e307910b06257d668e45fe34cbe39cddba5268f1b5bac97099d9dd0b52e9b
c5_random_same_word_seed_01,2,2,476,0,0.44548758036670233,20260626,3ee8c0b6c18bffd775f57dbb47434db635c980fd26177b0232c582ec640803b5,c96e307910b06257d668e45fe34cbe39cddba5268f1b5bac97099d9dd0b52e9b
c5_random_same_word_seed_01,2,2,482,0,0.5043151373603041,20260626,3ee8c0b6c18bffd775f57dbb47434db635c980fd26177b0232c582ec640803b5,c96e307910b06257d668e45fe34cbe39cddba5268f1b5bac97099d9dd0b52e9b
c5_random_same_word_seed_01,2,3,305,0,0.4953546622239136,20260626,45cd1ad823f3a94a89fdcf8a2a0aa9391ea612d88c3d6d06ec8836268a3733b5,d57c76d4e0a65c6a55a81a23eb533d200d3426913638fad14bcb7210184cddf5
c5_random_same_word_seed_01,2,3,313,0,0.4129256443821195,20260626,45cd1ad823f3a94a89fdcf8a2a0aa9391ea612d88c3d6d06ec8836268a3733b5,d57c76d4e0a65c6a55a81a23eb533d200d3426913638fad14bcb7210184cddf5
c5_random_same_word_seed_01,2,3,340,0,0.4787677508451876,20260626,45cd1ad823f3a94a89fdcf8a2a0aa9391ea612d88c3d6d06ec8836268a3733b5,d57c76d4e0a65c6a55a81a23eb533d200d3426913638fad14bcb7210184cddf5
c5_random_same_word_seed_01,2,3,352,1,0.5104502559928616,20260626,45cd1ad823f3a94a89fdcf8a2a0aa9391ea612d88c3d6d06ec8836268a3733b5,d57c76d4e0a65c6a55a81a23eb533d200d3426913638fad14bcb7210184cddf5
c5_random_same_word_seed_01,2,3,363,0,0.47012719381655765,20260626,45cd1ad823f3a94a89fdcf8a2a0aa9391ea612d88c3d6d06ec8836268a3733b5,d57c76d4e0a65c6a55a81a23eb533d200d3426913638fad14bcb7210184cddf5
c5_random_same_word_seed_01,2,3,377,1,0.4735153609510323,20260626,45cd1ad823f3a94a89fdcf8a2a0aa9391ea612d88c3d6d06ec8836268a3733b5,d57c76d4e0a65c6a55a81a23eb533d200d3426913638fad14bcb7210184cddf5
c5_random_same_word_seed_01,2,3,385,0,0.3864208108550362,20260626,45cd1ad823f3a94a89fdcf8a2a0aa9391ea612d88c3d6d06ec8836268a3733b5,d57c76d4e0a65c6a55a81a23eb533d200d3426913638fad14bcb7210184cddf5
c5_random_same_word_seed_01,2,3,386,1,0.43823914799343133,20260626,45cd1ad823f3a94a89fdcf8a2a0aa9391ea612d88c3d6d06ec8836268a3733b5,d57c76d4e0a65c6a55a81a23eb533d200d3426913638fad14bcb7210184cddf5
c5_random_same_word_seed_01,2,3,391,0,0.42522304764099106,20260626,45cd1ad823f3a94a89fdcf8a2a0aa9391ea612d88c3d6d06ec8836268a3733b5,d57c76d4e0a65c6a55a81a23eb533d200d3426913638fad14bcb7210184cddf5
c5_random_same_word_seed_01,2,3,397,0,0.5010342820498573,20260626,45cd1ad823f3a94a89fdcf8a2a0aa9391ea612d88c3d6d06ec8836268a3733b5,d57c76d4e0a65c6a55a81a23eb533d200d3426913638fad14bcb7210184cddf5
c5_random_same_word_seed_01,2,3,402,1,0.49758265087320036,20260626,45cd1ad823f3a94a89fdcf8a2a0aa9391ea612d88c3d6d06ec8836268a3733b5,d57c76d4e0a65c6a55a81a23eb533d200d3426913638fad14bcb7210184cddf5
c5_random_same_word_seed_01,2,3,409,1,0.474854017157828,20260626,45cd1ad823f3a94a89fdcf8a2a0aa9391ea612d88c3d6d06ec8836268a3733b5,d57c76d4e0a65c6a55a81a23eb533d200d3426913638fad14bcb7210184cddf5
c5_random_same_word_seed_01,2,3,412,1,0.4581720300491791,20260626,45cd1ad823f3a94a89fdcf8a2a0aa9391ea612d88c3d6d06ec8836268a3733b5,d57c76d4e0a65c6a55a81a23eb533d200d3426913638fad14bcb7210184cddf5
c5_random_same_word_seed_01,2,3,413,1,0.48827426615642106,20260626,45cd1ad823f3a94a89fdcf8a2a0aa9391ea612d88c3d6d06ec8836268a3733b5,d57c76d4e0a65c6a55a81a23eb533d200d3426913638fad14bcb7210184cddf5
c5_random_same_word_seed_01,2,3,415,0,0.4833333492343825,20260626,45cd1ad823f3a94a89fdcf8a2a0aa9391ea612d88c3d6d06ec8836268a3733b5,d57c76d4e0a65c6a55a81a23eb533d200d3426913638fad14bcb7210184cddf5
c5_random_same_word_seed_01,2,3,428,0,0.40762924612308526,20260626,45cd1ad823f3a94a89fdcf8a2a0aa9391ea612d88c3d6d06ec8836268a3733b5,d57c76d4e0a65c6a55a81a23eb533d200d3426913638fad14bcb7210184cddf5
c5_random_same_word_seed_01,2,3,436,0,0.47305806295416764,20260626,45cd1ad823f3a94a89fdcf8a2a0aa9391ea612d88c3d6d06ec8836268a3733b5,d57c76d4e0a65c6a55a81a23eb533d200d3426913638fad14bcb7210184cddf5
c5_random_same_word_seed_01,2,3,437,0,0.4356353673126688,20260626,45cd1ad823f3a94a89fdcf8a2a0aa9391ea612d88c3d6d06ec8836268a3733b5,d57c76d4e0a65c6a55a81a23eb533d200d3426913638fad14bcb7210184cddf5
c5_random_same_word_seed_01,2,3,441,1,0.4694706910123751,20260626,45cd1ad823f3a94a89fdcf8a2a0aa9391ea612d88c3d6d06ec8836268a3733b5,d57c76d4e0a65c6a55a81a23eb533d200d3426913638fad14bcb7210184cddf5
c5_random_same_word_seed_01,2,3,446,0,0.5023705068201021,20260626,45cd1ad823f3a94a89fdcf8a2a0aa9391ea612d88c3d6d06ec8836268a3733b5,d57c76d4e0a65c6a55a81a23eb533d200d3426913638fad14bcb7210184cddf5
c5_random_same_word_seed_01,2,3,447,0,0.45052707280990645,20260626,45cd1ad823f3a94a89fdcf8a2a0aa9391ea612d88c3d6d06ec8836268a3733b5,d57c76d4e0a65c6a55a81a23eb533d200d3426913638fad14bcb7210184cddf5
c5_random_same_word_seed_01,2,3,457,0,0.49770882251424464,20260626,45cd1ad823f3a94a89fdcf8a2a0aa9391ea612d88c3d6d06ec8836268a3733b5,d57c76d4e0a65c6a55a81a23eb533d200d3426913638fad14bcb7210184cddf5
c5_random_same_word_seed_01,2,3,472,0,0.4316561076589949,20260626,45cd1ad823f3a94a89fdcf8a2a0aa9391ea612d88c3d6d06ec8836268a3733b5,d57c76d4e0a65c6a55a81a23eb533d200d3426913638fad14bcb7210184cddf5
c5_random_same_word_seed_01,2,3,478,0,0.49960565878550967,20260626,45cd1ad823f3a94a89fdcf8a2a0aa9391ea612d88c3d6d06ec8836268a3733b5,d57c76d4e0a65c6a55a81a23eb533d200d3426913638fad14bcb7210184cddf5
c5_random_same_word_seed_01,2,3,479,0,0.4456612764755058,20260626,45cd1ad823f3a94a89fdcf8a2a0aa9391ea612d88c3d6d06ec8836268a3733b5,d57c76d4e0a65c6a55a81a23eb533d200d3426913638fad14bcb7210184cddf5
c5_random_same_word_seed_01,2,3,488,0,0.4926267441997074,20260626,45cd1ad823f3a94a89fdcf8a2a0aa9391ea612d88c3d6d06ec8836268a3733b5,d57c76d4e0a65c6a55a81a23eb533d200d3426913638fad14bcb7210184cddf5
c5_random_same_word_seed_01,2,3,489,0,0.43023028604637964,20260626,45cd1ad823f3a94a89fdcf8a2a0aa9391ea612d88c3d6d06ec8836268a3733b5,d57c76d4e0a65c6a55a81a23eb533d200d3426913638fad14bcb7210184cddf5
c5_random_same_word_seed_01,2,3,492,0,0.3864965901604321,20260626,45cd1ad823f3a94a89fdcf8a2a0aa9391ea612d88c3d6d06ec8836268a3733b5,d57c76d4e0a65c6a55a81a23eb533d200d3426913638fad14bcb7210184cddf5
c5_random_same_word_seed_01,2,4,307,0,0.4918671191487218,20260626,60d4a4f7258ba0d0e6381545dd3aa2b6cb37179f5a3a12407c9031b552accf64,4a9111312b2ff783e4670aec05b2de80f7b216f435aa24fe73bfe18843201db2
c5_random_same_word_seed_01,2,4,315,0,0.46274393853802315,20260626,60d4a4f7258ba0d0e6381545dd3aa2b6cb37179f5a3a12407c9031b552accf64,4a9111312b2ff783e4670aec05b2de80f7b216f435aa24fe73bfe18843201db2
c5_random_same_word_seed_01,2,4,318,0,0.41269467603190924,20260626,60d4a4f7258ba0d0e6381545dd3aa2b6cb37179f5a3a12407c9031b552accf64,4a9111312b2ff783e4670aec05b2de80f7b216f435aa24fe73bfe18843201db2
c5_random_same_word_seed_01,2,4,319,1,0.45624606735755796,20260626,60d4a4f7258ba0d0e6381545dd3aa2b6cb37179f5a3a12407c9031b552accf64,4a9111312b2ff783e4670aec05b2de80f7b216f435aa24fe73bfe18843201db2
c5_random_same_word_seed_01,2,4,322,0,0.47373092191064775,20260626,60d4a4f7258ba0d0e6381545dd3aa2b6cb37179f5a3a12407c9031b552accf64,4a9111312b2ff783e4670aec05b2de80f7b216f435aa24fe73bfe18843201db2
c5_random_same_word_seed_01,2,4,324,0,0.4305428245538662,20260626,60d4a4f7258ba0d0e6381545dd3aa2b6cb37179f5a3a12407c9031b552accf64,4a9111312b2ff783e4670aec05b2de80f7b216f435aa24fe73bfe18843201db2
c5_random_same_word_seed_01,2,4,328,0,0.4440279938878158,20260626,60d4a4f7258ba0d0e6381545dd3aa2b6cb37179f5a3a12407c9031b552accf64,4a9111312b2ff783e4670aec05b2de80f7b216f435aa24fe73bfe18843201db2
c5_random_same_word_seed_01,2,4,336,0,0.47927718802562186,20260626,60d4a4f7258ba0d0e6381545dd3aa2b6cb37179f5a3a12407c9031b552accf64,4a9111312b2ff783e4670aec05b2de80f7b216f435aa24fe73bfe18843201db2
c5_random_same_word_seed_01,2,4,344,1,0.5398096927513529,20260626,60d4a4f7258ba0d0e6381545dd3aa2b6cb37179f5a3a12407c9031b552accf64,4a9111312b2ff783e4670aec05b2de80f7b216f435aa24fe73bfe18843201db2
c5_random_same_word_seed_01,2,4,346,1,0.578345805143679,20260626,60d4a4f7258ba0d0e6381545dd3aa2b6cb37179f5a3a12407c9031b552accf64,4a9111312b2ff783e4670aec05b2de80f7b216f435aa24fe73bfe18843201db2
c5_random_same_word_seed_01,2,4,356,1,0.5372237785421682,20260626,60d4a4f7258ba0d0e6381545dd3aa2b6cb37179f5a3a12407c9031b552accf64,4a9111312b2ff783e4670aec05b2de80f7b216f435aa24fe73bfe18843201db2
c5_random_same_word_seed_01,2,4,364,0,0.4870098429447801,20260626,60d4a4f7258ba0d0e6381545dd3aa2b6cb37179f5a3a12407c9031b552accf64,4a9111312b2ff783e4670aec05b2de80f7b216f435aa24fe73bfe18843201db2
c5_random_same_word_seed_01,2,4,366,0,0.5013573105797086,20260626,60d4a4f7258ba0d0e6381545dd3aa2b6cb37179f5a3a12407c9031b552accf64,4a9111312b2ff783e4670aec05b2de80f7b216f435aa24fe73bfe18843201db2
c5_random_same_word_seed_01,2,4,368,0,0.49182174012901814,20260626,60d4a4f7258ba0d0e6381545dd3aa2b6cb37179f5a3a12407c9031b552accf64,4a9111312b2ff783e4670aec05b2de80f7b216f435aa24fe73bfe18843201db2
c5_random_same_word_seed_01,2,4,369,0,0.504983125948418,20260626,60d4a4f7258ba0d0e6381545dd3aa2b6cb37179f5a3a12407c9031b552accf64,4a9111312b2ff783e4670aec05b2de80f7b216f435aa24fe73bfe18843201db2
c5_random_same_word_seed_01,2,4,372,1,0.5188682517143381,20260626,60d4a4f7258ba0d0e6381545dd3aa2b6cb37179f5a3a12407c9031b552accf64,4a9111312b2ff783e4670aec05b2de80f7b216f435aa24fe73bfe18843201db2
c5_random_same_word_seed_01,2,4,376,1,0.544837385946703,20260626,60d4a4f7258ba0d0e6381545dd3aa2b6cb37179f5a3a12407c9031b552accf64,4a9111312b2ff783e4670aec05b2de80f7b216f435aa24fe73bfe18843201db2
c5_random_same_word_seed_01,2,4,380,1,0.5268471630656674,20260626,60d4a4f7258ba0d0e6381545dd3aa2b6cb37179f5a3a12407c9031b552accf64,4a9111312b2ff783e4670aec05b2de80f7b216f435aa24fe73bfe18843201db2
c5_random_same_word_seed_01,2,4,404,0,0.48800113740460493,20260626,60d4a4f7258ba0d0e6381545dd3aa2b6cb37179f5a3a12407c9031b552accf64,4a9111312b2ff783e4670aec05b2de80f7b216f435aa24fe73bfe18843201db2
c5_random_same_word_seed_01,2,4,418,1,0.5289425132909448,20260626,60d4a4f7258ba0d0e6381545dd3aa2b6cb37179f5a3a12407c9031b552accf64,4a9111312b2ff783e4670aec05b2de80f7b216f435aa24fe73bfe18843201db2
c5_random_same_word_seed_01,2,4,423,0,0.48733423992629094,20260626,60d4a4f7258ba0d0e6381545dd3aa2b6cb37179f5a3a12407c9031b552accf64,4a9111312b2ff783e4670aec05b2de80f7b216f435aa24fe73bfe18843201db2
c5_random_same_word_seed_01,2,4,430,0,0.5296207654893383,20260626,60d4a4f7258ba0d0e6381545dd3aa2b6cb37179f5a3a12407c9031b552accf64,4a9111312b2ff783e4670aec05b2de80f7b216f435aa24fe73bfe18843201db2
c5_random_same_word_seed_01,2,4,451,0,0.48233535912212794,20260626,60d4a4f7258ba0d0e6381545dd3aa2b6cb37179f5a3a12407c9031b552accf64,4a9111312b2ff783e4670aec05b2de80f7b216f435aa24fe73bfe18843201db2
c5_random_same_word_seed_01,2,4,455,0,0.5063821466808491,20260626,60d4a4f7258ba0d0e6381545dd3aa2b6cb37179f5a3a12407c9031b552accf64,4a9111312b2ff783e4670aec05b2de80f7b216f435aa24fe73bfe18843201db2
c5_random_same_word_seed_01,2,4,471,0,0.4553396308934863,20260626,60d4a4f7258ba0d0e6381545dd3aa2b6cb37179f5a3a12407c9031b552accf64,4a9111312b2ff783e4670aec05b2de80f7b216f435aa24fe73bfe18843201db2
c5_random_same_word_seed_01,2,4,473,0,0.4231207019696736,20260626,60d4a4f7258ba0d0e6381545dd3aa2b6cb37179f5a3a12407c9031b552accf64,4a9111312b2ff783e4670aec05b2de80f7b216f435aa24fe73bfe18843201db2
c5_random_same_word_seed_01,2,4,486,0,0.40457390684511374,20260626,60d4a4f7258ba0d0e6381545dd3aa2b6cb37179f5a3a12407c9031b552accf64,4a9111312b2ff783e4670aec05b2de80f7b216f435aa24fe73bfe18843201db2
c5_random_same_word_seed_01,2,4,487,0,0.5219093737684714,20260626,60d4a4f7258ba0d0e6381545dd3aa2b6cb37179f5a3a12407c9031b552accf64,4a9111312b2ff783e4670aec05b2de80f7b216f435aa24fe73bfe18843201db2
c5_random_same_word_seed_01,2,5,302,0,0.4379448569710815,20260626,806d6f0c65de9d785617d112c76ee68ed2ab2e167a27e7d990500f8205f4f185,b02f5cd0a9a1d7aadfa4438bab72f69a297056383552949e9cd24334b7e3c3ea
c5_random_same_word_seed_01,2,5,312,0,0.4730298753194977,20260626,806d6f0c65de9d785617d112c76ee68ed2ab2e167a27e7d990500f8205f4f185,b02f5cd0a9a1d7aadfa4438bab72f69a297056383552949e9cd24334b7e3c3ea
c5_random_same_word_seed_01,2,5,316,0,0.38613916955894495,20260626,806d6f0c65de9d785617d112c76ee68ed2ab2e167a27e7d990500f8205f4f185,b02f5cd0a9a1d7aadfa4438bab72f69a297056383552949e9cd24334b7e3c3ea
c5_random_same_word_seed_01,2,5,317,0,0.46228330287845965,20260626,806d6f0c65de9d785617d112c76ee68ed2ab2e167a27e7d990500f8205f4f185,b02f5cd0a9a1d7aadfa4438bab72f69a297056383552949e9cd24334b7e3c3ea
c5_random_same_word_seed_01,2,5,330,1,0.42830523712519936,20260626,806d6f0c65de9d785617d112c76ee68ed2ab2e167a27e7d990500f8205f4f185,b02f5cd0a9a1d7aadfa4438bab72f69a297056383552949e9cd24334b7e3c3ea
c5_random_same_word_seed_01,2,5,331,0,0.5080564242004796,20260626,806d6f0c65de9d785617d112c76ee68ed2ab2e167a27e7d990500f8205f4f185,b02f5cd0a9a1d7aadfa4438bab72f69a297056383552949e9cd24334b7e3c3ea
c5_random_same_word_seed_01,2,5,333,0,0.4786865831230156,20260626,806d6f0c65de9d785617d112c76ee68ed2ab2e167a27e7d990500f8205f4f185,b02f5cd0a9a1d7aadfa4438bab72f69a297056383552949e9cd24334b7e3c3ea
c5_random_same_word_seed_01,2,5,338,1,0.4912667987783974,20260626,806d6f0c65de9d785617d112c76ee68ed2ab2e167a27e7d990500f8205f4f185,b02f5cd0a9a1d7aadfa4438bab72f69a297056383552949e9cd24334b7e3c3ea
c5_random_same_word_seed_01,2,5,348,1,0.4482516897047521,20260626,806d6f0c65de9d785617d112c76ee68ed2ab2e167a27e7d990500f8205f4f185,b02f5cd0a9a1d7aadfa4438bab72f69a297056383552949e9cd24334b7e3c3ea
c5_random_same_word_seed_01,2,5,355,1,0.4532377090798095,20260626,806d6f0c65de9d785617d112c76ee68ed2ab2e167a27e7d990500f8205f4f185,b02f5cd0a9a1d7aadfa4438bab72f69a297056383552949e9cd24334b7e3c3ea
c5_random_same_word_seed_01,2,5,358,0,0.4286403818933712,20260626,806d6f0c65de9d785617d112c76ee68ed2ab2e167a27e7d990500f8205f4f185,b02f5cd0a9a1d7aadfa4438bab72f69a297056383552949e9cd24334b7e3c3ea
c5_random_same_word_seed_01,2,5,367,1,0.5071843451415132,20260626,806d6f0c65de9d785617d112c76ee68ed2ab2e167a27e7d990500f8205f4f185,b02f5cd0a9a1d7aadfa4438bab72f69a297056383552949e9cd24334b7e3c3ea
c5_random_same_word_seed_01,2,5,371,0,0.4191723058217912,20260626,806d6f0c65de9d785617d112c76ee68ed2ab2e167a27e7d990500f8205f4f185,b02f5cd0a9a1d7aadfa4438bab72f69a297056383552949e9cd24334b7e3c3ea
c5_random_same_word_seed_01,2,5,379,0,0.48012178982291837,20260626,806d6f0c65de9d785617d112c76ee68ed2ab2e167a27e7d990500f8205f4f185,b02f5cd0a9a1d7aadfa4438bab72f69a297056383552949e9cd24334b7e3c3ea
c5_random_same_word_seed_01,2,5,381,1,0.5410692596353783,20260626,806d6f0c65de9d785617d112c76ee68ed2ab2e167a27e7d990500f8205f4f185,b02f5cd0a9a1d7aadfa4438bab72f69a297056383552949e9cd24334b7e3c3ea
c5_random_same_word_seed_01,2,5,383,0,0.4265242488402245,20260626,806d6f0c65de9d785617d112c76ee68ed2ab2e167a27e7d990500f8205f4f185,b02f5cd0a9a1d7aadfa4438bab72f69a297056383552949e9cd24334b7e3c3ea
c5_random_same_word_seed_01,2,5,388,1,0.4288818606376984,20260626,806d6f0c65de9d785617d112c76ee68ed2ab2e167a27e7d990500f8205f4f185,b02f5cd0a9a1d7aadfa4438bab72f69a297056383552949e9cd24334b7e3c3ea
c5_random_same_word_seed_01,2,5,392,0,0.4709602282052296,20260626,806d6f0c65de9d785617d112c76ee68ed2ab2e167a27e7d990500f8205f4f185,b02f5cd0a9a1d7aadfa4438bab72f69a297056383552949e9cd24334b7e3c3ea
c5_random_same_word_seed_01,2,5,400,0,0.43595298670717086,20260626,806d6f0c65de9d785617d112c76ee68ed2ab2e167a27e7d990500f8205f4f185,b02f5cd0a9a1d7aadfa4438bab72f69a297056383552949e9cd24334b7e3c3ea
c5_random_same_word_seed_01,2,5,414,1,0.5073499577000825,20260626,806d6f0c65de9d785617d112c76ee68ed2ab2e167a27e7d990500f8205f4f185,b02f5cd0a9a1d7aadfa4438bab72f69a297056383552949e9cd24334b7e3c3ea
c5_random_same_word_seed_01,2,5,440,1,0.556029597810455,20260626,806d6f0c65de9d785617d112c76ee68ed2ab2e167a27e7d990500f8205f4f185,b02f5cd0a9a1d7aadfa4438bab72f69a297056383552949e9cd24334b7e3c3ea
c5_random_same_word_seed_01,2,5,458,0,0.4737064472106574,20260626,806d6f0c65de9d785617d112c76ee68ed2ab2e167a27e7d990500f8205f4f185,b02f5cd0a9a1d7aadfa4438bab72f69a297056383552949e9cd24334b7e3c3ea
c5_random_same_word_seed_01,2,5,464,0,0.4751023398544053,20260626,806d6f0c65de9d785617d112c76ee68ed2ab2e167a27e7d990500f8205f4f185,b02f5cd0a9a1d7aadfa4438bab72f69a297056383552949e9cd24334b7e3c3ea
c5_random_same_word_seed_01,2,5,468,0,0.49670616372413384,20260626,806d6f0c65de9d785617d112c76ee68ed2ab2e167a27e7d990500f8205f4f185,b02f5cd0a9a1d7aadfa4438bab72f69a297056383552949e9cd24334b7e3c3ea
c5_random_same_word_seed_01,2,5,477,0,0.530258704910512,20260626,806d6f0c65de9d785617d112c76ee68ed2ab2e167a27e7d990500f8205f4f185,b02f5cd0a9a1d7aadfa4438bab72f69a297056383552949e9cd24334b7e3c3ea
c5_random_same_word_seed_01,2,5,484,0,0.4943955317949668,20260626,806d6f0c65de9d785617d112c76ee68ed2ab2e167a27e7d990500f8205f4f185,b02f5cd0a9a1d7aadfa4438bab72f69a297056383552949e9cd24334b7e3c3ea
c5_random_same_word_seed_01,2,5,485,0,0.45420288652697516,20260626,806d6f0c65de9d785617d112c76ee68ed2ab2e167a27e7d990500f8205f4f185,b02f5cd0a9a1d7aadfa4438bab72f69a297056383552949e9cd24334b7e3c3ea
c5_random_same_word_seed_01,2,5,490,0,0.44329422165786525,20260626,806d6f0c65de9d785617d112c76ee68ed2ab2e167a27e7d990500f8205f4f185,b02f5cd0a9a1d7aadfa4438bab72f69a297056383552949e9cd24334b7e3c3ea
c5_random_same_word_seed_01,3,1,305,0,0.4940889312272246,20260627,2eea3dd5e7f5614b03483db4b1fce8c9f45257cace13029b9d9f16dcca04327e,1f16fc714b8611747bef399987f1a60b24b476bf73e87fd932f5e23a6d230ca6
c5_random_same_word_seed_01,3,1,310,0,0.4339486406785836,20260627,2eea3dd5e7f5614b03483db4b1fce8c9f45257cace13029b9d9f16dcca04327e,1f16fc714b8611747bef399987f1a60b24b476bf73e87fd932f5e23a6d230ca6
c5_random_same_word_seed_01,3,1,322,0,0.46981736913861116,20260627,2eea3dd5e7f5614b03483db4b1fce8c9f45257cace13029b9d9f16dcca04327e,1f16fc714b8611747bef399987f1a60b24b476bf73e87fd932f5e23a6d230ca6
c5_random_same_word_seed_01,3,1,339,1,0.4869638522262514,20260627,2eea3dd5e7f5614b03483db4b1fce8c9f45257cace13029b9d9f16dcca04327e,1f16fc714b8611747bef399987f1a60b24b476bf73e87fd932f5e23a6d230ca6
c5_random_same_word_seed_01,3,1,340,0,0.49856436083698435,20260627,2eea3dd5e7f5614b03483db4b1fce8c9f45257cace13029b9d9f16dcca04327e,1f16fc714b8611747bef399987f1a60b24b476bf73e87fd932f5e23a6d230ca6
c5_random_same_word_seed_01,3,1,341,0,0.4589403291701779,20260627,2eea3dd5e7f5614b03483db4b1fce8c9f45257cace13029b9d9f16dcca04327e,1f16fc714b8611747bef399987f1a60b24b476bf73e87fd932f5e23a6d230ca6
c5_random_same_word_seed_01,3,1,344,1,0.5184919771599487,20260627,2eea3dd5e7f5614b03483db4b1fce8c9f45257cace13029b9d9f16dcca04327e,1f16fc714b8611747bef399987f1a60b24b476bf73e87fd932f5e23a6d230ca6
c5_random_same_word_seed_01,3,1,350,1,0.4984637167266028,20260627,2eea3dd5e7f5614b03483db4b1fce8c9f45257cace13029b9d9f16dcca04327e,1f16fc714b8611747bef399987f1a60b24b476bf73e87fd932f5e23a6d230ca6
c5_random_same_word_seed_01,3,1,351,1,0.4950395225822552,20260627,2eea3dd5e7f5614b03483db4b1fce8c9f45257cace13029b9d9f16dcca04327e,1f16fc714b8611747bef399987f1a60b24b476bf73e87fd932f5e23a6d230ca6
c5_random_same_word_seed_01,3,1,353,1,0.47650585465400747,20260627,2eea3dd5e7f5614b03483db4b1fce8c9f45257cace13029b9d9f16dcca04327e,1f16fc714b8611747bef399987f1a60b24b476bf73e87fd932f5e23a6d230ca6
c5_random_same_word_seed_01,3,1,357,0,0.42031645889569996,20260627,2eea3dd5e7f5614b03483db4b1fce8c9f45257cace13029b9d9f16dcca04327e,1f16fc714b8611747bef399987f1a60b24b476bf73e87fd932f5e23a6d230ca6
c5_random_same_word_seed_01,3,1,371,0,0.43648544660272126,20260627,2eea3dd5e7f5614b03483db4b1fce8c9f45257cace13029b9d9f16dcca04327e,1f16fc714b8611747bef399987f1a60b24b476bf73e87fd932f5e23a6d230ca6
c5_random_same_word_seed_01,3,1,379,0,0.4573530353737729,20260627,2eea3dd5e7f5614b03483db4b1fce8c9f45257cace13029b9d9f16dcca04327e,1f16fc714b8611747bef399987f1a60b24b476bf73e87fd932f5e23a6d230ca6
c5_random_same_word_seed_01,3,1,382,0,0.4544391283728419,20260627,2eea3dd5e7f5614b03483db4b1fce8c9f45257cace13029b9d9f16dcca04327e,1f16fc714b8611747bef399987f1a60b24b476bf73e87fd932f5e23a6d230ca6
c5_random_same_word_seed_01,3,1,385,0,0.38883752961768897,20260627,2eea3dd5e7f5614b03483db4b1fce8c9f45257cace13029b9d9f16dcca04327e,1f16fc714b8611747bef399987f1a60b24b476bf73e87fd932f5e23a6d230ca6
c5_random_same_word_seed_01,3,1,392,0,0.46347894035192827,20260627,2eea3dd5e7f5614b03483db4b1fce8c9f45257cace13029b9d9f16dcca04327e,1f16fc714b8611747bef399987f1a60b24b476bf73e87fd932f5e23a6d230ca6
c5_random_same_word_seed_01,3,1,395,0,0.44463252925313085,20260627,2eea3dd5e7f5614b03483db4b1fce8c9f45257cace13029b9d9f16dcca04327e,1f16fc714b8611747bef399987f1a60b24b476bf73e87fd932f5e23a6d230ca6
c5_random_same_word_seed_01,3,1,409,1,0.47557592463355275,20260627,2eea3dd5e7f5614b03483db4b1fce8c9f45257cace13029b9d9f16dcca04327e,1f16fc714b8611747bef399987f1a60b24b476bf73e87fd932f5e23a6d230ca6
c5_random_same_word_seed_01,3,1,418,1,0.5006295063370189,20260627,2eea3dd5e7f5614b03483db4b1fce8c9f45257cace13029b9d9f16dcca04327e,1f16fc714b8611747bef399987f1a60b24b476bf73e87fd932f5e23a6d230ca6
c5_random_same_word_seed_01,3,1,425,0,0.5208233825398458,20260627,2eea3dd5e7f5614b03483db4b1fce8c9f45257cace13029b9d9f16dcca04327e,1f16fc714b8611747bef399987f1a60b24b476bf73e87fd932f5e23a6d230ca6
c5_random_same_word_seed_01,3,1,428,0,0.40093805810320404,20260627,2eea3dd5e7f5614b03483db4b1fce8c9f45257cace13029b9d9f16dcca04327e,1f16fc714b8611747bef399987f1a60b24b476bf73e87fd932f5e23a6d230ca6
c5_random_same_word_seed_01,3,1,434,0,0.5124345082680039,20260627,2eea3dd5e7f5614b03483db4b1fce8c9f45257cace13029b9d9f16dcca04327e,1f16fc714b8611747bef399987f1a60b24b476bf73e87fd932f5e23a6d230ca6
c5_random_same_word_seed_01,3,1,436,0,0.4672927050000142,20260627,2eea3dd5e7f5614b03483db4b1fce8c9f45257cace13029b9d9f16dcca04327e,1f16fc714b8611747bef399987f1a60b24b476bf73e87fd932f5e23a6d230ca6
c5_random_same_word_seed_01,3,1,440,1,0.5379326705391106,20260627,2eea3dd5e7f5614b03483db4b1fce8c9f45257cace13029b9d9f16dcca04327e,1f16fc714b8611747bef399987f1a60b24b476bf73e87fd932f5e23a6d230ca6
c5_random_same_word_seed_01,3,1,441,1,0.4656783080665369,20260627,2eea3dd5e7f5614b03483db4b1fce8c9f45257cace13029b9d9f16dcca04327e,1f16fc714b8611747bef399987f1a60b24b476bf73e87fd932f5e23a6d230ca6
c5_random_same_word_seed_01,3,1,443,0,0.41096527435443525,20260627,2eea3dd5e7f5614b03483db4b1fce8c9f45257cace13029b9d9f16dcca04327e,1f16fc714b8611747bef399987f1a60b24b476bf73e87fd932f5e23a6d230ca6
c5_random_same_word_seed_01,3,1,447,0,0.45567157094959837,20260627,2eea3dd5e7f5614b03483db4b1fce8c9f45257cace13029b9d9f16dcca04327e,1f16fc714b8611747bef399987f1a60b24b476bf73e87fd932f5e23a6d230ca6
c5_random_same_word_seed_01,3,1,464,0,0.45412122825246964,20260627,2eea3dd5e7f5614b03483db4b1fce8c9f45257cace13029b9d9f16dcca04327e,1f16fc714b8611747bef399987f1a60b24b476bf73e87fd932f5e23a6d230ca6
c5_random_same_word_seed_01,3,1,478,0,0.49336572187478234,20260627,2eea3dd5e7f5614b03483db4b1fce8c9f45257cace13029b9d9f16dcca04327e,1f16fc714b8611747bef399987f1a60b24b476bf73e87fd932f5e23a6d230ca6
c5_random_same_word_seed_01,3,2,304,0,0.41190251069061073,20260627,5c170937764175f5f31fb62d39ae06413022f4305aa9482cfe98fa93001c67e0,c5f49266352ec843cb801f3ba88c103f7659e83330bb024f28b7a8eb25e9f274
c5_random_same_word_seed_01,3,2,307,0,0.461882260703589,20260627,5c170937764175f5f31fb62d39ae06413022f4305aa9482cfe98fa93001c67e0,c5f49266352ec843cb801f3ba88c103f7659e83330bb024f28b7a8eb25e9f274
c5_random_same_word_seed_01,3,2,312,0,0.45345492468447457,20260627,5c170937764175f5f31fb62d39ae06413022f4305aa9482cfe98fa93001c67e0,c5f49266352ec843cb801f3ba88c103f7659e83330bb024f28b7a8eb25e9f274
c5_random_same_word_seed_01,3,2,316,0,0.3905312870262318,20260627,5c170937764175f5f31fb62d39ae06413022f4305aa9482cfe98fa93001c67e0,c5f49266352ec843cb801f3ba88c103f7659e83330bb024f28b7a8eb25e9f274
c5_random_same_word_seed_01,3,2,319,1,0.4414268249198584,20260627,5c170937764175f5f31fb62d39ae06413022f4305aa9482cfe98fa93001c67e0,c5f49266352ec843cb801f3ba88c103f7659e83330bb024f28b7a8eb25e9f274
c5_random_same_word_seed_01,3,2,320,1,0.5117684095982803,20260627,5c170937764175f5f31fb62d39ae06413022f4305aa9482cfe98fa93001c67e0,c5f49266352ec843cb801f3ba88c103f7659e83330bb024f28b7a8eb25e9f274
c5_random_same_word_seed_01,3,2,328,0,0.4432269003243262,20260627,5c170937764175f5f31fb62d39ae06413022f4305aa9482cfe98fa93001c67e0,c5f49266352ec843cb801f3ba88c103f7659e83330bb024f28b7a8eb25e9f274
c5_random_same_word_seed_01,3,2,335,1,0.5387567173206322,20260627,5c170937764175f5f31fb62d39ae06413022f4305aa9482cfe98fa93001c67e0,c5f49266352ec843cb801f3ba88c103f7659e83330bb024f28b7a8eb25e9f274
c5_random_same_word_seed_01,3,2,336,0,0.47629622598557736,20260627,5c170937764175f5f31fb62d39ae06413022f4305aa9482cfe98fa93001c67e0,c5f49266352ec843cb801f3ba88c103f7659e83330bb024f28b7a8eb25e9f274
c5_random_same_word_seed_01,3,2,362,1,0.5106601295738463,20260627,5c170937764175f5f31fb62d39ae06413022f4305aa9482cfe98fa93001c67e0,c5f49266352ec843cb801f3ba88c103f7659e83330bb024f28b7a8eb25e9f274
c5_random_same_word_seed_01,3,2,363,0,0.4594087375490862,20260627,5c170937764175f5f31fb62d39ae06413022f4305aa9482cfe98fa93001c67e0,c5f49266352ec843cb801f3ba88c103f7659e83330bb024f28b7a8eb25e9f274
c5_random_same_word_seed_01,3,2,364,0,0.486480355065533,20260627,5c170937764175f5f31fb62d39ae06413022f4305aa9482cfe98fa93001c67e0,c5f49266352ec843cb801f3ba88c103f7659e83330bb024f28b7a8eb25e9f274
c5_random_same_word_seed_01,3,2,367,1,0.499826394227781,20260627,5c170937764175f5f31fb62d39ae06413022f4305aa9482cfe98fa93001c67e0,c5f49266352ec843cb801f3ba88c103f7659e83330bb024f28b7a8eb25e9f274
c5_random_same_word_seed_01,3,2,369,0,0.4968770018559005,20260627,5c170937764175f5f31fb62d39ae06413022f4305aa9482cfe98fa93001c67e0,c5f49266352ec843cb801f3ba88c103f7659e83330bb024f28b7a8eb25e9f274
c5_random_same_word_seed_01,3,2,374,0,0.5123874509892128,20260627,5c170937764175f5f31fb62d39ae06413022f4305aa9482cfe98fa93001c67e0,c5f49266352ec843cb801f3ba88c103f7659e83330bb024f28b7a8eb25e9f274
c5_random_same_word_seed_01,3,2,377,1,0.49683910934898573,20260627,5c170937764175f5f31fb62d39ae06413022f4305aa9482cfe98fa93001c67e0,c5f49266352ec843cb801f3ba88c103f7659e83330bb024f28b7a8eb25e9f274
c5_random_same_word_seed_01,3,2,381,1,0.5426617798587626,20260627,5c170937764175f5f31fb62d39ae06413022f4305aa9482cfe98fa93001c67e0,c5f49266352ec843cb801f3ba88c103f7659e83330bb024f28b7a8eb25e9f274
c5_random_same_word_seed_01,3,2,388,1,0.43754802015836386,20260627,5c170937764175f5f31fb62d39ae06413022f4305aa9482cfe98fa93001c67e0,c5f49266352ec843cb801f3ba88c103f7659e83330bb024f28b7a8eb25e9f274
c5_random_same_word_seed_01,3,2,415,0,0.5180717522785272,20260627,5c170937764175f5f31fb62d39ae06413022f4305aa9482cfe98fa93001c67e0,c5f49266352ec843cb801f3ba88c103f7659e83330bb024f28b7a8eb25e9f274
c5_random_same_word_seed_01,3,2,416,0,0.4973529774899373,20260627,5c170937764175f5f31fb62d39ae06413022f4305aa9482cfe98fa93001c67e0,c5f49266352ec843cb801f3ba88c103f7659e83330bb024f28b7a8eb25e9f274
c5_random_same_word_seed_01,3,2,417,0,0.524034292898638,20260627,5c170937764175f5f31fb62d39ae06413022f4305aa9482cfe98fa93001c67e0,c5f49266352ec843cb801f3ba88c103f7659e83330bb024f28b7a8eb25e9f274
c5_random_same_word_seed_01,3,2,420,0,0.4934037371944117,20260627,5c170937764175f5f31fb62d39ae06413022f4305aa9482cfe98fa93001c67e0,c5f49266352ec843cb801f3ba88c103f7659e83330bb024f28b7a8eb25e9f274
c5_random_same_word_seed_01,3,2,433,1,0.4491777509803494,20260627,5c170937764175f5f31fb62d39ae06413022f4305aa9482cfe98fa93001c67e0,c5f49266352ec843cb801f3ba88c103f7659e83330bb024f28b7a8eb25e9f274
c5_random_same_word_seed_01,3,2,445,0,0.5246840191039415,20260627,5c170937764175f5f31fb62d39ae06413022f4305aa9482cfe98fa93001c67e0,c5f49266352ec843cb801f3ba88c103f7659e83330bb024f28b7a8eb25e9f274
c5_random_same_word_seed_01,3,2,455,0,0.487764272123228,20260627,5c170937764175f5f31fb62d39ae06413022f4305aa9482cfe98fa93001c67e0,c5f49266352ec843cb801f3ba88c103f7659e83330bb024f28b7a8eb25e9f274
c5_random_same_word_seed_01,3,2,463,0,0.48136633501683773,20260627,5c170937764175f5f31fb62d39ae06413022f4305aa9482cfe98fa93001c67e0,c5f49266352ec843cb801f3ba88c103f7659e83330bb024f28b7a8eb25e9f274
c5_random_same_word_seed_01,3,2,468,0,0.5054338706117824,20260627,5c170937764175f5f31fb62d39ae06413022f4305aa9482cfe98fa93001c67e0,c5f49266352ec843cb801f3ba88c103f7659e83330bb024f28b7a8eb25e9f274
c5_random_same_word_seed_01,3,2,477,0,0.5272994372023766,20260627,5c170937764175f5f31fb62d39ae06413022f4305aa9482cfe98fa93001c67e0,c5f49266352ec843cb801f3ba88c103f7659e83330bb024f28b7a8eb25e9f274
c5_random_same_word_seed_01,3,2,487,0,0.5074949877844777,20260627,5c170937764175f5f31fb62d39ae06413022f4305aa9482cfe98fa93001c67e0,c5f49266352ec843cb801f3ba88c103f7659e83330bb024f28b7a8eb25e9f274
c5_random_same_word_seed_01,3,3,302,0,0.45251491112481196,20260627,151f3b81d21b6df90b4094c82ac29565bb81f4e356bd1b5a8cbd94ed11cd6983,9486a7e21f505c2481cf5f97f4f297e7145bd1423a39282e04f732067a655bfc
c5_random_same_word_seed_01,3,3,303,0,0.4582600332695793,20260627,151f3b81d21b6df90b4094c82ac29565bb81f4e356bd1b5a8cbd94ed11cd6983,9486a7e21f505c2481cf5f97f4f297e7145bd1423a39282e04f732067a655bfc
c5_random_same_word_seed_01,3,3,313,0,0.4122720638565512,20260627,151f3b81d21b6df90b4094c82ac29565bb81f4e356bd1b5a8cbd94ed11cd6983,9486a7e21f505c2481cf5f97f4f297e7145bd1423a39282e04f732067a655bfc
c5_random_same_word_seed_01,3,3,326,0,0.3715790332542696,20260627,151f3b81d21b6df90b4094c82ac29565bb81f4e356bd1b5a8cbd94ed11cd6983,9486a7e21f505c2481cf5f97f4f297e7145bd1423a39282e04f732067a655bfc
c5_random_same_word_seed_01,3,3,333,0,0.4906195124814251,20260627,151f3b81d21b6df90b4094c82ac29565bb81f4e356bd1b5a8cbd94ed11cd6983,9486a7e21f505c2481cf5f97f4f297e7145bd1423a39282e04f732067a655bfc
c5_random_same_word_seed_01,3,3,346,1,0.5896739259801653,20260627,151f3b81d21b6df90b4094c82ac29565bb81f4e356bd1b5a8cbd94ed11cd6983,9486a7e21f505c2481cf5f97f4f297e7145bd1423a39282e04f732067a655bfc
c5_random_same_word_seed_01,3,3,347,1,0.455528461756277,20260627,151f3b81d21b6df90b4094c82ac29565bb81f4e356bd1b5a8cbd94ed11cd6983,9486a7e21f505c2481cf5f97f4f297e7145bd1423a39282e04f732067a655bfc
c5_random_same_word_seed_01,3,3,348,1,0.4586206056924362,20260627,151f3b81d21b6df90b4094c82ac29565bb81f4e356bd1b5a8cbd94ed11cd6983,9486a7e21f505c2481cf5f97f4f297e7145bd1423a39282e04f732067a655bfc
c5_random_same_word_seed_01,3,3,352,1,0.5370036379243304,20260627,151f3b81d21b6df90b4094c82ac29565bb81f4e356bd1b5a8cbd94ed11cd6983,9486a7e21f505c2481cf5f97f4f297e7145bd1423a39282e04f732067a655bfc
c5_random_same_word_seed_01,3,3,358,0,0.4387692870799426,20260627,151f3b81d21b6df90b4094c82ac29565bb81f4e356bd1b5a8cbd94ed11cd6983,9486a7e21f505c2481cf5f97f4f297e7145bd1423a39282e04f732067a655bfc
c5_random_same_word_seed_01,3,3,360,0,0.46692267873928894,20260627,151f3b81d21b6df90b4094c82ac29565bb81f4e356bd1b5a8cbd94ed11cd6983,9486a7e21f505c2481cf5f97f4f297e7145bd1423a39282e04f732067a655bfc
c5_random_same_word_seed_01,3,3,366,0,0.49854831146224515,20260627,151f3b81d21b6df90b4094c82ac29565bb81f4e356bd1b5a8cbd94ed11cd6983,9486a7e21f505c2481cf5f97f4f297e7145bd1423a39282e04f732067a655bfc
c5_random_same_word_seed_01,3,3,368,0,0.5040183518611656,20260627,151f3b81d21b6df90b4094c82ac29565bb81f4e356bd1b5a8cbd94ed11cd6983,9486a7e21f505c2481cf5f97f4f297e7145bd1423a39282e04f732067a655bfc
c5_random_same_word_seed_01,3,3,393,0,0.42000338271651205,20260627,151f3b81d21b6df90b4094c82ac29565bb81f4e356bd1b5a8cbd94ed11cd6983,9486a7e21f505c2481cf5f97f4f297e7145bd1423a39282e04f732067a655bfc
c5_random_same_word_seed_01,3,3,397,0,0.4858158335404773,20260627,151f3b81d21b6df90b4094c82ac29565bb81f4e356bd1b5a8cbd94ed11cd6983,9486a7e21f505c2481cf5f97f4f297e7145bd1423a39282e04f732067a655bfc
c5_random_same_word_seed_01,3,3,400,0,0.4353277522659132,20260627,151f3b81d21b6df90b4094c82ac29565bb81f4e356bd1b5a8cbd94ed11cd6983,9486a7e21f505c2481cf5f97f4f297e7145bd1423a39282e04f732067a655bfc
c5_random_same_word_seed_01,3,3,401,0,0.4417298774998997,20260627,151f3b81d21b6df90b4094c82ac29565bb81f4e356bd1b5a8cbd94ed11cd6983,9486a7e21f505c2481cf5f97f4f297e7145bd1423a39282e04f732067a655bfc
c5_random_same_word_seed_01,3,3,403,0,0.4699041711734994,20260627,151f3b81d21b6df90b4094c82ac29565bb81f4e356bd1b5a8cbd94ed11cd6983,9486a7e21f505c2481cf5f97f4f297e7145bd1423a39282e04f732067a655bfc
c5_random_same_word_seed_01,3,3,413,1,0.5061906419045503,20260627,151f3b81d21b6df90b4094c82ac29565bb81f4e356bd1b5a8cbd94ed11cd6983,9486a7e21f505c2481cf5f97f4f297e7145bd1423a39282e04f732067a655bfc
c5_random_same_word_seed_01,3,3,426,1,0.47759801939651136,20260627,151f3b81d21b6df90b4094c82ac29565bb81f4e356bd1b5a8cbd94ed11cd6983,9486a7e21f505c2481cf5f97f4f297e7145bd1423a39282e04f732067a655bfc
c5_random_same_word_seed_01,3,3,454,0,0.4766754200778617,20260627,151f3b81d21b6df90b4094c82ac29565bb81f4e356bd1b5a8cbd94ed11cd6983,9486a7e21f505c2481cf5f97f4f297e7145bd1423a39282e04f732067a655bfc
c5_random_same_word_seed_01,3,3,458,0,0.4868460345840135,20260627,151f3b81d21b6df90b4094c82ac29565bb81f4e356bd1b5a8cbd94ed11cd6983,9486a7e21f505c2481cf5f97f4f297e7145bd1423a39282e04f732067a655bfc
c5_random_same_word_seed_01,3,3,459,1,0.4858958536811362,20260627,151f3b81d21b6df90b4094c82ac29565bb81f4e356bd1b5a8cbd94ed11cd6983,9486a7e21f505c2481cf5f97f4f297e7145bd1423a39282e04f732067a655bfc
c5_random_same_word_seed_01,3,3,476,0,0.4465322158057713,20260627,151f3b81d21b6df90b4094c82ac29565bb81f4e356bd1b5a8cbd94ed11cd6983,9486a7e21f505c2481cf5f97f4f297e7145bd1423a39282e04f732067a655bfc
c5_random_same_word_seed_01,3,3,482,0,0.5110029530868309,20260627,151f3b81d21b6df90b4094c82ac29565bb81f4e356bd1b5a8cbd94ed11cd6983,9486a7e21f505c2481cf5f97f4f297e7145bd1423a39282e04f732067a655bfc
c5_random_same_word_seed_01,3,3,483,1,0.44004974260530416,20260627,151f3b81d21b6df90b4094c82ac29565bb81f4e356bd1b5a8cbd94ed11cd6983,9486a7e21f505c2481cf5f97f4f297e7145bd1423a39282e04f732067a655bfc
c5_random_same_word_seed_01,3,3,484,0,0.5260881845360474,20260627,151f3b81d21b6df90b4094c82ac29565bb81f4e356bd1b5a8cbd94ed11cd6983,9486a7e21f505c2481cf5f97f4f297e7145bd1423a39282e04f732067a655bfc
c5_random_same_word_seed_01,3,3,488,0,0.48625561149126617,20260627,151f3b81d21b6df90b4094c82ac29565bb81f4e356bd1b5a8cbd94ed11cd6983,9486a7e21f505c2481cf5f97f4f297e7145bd1423a39282e04f732067a655bfc
c5_random_same_word_seed_01,3,4,318,0,0.42434089315275153,20260627,aa81a7bca4153bf078228e2c8004f3f7c1cce137579ab6067dd67a4d7536e066,0d129a00b4a34ff11e762fb72f347f485c65acd726d6aeeb0c2edb4f3f437b03
c5_random_same_word_seed_01,3,4,321,1,0.4873552703926569,20260627,aa81a7bca4153bf078228e2c8004f3f7c1cce137579ab6067dd67a4d7536e066,0d129a00b4a34ff11e762fb72f347f485c65acd726d6aeeb0c2edb4f3f437b03
c5_random_same_word_seed_01,3,4,324,0,0.44586432454510566,20260627,aa81a7bca4153bf078228e2c8004f3f7c1cce137579ab6067dd67a4d7536e066,0d129a00b4a34ff11e762fb72f347f485c65acd726d6aeeb0c2edb4f3f437b03
c5_random_same_word_seed_01,3,4,325,1,0.5565481672430294,20260627,aa81a7bca4153bf078228e2c8004f3f7c1cce137579ab6067dd67a4d7536e066,0d129a00b4a34ff11e762fb72f347f485c65acd726d6aeeb0c2edb4f3f437b03
c5_random_same_word_seed_01,3,4,327,0,0.5353368975018088,20260627,aa81a7bca4153bf078228e2c8004f3f7c1cce137579ab6067dd67a4d7536e066,0d129a00b4a34ff11e762fb72f347f485c65acd726d6aeeb0c2edb4f3f437b03
c5_random_same_word_seed_01,3,4,330,1,0.43011553707211087,20260627,aa81a7bca4153bf078228e2c8004f3f7c1cce137579ab6067dd67a4d7536e066,0d129a00b4a34ff11e762fb72f347f485c65acd726d6aeeb0c2edb4f3f437b03
c5_random_same_word_seed_01,3,4,331,0,0.5104783332090542,20260627,aa81a7bca4153bf078228e2c8004f3f7c1cce137579ab6067dd67a4d7536e066,0d129a00b4a34ff11e762fb72f347f485c65acd726d6aeeb0c2edb4f3f437b03
c5_random_same_word_seed_01,3,4,372,1,0.5070155662442648,20260627,aa81a7bca4153bf078228e2c8004f3f7c1cce137579ab6067dd67a4d7536e066,0d129a00b4a34ff11e762fb72f347f485c65acd726d6aeeb0c2edb4f3f437b03
c5_random_same_word_seed_01,3,4,376,1,0.5303114937337169,20260627,aa81a7bca4153bf078228e2c8004f3f7c1cce137579ab6067dd67a4d7536e066,0d129a00b4a34ff11e762fb72f347f485c65acd726d6aeeb0c2edb4f3f437b03
c5_random_same_word_seed_01,3,4,380,1,0.5093243011375105,20260627,aa81a7bca4153bf078228e2c8004f3f7c1cce137579ab6067dd67a4d7536e066,0d129a00b4a34ff11e762fb72f347f485c65acd726d6aeeb0c2edb4f3f437b03
c5_random_same_word_seed_01,3,4,386,1,0.44982489877914605,20260627,aa81a7bca4153bf078228e2c8004f3f7c1cce137579ab6067dd67a4d7536e066,0d129a00b4a34ff11e762fb72f347f485c65acd726d6aeeb0c2edb4f3f437b03
c5_random_same_word_seed_01,3,4,391,0,0.4439604770294966,20260627,aa81a7bca4153bf078228e2c8004f3f7c1cce137579ab6067dd67a4d7536e066,0d129a00b4a34ff11e762fb72f347f485c65acd726d6aeeb0c2edb4f3f437b03
c5_random_same_word_seed_01,3,4,402,1,0.5128885330466388,20260627,aa81a7bca4153bf078228e2c8004f3f7c1cce137579ab6067dd67a4d7536e066,0d129a00b4a34ff11e762fb72f347f485c65acd726d6aeeb0c2edb4f3f437b03
c5_random_same_word_seed_01,3,4,406,0,0.46518288744497616,20260627,aa81a7bca4153bf078228e2c8004f3f7c1cce137579ab6067dd67a4d7536e066,0d129a00b4a34ff11e762fb72f347f485c65acd726d6aeeb0c2edb4f3f437b03
c5_random_same_word_seed_01,3,4,419,0,0.4907596211165696,20260627,aa81a7bca4153bf078228e2c8004f3f7c1cce137579ab6067dd67a4d7536e066,0d129a00b4a34ff11e762fb72f347f485c65acd726d6aeeb0c2edb4f3f437b03
c5_random_same_word_seed_01,3,4,423,0,0.47613133296152704,20260627,aa81a7bca4153bf078228e2c8004f3f7c1cce137579ab6067dd67a4d7536e066,0d129a00b4a34ff11e762fb72f347f485c65acd726d6aeeb0c2edb4f3f437b03
c5_random_same_word_seed_01,3,4,427,0,0.4212357068483419,20260627,aa81a7bca4153bf078228e2c8004f3f7c1cce137579ab6067dd67a4d7536e066,0d129a00b4a34ff11e762fb72f347f485c65acd726d6aeeb0c2edb4f3f437b03
c5_random_same_word_seed_01,3,4,430,0,0.5010841791414327,20260627,aa81a7bca4153bf078228e2c8004f3f7c1cce137579ab6067dd67a4d7536e066,0d129a00b4a34ff11e762fb72f347f485c65acd726d6aeeb0c2edb4f3f437b03
c5_random_same_word_seed_01,3,4,437,0,0.43539100566890887,20260627,aa81a7bca4153bf078228e2c8004f3f7c1cce137579ab6067dd67a4d7536e066,0d129a00b4a34ff11e762fb72f347f485c65acd726d6aeeb0c2edb4f3f437b03
c5_random_same_word_seed_01,3,4,439,0,0.46275262443759546,20260627,aa81a7bca4153bf078228e2c8004f3f7c1cce137579ab6067dd67a4d7536e066,0d129a00b4a34ff11e762fb72f347f485c65acd726d6aeeb0c2edb4f3f437b03
c5_random_same_word_seed_01,3,4,444,0,0.48703601408965685,20260627,aa81a7bca4153bf078228e2c8004f3f7c1cce137579ab6067dd67a4d7536e066,0d129a00b4a34ff11e762fb72f347f485c65acd726d6aeeb0c2edb4f3f437b03
c5_random_same_word_seed_01,3,4,449,0,0.5038922352040572,20260627,aa81a7bca4153bf078228e2c8004f3f7c1cce137579ab6067dd67a4d7536e066,0d129a00b4a34ff11e762fb72f347f485c65acd726d6aeeb0c2edb4f3f437b03
c5_random_same_word_seed_01,3,4,457,0,0.4888678684990835,20260627,aa81a7bca4153bf078228e2c8004f3f7c1cce137579ab6067dd67a4d7536e066,0d129a00b4a34ff11e762fb72f347f485c65acd726d6aeeb0c2edb4f3f437b03
c5_random_same_word_seed_01,3,4,471,0,0.4665410377084231,20260627,aa81a7bca4153bf078228e2c8004f3f7c1cce137579ab6067dd67a4d7536e066,0d129a00b4a34ff11e762fb72f347f485c65acd726d6aeeb0c2edb4f3f437b03
c5_random_same_word_seed_01,3,4,472,0,0.43613235904789566,20260627,aa81a7bca4153bf078228e2c8004f3f7c1cce137579ab6067dd67a4d7536e066,0d129a00b4a34ff11e762fb72f347f485c65acd726d6aeeb0c2edb4f3f437b03
c5_random_same_word_seed_01,3,4,475,0,0.47175450022414417,20260627,aa81a7bca4153bf078228e2c8004f3f7c1cce137579ab6067dd67a4d7536e066,0d129a00b4a34ff11e762fb72f347f485c65acd726d6aeeb0c2edb4f3f437b03
c5_random_same_word_seed_01,3,4,486,0,0.4131849661417684,20260627,aa81a7bca4153bf078228e2c8004f3f7c1cce137579ab6067dd67a4d7536e066,0d129a00b4a34ff11e762fb72f347f485c65acd726d6aeeb0c2edb4f3f437b03
c5_random_same_word_seed_01,3,4,490,0,0.4569486597064681,20260627,aa81a7bca4153bf078228e2c8004f3f7c1cce137579ab6067dd67a4d7536e066,0d129a00b4a34ff11e762fb72f347f485c65acd726d6aeeb0c2edb4f3f437b03
c5_random_same_word_seed_01,3,5,315,0,0.48521323508012726,20260627,9ccec4f70f31a45ac34db13d647deb0a60f71ce20e9357fcb57a2a17d9ac9350,440e9617346cae42399159e9fd361cb43b50262d938187e84d1cc4a872f4dca8
c5_random_same_word_seed_01,3,5,317,0,0.4701693474878155,20260627,9ccec4f70f31a45ac34db13d647deb0a60f71ce20e9357fcb57a2a17d9ac9350,440e9617346cae42399159e9fd361cb43b50262d938187e84d1cc4a872f4dca8
c5_random_same_word_seed_01,3,5,338,1,0.49825703579949304,20260627,9ccec4f70f31a45ac34db13d647deb0a60f71ce20e9357fcb57a2a17d9ac9350,440e9617346cae42399159e9fd361cb43b50262d938187e84d1cc4a872f4dca8
c5_random_same_word_seed_01,3,5,343,0,0.5103793825671818,20260627,9ccec4f70f31a45ac34db13d647deb0a60f71ce20e9357fcb57a2a17d9ac9350,440e9617346cae42399159e9fd361cb43b50262d938187e84d1cc4a872f4dca8
c5_random_same_word_seed_01,3,5,345,1,0.5389338331183133,20260627,9ccec4f70f31a45ac34db13d647deb0a60f71ce20e9357fcb57a2a17d9ac9350,440e9617346cae42399159e9fd361cb43b50262d938187e84d1cc4a872f4dca8
c5_random_same_word_seed_01,3,5,355,1,0.4318551556145449,20260627,9ccec4f70f31a45ac34db13d647deb0a60f71ce20e9357fcb57a2a17d9ac9350,440e9617346cae42399159e9fd361cb43b50262d938187e84d1cc4a872f4dca8
c5_random_same_word_seed_01,3,5,356,1,0.5424306893257969,20260627,9ccec4f70f31a45ac34db13d647deb0a60f71ce20e9357fcb57a2a17d9ac9350,440e9617346cae42399159e9fd361cb43b50262d938187e84d1cc4a872f4dca8
c5_random_same_word_seed_01,3,5,370,0,0.4956847332172407,20260627,9ccec4f70f31a45ac34db13d647deb0a60f71ce20e9357fcb57a2a17d9ac9350,440e9617346cae42399159e9fd361cb43b50262d938187e84d1cc4a872f4dca8
c5_random_same_word_seed_01,3,5,375,0,0.4170509680689578,20260627,9ccec4f70f31a45ac34db13d647deb0a60f71ce20e9357fcb57a2a17d9ac9350,440e9617346cae42399159e9fd361cb43b50262d938187e84d1cc4a872f4dca8
c5_random_same_word_seed_01,3,5,383,0,0.42107493762758325,20260627,9ccec4f70f31a45ac34db13d647deb0a60f71ce20e9357fcb57a2a17d9ac9350,440e9617346cae42399159e9fd361cb43b50262d938187e84d1cc4a872f4dca8
c5_random_same_word_seed_01,3,5,389,1,0.4865333420680451,20260627,9ccec4f70f31a45ac34db13d647deb0a60f71ce20e9357fcb57a2a17d9ac9350,440e9617346cae42399159e9fd361cb43b50262d938187e84d1cc4a872f4dca8
c5_random_same_word_seed_01,3,5,390,0,0.5103965035147433,20260627,9ccec4f70f31a45ac34db13d647deb0a60f71ce20e9357fcb57a2a17d9ac9350,440e9617346cae42399159e9fd361cb43b50262d938187e84d1cc4a872f4dca8
c5_random_same_word_seed_01,3,5,404,0,0.4868597888493264,20260627,9ccec4f70f31a45ac34db13d647deb0a60f71ce20e9357fcb57a2a17d9ac9350,440e9617346cae42399159e9fd361cb43b50262d938187e84d1cc4a872f4dca8
c5_random_same_word_seed_01,3,5,412,1,0.4436983067483842,20260627,9ccec4f70f31a45ac34db13d647deb0a60f71ce20e9357fcb57a2a17d9ac9350,440e9617346cae42399159e9fd361cb43b50262d938187e84d1cc4a872f4dca8
c5_random_same_word_seed_01,3,5,414,1,0.5180119569900705,20260627,9ccec4f70f31a45ac34db13d647deb0a60f71ce20e9357fcb57a2a17d9ac9350,440e9617346cae42399159e9fd361cb43b50262d938187e84d1cc4a872f4dca8
c5_random_same_word_seed_01,3,5,422,1,0.547537638179991,20260627,9ccec4f70f31a45ac34db13d647deb0a60f71ce20e9357fcb57a2a17d9ac9350,440e9617346cae42399159e9fd361cb43b50262d938187e84d1cc4a872f4dca8
c5_random_same_word_seed_01,3,5,429,0,0.45739303564592504,20260627,9ccec4f70f31a45ac34db13d647deb0a60f71ce20e9357fcb57a2a17d9ac9350,440e9617346cae42399159e9fd361cb43b50262d938187e84d1cc4a872f4dca8
c5_random_same_word_seed_01,3,5,446,0,0.5105707836600721,20260627,9ccec4f70f31a45ac34db13d647deb0a60f71ce20e9357fcb57a2a17d9ac9350,440e9617346cae42399159e9fd361cb43b50262d938187e84d1cc4a872f4dca8
c5_random_same_word_seed_01,3,5,448,1,0.4258445225136575,20260627,9ccec4f70f31a45ac34db13d647deb0a60f71ce20e9357fcb57a2a17d9ac9350,440e9617346cae42399159e9fd361cb43b50262d938187e84d1cc4a872f4dca8
c5_random_same_word_seed_01,3,5,451,0,0.4929517923814185,20260627,9ccec4f70f31a45ac34db13d647deb0a60f71ce20e9357fcb57a2a17d9ac9350,440e9617346cae42399159e9fd361cb43b50262d938187e84d1cc4a872f4dca8
c5_random_same_word_seed_01,3,5,456,0,0.45069209549734485,20260627,9ccec4f70f31a45ac34db13d647deb0a60f71ce20e9357fcb57a2a17d9ac9350,440e9617346cae42399159e9fd361cb43b50262d938187e84d1cc4a872f4dca8
c5_random_same_word_seed_01,3,5,473,0,0.43342655396289437,20260627,9ccec4f70f31a45ac34db13d647deb0a60f71ce20e9357fcb57a2a17d9ac9350,440e9617346cae42399159e9fd361cb43b50262d938187e84d1cc4a872f4dca8
c5_random_same_word_seed_01,3,5,474,0,0.5127489728204652,20260627,9ccec4f70f31a45ac34db13d647deb0a60f71ce20e9357fcb57a2a17d9ac9350,440e9617346cae42399159e9fd361cb43b50262d938187e84d1cc4a872f4dca8
c5_random_same_word_seed_01,3,5,479,0,0.46941009402150663,20260627,9ccec4f70f31a45ac34db13d647deb0a60f71ce20e9357fcb57a2a17d9ac9350,440e9617346cae42399159e9fd361cb43b50262d938187e84d1cc4a872f4dca8
c5_random_same_word_seed_01,3,5,485,0,0.453046836694339,20260627,9ccec4f70f31a45ac34db13d647deb0a60f71ce20e9357fcb57a2a17d9ac9350,440e9617346cae42399159e9fd361cb43b50262d938187e84d1cc4a872f4dca8
c5_random_same_word_seed_01,3,5,489,0,0.4204408284997384,20260627,9ccec4f70f31a45ac34db13d647deb0a60f71ce20e9357fcb57a2a17d9ac9350,440e9617346cae42399159e9fd361cb43b50262d938187e84d1cc4a872f4dca8
c5_random_same_word_seed_01,3,5,491,0,0.48345666682981725,20260627,9ccec4f70f31a45ac34db13d647deb0a60f71ce20e9357fcb57a2a17d9ac9350,440e9617346cae42399159e9fd361cb43b50262d938187e84d1cc4a872f4dca8
c5_random_same_word_seed_01,3,5,492,0,0.37659063223263467,20260627,9ccec4f70f31a45ac34db13d647deb0a60f71ce20e9357fcb57a2a17d9ac9350,440e9617346cae42399159e9fd361cb43b50262d938187e84d1cc4a872f4dca8
c5_random_same_word_seed_01,4,1,302,0,0.4472919959151922,20260628,43d4576df537443a3264e5c057a3cfbe98824c3a3152dc3892e41762d4412f24,05f50d44395f28de7854a38c9567b9edc015cf7a37d69ce602674798742deab9
c5_random_same_word_seed_01,4,1,305,0,0.4975910930350508,20260628,43d4576df537443a3264e5c057a3cfbe98824c3a3152dc3892e41762d4412f24,05f50d44395f28de7854a38c9567b9edc015cf7a37d69ce602674798742deab9
c5_random_same_word_seed_01,4,1,313,0,0.42983350237762386,20260628,43d4576df537443a3264e5c057a3cfbe98824c3a3152dc3892e41762d4412f24,05f50d44395f28de7854a38c9567b9edc015cf7a37d69ce602674798742deab9
c5_random_same_word_seed_01,4,1,319,1,0.4174819769024605,20260628,43d4576df537443a3264e5c057a3cfbe98824c3a3152dc3892e41762d4412f24,05f50d44395f28de7854a38c9567b9edc015cf7a37d69ce602674798742deab9
c5_random_same_word_seed_01,4,1,330,1,0.41810879638345294,20260628,43d4576df537443a3264e5c057a3cfbe98824c3a3152dc3892e41762d4412f24,05f50d44395f28de7854a38c9567b9edc015cf7a37d69ce602674798742deab9
c5_random_same_word_seed_01,4,1,339,1,0.49554155315596327,20260628,43d4576df537443a3264e5c057a3cfbe98824c3a3152dc3892e41762d4412f24,05f50d44395f28de7854a38c9567b9edc015cf7a37d69ce602674798742deab9
c5_random_same_word_seed_01,4,1,340,0,0.476839436564927,20260628,43d4576df537443a3264e5c057a3cfbe98824c3a3152dc3892e41762d4412f24,05f50d44395f28de7854a38c9567b9edc015cf7a37d69ce602674798742deab9
c5_random_same_word_seed_01,4,1,343,0,0.538212528289048,20260628,43d4576df537443a3264e5c057a3cfbe98824c3a3152dc3892e41762d4412f24,05f50d44395f28de7854a38c9567b9edc015cf7a37d69ce602674798742deab9
c5_random_same_word_seed_01,4,1,344,1,0.5446228318592062,20260628,43d4576df537443a3264e5c057a3cfbe98824c3a3152dc3892e41762d4412f24,05f50d44395f28de7854a38c9567b9edc015cf7a37d69ce602674798742deab9
c5_random_same_word_seed_01,4,1,345,1,0.5524586461067197,20260628,43d4576df537443a3264e5c057a3cfbe98824c3a3152dc3892e41762d4412f24,05f50d44395f28de7854a38c9567b9edc015cf7a37d69ce602674798742deab9
c5_random_same_word_seed_01,4,1,355,1,0.4497421997499377,20260628,43d4576df537443a3264e5c057a3cfbe98824c3a3152dc3892e41762d4412f24,05f50d44395f28de7854a38c9567b9edc015cf7a37d69ce602674798742deab9
c5_random_same_word_seed_01,4,1,364,0,0.4905862931136596,20260628,43d4576df537443a3264e5c057a3cfbe98824c3a3152dc3892e41762d4412f24,05f50d44395f28de7854a38c9567b9edc015cf7a37d69ce602674798742deab9
c5_random_same_word_seed_01,4,1,370,0,0.51861774619604,20260628,43d4576df537443a3264e5c057a3cfbe98824c3a3152dc3892e41762d4412f24,05f50d44395f28de7854a38c9567b9edc015cf7a37d69ce602674798742deab9
c5_random_same_word_seed_01,4,1,390,0,0.5055609249027851,20260628,43d4576df537443a3264e5c057a3cfbe98824c3a3152dc3892e41762d4412f24,05f50d44395f28de7854a38c9567b9edc015cf7a37d69ce602674798742deab9
c5_random_same_word_seed_01,4,1,393,0,0.45090571622976705,20260628,43d4576df537443a3264e5c057a3cfbe98824c3a3152dc3892e41762d4412f24,05f50d44395f28de7854a38c9567b9edc015cf7a37d69ce602674798742deab9
c5_random_same_word_seed_01,4,1,400,0,0.42698314260772335,20260628,43d4576df537443a3264e5c057a3cfbe98824c3a3152dc3892e41762d4412f24,05f50d44395f28de7854a38c9567b9edc015cf7a37d69ce602674798742deab9
c5_random_same_word_seed_01,4,1,404,0,0.49857453355968057,20260628,43d4576df537443a3264e5c057a3cfbe98824c3a3152dc3892e41762d4412f24,05f50d44395f28de7854a38c9567b9edc015cf7a37d69ce602674798742deab9
c5_random_same_word_seed_01,4,1,412,1,0.43501258994121195,20260628,43d4576df537443a3264e5c057a3cfbe98824c3a3152dc3892e41762d4412f24,05f50d44395f28de7854a38c9567b9edc015cf7a37d69ce602674798742deab9
c5_random_same_word_seed_01,4,1,414,1,0.5181339191753126,20260628,43d4576df537443a3264e5c057a3cfbe98824c3a3152dc3892e41762d4412f24,05f50d44395f28de7854a38c9567b9edc015cf7a37d69ce602674798742deab9
c5_random_same_word_seed_01,4,1,425,0,0.532225548396273,20260628,43d4576df537443a3264e5c057a3cfbe98824c3a3152dc3892e41762d4412f24,05f50d44395f28de7854a38c9567b9edc015cf7a37d69ce602674798742deab9
c5_random_same_word_seed_01,4,1,427,0,0.4401767626567959,20260628,43d4576df537443a3264e5c057a3cfbe98824c3a3152dc3892e41762d4412f24,05f50d44395f28de7854a38c9567b9edc015cf7a37d69ce602674798742deab9
c5_random_same_word_seed_01,4,1,429,0,0.46378889769300086,20260628,43d4576df537443a3264e5c057a3cfbe98824c3a3152dc3892e41762d4412f24,05f50d44395f28de7854a38c9567b9edc015cf7a37d69ce602674798742deab9
c5_random_same_word_seed_01,4,1,436,0,0.4443185725441028,20260628,43d4576df537443a3264e5c057a3cfbe98824c3a3152dc3892e41762d4412f24,05f50d44395f28de7854a38c9567b9edc015cf7a37d69ce602674798742deab9
c5_random_same_word_seed_01,4,1,440,1,0.5350243432512387,20260628,43d4576df537443a3264e5c057a3cfbe98824c3a3152dc3892e41762d4412f24,05f50d44395f28de7854a38c9567b9edc015cf7a37d69ce602674798742deab9
c5_random_same_word_seed_01,4,1,449,0,0.5142402027014175,20260628,43d4576df537443a3264e5c057a3cfbe98824c3a3152dc3892e41762d4412f24,05f50d44395f28de7854a38c9567b9edc015cf7a37d69ce602674798742deab9
c5_random_same_word_seed_01,4,1,456,0,0.44756048796275527,20260628,43d4576df537443a3264e5c057a3cfbe98824c3a3152dc3892e41762d4412f24,05f50d44395f28de7854a38c9567b9edc015cf7a37d69ce602674798742deab9
c5_random_same_word_seed_01,4,1,482,0,0.49228823747978806,20260628,43d4576df537443a3264e5c057a3cfbe98824c3a3152dc3892e41762d4412f24,05f50d44395f28de7854a38c9567b9edc015cf7a37d69ce602674798742deab9
c5_random_same_word_seed_01,4,1,485,0,0.4576243552308228,20260628,43d4576df537443a3264e5c057a3cfbe98824c3a3152dc3892e41762d4412f24,05f50d44395f28de7854a38c9567b9edc015cf7a37d69ce602674798742deab9
c5_random_same_word_seed_01,4,1,487,0,0.5045796561405744,20260628,43d4576df537443a3264e5c057a3cfbe98824c3a3152dc3892e41762d4412f24,05f50d44395f28de7854a38c9567b9edc015cf7a37d69ce602674798742deab9
c5_random_same_word_seed_01,4,2,303,0,0.4758217936746415,20260628,4cf36b3a9510c9ae2de34fe040aedee932f46c25500790663ed966ae26395e45,09757f28c5fc6147e2c76be80cfbcc1cf6dedef37eb5d924f3d64560441fbcae
c5_random_same_word_seed_01,4,2,316,0,0.4021485145958504,20260628,4cf36b3a9510c9ae2de34fe040aedee932f46c25500790663ed966ae26395e45,09757f28c5fc6147e2c76be80cfbcc1cf6dedef37eb5d924f3d64560441fbcae
c5_random_same_word_seed_01,4,2,325,1,0.5569039136071643,20260628,4cf36b3a9510c9ae2de34fe040aedee932f46c25500790663ed966ae26395e45,09757f28c5fc6147e2c76be80cfbcc1cf6dedef37eb5d924f3d64560441fbcae
c5_random_same_word_seed_01,4,2,328,0,0.47274407695633824,20260628,4cf36b3a9510c9ae2de34fe040aedee932f46c25500790663ed966ae26395e45,09757f28c5fc6147e2c76be80cfbcc1cf6dedef37eb5d924f3d64560441fbcae
c5_random_same_word_seed_01,4,2,333,0,0.4772100125978906,20260628,4cf36b3a9510c9ae2de34fe040aedee932f46c25500790663ed966ae26395e45,09757f28c5fc6147e2c76be80cfbcc1cf6dedef37eb5d924f3d64560441fbcae
c5_random_same_word_seed_01,4,2,346,1,0.58263215809658,20260628,4cf36b3a9510c9ae2de34fe040aedee932f46c25500790663ed966ae26395e45,09757f28c5fc6147e2c76be80cfbcc1cf6dedef37eb5d924f3d64560441fbcae
c5_random_same_word_seed_01,4,2,347,1,0.47932279944640727,20260628,4cf36b3a9510c9ae2de34fe040aedee932f46c25500790663ed966ae26395e45,09757f28c5fc6147e2c76be80cfbcc1cf6dedef37eb5d924f3d64560441fbcae
c5_random_same_word_seed_01,4,2,350,1,0.5245079689237395,20260628,4cf36b3a9510c9ae2de34fe040aedee932f46c25500790663ed966ae26395e45,09757f28c5fc6147e2c76be80cfbcc1cf6dedef37eb5d924f3d64560441fbcae
c5_random_same_word_seed_01,4,2,360,0,0.46989638993386146,20260628,4cf36b3a9510c9ae2de34fe040aedee932f46c25500790663ed966ae26395e45,09757f28c5fc6147e2c76be80cfbcc1cf6dedef37eb5d924f3d64560441fbcae
c5_random_same_word_seed_01,4,2,363,0,0.4637026738842273,20260628,4cf36b3a9510c9ae2de34fe040aedee932f46c25500790663ed966ae26395e45,09757f28c5fc6147e2c76be80cfbcc1cf6dedef37eb5d924f3d64560441fbcae
c5_random_same_word_seed_01,4,2,369,0,0.49090902050544993,20260628,4cf36b3a9510c9ae2de34fe040aedee932f46c25500790663ed966ae26395e45,09757f28c5fc6147e2c76be80cfbcc1cf6dedef37eb5d924f3d64560441fbcae
c5_random_same_word_seed_01,4,2,389,1,0.492546519581233,20260628,4cf36b3a9510c9ae2de34fe040aedee932f46c25500790663ed966ae26395e45,09757f28c5fc6147e2c76be80cfbcc1cf6dedef37eb5d924f3d64560441fbcae
c5_random_same_word_seed_01,4,2,392,0,0.4502475132925036,20260628,4cf36b3a9510c9ae2de34fe040aedee932f46c25500790663ed966ae26395e45,09757f28c5fc6147e2c76be80cfbcc1cf6dedef37eb5d924f3d64560441fbcae
c5_random_same_word_seed_01,4,2,401,0,0.45348659583504414,20260628,4cf36b3a9510c9ae2de34fe040aedee932f46c25500790663ed966ae26395e45,09757f28c5fc6147e2c76be80cfbcc1cf6dedef37eb5d924f3d64560441fbcae
c5_random_same_word_seed_01,4,2,415,0,0.5361059394851572,20260628,4cf36b3a9510c9ae2de34fe040aedee932f46c25500790663ed966ae26395e45,09757f28c5fc6147e2c76be80cfbcc1cf6dedef37eb5d924f3d64560441fbcae
c5_random_same_word_seed_01,4,2,418,1,0.5189840952663631,20260628,4cf36b3a9510c9ae2de34fe040aedee932f46c25500790663ed966ae26395e45,09757f28c5fc6147e2c76be80cfbcc1cf6dedef37eb5d924f3d64560441fbcae
c5_random_same_word_seed_01,4,2,420,0,0.49823302067613157,20260628,4cf36b3a9510c9ae2de34fe040aedee932f46c25500790663ed966ae26395e45,09757f28c5fc6147e2c76be80cfbcc1cf6dedef37eb5d924f3d64560441fbcae
c5_random_same_word_seed_01,4,2,433,1,0.431081169456081,20260628,4cf36b3a9510c9ae2de34fe040aedee932f46c25500790663ed966ae26395e45,09757f28c5fc6147e2c76be80cfbcc1cf6dedef37eb5d924f3d64560441fbcae
c5_random_same_word_seed_01,4,2,437,0,0.45286341873149677,20260628,4cf36b3a9510c9ae2de34fe040aedee932f46c25500790663ed966ae26395e45,09757f28c5fc6147e2c76be80cfbcc1cf6dedef37eb5d924f3d64560441fbcae
c5_random_same_word_seed_01,4,2,439,0,0.4711805320844431,20260628,4cf36b3a9510c9ae2de34fe040aedee932f46c25500790663ed966ae26395e45,09757f28c5fc6147e2c76be80cfbcc1cf6dedef37eb5d924f3d64560441fbcae
c5_random_same_word_seed_01,4,2,441,1,0.4673378380201136,20260628,4cf36b3a9510c9ae2de34fe040aedee932f46c25500790663ed966ae26395e45,09757f28c5fc6147e2c76be80cfbcc1cf6dedef37eb5d924f3d64560441fbcae
c5_random_same_word_seed_01,4,2,444,0,0.46984876554760413,20260628,4cf36b3a9510c9ae2de34fe040aedee932f46c25500790663ed966ae26395e45,09757f28c5fc6147e2c76be80cfbcc1cf6dedef37eb5d924f3d64560441fbcae
c5_random_same_word_seed_01,4,2,446,0,0.5037539376875416,20260628,4cf36b3a9510c9ae2de34fe040aedee932f46c25500790663ed966ae26395e45,09757f28c5fc6147e2c76be80cfbcc1cf6dedef37eb5d924f3d64560441fbcae
c5_random_same_word_seed_01,4,2,447,0,0.47883609596058435,20260628,4cf36b3a9510c9ae2de34fe040aedee932f46c25500790663ed966ae26395e45,09757f28c5fc6147e2c76be80cfbcc1cf6dedef37eb5d924f3d64560441fbcae
c5_random_same_word_seed_01,4,2,459,1,0.49530261001169473,20260628,4cf36b3a9510c9ae2de34fe040aedee932f46c25500790663ed966ae26395e45,09757f28c5fc6147e2c76be80cfbcc1cf6dedef37eb5d924f3d64560441fbcae
c5_random_same_word_seed_01,4,2,468,0,0.5166861035197753,20260628,4cf36b3a9510c9ae2de34fe040aedee932f46c25500790663ed966ae26395e45,09757f28c5fc6147e2c76be80cfbcc1cf6dedef37eb5d924f3d64560441fbcae
c5_random_same_word_seed_01,4,2,476,0,0.4294766292004014,20260628,4cf36b3a9510c9ae2de34fe040aedee932f46c25500790663ed966ae26395e45,09757f28c5fc6147e2c76be80cfbcc1cf6dedef37eb5d924f3d64560441fbcae
c5_random_same_word_seed_01,4,2,477,0,0.5300192908488799,20260628,4cf36b3a9510c9ae2de34fe040aedee932f46c25500790663ed966ae26395e45,09757f28c5fc6147e2c76be80cfbcc1cf6dedef37eb5d924f3d64560441fbcae
c5_random_same_word_seed_01,4,2,491,0,0.5056931197284951,20260628,4cf36b3a9510c9ae2de34fe040aedee932f46c25500790663ed966ae26395e45,09757f28c5fc6147e2c76be80cfbcc1cf6dedef37eb5d924f3d64560441fbcae
c5_random_same_word_seed_01,4,3,310,0,0.44308367271710547,20260628,0e2954ba7aab83a697256619ec2e53b27b7df4e5dd7ebb6963a9e3d18d2452e1,bc28ca8b123dfffa1ad107301c242826fb3a5297311658619bbf86617677088b
c5_random_same_word_seed_01,4,3,315,0,0.4637026285193045,20260628,0e2954ba7aab83a697256619ec2e53b27b7df4e5dd7ebb6963a9e3d18d2452e1,bc28ca8b123dfffa1ad107301c242826fb3a5297311658619bbf86617677088b
c5_random_same_word_seed_01,4,3,326,0,0.37553840243446235,20260628,0e2954ba7aab83a697256619ec2e53b27b7df4e5dd7ebb6963a9e3d18d2452e1,bc28ca8b123dfffa1ad107301c242826fb3a5297311658619bbf86617677088b
c5_random_same_word_seed_01,4,3,327,0,0.5083302740014196,20260628,0e2954ba7aab83a697256619ec2e53b27b7df4e5dd7ebb6963a9e3d18d2452e1,bc28ca8b123dfffa1ad107301c242826fb3a5297311658619bbf86617677088b
c5_random_same_word_seed_01,4,3,331,0,0.5073422436134067,20260628,0e2954ba7aab83a697256619ec2e53b27b7df4e5dd7ebb6963a9e3d18d2452e1,bc28ca8b123dfffa1ad107301c242826fb3a5297311658619bbf86617677088b
c5_random_same_word_seed_01,4,3,335,1,0.5055108452900248,20260628,0e2954ba7aab83a697256619ec2e53b27b7df4e5dd7ebb6963a9e3d18d2452e1,bc28ca8b123dfffa1ad107301c242826fb3a5297311658619bbf86617677088b
c5_random_same_word_seed_01,4,3,338,1,0.5182851914890126,20260628,0e2954ba7aab83a697256619ec2e53b27b7df4e5dd7ebb6963a9e3d18d2452e1,bc28ca8b123dfffa1ad107301c242826fb3a5297311658619bbf86617677088b
c5_random_same_word_seed_01,4,3,351,1,0.5153796595300648,20260628,0e2954ba7aab83a697256619ec2e53b27b7df4e5dd7ebb6963a9e3d18d2452e1,bc28ca8b123dfffa1ad107301c242826fb3a5297311658619bbf86617677088b
c5_random_same_word_seed_01,4,3,353,1,0.4849164162226721,20260628,0e2954ba7aab83a697256619ec2e53b27b7df4e5dd7ebb6963a9e3d18d2452e1,bc28ca8b123dfffa1ad107301c242826fb3a5297311658619bbf86617677088b
c5_random_same_word_seed_01,4,3,372,1,0.51436294318922,20260628,0e2954ba7aab83a697256619ec2e53b27b7df4e5dd7ebb6963a9e3d18d2452e1,bc28ca8b123dfffa1ad107301c242826fb3a5297311658619bbf86617677088b
c5_random_same_word_seed_01,4,3,374,0,0.5136901174963456,20260628,0e2954ba7aab83a697256619ec2e53b27b7df4e5dd7ebb6963a9e3d18d2452e1,bc28ca8b123dfffa1ad107301c242826fb3a5297311658619bbf86617677088b
c5_random_same_word_seed_01,4,3,375,0,0.41202162616838944,20260628,0e2954ba7aab83a697256619ec2e53b27b7df4e5dd7ebb6963a9e3d18d2452e1,bc28ca8b123dfffa1ad107301c242826fb3a5297311658619bbf86617677088b
c5_random_same_word_seed_01,4,3,380,1,0.5142297022534399,20260628,0e2954ba7aab83a697256619ec2e53b27b7df4e5dd7ebb6963a9e3d18d2452e1,bc28ca8b123dfffa1ad107301c242826fb3a5297311658619bbf86617677088b
c5_random_same_word_seed_01,4,3,383,0,0.4414930110601037,20260628,0e2954ba7aab83a697256619ec2e53b27b7df4e5dd7ebb6963a9e3d18d2452e1,bc28ca8b123dfffa1ad107301c242826fb3a5297311658619bbf86617677088b
c5_random_same_word_seed_01,4,3,388,1,0.44240116604842006,20260628,0e2954ba7aab83a697256619ec2e53b27b7df4e5dd7ebb6963a9e3d18d2452e1,bc28ca8b123dfffa1ad107301c242826fb3a5297311658619bbf86617677088b
c5_random_same_word_seed_01,4,3,395,0,0.46377804047043875,20260628,0e2954ba7aab83a697256619ec2e53b27b7df4e5dd7ebb6963a9e3d18d2452e1,bc28ca8b123dfffa1ad107301c242826fb3a5297311658619bbf86617677088b
c5_random_same_word_seed_01,4,3,403,0,0.46166938736661534,20260628,0e2954ba7aab83a697256619ec2e53b27b7df4e5dd7ebb6963a9e3d18d2452e1,bc28ca8b123dfffa1ad107301c242826fb3a5297311658619bbf86617677088b
c5_random_same_word_seed_01,4,3,422,1,0.5568834262710511,20260628,0e2954ba7aab83a697256619ec2e53b27b7df4e5dd7ebb6963a9e3d18d2452e1,bc28ca8b123dfffa1ad107301c242826fb3a5297311658619bbf86617677088b
c5_random_same_word_seed_01,4,3,430,0,0.5125280648592456,20260628,0e2954ba7aab83a697256619ec2e53b27b7df4e5dd7ebb6963a9e3d18d2452e1,bc28ca8b123dfffa1ad107301c242826fb3a5297311658619bbf86617677088b
c5_random_same_word_seed_01,4,3,434,0,0.482124225728952,20260628,0e2954ba7aab83a697256619ec2e53b27b7df4e5dd7ebb6963a9e3d18d2452e1,bc28ca8b123dfffa1ad107301c242826fb3a5297311658619bbf86617677088b
c5_random_same_word_seed_01,4,3,455,0,0.4662057183309798,20260628,0e2954ba7aab83a697256619ec2e53b27b7df4e5dd7ebb6963a9e3d18d2452e1,bc28ca8b123dfffa1ad107301c242826fb3a5297311658619bbf86617677088b
c5_random_same_word_seed_01,4,3,464,0,0.4587846988132563,20260628,0e2954ba7aab83a697256619ec2e53b27b7df4e5dd7ebb6963a9e3d18d2452e1,bc28ca8b123dfffa1ad107301c242826fb3a5297311658619bbf86617677088b
c5_random_same_word_seed_01,4,3,475,0,0.4820968159102696,20260628,0e2954ba7aab83a697256619ec2e53b27b7df4e5dd7ebb6963a9e3d18d2452e1,bc28ca8b123dfffa1ad107301c242826fb3a5297311658619bbf86617677088b
c5_random_same_word_seed_01,4,3,479,0,0.4660306385817113,20260628,0e2954ba7aab83a697256619ec2e53b27b7df4e5dd7ebb6963a9e3d18d2452e1,bc28ca8b123dfffa1ad107301c242826fb3a5297311658619bbf86617677088b
c5_random_same_word_seed_01,4,3,488,0,0.47547312176618983,20260628,0e2954ba7aab83a697256619ec2e53b27b7df4e5dd7ebb6963a9e3d18d2452e1,bc28ca8b123dfffa1ad107301c242826fb3a5297311658619bbf86617677088b
c5_random_same_word_seed_01,4,3,489,0,0.4181306263561183,20260628,0e2954ba7aab83a697256619ec2e53b27b7df4e5dd7ebb6963a9e3d18d2452e1,bc28ca8b123dfffa1ad107301c242826fb3a5297311658619bbf86617677088b
c5_random_same_word_seed_01,4,3,490,0,0.4570892302358148,20260628,0e2954ba7aab83a697256619ec2e53b27b7df4e5dd7ebb6963a9e3d18d2452e1,bc28ca8b123dfffa1ad107301c242826fb3a5297311658619bbf86617677088b
c5_random_same_word_seed_01,4,3,492,0,0.4057198646976696,20260628,0e2954ba7aab83a697256619ec2e53b27b7df4e5dd7ebb6963a9e3d18d2452e1,bc28ca8b123dfffa1ad107301c242826fb3a5297311658619bbf86617677088b
c5_random_same_word_seed_01,4,4,304,0,0.40921541003119116,20260628,7aa19d0459bb0993e6cd955f8d1a6c5744c45421a0c99c077ec0da27d353d3cb,b0b8f2818b96349efeb9dd97c1f64014dc928ecd0454b9acfc268cb9128f6d8e
c5_random_same_word_seed_01,4,4,307,0,0.4821104184873494,20260628,7aa19d0459bb0993e6cd955f8d1a6c5744c45421a0c99c077ec0da27d353d3cb,b0b8f2818b96349efeb9dd97c1f64014dc928ecd0454b9acfc268cb9128f6d8e
c5_random_same_word_seed_01,4,4,312,0,0.47545775847046723,20260628,7aa19d0459bb0993e6cd955f8d1a6c5744c45421a0c99c077ec0da27d353d3cb,b0b8f2818b96349efeb9dd97c1f64014dc928ecd0454b9acfc268cb9128f6d8e
c5_random_same_word_seed_01,4,4,318,0,0.4292159677117398,20260628,7aa19d0459bb0993e6cd955f8d1a6c5744c45421a0c99c077ec0da27d353d3cb,b0b8f2818b96349efeb9dd97c1f64014dc928ecd0454b9acfc268cb9128f6d8e
c5_random_same_word_seed_01,4,4,321,1,0.46716600301989586,20260628,7aa19d0459bb0993e6cd955f8d1a6c5744c45421a0c99c077ec0da27d353d3cb,b0b8f2818b96349efeb9dd97c1f64014dc928ecd0454b9acfc268cb9128f6d8e
c5_random_same_word_seed_01,4,4,322,0,0.47022012600681573,20260628,7aa19d0459bb0993e6cd955f8d1a6c5744c45421a0c99c077ec0da27d353d3cb,b0b8f2818b96349efeb9dd97c1f64014dc928ecd0454b9acfc268cb9128f6d8e
c5_random_same_word_seed_01,4,4,341,0,0.43249137056469666,20260628,7aa19d0459bb0993e6cd955f8d1a6c5744c45421a0c99c077ec0da27d353d3cb,b0b8f2818b96349efeb9dd97c1f64014dc928ecd0454b9acfc268cb9128f6d8e
c5_random_same_word_seed_01,4,4,356,1,0.5451447954115773,20260628,7aa19d0459bb0993e6cd955f8d1a6c5744c45421a0c99c077ec0da27d353d3cb,b0b8f2818b96349efeb9dd97c1f64014dc928ecd0454b9acfc268cb9128f6d8e
c5_random_same_word_seed_01,4,4,357,0,0.4134549900149177,20260628,7aa19d0459bb0993e6cd955f8d1a6c5744c45421a0c99c077ec0da27d353d3cb,b0b8f2818b96349efeb9dd97c1f64014dc928ecd0454b9acfc268cb9128f6d8e
c5_random_same_word_seed_01,4,4,358,0,0.4390437543776365,20260628,7aa19d0459bb0993e6cd955f8d1a6c5744c45421a0c99c077ec0da27d353d3cb,b0b8f2818b96349efeb9dd97c1f64014dc928ecd0454b9acfc268cb9128f6d8e
c5_random_same_word_seed_01,4,4,366,0,0.4877861218786761,20260628,7aa19d0459bb0993e6cd955f8d1a6c5744c45421a0c99c077ec0da27d353d3cb,b0b8f2818b96349efeb9dd97c1f64014dc928ecd0454b9acfc268cb9128f6d8e
c5_random_same_word_seed_01,4,4,367,1,0.48622946603901307,20260628,7aa19d0459bb0993e6cd955f8d1a6c5744c45421a0c99c077ec0da27d353d3cb,b0b8f2818b96349efeb9dd97c1f64014dc928ecd0454b9acfc268cb9128f6d8e
c5_random_same_word_seed_01,4,4,377,1,0.4810727563644205,20260628,7aa19d0459bb0993e6cd955f8d1a6c5744c45421a0c99c077ec0da27d353d3cb,b0b8f2818b96349efeb9dd97c1f64014dc928ecd0454b9acfc268cb9128f6d8e
c5_random_same_word_seed_01,4,4,379,0,0.4992927483545328,20260628,7aa19d0459bb0993e6cd955f8d1a6c5744c45421a0c99c077ec0da27d353d3cb,b0b8f2818b96349efeb9dd97c1f64014dc928ecd0454b9acfc268cb9128f6d8e
c5_random_same_word_seed_01,4,4,382,0,0.4299048294743845,20260628,7aa19d0459bb0993e6cd955f8d1a6c5744c45421a0c99c077ec0da27d353d3cb,b0b8f2818b96349efeb9dd97c1f64014dc928ecd0454b9acfc268cb9128f6d8e
c5_random_same_word_seed_01,4,4,386,1,0.45367520144947415,20260628,7aa19d0459bb0993e6cd955f8d1a6c5744c45421a0c99c077ec0da27d353d3cb,b0b8f2818b96349efeb9dd97c1f64014dc928ecd0454b9acfc268cb9128f6d8e
c5_random_same_word_seed_01,4,4,397,0,0.48103905643362443,20260628,7aa19d0459bb0993e6cd955f8d1a6c5744c45421a0c99c077ec0da27d353d3cb,b0b8f2818b96349efeb9dd97c1f64014dc928ecd0454b9acfc268cb9128f6d8e
c5_random_same_word_seed_01,4,4,402,1,0.5151708205338558,20260628,7aa19d0459bb0993e6cd955f8d1a6c5744c45421a0c99c077ec0da27d353d3cb,b0b8f2818b96349efeb9dd97c1f64014dc928ecd0454b9acfc268cb9128f6d8e
c5_random_same_word_seed_01,4,4,413,1,0.4675728448243591,20260628,7aa19d0459bb0993e6cd955f8d1a6c5744c45421a0c99c077ec0da27d353d3cb,b0b8f2818b96349efeb9dd97c1f64014dc928ecd0454b9acfc268cb9128f6d8e
c5_random_same_word_seed_01,4,4,416,0,0.47804577298529727,20260628,7aa19d0459bb0993e6cd955f8d1a6c5744c45421a0c99c077ec0da27d353d3cb,b0b8f2818b96349efeb9dd97c1f64014dc928ecd0454b9acfc268cb9128f6d8e
c5_random_same_word_seed_01,4,4,426,1,0.49815570106767226,20260628,7aa19d0459bb0993e6cd955f8d1a6c5744c45421a0c99c077ec0da27d353d3cb,b0b8f2818b96349efeb9dd97c1f64014dc928ecd0454b9acfc268cb9128f6d8e
c5_random_same_word_seed_01,4,4,443,0,0.42737351651510824,20260628,7aa19d0459bb0993e6cd955f8d1a6c5744c45421a0c99c077ec0da27d353d3cb,b0b8f2818b96349efeb9dd97c1f64014dc928ecd0454b9acfc268cb9128f6d8e
c5_random_same_word_seed_01,4,4,457,0,0.48940118048289655,20260628,7aa19d0459bb0993e6cd955f8d1a6c5744c45421a0c99c077ec0da27d353d3cb,b0b8f2818b96349efeb9dd97c1f64014dc928ecd0454b9acfc268cb9128f6d8e
c5_random_same_word_seed_01,4,4,458,0,0.47231482200365904,20260628,7aa19d0459bb0993e6cd955f8d1a6c5744c45421a0c99c077ec0da27d353d3cb,b0b8f2818b96349efeb9dd97c1f64014dc928ecd0454b9acfc268cb9128f6d8e
c5_random_same_word_seed_01,4,4,463,0,0.5070087939608671,20260628,7aa19d0459bb0993e6cd955f8d1a6c5744c45421a0c99c077ec0da27d353d3cb,b0b8f2818b96349efeb9dd97c1f64014dc928ecd0454b9acfc268cb9128f6d8e
c5_random_same_word_seed_01,4,4,471,0,0.4713446421873506,20260628,7aa19d0459bb0993e6cd955f8d1a6c5744c45421a0c99c077ec0da27d353d3cb,b0b8f2818b96349efeb9dd97c1f64014dc928ecd0454b9acfc268cb9128f6d8e
c5_random_same_word_seed_01,4,4,478,0,0.5043831898154698,20260628,7aa19d0459bb0993e6cd955f8d1a6c5744c45421a0c99c077ec0da27d353d3cb,b0b8f2818b96349efeb9dd97c1f64014dc928ecd0454b9acfc268cb9128f6d8e
c5_random_same_word_seed_01,4,4,486,0,0.4057474923023707,20260628,7aa19d0459bb0993e6cd955f8d1a6c5744c45421a0c99c077ec0da27d353d3cb,b0b8f2818b96349efeb9dd97c1f64014dc928ecd0454b9acfc268cb9128f6d8e
c5_random_same_word_seed_01,4,5,317,0,0.4571111102792493,20260628,762fe24b4af2d40ef2918bfe911c39b7ef42c429c383fde6aebd23542af3c045,ed527e63aa30daa6a6010d52d413e8842789ee62da4dca30cd9f3876e2a2e5dc
c5_random_same_word_seed_01,4,5,320,1,0.4919810418650768,20260628,762fe24b4af2d40ef2918bfe911c39b7ef42c429c383fde6aebd23542af3c045,ed527e63aa30daa6a6010d52d413e8842789ee62da4dca30cd9f3876e2a2e5dc
c5_random_same_word_seed_01,4,5,324,0,0.4398445105305257,20260628,762fe24b4af2d40ef2918bfe911c39b7ef42c429c383fde6aebd23542af3c045,ed527e63aa30daa6a6010d52d413e8842789ee62da4dca30cd9f3876e2a2e5dc
c5_random_same_word_seed_01,4,5,336,0,0.4593976411485841,20260628,762fe24b4af2d40ef2918bfe911c39b7ef42c429c383fde6aebd23542af3c045,ed527e63aa30daa6a6010d52d413e8842789ee62da4dca30cd9f3876e2a2e5dc
c5_random_same_word_seed_01,4,5,348,1,0.45098892460117834,20260628,762fe24b4af2d40ef2918bfe911c39b7ef42c429c383fde6aebd23542af3c045,ed527e63aa30daa6a6010d52d413e8842789ee62da4dca30cd9f3876e2a2e5dc
c5_random_same_word_seed_01,4,5,352,1,0.5108367911631727,20260628,762fe24b4af2d40ef2918bfe911c39b7ef42c429c383fde6aebd23542af3c045,ed527e63aa30daa6a6010d52d413e8842789ee62da4dca30cd9f3876e2a2e5dc
c5_random_same_word_seed_01,4,5,362,1,0.4720309482324521,20260628,762fe24b4af2d40ef2918bfe911c39b7ef42c429c383fde6aebd23542af3c045,ed527e63aa30daa6a6010d52d413e8842789ee62da4dca30cd9f3876e2a2e5dc
c5_random_same_word_seed_01,4,5,368,0,0.47490036286784304,20260628,762fe24b4af2d40ef2918bfe911c39b7ef42c429c383fde6aebd23542af3c045,ed527e63aa30daa6a6010d52d413e8842789ee62da4dca30cd9f3876e2a2e5dc
c5_random_same_word_seed_01,4,5,371,0,0.4219998921089436,20260628,762fe24b4af2d40ef2918bfe911c39b7ef42c429c383fde6aebd23542af3c045,ed527e63aa30daa6a6010d52d413e8842789ee62da4dca30cd9f3876e2a2e5dc
c5_random_same_word_seed_01,4,5,376,1,0.5329767081484322,20260628,762fe24b4af2d40ef2918bfe911c39b7ef42c429c383fde6aebd23542af3c045,ed527e63aa30daa6a6010d52d413e8842789ee62da4dca30cd9f3876e2a2e5dc
c5_random_same_word_seed_01,4,5,381,1,0.5204624172393956,20260628,762fe24b4af2d40ef2918bfe911c39b7ef42c429c383fde6aebd23542af3c045,ed527e63aa30daa6a6010d52d413e8842789ee62da4dca30cd9f3876e2a2e5dc
c5_random_same_word_seed_01,4,5,385,0,0.39118773358931536,20260628,762fe24b4af2d40ef2918bfe911c39b7ef42c429c383fde6aebd23542af3c045,ed527e63aa30daa6a6010d52d413e8842789ee62da4dca30cd9f3876e2a2e5dc
c5_random_same_word_seed_01,4,5,391,0,0.40875452730386963,20260628,762fe24b4af2d40ef2918bfe911c39b7ef42c429c383fde6aebd23542af3c045,ed527e63aa30daa6a6010d52d413e8842789ee62da4dca30cd9f3876e2a2e5dc
c5_random_same_word_seed_01,4,5,406,0,0.45636998728474465,20260628,762fe24b4af2d40ef2918bfe911c39b7ef42c429c383fde6aebd23542af3c045,ed527e63aa30daa6a6010d52d413e8842789ee62da4dca30cd9f3876e2a2e5dc
c5_random_same_word_seed_01,4,5,409,1,0.48196771231442925,20260628,762fe24b4af2d40ef2918bfe911c39b7ef42c429c383fde6aebd23542af3c045,ed527e63aa30daa6a6010d52d413e8842789ee62da4dca30cd9f3876e2a2e5dc
c5_random_same_word_seed_01,4,5,417,0,0.5286906703966373,20260628,762fe24b4af2d40ef2918bfe911c39b7ef42c429c383fde6aebd23542af3c045,ed527e63aa30daa6a6010d52d413e8842789ee62da4dca30cd9f3876e2a2e5dc
c5_random_same_word_seed_01,4,5,419,0,0.4760833571459901,20260628,762fe24b4af2d40ef2918bfe911c39b7ef42c429c383fde6aebd23542af3c045,ed527e63aa30daa6a6010d52d413e8842789ee62da4dca30cd9f3876e2a2e5dc
c5_random_same_word_seed_01,4,5,423,0,0.47940573972610145,20260628,762fe24b4af2d40ef2918bfe911c39b7ef42c429c383fde6aebd23542af3c045,ed527e63aa30daa6a6010d52d413e8842789ee62da4dca30cd9f3876e2a2e5dc
c5_random_same_word_seed_01,4,5,428,0,0.4115873078980817,20260628,762fe24b4af2d40ef2918bfe911c39b7ef42c429c383fde6aebd23542af3c045,ed527e63aa30daa6a6010d52d413e8842789ee62da4dca30cd9f3876e2a2e5dc
c5_random_same_word_seed_01,4,5,445,0,0.5176333093035793,20260628,762fe24b4af2d40ef2918bfe911c39b7ef42c429c383fde6aebd23542af3c045,ed527e63aa30daa6a6010d52d413e8842789ee62da4dca30cd9f3876e2a2e5dc
c5_random_same_word_seed_01,4,5,448,1,0.42882795583618233,20260628,762fe24b4af2d40ef2918bfe911c39b7ef42c429c383fde6aebd23542af3c045,ed527e63aa30daa6a6010d52d413e8842789ee62da4dca30cd9f3876e2a2e5dc
c5_random_same_word_seed_01,4,5,451,0,0.48422689405901936,20260628,762fe24b4af2d40ef2918bfe911c39b7ef42c429c383fde6aebd23542af3c045,ed527e63aa30daa6a6010d52d413e8842789ee62da4dca30cd9f3876e2a2e5dc
c5_random_same_word_seed_01,4,5,454,0,0.48532345540739485,20260628,762fe24b4af2d40ef2918bfe911c39b7ef42c429c383fde6aebd23542af3c045,ed527e63aa30daa6a6010d52d413e8842789ee62da4dca30cd9f3876e2a2e5dc
c5_random_same_word_seed_01,4,5,472,0,0.40553793177676706,20260628,762fe24b4af2d40ef2918bfe911c39b7ef42c429c383fde6aebd23542af3c045,ed527e63aa30daa6a6010d52d413e8842789ee62da4dca30cd9f3876e2a2e5dc
c5_random_same_word_seed_01,4,5,473,0,0.4294623935276897,20260628,762fe24b4af2d40ef2918bfe911c39b7ef42c429c383fde6aebd23542af3c045,ed527e63aa30daa6a6010d52d413e8842789ee62da4dca30cd9f3876e2a2e5dc
c5_random_same_word_seed_01,4,5,474,0,0.47608736247371525,20260628,762fe24b4af2d40ef2918bfe911c39b7ef42c429c383fde6aebd23542af3c045,ed527e63aa30daa6a6010d52d413e8842789ee62da4dca30cd9f3876e2a2e5dc
c5_random_same_word_seed_01,4,5,483,1,0.46113757046141246,20260628,762fe24b4af2d40ef2918bfe911c39b7ef42c429c383fde6aebd23542af3c045,ed527e63aa30daa6a6010d52d413e8842789ee62da4dca30cd9f3876e2a2e5dc
c5_random_same_word_seed_01,4,5,484,0,0.49798092658131454,20260628,762fe24b4af2d40ef2918bfe911c39b7ef42c429c383fde6aebd23542af3c045,ed527e63aa30daa6a6010d52d413e8842789ee62da4dca30cd9f3876e2a2e5dc
c5_random_same_word_seed_01,5,1,310,0,0.43321840910599874,20260629,3d5d5a969d4418718f57bc7a8ec260d5db9bdb960986ece972ce17286b9daf33,6f9de77bd0ee0dba26707829b7c4c344eb6d6012960e32c0f2d4b797387cc340
c5_random_same_word_seed_01,5,1,313,0,0.40034170823017445,20260629,3d5d5a969d4418718f57bc7a8ec260d5db9bdb960986ece972ce17286b9daf33,6f9de77bd0ee0dba26707829b7c4c344eb6d6012960e32c0f2d4b797387cc340
c5_random_same_word_seed_01,5,1,316,0,0.3855721362506495,20260629,3d5d5a969d4418718f57bc7a8ec260d5db9bdb960986ece972ce17286b9daf33,6f9de77bd0ee0dba26707829b7c4c344eb6d6012960e32c0f2d4b797387cc340
c5_random_same_word_seed_01,5,1,319,1,0.4378595360292144,20260629,3d5d5a969d4418718f57bc7a8ec260d5db9bdb960986ece972ce17286b9daf33,6f9de77bd0ee0dba26707829b7c4c344eb6d6012960e32c0f2d4b797387cc340
c5_random_same_word_seed_01,5,1,320,1,0.4848065980722629,20260629,3d5d5a969d4418718f57bc7a8ec260d5db9bdb960986ece972ce17286b9daf33,6f9de77bd0ee0dba26707829b7c4c344eb6d6012960e32c0f2d4b797387cc340
c5_random_same_word_seed_01,5,1,348,1,0.4342685175636185,20260629,3d5d5a969d4418718f57bc7a8ec260d5db9bdb960986ece972ce17286b9daf33,6f9de77bd0ee0dba26707829b7c4c344eb6d6012960e32c0f2d4b797387cc340
c5_random_same_word_seed_01,5,1,356,1,0.5308159455672715,20260629,3d5d5a969d4418718f57bc7a8ec260d5db9bdb960986ece972ce17286b9daf33,6f9de77bd0ee0dba26707829b7c4c344eb6d6012960e32c0f2d4b797387cc340
c5_random_same_word_seed_01,5,1,368,0,0.49540791248108396,20260629,3d5d5a969d4418718f57bc7a8ec260d5db9bdb960986ece972ce17286b9daf33,6f9de77bd0ee0dba26707829b7c4c344eb6d6012960e32c0f2d4b797387cc340
c5_random_same_word_seed_01,5,1,369,0,0.5085972227548884,20260629,3d5d5a969d4418718f57bc7a8ec260d5db9bdb960986ece972ce17286b9daf33,6f9de77bd0ee0dba26707829b7c4c344eb6d6012960e32c0f2d4b797387cc340
c5_random_same_word_seed_01,5,1,379,0,0.4950825853588247,20260629,3d5d5a969d4418718f57bc7a8ec260d5db9bdb960986ece972ce17286b9daf33,6f9de77bd0ee0dba26707829b7c4c344eb6d6012960e32c0f2d4b797387cc340
c5_random_same_word_seed_01,5,1,381,1,0.5410766564047738,20260629,3d5d5a969d4418718f57bc7a8ec260d5db9bdb960986ece972ce17286b9daf33,6f9de77bd0ee0dba26707829b7c4c344eb6d6012960e32c0f2d4b797387cc340
c5_random_same_word_seed_01,5,1,385,0,0.3803225350890421,20260629,3d5d5a969d4418718f57bc7a8ec260d5db9bdb960986ece972ce17286b9daf33,6f9de77bd0ee0dba26707829b7c4c344eb6d6012960e32c0f2d4b797387cc340
c5_random_same_word_seed_01,5,1,413,1,0.5210619430414333,20260629,3d5d5a969d4418718f57bc7a8ec260d5db9bdb960986ece972ce17286b9daf33,6f9de77bd0ee0dba26707829b7c4c344eb6d6012960e32c0f2d4b797387cc340
c5_random_same_word_seed_01,5,1,414,1,0.5047882652081814,20260629,3d5d5a969d4418718f57bc7a8ec260d5db9bdb960986ece972ce17286b9daf33,6f9de77bd0ee0dba26707829b7c4c344eb6d6012960e32c0f2d4b797387cc340
c5_random_same_word_seed_01,5,1,415,0,0.49927368639372904,20260629,3d5d5a969d4418718f57bc7a8ec260d5db9bdb960986ece972ce17286b9daf33,6f9de77bd0ee0dba26707829b7c4c344eb6d6012960e32c0f2d4b797387cc340
c5_random_same_word_seed_01,5,1,419,0,0.49621705372850033,20260629,3d5d5a969d4418718f57bc7a8ec260d5db9bdb960986ece972ce17286b9daf33,6f9de77bd0ee0dba26707829b7c4c344eb6d6012960e32c0f2d4b797387cc340
c5_random_same_word_seed_01,5,1,425,0,0.509652011008352,20260629,3d5d5a969d4418718f57bc7a8ec260d5db9bdb960986ece972ce17286b9daf33,6f9de77bd0ee0dba26707829b7c4c344eb6d6012960e32c0f2d4b797387cc340
c5_random_same_word_seed_01,5,1,444,0,0.47323790699551793,20260629,3d5d5a969d4418718f57bc7a8ec260d5db9bdb960986ece972ce17286b9daf33,6f9de77bd0ee0dba26707829b7c4c344eb6d6012960e32c0f2d4b797387cc340
c5_random_same_word_seed_01,5,1,445,0,0.5039876559263267,20260629,3d5d5a969d4418718f57bc7a8ec260d5db9bdb960986ece972ce17286b9daf33,6f9de77bd0ee0dba26707829b7c4c344eb6d6012960e32c0f2d4b797387cc340
c5_random_same_word_seed_01,5,1,448,1,0.43074086456868843,20260629,3d5d5a969d4418718f57bc7a8ec260d5db9bdb960986ece972ce17286b9daf33,6f9de77bd0ee0dba26707829b7c4c344eb6d6012960e32c0f2d4b797387cc340
c5_random_same_word_seed_01,5,1,457,0,0.4829407469953095,20260629,3d5d5a969d4418718f57bc7a8ec260d5db9bdb960986ece972ce17286b9daf33,6f9de77bd0ee0dba26707829b7c4c344eb6d6012960e32c0f2d4b797387cc340
c5_random_same_word_seed_01,5,1,458,0,0.5030271717765491,20260629,3d5d5a969d4418718f57bc7a8ec260d5db9bdb960986ece972ce17286b9daf33,6f9de77bd0ee0dba26707829b7c4c344eb6d6012960e32c0f2d4b797387cc340
c5_random_same_word_seed_01,5,1,463,0,0.5175348605033436,20260629,3d5d5a969d4418718f57bc7a8ec260d5db9bdb960986ece972ce17286b9daf33,6f9de77bd0ee0dba26707829b7c4c344eb6d6012960e32c0f2d4b797387cc340
c5_random_same_word_seed_01,5,1,468,0,0.5055681369125222,20260629,3d5d5a969d4418718f57bc7a8ec260d5db9bdb960986ece972ce17286b9daf33,6f9de77bd0ee0dba26707829b7c4c344eb6d6012960e32c0f2d4b797387cc340
c5_random_same_word_seed_01,5,1,471,0,0.4746861822096595,20260629,3d5d5a969d4418718f57bc7a8ec260d5db9bdb960986ece972ce17286b9daf33,6f9de77bd0ee0dba26707829b7c4c344eb6d6012960e32c0f2d4b797387cc340
c5_random_same_word_seed_01,5,1,474,0,0.4973601825054364,20260629,3d5d5a969d4418718f57bc7a8ec260d5db9bdb960986ece972ce17286b9daf33,6f9de77bd0ee0dba26707829b7c4c344eb6d6012960e32c0f2d4b797387cc340
c5_random_same_word_seed_01,5,1,475,0,0.4802148233195571,20260629,3d5d5a969d4418718f57bc7a8ec260d5db9bdb960986ece972ce17286b9daf33,6f9de77bd0ee0dba26707829b7c4c344eb6d6012960e32c0f2d4b797387cc340
c5_random_same_word_seed_01,5,1,482,0,0.5212308715115014,20260629,3d5d5a969d4418718f57bc7a8ec260d5db9bdb960986ece972ce17286b9daf33,6f9de77bd0ee0dba26707829b7c4c344eb6d6012960e32c0f2d4b797387cc340
c5_random_same_word_seed_01,5,1,483,1,0.46283478515186655,20260629,3d5d5a969d4418718f57bc7a8ec260d5db9bdb960986ece972ce17286b9daf33,6f9de77bd0ee0dba26707829b7c4c344eb6d6012960e32c0f2d4b797387cc340
c5_random_same_word_seed_01,5,2,302,0,0.46474278899780197,20260629,b26985cba149a54a4479773554e71c9fe5328bb275a085ba27acd7c3562fb628,041ac17d888dc108fb8e5f61822fb393fcbd491b68bdd2afad6ba5ac65b04cc3
c5_random_same_word_seed_01,5,2,303,0,0.45397740538554315,20260629,b26985cba149a54a4479773554e71c9fe5328bb275a085ba27acd7c3562fb628,041ac17d888dc108fb8e5f61822fb393fcbd491b68bdd2afad6ba5ac65b04cc3
c5_random_same_word_seed_01,5,2,307,0,0.4844320109945282,20260629,b26985cba149a54a4479773554e71c9fe5328bb275a085ba27acd7c3562fb628,041ac17d888dc108fb8e5f61822fb393fcbd491b68bdd2afad6ba5ac65b04cc3
c5_random_same_word_seed_01,5,2,312,0,0.46242361569158313,20260629,b26985cba149a54a4479773554e71c9fe5328bb275a085ba27acd7c3562fb628,041ac17d888dc108fb8e5f61822fb393fcbd491b68bdd2afad6ba5ac65b04cc3
c5_random_same_word_seed_01,5,2,317,0,0.446038140660195,20260629,b26985cba149a54a4479773554e71c9fe5328bb275a085ba27acd7c3562fb628,041ac17d888dc108fb8e5f61822fb393fcbd491b68bdd2afad6ba5ac65b04cc3
c5_random_same_word_seed_01,5,2,318,0,0.42640133152039944,20260629,b26985cba149a54a4479773554e71c9fe5328bb275a085ba27acd7c3562fb628,041ac17d888dc108fb8e5f61822fb393fcbd491b68bdd2afad6ba5ac65b04cc3
c5_random_same_word_seed_01,5,2,331,0,0.5027043300198413,20260629,b26985cba149a54a4479773554e71c9fe5328bb275a085ba27acd7c3562fb628,041ac17d888dc108fb8e5f61822fb393fcbd491b68bdd2afad6ba5ac65b04cc3
c5_random_same_word_seed_01,5,2,333,0,0.4832207506034239,20260629,b26985cba149a54a4479773554e71c9fe5328bb275a085ba27acd7c3562fb628,041ac17d888dc108fb8e5f61822fb393fcbd491b68bdd2afad6ba5ac65b04cc3
c5_random_same_word_seed_01,5,2,338,1,0.49144273992522014,20260629,b26985cba149a54a4479773554e71c9fe5328bb275a085ba27acd7c3562fb628,041ac17d888dc108fb8e5f61822fb393fcbd491b68bdd2afad6ba5ac65b04cc3
c5_random_same_word_seed_01,5,2,339,1,0.4839386456084204,20260629,b26985cba149a54a4479773554e71c9fe5328bb275a085ba27acd7c3562fb628,041ac17d888dc108fb8e5f61822fb393fcbd491b68bdd2afad6ba5ac65b04cc3
c5_random_same_word_seed_01,5,2,344,1,0.5443095409571304,20260629,b26985cba149a54a4479773554e71c9fe5328bb275a085ba27acd7c3562fb628,041ac17d888dc108fb8e5f61822fb393fcbd491b68bdd2afad6ba5ac65b04cc3
c5_random_same_word_seed_01,5,2,347,1,0.4684043519727471,20260629,b26985cba149a54a4479773554e71c9fe5328bb275a085ba27acd7c3562fb628,041ac17d888dc108fb8e5f61822fb393fcbd491b68bdd2afad6ba5ac65b04cc3
c5_random_same_word_seed_01,5,2,351,1,0.5189252777668899,20260629,b26985cba149a54a4479773554e71c9fe5328bb275a085ba27acd7c3562fb628,041ac17d888dc108fb8e5f61822fb393fcbd491b68bdd2afad6ba5ac65b04cc3
c5_random_same_word_seed_01,5,2,360,0,0.46002868550761555,20260629,b26985cba149a54a4479773554e71c9fe5328bb275a085ba27acd7c3562fb628,041ac17d888dc108fb8e5f61822fb393fcbd491b68bdd2afad6ba5ac65b04cc3
c5_random_same_word_seed_01,5,2,370,0,0.48183695789851505,20260629,b26985cba149a54a4479773554e71c9fe5328bb275a085ba27acd7c3562fb628,041ac17d888dc108fb8e5f61822fb393fcbd491b68bdd2afad6ba5ac65b04cc3
c5_random_same_word_seed_01,5,2,375,0,0.40197569328568067,20260629,b26985cba149a54a4479773554e71c9fe5328bb275a085ba27acd7c3562fb628,041ac17d888dc108fb8e5f61822fb393fcbd491b68bdd2afad6ba5ac65b04cc3
c5_random_same_word_seed_01,5,2,390,0,0.4971808645022971,20260629,b26985cba149a54a4479773554e71c9fe5328bb275a085ba27acd7c3562fb628,041ac17d888dc108fb8e5f61822fb393fcbd491b68bdd2afad6ba5ac65b04cc3
c5_random_same_word_seed_01,5,2,400,0,0.43774961483714186,20260629,b26985cba149a54a4479773554e71c9fe5328bb275a085ba27acd7c3562fb628,041ac17d888dc108fb8e5f61822fb393fcbd491b68bdd2afad6ba5ac65b04cc3
c5_random_same_word_seed_01,5,2,409,1,0.46694461861936554,20260629,b26985cba149a54a4479773554e71c9fe5328bb275a085ba27acd7c3562fb628,041ac17d888dc108fb8e5f61822fb393fcbd491b68bdd2afad6ba5ac65b04cc3
c5_random_same_word_seed_01,5,2,418,1,0.5146966367820436,20260629,b26985cba149a54a4479773554e71c9fe5328bb275a085ba27acd7c3562fb628,041ac17d888dc108fb8e5f61822fb393fcbd491b68bdd2afad6ba5ac65b04cc3
c5_random_same_word_seed_01,5,2,423,0,0.4581578713786816,20260629,b26985cba149a54a4479773554e71c9fe5328bb275a085ba27acd7c3562fb628,041ac17d888dc108fb8e5f61822fb393fcbd491b68bdd2afad6ba5ac65b04cc3
c5_random_same_word_seed_01,5,2,426,1,0.47838896226328986,20260629,b26985cba149a54a4479773554e71c9fe5328bb275a085ba27acd7c3562fb628,041ac17d888dc108fb8e5f61822fb393fcbd491b68bdd2afad6ba5ac65b04cc3
c5_random_same_word_seed_01,5,2,427,0,0.4055827093384956,20260629,b26985cba149a54a4479773554e71c9fe5328bb275a085ba27acd7c3562fb628,041ac17d888dc108fb8e5f61822fb393fcbd491b68bdd2afad6ba5ac65b04cc3
c5_random_same_word_seed_01,5,2,433,1,0.44134299524104215,20260629,b26985cba149a54a4479773554e71c9fe5328bb275a085ba27acd7c3562fb628,041ac17d888dc108fb8e5f61822fb393fcbd491b68bdd2afad6ba5ac65b04cc3
c5_random_same_word_seed_01,5,2,472,0,0.39723341404921597,20260629,b26985cba149a54a4479773554e71c9fe5328bb275a085ba27acd7c3562fb628,041ac17d888dc108fb8e5f61822fb393fcbd491b68bdd2afad6ba5ac65b04cc3
c5_random_same_word_seed_01,5,2,473,0,0.4320222089397082,20260629,b26985cba149a54a4479773554e71c9fe5328bb275a085ba27acd7c3562fb628,041ac17d888dc108fb8e5f61822fb393fcbd491b68bdd2afad6ba5ac65b04cc3
c5_random_same_word_seed_01,5,2,476,0,0.45929662234583024,20260629,b26985cba149a54a4479773554e71c9fe5328bb275a085ba27acd7c3562fb628,041ac17d888dc108fb8e5f61822fb393fcbd491b68bdd2afad6ba5ac65b04cc3
c5_random_same_word_seed_01,5,2,484,0,0.5196698353719154,20260629,b26985cba149a54a4479773554e71c9fe5328bb275a085ba27acd7c3562fb628,041ac17d888dc108fb8e5f61822fb393fcbd491b68bdd2afad6ba5ac65b04cc3
c5_random_same_word_seed_01,5,2,488,0,0.48060209746614224,20260629,b26985cba149a54a4479773554e71c9fe5328bb275a085ba27acd7c3562fb628,041ac17d888dc108fb8e5f61822fb393fcbd491b68bdd2afad6ba5ac65b04cc3
c5_random_same_word_seed_01,5,3,304,0,0.4252445515493658,20260629,8c964f5394ce89a6842a905d768373abcaa21d4349f7005395a0177805a0a891,b9e937265572c8708f0c582b586c89bbe58d79d8d3634f7826983d6e9be1d985
c5_random_same_word_seed_01,5,3,321,1,0.4743356763979356,20260629,8c964f5394ce89a6842a905d768373abcaa21d4349f7005395a0177805a0a891,b9e937265572c8708f0c582b586c89bbe58d79d8d3634f7826983d6e9be1d985
c5_random_same_word_seed_01,5,3,324,0,0.45699942178446173,20260629,8c964f5394ce89a6842a905d768373abcaa21d4349f7005395a0177805a0a891,b9e937265572c8708f0c582b586c89bbe58d79d8d3634f7826983d6e9be1d985
c5_random_same_word_seed_01,5,3,326,0,0.3935047986404139,20260629,8c964f5394ce89a6842a905d768373abcaa21d4349f7005395a0177805a0a891,b9e937265572c8708f0c582b586c89bbe58d79d8d3634f7826983d6e9be1d985
c5_random_same_word_seed_01,5,3,330,1,0.43045284963797326,20260629,8c964f5394ce89a6842a905d768373abcaa21d4349f7005395a0177805a0a891,b9e937265572c8708f0c582b586c89bbe58d79d8d3634f7826983d6e9be1d985
c5_random_same_word_seed_01,5,3,341,0,0.46132525949761555,20260629,8c964f5394ce89a6842a905d768373abcaa21d4349f7005395a0177805a0a891,b9e937265572c8708f0c582b586c89bbe58d79d8d3634f7826983d6e9be1d985
c5_random_same_word_seed_01,5,3,343,0,0.49340362518888464,20260629,8c964f5394ce89a6842a905d768373abcaa21d4349f7005395a0177805a0a891,b9e937265572c8708f0c582b586c89bbe58d79d8d3634f7826983d6e9be1d985
c5_random_same_word_seed_01,5,3,352,1,0.51115868313698,20260629,8c964f5394ce89a6842a905d768373abcaa21d4349f7005395a0177805a0a891,b9e937265572c8708f0c582b586c89bbe58d79d8d3634f7826983d6e9be1d985
c5_random_same_word_seed_01,5,3,362,1,0.4682559194382942,20260629,8c964f5394ce89a6842a905d768373abcaa21d4349f7005395a0177805a0a891,b9e937265572c8708f0c582b586c89bbe58d79d8d3634f7826983d6e9be1d985
c5_random_same_word_seed_01,5,3,372,1,0.4929808767364674,20260629,8c964f5394ce89a6842a905d768373abcaa21d4349f7005395a0177805a0a891,b9e937265572c8708f0c582b586c89bbe58d79d8d3634f7826983d6e9be1d985
c5_random_same_word_seed_01,5,3,380,1,0.505477259212802,20260629,8c964f5394ce89a6842a905d768373abcaa21d4349f7005395a0177805a0a891,b9e937265572c8708f0c582b586c89bbe58d79d8d3634f7826983d6e9be1d985
c5_random_same_word_seed_01,5,3,383,0,0.42182518040186284,20260629,8c964f5394ce89a6842a905d768373abcaa21d4349f7005395a0177805a0a891,b9e937265572c8708f0c582b586c89bbe58d79d8d3634f7826983d6e9be1d985
c5_random_same_word_seed_01,5,3,391,0,0.440126098903766,20260629,8c964f5394ce89a6842a905d768373abcaa21d4349f7005395a0177805a0a891,b9e937265572c8708f0c582b586c89bbe58d79d8d3634f7826983d6e9be1d985
c5_random_same_word_seed_01,5,3,401,0,0.45495017882164296,20260629,8c964f5394ce89a6842a905d768373abcaa21d4349f7005395a0177805a0a891,b9e937265572c8708f0c582b586c89bbe58d79d8d3634f7826983d6e9be1d985
c5_random_same_word_seed_01,5,3,412,1,0.4386820310471829,20260629,8c964f5394ce89a6842a905d768373abcaa21d4349f7005395a0177805a0a891,b9e937265572c8708f0c582b586c89bbe58d79d8d3634f7826983d6e9be1d985
c5_random_same_word_seed_01,5,3,416,0,0.5097043248365548,20260629,8c964f5394ce89a6842a905d768373abcaa21d4349f7005395a0177805a0a891,b9e937265572c8708f0c582b586c89bbe58d79d8d3634f7826983d6e9be1d985
c5_random_same_word_seed_01,5,3,417,0,0.5163450829447973,20260629,8c964f5394ce89a6842a905d768373abcaa21d4349f7005395a0177805a0a891,b9e937265572c8708f0c582b586c89bbe58d79d8d3634f7826983d6e9be1d985
c5_random_same_word_seed_01,5,3,420,0,0.509532265109644,20260629,8c964f5394ce89a6842a905d768373abcaa21d4349f7005395a0177805a0a891,b9e937265572c8708f0c582b586c89bbe58d79d8d3634f7826983d6e9be1d985
c5_random_same_word_seed_01,5,3,428,0,0.41696748424375385,20260629,8c964f5394ce89a6842a905d768373abcaa21d4349f7005395a0177805a0a891,b9e937265572c8708f0c582b586c89bbe58d79d8d3634f7826983d6e9be1d985
c5_random_same_word_seed_01,5,3,429,0,0.46303998486137177,20260629,8c964f5394ce89a6842a905d768373abcaa21d4349f7005395a0177805a0a891,b9e937265572c8708f0c582b586c89bbe58d79d8d3634f7826983d6e9be1d985
c5_random_same_word_seed_01,5,3,437,0,0.44057063247794354,20260629,8c964f5394ce89a6842a905d768373abcaa21d4349f7005395a0177805a0a891,b9e937265572c8708f0c582b586c89bbe58d79d8d3634f7826983d6e9be1d985
c5_random_same_word_seed_01,5,3,439,0,0.4711555306824669,20260629,8c964f5394ce89a6842a905d768373abcaa21d4349f7005395a0177805a0a891,b9e937265572c8708f0c582b586c89bbe58d79d8d3634f7826983d6e9be1d985
c5_random_same_word_seed_01,5,3,441,1,0.4488767788500425,20260629,8c964f5394ce89a6842a905d768373abcaa21d4349f7005395a0177805a0a891,b9e937265572c8708f0c582b586c89bbe58d79d8d3634f7826983d6e9be1d985
c5_random_same_word_seed_01,5,3,446,0,0.4994430844108248,20260629,8c964f5394ce89a6842a905d768373abcaa21d4349f7005395a0177805a0a891,b9e937265572c8708f0c582b586c89bbe58d79d8d3634f7826983d6e9be1d985
c5_random_same_word_seed_01,5,3,464,0,0.47385620636092773,20260629,8c964f5394ce89a6842a905d768373abcaa21d4349f7005395a0177805a0a891,b9e937265572c8708f0c582b586c89bbe58d79d8d3634f7826983d6e9be1d985
c5_random_same_word_seed_01,5,3,479,0,0.4541418391919475,20260629,8c964f5394ce89a6842a905d768373abcaa21d4349f7005395a0177805a0a891,b9e937265572c8708f0c582b586c89bbe58d79d8d3634f7826983d6e9be1d985
c5_random_same_word_seed_01,5,3,486,0,0.40078626668304884,20260629,8c964f5394ce89a6842a905d768373abcaa21d4349f7005395a0177805a0a891,b9e937265572c8708f0c582b586c89bbe58d79d8d3634f7826983d6e9be1d985
c5_random_same_word_seed_01,5,3,490,0,0.42213623398385935,20260629,8c964f5394ce89a6842a905d768373abcaa21d4349f7005395a0177805a0a891,b9e937265572c8708f0c582b586c89bbe58d79d8d3634f7826983d6e9be1d985
c5_random_same_word_seed_01,5,4,315,0,0.49106655772987207,20260629,8a15a79096d51e7c2c7bbf55e995f3de0ec10655f325409624b8612d4a91cb8b,9783bdd426cbd56d49c36badc909550c56cdabe1df574d6feeabb1a20ea9b930
c5_random_same_word_seed_01,5,4,322,0,0.45532412200404254,20260629,8a15a79096d51e7c2c7bbf55e995f3de0ec10655f325409624b8612d4a91cb8b,9783bdd426cbd56d49c36badc909550c56cdabe1df574d6feeabb1a20ea9b930
c5_random_same_word_seed_01,5,4,325,1,0.5618191729599761,20260629,8a15a79096d51e7c2c7bbf55e995f3de0ec10655f325409624b8612d4a91cb8b,9783bdd426cbd56d49c36badc909550c56cdabe1df574d6feeabb1a20ea9b930
c5_random_same_word_seed_01,5,4,336,0,0.464738151387989,20260629,8a15a79096d51e7c2c7bbf55e995f3de0ec10655f325409624b8612d4a91cb8b,9783bdd426cbd56d49c36badc909550c56cdabe1df574d6feeabb1a20ea9b930
c5_random_same_word_seed_01,5,4,340,0,0.477303221018953,20260629,8a15a79096d51e7c2c7bbf55e995f3de0ec10655f325409624b8612d4a91cb8b,9783bdd426cbd56d49c36badc909550c56cdabe1df574d6feeabb1a20ea9b930
c5_random_same_word_seed_01,5,4,345,1,0.5271514092326216,20260629,8a15a79096d51e7c2c7bbf55e995f3de0ec10655f325409624b8612d4a91cb8b,9783bdd426cbd56d49c36badc909550c56cdabe1df574d6feeabb1a20ea9b930
c5_random_same_word_seed_01,5,4,350,1,0.4997753863144497,20260629,8a15a79096d51e7c2c7bbf55e995f3de0ec10655f325409624b8612d4a91cb8b,9783bdd426cbd56d49c36badc909550c56cdabe1df574d6feeabb1a20ea9b930
c5_random_same_word_seed_01,5,4,357,0,0.3933533498371173,20260629,8a15a79096d51e7c2c7bbf55e995f3de0ec10655f325409624b8612d4a91cb8b,9783bdd426cbd56d49c36badc909550c56cdabe1df574d6feeabb1a20ea9b930
c5_random_same_word_seed_01,5,4,358,0,0.4488386149376341,20260629,8a15a79096d51e7c2c7bbf55e995f3de0ec10655f325409624b8612d4a91cb8b,9783bdd426cbd56d49c36badc909550c56cdabe1df574d6feeabb1a20ea9b930
c5_random_same_word_seed_01,5,4,364,0,0.49149738969692797,20260629,8a15a79096d51e7c2c7bbf55e995f3de0ec10655f325409624b8612d4a91cb8b,9783bdd426cbd56d49c36badc909550c56cdabe1df574d6feeabb1a20ea9b930
c5_random_same_word_seed_01,5,4,366,0,0.49042958737850123,20260629,8a15a79096d51e7c2c7bbf55e995f3de0ec10655f325409624b8612d4a91cb8b,9783bdd426cbd56d49c36badc909550c56cdabe1df574d6feeabb1a20ea9b930
c5_random_same_word_seed_01,5,4,367,1,0.48512327673075606,20260629,8a15a79096d51e7c2c7bbf55e995f3de0ec10655f325409624b8612d4a91cb8b,9783bdd426cbd56d49c36badc909550c56cdabe1df574d6feeabb1a20ea9b930
c5_random_same_word_seed_01,5,4,374,0,0.5080376902240126,20260629,8a15a79096d51e7c2c7bbf55e995f3de0ec10655f325409624b8612d4a91cb8b,9783bdd426cbd56d49c36badc909550c56cdabe1df574d6feeabb1a20ea9b930
c5_random_same_word_seed_01,5,4,376,1,0.5322668169294954,20260629,8a15a79096d51e7c2c7bbf55e995f3de0ec10655f325409624b8612d4a91cb8b,9783bdd426cbd56d49c36badc909550c56cdabe1df574d6feeabb1a20ea9b930
c5_random_same_word_seed_01,5,4,386,1,0.45978159548996556,20260629,8a15a79096d51e7c2c7bbf55e995f3de0ec10655f325409624b8612d4a91cb8b,9783bdd426cbd56d49c36badc909550c56cdabe1df574d6feeabb1a20ea9b930
c5_random_same_word_seed_01,5,4,388,1,0.470020950802847,20260629,8a15a79096d51e7c2c7bbf55e995f3de0ec10655f325409624b8612d4a91cb8b,9783bdd426cbd56d49c36badc909550c56cdabe1df574d6feeabb1a20ea9b930
c5_random_same_word_seed_01,5,4,392,0,0.4746320156478374,20260629,8a15a79096d51e7c2c7bbf55e995f3de0ec10655f325409624b8612d4a91cb8b,9783bdd426cbd56d49c36badc909550c56cdabe1df574d6feeabb1a20ea9b930
c5_random_same_word_seed_01,5,4,393,0,0.4389137566655417,20260629,8a15a79096d51e7c2c7bbf55e995f3de0ec10655f325409624b8612d4a91cb8b,9783bdd426cbd56d49c36badc909550c56cdabe1df574d6feeabb1a20ea9b930
c5_random_same_word_seed_01,5,4,395,0,0.4712744866935417,20260629,8a15a79096d51e7c2c7bbf55e995f3de0ec10655f325409624b8612d4a91cb8b,9783bdd426cbd56d49c36badc909550c56cdabe1df574d6feeabb1a20ea9b930
c5_random_same_word_seed_01,5,4,397,0,0.5038341721448665,20260629,8a15a79096d51e7c2c7bbf55e995f3de0ec10655f325409624b8612d4a91cb8b,9783bdd426cbd56d49c36badc909550c56cdabe1df574d6feeabb1a20ea9b930
c5_random_same_word_seed_01,5,4,406,0,0.46307327372637963,20260629,8a15a79096d51e7c2c7bbf55e995f3de0ec10655f325409624b8612d4a91cb8b,9783bdd426cbd56d49c36badc909550c56cdabe1df574d6feeabb1a20ea9b930
c5_random_same_word_seed_01,5,4,436,0,0.4600209755239231,20260629,8a15a79096d51e7c2c7bbf55e995f3de0ec10655f325409624b8612d4a91cb8b,9783bdd426cbd56d49c36badc909550c56cdabe1df574d6feeabb1a20ea9b930
c5_random_same_word_seed_01,5,4,440,1,0.53809414021119,20260629,8a15a79096d51e7c2c7bbf55e995f3de0ec10655f325409624b8612d4a91cb8b,9783bdd426cbd56d49c36badc909550c56cdabe1df574d6feeabb1a20ea9b930
c5_random_same_word_seed_01,5,4,447,0,0.463665238001409,20260629,8a15a79096d51e7c2c7bbf55e995f3de0ec10655f325409624b8612d4a91cb8b,9783bdd426cbd56d49c36badc909550c56cdabe1df574d6feeabb1a20ea9b930
c5_random_same_word_seed_01,5,4,455,0,0.4853957489285533,20260629,8a15a79096d51e7c2c7bbf55e995f3de0ec10655f325409624b8612d4a91cb8b,9783bdd426cbd56d49c36badc909550c56cdabe1df574d6feeabb1a20ea9b930
c5_random_same_word_seed_01,5,4,477,0,0.5435108656189164,20260629,8a15a79096d51e7c2c7bbf55e995f3de0ec10655f325409624b8612d4a91cb8b,9783bdd426cbd56d49c36badc909550c56cdabe1df574d6feeabb1a20ea9b930
c5_random_same_word_seed_01,5,4,478,0,0.5057320346184682,20260629,8a15a79096d51e7c2c7bbf55e995f3de0ec10655f325409624b8612d4a91cb8b,9783bdd426cbd56d49c36badc909550c56cdabe1df574d6feeabb1a20ea9b930
c5_random_same_word_seed_01,5,4,491,0,0.4836519941785975,20260629,8a15a79096d51e7c2c7bbf55e995f3de0ec10655f325409624b8612d4a91cb8b,9783bdd426cbd56d49c36badc909550c56cdabe1df574d6feeabb1a20ea9b930
c5_random_same_word_seed_01,5,5,305,0,0.5088555153822171,20260629,f0d00d1b909453047f4a1b8bd30fff0f8987c1d77b10645f7a6dfbdc0935e2ba,c8ab65ceb92ef644d95edbc45dd4bcfaa20a4d03eb5e56a9261d3984b3b191c7
c5_random_same_word_seed_01,5,5,327,0,0.5237514829485799,20260629,f0d00d1b909453047f4a1b8bd30fff0f8987c1d77b10645f7a6dfbdc0935e2ba,c8ab65ceb92ef644d95edbc45dd4bcfaa20a4d03eb5e56a9261d3984b3b191c7
c5_random_same_word_seed_01,5,5,328,0,0.4630345520691053,20260629,f0d00d1b909453047f4a1b8bd30fff0f8987c1d77b10645f7a6dfbdc0935e2ba,c8ab65ceb92ef644d95edbc45dd4bcfaa20a4d03eb5e56a9261d3984b3b191c7
c5_random_same_word_seed_01,5,5,335,1,0.5000556335724886,20260629,f0d00d1b909453047f4a1b8bd30fff0f8987c1d77b10645f7a6dfbdc0935e2ba,c8ab65ceb92ef644d95edbc45dd4bcfaa20a4d03eb5e56a9261d3984b3b191c7
c5_random_same_word_seed_01,5,5,346,1,0.5917389032828672,20260629,f0d00d1b909453047f4a1b8bd30fff0f8987c1d77b10645f7a6dfbdc0935e2ba,c8ab65ceb92ef644d95edbc45dd4bcfaa20a4d03eb5e56a9261d3984b3b191c7
c5_random_same_word_seed_01,5,5,353,1,0.5012268062724831,20260629,f0d00d1b909453047f4a1b8bd30fff0f8987c1d77b10645f7a6dfbdc0935e2ba,c8ab65ceb92ef644d95edbc45dd4bcfaa20a4d03eb5e56a9261d3984b3b191c7
c5_random_same_word_seed_01,5,5,355,1,0.4604353094153895,20260629,f0d00d1b909453047f4a1b8bd30fff0f8987c1d77b10645f7a6dfbdc0935e2ba,c8ab65ceb92ef644d95edbc45dd4bcfaa20a4d03eb5e56a9261d3984b3b191c7
c5_random_same_word_seed_01,5,5,363,0,0.4576326896230746,20260629,f0d00d1b909453047f4a1b8bd30fff0f8987c1d77b10645f7a6dfbdc0935e2ba,c8ab65ceb92ef644d95edbc45dd4bcfaa20a4d03eb5e56a9261d3984b3b191c7
c5_random_same_word_seed_01,5,5,371,0,0.4475093452639642,20260629,f0d00d1b909453047f4a1b8bd30fff0f8987c1d77b10645f7a6dfbdc0935e2ba,c8ab65ceb92ef644d95edbc45dd4bcfaa20a4d03eb5e56a9261d3984b3b191c7
c5_random_same_word_seed_01,5,5,377,1,0.49850216446851064,20260629,f0d00d1b909453047f4a1b8bd30fff0f8987c1d77b10645f7a6dfbdc0935e2ba,c8ab65ceb92ef644d95edbc45dd4bcfaa20a4d03eb5e56a9261d3984b3b191c7
c5_random_same_word_seed_01,5,5,382,0,0.46574863360094226,20260629,f0d00d1b909453047f4a1b8bd30fff0f8987c1d77b10645f7a6dfbdc0935e2ba,c8ab65ceb92ef644d95edbc45dd4bcfaa20a4d03eb5e56a9261d3984b3b191c7
c5_random_same_word_seed_01,5,5,389,1,0.4836635551836877,20260629,f0d00d1b909453047f4a1b8bd30fff0f8987c1d77b10645f7a6dfbdc0935e2ba,c8ab65ceb92ef644d95edbc45dd4bcfaa20a4d03eb5e56a9261d3984b3b191c7
c5_random_same_word_seed_01,5,5,402,1,0.5086332473768976,20260629,f0d00d1b909453047f4a1b8bd30fff0f8987c1d77b10645f7a6dfbdc0935e2ba,c8ab65ceb92ef644d95edbc45dd4bcfaa20a4d03eb5e56a9261d3984b3b191c7
c5_random_same_word_seed_01,5,5,403,0,0.45193624809921046,20260629,f0d00d1b909453047f4a1b8bd30fff0f8987c1d77b10645f7a6dfbdc0935e2ba,c8ab65ceb92ef644d95edbc45dd4bcfaa20a4d03eb5e56a9261d3984b3b191c7
c5_random_same_word_seed_01,5,5,404,0,0.49899860469960833,20260629,f0d00d1b909453047f4a1b8bd30fff0f8987c1d77b10645f7a6dfbdc0935e2ba,c8ab65ceb92ef644d95edbc45dd4bcfaa20a4d03eb5e56a9261d3984b3b191c7
c5_random_same_word_seed_01,5,5,422,1,0.5462896022904965,20260629,f0d00d1b909453047f4a1b8bd30fff0f8987c1d77b10645f7a6dfbdc0935e2ba,c8ab65ceb92ef644d95edbc45dd4bcfaa20a4d03eb5e56a9261d3984b3b191c7
c5_random_same_word_seed_01,5,5,430,0,0.5100886098325756,20260629,f0d00d1b909453047f4a1b8bd30fff0f8987c1d77b10645f7a6dfbdc0935e2ba,c8ab65ceb92ef644d95edbc45dd4bcfaa20a4d03eb5e56a9261d3984b3b191c7
c5_random_same_word_seed_01,5,5,434,0,0.49204203024221554,20260629,f0d00d1b909453047f4a1b8bd30fff0f8987c1d77b10645f7a6dfbdc0935e2ba,c8ab65ceb92ef644d95edbc45dd4bcfaa20a4d03eb5e56a9261d3984b3b191c7
c5_random_same_word_seed_01,5,5,443,0,0.42552393521411475,20260629,f0d00d1b909453047f4a1b8bd30fff0f8987c1d77b10645f7a6dfbdc0935e2ba,c8ab65ceb92ef644d95edbc45dd4bcfaa20a4d03eb5e56a9261d3984b3b191c7
c5_random_same_word_seed_01,5,5,449,0,0.4924758817605502,20260629,f0d00d1b909453047f4a1b8bd30fff0f8987c1d77b10645f7a6dfbdc0935e2ba,c8ab65ceb92ef644d95edbc45dd4bcfaa20a4d03eb5e56a9261d3984b3b191c7
c5_random_same_word_seed_01,5,5,451,0,0.4920736859671977,20260629,f0d00d1b909453047f4a1b8bd30fff0f8987c1d77b10645f7a6dfbdc0935e2ba,c8ab65ceb92ef644d95edbc45dd4bcfaa20a4d03eb5e56a9261d3984b3b191c7
c5_random_same_word_seed_01,5,5,454,0,0.4735587218831343,20260629,f0d00d1b909453047f4a1b8bd30fff0f8987c1d77b10645f7a6dfbdc0935e2ba,c8ab65ceb92ef644d95edbc45dd4bcfaa20a4d03eb5e56a9261d3984b3b191c7
c5_random_same_word_seed_01,5,5,456,0,0.4466121020717968,20260629,f0d00d1b909453047f4a1b8bd30fff0f8987c1d77b10645f7a6dfbdc0935e2ba,c8ab65ceb92ef644d95edbc45dd4bcfaa20a4d03eb5e56a9261d3984b3b191c7
c5_random_same_word_seed_01,5,5,459,1,0.5044967967932994,20260629,f0d00d1b909453047f4a1b8bd30fff0f8987c1d77b10645f7a6dfbdc0935e2ba,c8ab65ceb92ef644d95edbc45dd4bcfaa20a4d03eb5e56a9261d3984b3b191c7
c5_random_same_word_seed_01,5,5,485,0,0.4383782466168322,20260629,f0d00d1b909453047f4a1b8bd30fff0f8987c1d77b10645f7a6dfbdc0935e2ba,c8ab65ceb92ef644d95edbc45dd4bcfaa20a4d03eb5e56a9261d3984b3b191c7
c5_random_same_word_seed_01,5,5,487,0,0.504678221585919,20260629,f0d00d1b909453047f4a1b8bd30fff0f8987c1d77b10645f7a6dfbdc0935e2ba,c8ab65ceb92ef644d95edbc45dd4bcfaa20a4d03eb5e56a9261d3984b3b191c7
c5_random_same_word_seed_01,5,5,489,0,0.4342522371051702,20260629,f0d00d1b909453047f4a1b8bd30fff0f8987c1d77b10645f7a6dfbdc0935e2ba,c8ab65ceb92ef644d95edbc45dd4bcfaa20a4d03eb5e56a9261d3984b3b191c7
c5_random_same_word_seed_01,5,5,492,0,0.3965074448414759,20260629,f0d00d1b909453047f4a1b8bd30fff0f8987c1d77b10645f7a6dfbdc0935e2ba,c8ab65ceb92ef644d95edbc45dd4bcfaa20a4d03eb5e56a9261d3984b3b191c7
c5_random_same_word_seed_01,6,1,303,0,0.46146734901119896,20260630,e82d92e639d7f96f78f189ea5919937db4f5b551eab8c23e157765097bd53df2,9acb911014f5d8971785b574ce360635e48c18f2efcffe74bc03c5206fef8831
c5_random_same_word_seed_01,6,1,305,0,0.4831111870838484,20260630,e82d92e639d7f96f78f189ea5919937db4f5b551eab8c23e157765097bd53df2,9acb911014f5d8971785b574ce360635e48c18f2efcffe74bc03c5206fef8831
c5_random_same_word_seed_01,6,1,313,0,0.39710964177412306,20260630,e82d92e639d7f96f78f189ea5919937db4f5b551eab8c23e157765097bd53df2,9acb911014f5d8971785b574ce360635e48c18f2efcffe74bc03c5206fef8831
c5_random_same_word_seed_01,6,1,326,0,0.36767656664569515,20260630,e82d92e639d7f96f78f189ea5919937db4f5b551eab8c23e157765097bd53df2,9acb911014f5d8971785b574ce360635e48c18f2efcffe74bc03c5206fef8831
c5_random_same_word_seed_01,6,1,345,1,0.5285325224880303,20260630,e82d92e639d7f96f78f189ea5919937db4f5b551eab8c23e157765097bd53df2,9acb911014f5d8971785b574ce360635e48c18f2efcffe74bc03c5206fef8831
c5_random_same_word_seed_01,6,1,352,1,0.5258075775213501,20260630,e82d92e639d7f96f78f189ea5919937db4f5b551eab8c23e157765097bd53df2,9acb911014f5d8971785b574ce360635e48c18f2efcffe74bc03c5206fef8831
c5_random_same_word_seed_01,6,1,353,1,0.49499872752518576,20260630,e82d92e639d7f96f78f189ea5919937db4f5b551eab8c23e157765097bd53df2,9acb911014f5d8971785b574ce360635e48c18f2efcffe74bc03c5206fef8831
c5_random_same_word_seed_01,6,1,364,0,0.478643727795129,20260630,e82d92e639d7f96f78f189ea5919937db4f5b551eab8c23e157765097bd53df2,9acb911014f5d8971785b574ce360635e48c18f2efcffe74bc03c5206fef8831
c5_random_same_word_seed_01,6,1,369,0,0.48156057712558387,20260630,e82d92e639d7f96f78f189ea5919937db4f5b551eab8c23e157765097bd53df2,9acb911014f5d8971785b574ce360635e48c18f2efcffe74bc03c5206fef8831
c5_random_same_word_seed_01,6,1,379,0,0.46118417878753987,20260630,e82d92e639d7f96f78f189ea5919937db4f5b551eab8c23e157765097bd53df2,9acb911014f5d8971785b574ce360635e48c18f2efcffe74bc03c5206fef8831
c5_random_same_word_seed_01,6,1,385,0,0.39119112429248126,20260630,e82d92e639d7f96f78f189ea5919937db4f5b551eab8c23e157765097bd53df2,9acb911014f5d8971785b574ce360635e48c18f2efcffe74bc03c5206fef8831
c5_random_same_word_seed_01,6,1,388,1,0.446680242939168,20260630,e82d92e639d7f96f78f189ea5919937db4f5b551eab8c23e157765097bd53df2,9acb911014f5d8971785b574ce360635e48c18f2efcffe74bc03c5206fef8831
c5_random_same_word_seed_01,6,1,395,0,0.4709251301565196,20260630,e82d92e639d7f96f78f189ea5919937db4f5b551eab8c23e157765097bd53df2,9acb911014f5d8971785b574ce360635e48c18f2efcffe74bc03c5206fef8831
c5_random_same_word_seed_01,6,1,413,1,0.5134476594456896,20260630,e82d92e639d7f96f78f189ea5919937db4f5b551eab8c23e157765097bd53df2,9acb911014f5d8971785b574ce360635e48c18f2efcffe74bc03c5206fef8831
c5_random_same_word_seed_01,6,1,414,1,0.514508777722298,20260630,e82d92e639d7f96f78f189ea5919937db4f5b551eab8c23e157765097bd53df2,9acb911014f5d8971785b574ce360635e48c18f2efcffe74bc03c5206fef8831
c5_random_same_word_seed_01,6,1,422,1,0.5467091891579829,20260630,e82d92e639d7f96f78f189ea5919937db4f5b551eab8c23e157765097bd53df2,9acb911014f5d8971785b574ce360635e48c18f2efcffe74bc03c5206fef8831
c5_random_same_word_seed_01,6,1,433,1,0.4201198235326117,20260630,e82d92e639d7f96f78f189ea5919937db4f5b551eab8c23e157765097bd53df2,9acb911014f5d8971785b574ce360635e48c18f2efcffe74bc03c5206fef8831
c5_random_same_word_seed_01,6,1,446,0,0.49694723328939405,20260630,e82d92e639d7f96f78f189ea5919937db4f5b551eab8c23e157765097bd53df2,9acb911014f5d8971785b574ce360635e48c18f2efcffe74bc03c5206fef8831
c5_random_same_word_seed_01,6,1,447,0,0.4312178862988063,20260630,e82d92e639d7f96f78f189ea5919937db4f5b551eab8c23e157765097bd53df2,9acb911014f5d8971785b574ce360635e48c18f2efcffe74bc03c5206fef8831
c5_random_same_word_seed_01,6,1,448,1,0.41964898545766105,20260630,e82d92e639d7f96f78f189ea5919937db4f5b551eab8c23e157765097bd53df2,9acb911014f5d8971785b574ce360635e48c18f2efcffe74bc03c5206fef8831
c5_random_same_word_seed_01,6,1,449,0,0.4755154270161158,20260630,e82d92e639d7f96f78f189ea5919937db4f5b551eab8c23e157765097bd53df2,9acb911014f5d8971785b574ce360635e48c18f2efcffe74bc03c5206fef8831
c5_random_same_word_seed_01,6,1,451,0,0.49534713666590374,20260630,e82d92e639d7f96f78f189ea5919937db4f5b551eab8c23e157765097bd53df2,9acb911014f5d8971785b574ce360635e48c18f2efcffe74bc03c5206fef8831
c5_random_same_word_seed_01,6,1,454,0,0.4779663712121713,20260630,e82d92e639d7f96f78f189ea5919937db4f5b551eab8c23e157765097bd53df2,9acb911014f5d8971785b574ce360635e48c18f2efcffe74bc03c5206fef8831
c5_random_same_word_seed_01,6,1,471,0,0.45598688832917034,20260630,e82d92e639d7f96f78f189ea5919937db4f5b551eab8c23e157765097bd53df2,9acb911014f5d8971785b574ce360635e48c18f2efcffe74bc03c5206fef8831
c5_random_same_word_seed_01,6,1,478,0,0.5047587859002276,20260630,e82d92e639d7f96f78f189ea5919937db4f5b551eab8c23e157765097bd53df2,9acb911014f5d8971785b574ce360635e48c18f2efcffe74bc03c5206fef8831
c5_random_same_word_seed_01,6,1,486,0,0.42149355264209015,20260630,e82d92e639d7f96f78f189ea5919937db4f5b551eab8c23e157765097bd53df2,9acb911014f5d8971785b574ce360635e48c18f2efcffe74bc03c5206fef8831
c5_random_same_word_seed_01,6,1,489,0,0.4073273625694797,20260630,e82d92e639d7f96f78f189ea5919937db4f5b551eab8c23e157765097bd53df2,9acb911014f5d8971785b574ce360635e48c18f2efcffe74bc03c5206fef8831
c5_random_same_word_seed_01,6,1,490,0,0.44424249454949727,20260630,e82d92e639d7f96f78f189ea5919937db4f5b551eab8c23e157765097bd53df2,9acb911014f5d8971785b574ce360635e48c18f2efcffe74bc03c5206fef8831
c5_random_same_word_seed_01,6,1,491,0,0.4848444522145014,20260630,e82d92e639d7f96f78f189ea5919937db4f5b551eab8c23e157765097bd53df2,9acb911014f5d8971785b574ce360635e48c18f2efcffe74bc03c5206fef8831
c5_random_same_word_seed_01,6,2,318,0,0.4190467900812574,20260630,ca74ca0a5cc8ea143406e41382c87cb8f154a1147c6f3130230e965bf3256cfe,026527e1d11290a131963041dbec519f41e35cf4fa75280a161947fb5221b94a
c5_random_same_word_seed_01,6,2,320,1,0.4954040943532665,20260630,ca74ca0a5cc8ea143406e41382c87cb8f154a1147c6f3130230e965bf3256cfe,026527e1d11290a131963041dbec519f41e35cf4fa75280a161947fb5221b94a
c5_random_same_word_seed_01,6,2,321,1,0.48373153849010836,20260630,ca74ca0a5cc8ea143406e41382c87cb8f154a1147c6f3130230e965bf3256cfe,026527e1d11290a131963041dbec519f41e35cf4fa75280a161947fb5221b94a
c5_random_same_word_seed_01,6,2,327,0,0.5131169823569032,20260630,ca74ca0a5cc8ea143406e41382c87cb8f154a1147c6f3130230e965bf3256cfe,026527e1d11290a131963041dbec519f41e35cf4fa75280a161947fb5221b94a
c5_random_same_word_seed_01,6,2,331,0,0.5177925947154459,20260630,ca74ca0a5cc8ea143406e41382c87cb8f154a1147c6f3130230e965bf3256cfe,026527e1d11290a131963041dbec519f41e35cf4fa75280a161947fb5221b94a
c5_random_same_word_seed_01,6,2,333,0,0.45880600887964945,20260630,ca74ca0a5cc8ea143406e41382c87cb8f154a1147c6f3130230e965bf3256cfe,026527e1d11290a131963041dbec519f41e35cf4fa75280a161947fb5221b94a
c5_random_same_word_seed_01,6,2,335,1,0.5077891899356004,20260630,ca74ca0a5cc8ea143406e41382c87cb8f154a1147c6f3130230e965bf3256cfe,026527e1d11290a131963041dbec519f41e35cf4fa75280a161947fb5221b94a
c5_random_same_word_seed_01,6,2,336,0,0.47282314267933606,20260630,ca74ca0a5cc8ea143406e41382c87cb8f154a1147c6f3130230e965bf3256cfe,026527e1d11290a131963041dbec519f41e35cf4fa75280a161947fb5221b94a
c5_random_same_word_seed_01,6,2,340,0,0.4793802924241642,20260630,ca74ca0a5cc8ea143406e41382c87cb8f154a1147c6f3130230e965bf3256cfe,026527e1d11290a131963041dbec519f41e35cf4fa75280a161947fb5221b94a
c5_random_same_word_seed_01,6,2,341,0,0.4727685037272381,20260630,ca74ca0a5cc8ea143406e41382c87cb8f154a1147c6f3130230e965bf3256cfe,026527e1d11290a131963041dbec519f41e35cf4fa75280a161947fb5221b94a
c5_random_same_word_seed_01,6,2,346,1,0.588474322190895,20260630,ca74ca0a5cc8ea143406e41382c87cb8f154a1147c6f3130230e965bf3256cfe,026527e1d11290a131963041dbec519f41e35cf4fa75280a161947fb5221b94a
c5_random_same_word_seed_01,6,2,350,1,0.5026883682924186,20260630,ca74ca0a5cc8ea143406e41382c87cb8f154a1147c6f3130230e965bf3256cfe,026527e1d11290a131963041dbec519f41e35cf4fa75280a161947fb5221b94a
c5_random_same_word_seed_01,6,2,363,0,0.45737618286850185,20260630,ca74ca0a5cc8ea143406e41382c87cb8f154a1147c6f3130230e965bf3256cfe,026527e1d11290a131963041dbec519f41e35cf4fa75280a161947fb5221b94a
c5_random_same_word_seed_01,6,2,389,1,0.48319930559730284,20260630,ca74ca0a5cc8ea143406e41382c87cb8f154a1147c6f3130230e965bf3256cfe,026527e1d11290a131963041dbec519f41e35cf4fa75280a161947fb5221b94a
c5_random_same_word_seed_01,6,2,391,0,0.41430861136737523,20260630,ca74ca0a5cc8ea143406e41382c87cb8f154a1147c6f3130230e965bf3256cfe,026527e1d11290a131963041dbec519f41e35cf4fa75280a161947fb5221b94a
c5_random_same_word_seed_01,6,2,392,0,0.4798906724341575,20260630,ca74ca0a5cc8ea143406e41382c87cb8f154a1147c6f3130230e965bf3256cfe,026527e1d11290a131963041dbec519f41e35cf4fa75280a161947fb5221b94a
c5_random_same_word_seed_01,6,2,393,0,0.4488564253558245,20260630,ca74ca0a5cc8ea143406e41382c87cb8f154a1147c6f3130230e965bf3256cfe,026527e1d11290a131963041dbec519f41e35cf4fa75280a161947fb5221b94a
c5_random_same_word_seed_01,6,2,402,1,0.5261815203989371,20260630,ca74ca0a5cc8ea143406e41382c87cb8f154a1147c6f3130230e965bf3256cfe,026527e1d11290a131963041dbec519f41e35cf4fa75280a161947fb5221b94a
c5_random_same_word_seed_01,6,2,404,0,0.5014872323726184,20260630,ca74ca0a5cc8ea143406e41382c87cb8f154a1147c6f3130230e965bf3256cfe,026527e1d11290a131963041dbec519f41e35cf4fa75280a161947fb5221b94a
c5_random_same_word_seed_01,6,2,406,0,0.49288438375812993,20260630,ca74ca0a5cc8ea143406e41382c87cb8f154a1147c6f3130230e965bf3256cfe,026527e1d11290a131963041dbec519f41e35cf4fa75280a161947fb5221b94a
c5_random_same_word_seed_01,6,2,415,0,0.5195328712816009,20260630,ca74ca0a5cc8ea143406e41382c87cb8f154a1147c6f3130230e965bf3256cfe,026527e1d11290a131963041dbec519f41e35cf4fa75280a161947fb5221b94a
c5_random_same_word_seed_01,6,2,426,1,0.48493826836597537,20260630,ca74ca0a5cc8ea143406e41382c87cb8f154a1147c6f3130230e965bf3256cfe,026527e1d11290a131963041dbec519f41e35cf4fa75280a161947fb5221b94a
c5_random_same_word_seed_01,6,2,439,0,0.4614784829142238,20260630,ca74ca0a5cc8ea143406e41382c87cb8f154a1147c6f3130230e965bf3256cfe,026527e1d11290a131963041dbec519f41e35cf4fa75280a161947fb5221b94a
c5_random_same_word_seed_01,6,2,457,0,0.4934997095768147,20260630,ca74ca0a5cc8ea143406e41382c87cb8f154a1147c6f3130230e965bf3256cfe,026527e1d11290a131963041dbec519f41e35cf4fa75280a161947fb5221b94a
c5_random_same_word_seed_01,6,2,459,1,0.5141021977280426,20260630,ca74ca0a5cc8ea143406e41382c87cb8f154a1147c6f3130230e965bf3256cfe,026527e1d11290a131963041dbec519f41e35cf4fa75280a161947fb5221b94a
c5_random_same_word_seed_01,6,2,468,0,0.5281682962800555,20260630,ca74ca0a5cc8ea143406e41382c87cb8f154a1147c6f3130230e965bf3256cfe,026527e1d11290a131963041dbec519f41e35cf4fa75280a161947fb5221b94a
c5_random_same_word_seed_01,6,2,473,0,0.43468782752572743,20260630,ca74ca0a5cc8ea143406e41382c87cb8f154a1147c6f3130230e965bf3256cfe,026527e1d11290a131963041dbec519f41e35cf4fa75280a161947fb5221b94a
c5_random_same_word_seed_01,6,2,476,0,0.4301700996174551,20260630,ca74ca0a5cc8ea143406e41382c87cb8f154a1147c6f3130230e965bf3256cfe,026527e1d11290a131963041dbec519f41e35cf4fa75280a161947fb5221b94a
c5_random_same_word_seed_01,6,2,477,0,0.5156724146480334,20260630,ca74ca0a5cc8ea143406e41382c87cb8f154a1147c6f3130230e965bf3256cfe,026527e1d11290a131963041dbec519f41e35cf4fa75280a161947fb5221b94a
c5_random_same_word_seed_01,6,3,310,0,0.4140712498689716,20260630,63f655d0d23cdff0afa014ccfd096eba0449dc81e7917b882ed0a92e2db503b6,a9175a7604d661c2708f06771d61bc40dc001844847e7ae5aee4f1d10f1f65ba
c5_random_same_word_seed_01,6,3,315,0,0.4827059010134353,20260630,63f655d0d23cdff0afa014ccfd096eba0449dc81e7917b882ed0a92e2db503b6,a9175a7604d661c2708f06771d61bc40dc001844847e7ae5aee4f1d10f1f65ba
c5_random_same_word_seed_01,6,3,319,1,0.4299977763887323,20260630,63f655d0d23cdff0afa014ccfd096eba0449dc81e7917b882ed0a92e2db503b6,a9175a7604d661c2708f06771d61bc40dc001844847e7ae5aee4f1d10f1f65ba
c5_random_same_word_seed_01,6,3,344,1,0.525055301884478,20260630,63f655d0d23cdff0afa014ccfd096eba0449dc81e7917b882ed0a92e2db503b6,a9175a7604d661c2708f06771d61bc40dc001844847e7ae5aee4f1d10f1f65ba
c5_random_same_word_seed_01,6,3,347,1,0.4479926793766206,20260630,63f655d0d23cdff0afa014ccfd096eba0449dc81e7917b882ed0a92e2db503b6,a9175a7604d661c2708f06771d61bc40dc001844847e7ae5aee4f1d10f1f65ba
c5_random_same_word_seed_01,6,3,357,0,0.42253353110819436,20260630,63f655d0d23cdff0afa014ccfd096eba0449dc81e7917b882ed0a92e2db503b6,a9175a7604d661c2708f06771d61bc40dc001844847e7ae5aee4f1d10f1f65ba
c5_random_same_word_seed_01,6,3,362,1,0.4856855867998422,20260630,63f655d0d23cdff0afa014ccfd096eba0449dc81e7917b882ed0a92e2db503b6,a9175a7604d661c2708f06771d61bc40dc001844847e7ae5aee4f1d10f1f65ba
c5_random_same_word_seed_01,6,3,370,0,0.4981514552180359,20260630,63f655d0d23cdff0afa014ccfd096eba0449dc81e7917b882ed0a92e2db503b6,a9175a7604d661c2708f06771d61bc40dc001844847e7ae5aee4f1d10f1f65ba
c5_random_same_word_seed_01,6,3,374,0,0.49571529082107346,20260630,63f655d0d23cdff0afa014ccfd096eba0449dc81e7917b882ed0a92e2db503b6,a9175a7604d661c2708f06771d61bc40dc001844847e7ae5aee4f1d10f1f65ba
c5_random_same_word_seed_01,6,3,377,1,0.4804684158370007,20260630,63f655d0d23cdff0afa014ccfd096eba0449dc81e7917b882ed0a92e2db503b6,a9175a7604d661c2708f06771d61bc40dc001844847e7ae5aee4f1d10f1f65ba
c5_random_same_word_seed_01,6,3,382,0,0.43205156958587193,20260630,63f655d0d23cdff0afa014ccfd096eba0449dc81e7917b882ed0a92e2db503b6,a9175a7604d661c2708f06771d61bc40dc001844847e7ae5aee4f1d10f1f65ba
c5_random_same_word_seed_01,6,3,386,1,0.451774145127802,20260630,63f655d0d23cdff0afa014ccfd096eba0449dc81e7917b882ed0a92e2db503b6,a9175a7604d661c2708f06771d61bc40dc001844847e7ae5aee4f1d10f1f65ba
c5_random_same_word_seed_01,6,3,403,0,0.48957947587477957,20260630,63f655d0d23cdff0afa014ccfd096eba0449dc81e7917b882ed0a92e2db503b6,a9175a7604d661c2708f06771d61bc40dc001844847e7ae5aee4f1d10f1f65ba
c5_random_same_word_seed_01,6,3,419,0,0.4965695161626691,20260630,63f655d0d23cdff0afa014ccfd096eba0449dc81e7917b882ed0a92e2db503b6,a9175a7604d661c2708f06771d61bc40dc001844847e7ae5aee4f1d10f1f65ba
c5_random_same_word_seed_01,6,3,428,0,0.4012221303943593,20260630,63f655d0d23cdff0afa014ccfd096eba0449dc81e7917b882ed0a92e2db503b6,a9175a7604d661c2708f06771d61bc40dc001844847e7ae5aee4f1d10f1f65ba
c5_random_same_word_seed_01,6,3,430,0,0.49177108598439623,20260630,63f655d0d23cdff0afa014ccfd096eba0449dc81e7917b882ed0a92e2db503b6,a9175a7604d661c2708f06771d61bc40dc001844847e7ae5aee4f1d10f1f65ba
c5_random_same_word_seed_01,6,3,437,0,0.42712756478175606,20260630,63f655d0d23cdff0afa014ccfd096eba0449dc81e7917b882ed0a92e2db503b6,a9175a7604d661c2708f06771d61bc40dc001844847e7ae5aee4f1d10f1f65ba
c5_random_same_word_seed_01,6,3,441,1,0.4673168944255561,20260630,63f655d0d23cdff0afa014ccfd096eba0449dc81e7917b882ed0a92e2db503b6,a9175a7604d661c2708f06771d61bc40dc001844847e7ae5aee4f1d10f1f65ba
c5_random_same_word_seed_01,6,3,443,0,0.41014387203152675,20260630,63f655d0d23cdff0afa014ccfd096eba0449dc81e7917b882ed0a92e2db503b6,a9175a7604d661c2708f06771d61bc40dc001844847e7ae5aee4f1d10f1f65ba
c5_random_same_word_seed_01,6,3,464,0,0.4646366262760648,20260630,63f655d0d23cdff0afa014ccfd096eba0449dc81e7917b882ed0a92e2db503b6,a9175a7604d661c2708f06771d61bc40dc001844847e7ae5aee4f1d10f1f65ba
c5_random_same_word_seed_01,6,3,472,0,0.43474471429136463,20260630,63f655d0d23cdff0afa014ccfd096eba0449dc81e7917b882ed0a92e2db503b6,a9175a7604d661c2708f06771d61bc40dc001844847e7ae5aee4f1d10f1f65ba
c5_random_same_word_seed_01,6,3,474,0,0.5068489090526511,20260630,63f655d0d23cdff0afa014ccfd096eba0449dc81e7917b882ed0a92e2db503b6,a9175a7604d661c2708f06771d61bc40dc001844847e7ae5aee4f1d10f1f65ba
c5_random_same_word_seed_01,6,3,475,0,0.47707334808771473,20260630,63f655d0d23cdff0afa014ccfd096eba0449dc81e7917b882ed0a92e2db503b6,a9175a7604d661c2708f06771d61bc40dc001844847e7ae5aee4f1d10f1f65ba
c5_random_same_word_seed_01,6,3,479,0,0.4568680654103218,20260630,63f655d0d23cdff0afa014ccfd096eba0449dc81e7917b882ed0a92e2db503b6,a9175a7604d661c2708f06771d61bc40dc001844847e7ae5aee4f1d10f1f65ba
c5_random_same_word_seed_01,6,3,482,0,0.48088274825544963,20260630,63f655d0d23cdff0afa014ccfd096eba0449dc81e7917b882ed0a92e2db503b6,a9175a7604d661c2708f06771d61bc40dc001844847e7ae5aee4f1d10f1f65ba
c5_random_same_word_seed_01,6,3,483,1,0.46291695523895265,20260630,63f655d0d23cdff0afa014ccfd096eba0449dc81e7917b882ed0a92e2db503b6,a9175a7604d661c2708f06771d61bc40dc001844847e7ae5aee4f1d10f1f65ba
c5_random_same_word_seed_01,6,3,485,0,0.41825250650426055,20260630,63f655d0d23cdff0afa014ccfd096eba0449dc81e7917b882ed0a92e2db503b6,a9175a7604d661c2708f06771d61bc40dc001844847e7ae5aee4f1d10f1f65ba
c5_random_same_word_seed_01,6,3,487,0,0.5014757085487607,20260630,63f655d0d23cdff0afa014ccfd096eba0449dc81e7917b882ed0a92e2db503b6,a9175a7604d661c2708f06771d61bc40dc001844847e7ae5aee4f1d10f1f65ba
c5_random_same_word_seed_01,6,4,302,0,0.4596539094140698,20260630,074b6ad01723802a6cbe54913e2a199d04b4442829b6b53ecfd71ef361fc155d,03579eae1588ac86d9e6cabbf54132342b01a45913d546459eb5d0b70da398ee
c5_random_same_word_seed_01,6,4,304,0,0.4115917587889669,20260630,074b6ad01723802a6cbe54913e2a199d04b4442829b6b53ecfd71ef361fc155d,03579eae1588ac86d9e6cabbf54132342b01a45913d546459eb5d0b70da398ee
c5_random_same_word_seed_01,6,4,317,0,0.4415591230116048,20260630,074b6ad01723802a6cbe54913e2a199d04b4442829b6b53ecfd71ef361fc155d,03579eae1588ac86d9e6cabbf54132342b01a45913d546459eb5d0b70da398ee
c5_random_same_word_seed_01,6,4,322,0,0.4558183888140223,20260630,074b6ad01723802a6cbe54913e2a199d04b4442829b6b53ecfd71ef361fc155d,03579eae1588ac86d9e6cabbf54132342b01a45913d546459eb5d0b70da398ee
c5_random_same_word_seed_01,6,4,328,0,0.4523492272693191,20260630,074b6ad01723802a6cbe54913e2a199d04b4442829b6b53ecfd71ef361fc155d,03579eae1588ac86d9e6cabbf54132342b01a45913d546459eb5d0b70da398ee
c5_random_same_word_seed_01,6,4,338,1,0.508133251221544,20260630,074b6ad01723802a6cbe54913e2a199d04b4442829b6b53ecfd71ef361fc155d,03579eae1588ac86d9e6cabbf54132342b01a45913d546459eb5d0b70da398ee
c5_random_same_word_seed_01,6,4,343,0,0.5137094157842935,20260630,074b6ad01723802a6cbe54913e2a199d04b4442829b6b53ecfd71ef361fc155d,03579eae1588ac86d9e6cabbf54132342b01a45913d546459eb5d0b70da398ee
c5_random_same_word_seed_01,6,4,348,1,0.4720867083944239,20260630,074b6ad01723802a6cbe54913e2a199d04b4442829b6b53ecfd71ef361fc155d,03579eae1588ac86d9e6cabbf54132342b01a45913d546459eb5d0b70da398ee
c5_random_same_word_seed_01,6,4,351,1,0.5098875946131922,20260630,074b6ad01723802a6cbe54913e2a199d04b4442829b6b53ecfd71ef361fc155d,03579eae1588ac86d9e6cabbf54132342b01a45913d546459eb5d0b70da398ee
c5_random_same_word_seed_01,6,4,355,1,0.4607516890940413,20260630,074b6ad01723802a6cbe54913e2a199d04b4442829b6b53ecfd71ef361fc155d,03579eae1588ac86d9e6cabbf54132342b01a45913d546459eb5d0b70da398ee
c5_random_same_word_seed_01,6,4,358,0,0.43502903696978995,20260630,074b6ad01723802a6cbe54913e2a199d04b4442829b6b53ecfd71ef361fc155d,03579eae1588ac86d9e6cabbf54132342b01a45913d546459eb5d0b70da398ee
c5_random_same_word_seed_01,6,4,371,0,0.43602787700728324,20260630,074b6ad01723802a6cbe54913e2a199d04b4442829b6b53ecfd71ef361fc155d,03579eae1588ac86d9e6cabbf54132342b01a45913d546459eb5d0b70da398ee
c5_random_same_word_seed_01,6,4,380,1,0.5355738143719776,20260630,074b6ad01723802a6cbe54913e2a199d04b4442829b6b53ecfd71ef361fc155d,03579eae1588ac86d9e6cabbf54132342b01a45913d546459eb5d0b70da398ee
c5_random_same_word_seed_01,6,4,397,0,0.48686429521724545,20260630,074b6ad01723802a6cbe54913e2a199d04b4442829b6b53ecfd71ef361fc155d,03579eae1588ac86d9e6cabbf54132342b01a45913d546459eb5d0b70da398ee
c5_random_same_word_seed_01,6,4,400,0,0.4499548646110968,20260630,074b6ad01723802a6cbe54913e2a199d04b4442829b6b53ecfd71ef361fc155d,03579eae1588ac86d9e6cabbf54132342b01a45913d546459eb5d0b70da398ee
c5_random_same_word_seed_01,6,4,412,1,0.4320638270689998,20260630,074b6ad01723802a6cbe54913e2a199d04b4442829b6b53ecfd71ef361fc155d,03579eae1588ac86d9e6cabbf54132342b01a45913d546459eb5d0b70da398ee
c5_random_same_word_seed_01,6,4,416,0,0.5114745777506348,20260630,074b6ad01723802a6cbe54913e2a199d04b4442829b6b53ecfd71ef361fc155d,03579eae1588ac86d9e6cabbf54132342b01a45913d546459eb5d0b70da398ee
c5_random_same_word_seed_01,6,4,417,0,0.546121494372684,20260630,074b6ad01723802a6cbe54913e2a199d04b4442829b6b53ecfd71ef361fc155d,03579eae1588ac86d9e6cabbf54132342b01a45913d546459eb5d0b70da398ee
c5_random_same_word_seed_01,6,4,418,1,0.5154001378799485,20260630,074b6ad01723802a6cbe54913e2a199d04b4442829b6b53ecfd71ef361fc155d,03579eae1588ac86d9e6cabbf54132342b01a45913d546459eb5d0b70da398ee
c5_random_same_word_seed_01,6,4,425,0,0.5342738108867624,20260630,074b6ad01723802a6cbe54913e2a199d04b4442829b6b53ecfd71ef361fc155d,03579eae1588ac86d9e6cabbf54132342b01a45913d546459eb5d0b70da398ee
c5_random_same_word_seed_01,6,4,427,0,0.44838756891400827,20260630,074b6ad01723802a6cbe54913e2a199d04b4442829b6b53ecfd71ef361fc155d,03579eae1588ac86d9e6cabbf54132342b01a45913d546459eb5d0b70da398ee
c5_random_same_word_seed_01,6,4,429,0,0.4619171464053224,20260630,074b6ad01723802a6cbe54913e2a199d04b4442829b6b53ecfd71ef361fc155d,03579eae1588ac86d9e6cabbf54132342b01a45913d546459eb5d0b70da398ee
c5_random_same_word_seed_01,6,4,434,0,0.5173632961935438,20260630,074b6ad01723802a6cbe54913e2a199d04b4442829b6b53ecfd71ef361fc155d,03579eae1588ac86d9e6cabbf54132342b01a45913d546459eb5d0b70da398ee
c5_random_same_word_seed_01,6,4,440,1,0.5363904352156287,20260630,074b6ad01723802a6cbe54913e2a199d04b4442829b6b53ecfd71ef361fc155d,03579eae1588ac86d9e6cabbf54132342b01a45913d546459eb5d0b70da398ee
c5_random_same_word_seed_01,6,4,444,0,0.4506467554917511,20260630,074b6ad01723802a6cbe54913e2a199d04b4442829b6b53ecfd71ef361fc155d,03579eae1588ac86d9e6cabbf54132342b01a45913d546459eb5d0b70da398ee
c5_random_same_word_seed_01,6,4,455,0,0.4735520241210968,20260630,074b6ad01723802a6cbe54913e2a199d04b4442829b6b53ecfd71ef361fc155d,03579eae1588ac86d9e6cabbf54132342b01a45913d546459eb5d0b70da398ee
c5_random_same_word_seed_01,6,4,456,0,0.45329608295782275,20260630,074b6ad01723802a6cbe54913e2a199d04b4442829b6b53ecfd71ef361fc155d,03579eae1588ac86d9e6cabbf54132342b01a45913d546459eb5d0b70da398ee
c5_random_same_word_seed_01,6,4,463,0,0.4861798075278133,20260630,074b6ad01723802a6cbe54913e2a199d04b4442829b6b53ecfd71ef361fc155d,03579eae1588ac86d9e6cabbf54132342b01a45913d546459eb5d0b70da398ee
c5_random_same_word_seed_01,6,5,307,0,0.5084437136204039,20260630,d56b8a941d07ed2aadb9bf902bdac36965245619a7470e237272178f95571c6e,e1873497cd4f17928da0fdd081db1deb07750ac53dc401a3727de5448357386b
c5_random_same_word_seed_01,6,5,312,0,0.4726310839305906,20260630,d56b8a941d07ed2aadb9bf902bdac36965245619a7470e237272178f95571c6e,e1873497cd4f17928da0fdd081db1deb07750ac53dc401a3727de5448357386b
c5_random_same_word_seed_01,6,5,316,0,0.3898431700992808,20260630,d56b8a941d07ed2aadb9bf902bdac36965245619a7470e237272178f95571c6e,e1873497cd4f17928da0fdd081db1deb07750ac53dc401a3727de5448357386b
c5_random_same_word_seed_01,6,5,324,0,0.420908200078645,20260630,d56b8a941d07ed2aadb9bf902bdac36965245619a7470e237272178f95571c6e,e1873497cd4f17928da0fdd081db1deb07750ac53dc401a3727de5448357386b
c5_random_same_word_seed_01,6,5,325,1,0.5655999659177747,20260630,d56b8a941d07ed2aadb9bf902bdac36965245619a7470e237272178f95571c6e,e1873497cd4f17928da0fdd081db1deb07750ac53dc401a3727de5448357386b
c5_random_same_word_seed_01,6,5,330,1,0.43547543528385313,20260630,d56b8a941d07ed2aadb9bf902bdac36965245619a7470e237272178f95571c6e,e1873497cd4f17928da0fdd081db1deb07750ac53dc401a3727de5448357386b
c5_random_same_word_seed_01,6,5,339,1,0.4841939199988278,20260630,d56b8a941d07ed2aadb9bf902bdac36965245619a7470e237272178f95571c6e,e1873497cd4f17928da0fdd081db1deb07750ac53dc401a3727de5448357386b
c5_random_same_word_seed_01,6,5,356,1,0.5279813369836895,20260630,d56b8a941d07ed2aadb9bf902bdac36965245619a7470e237272178f95571c6e,e1873497cd4f17928da0fdd081db1deb07750ac53dc401a3727de5448357386b
c5_random_same_word_seed_01,6,5,360,0,0.47931315412883296,20260630,d56b8a941d07ed2aadb9bf902bdac36965245619a7470e237272178f95571c6e,e1873497cd4f17928da0fdd081db1deb07750ac53dc401a3727de5448357386b
c5_random_same_word_seed_01,6,5,366,0,0.5039902091509368,20260630,d56b8a941d07ed2aadb9bf902bdac36965245619a7470e237272178f95571c6e,e1873497cd4f17928da0fdd081db1deb07750ac53dc401a3727de5448357386b
c5_random_same_word_seed_01,6,5,367,1,0.47781990139888536,20260630,d56b8a941d07ed2aadb9bf902bdac36965245619a7470e237272178f95571c6e,e1873497cd4f17928da0fdd081db1deb07750ac53dc401a3727de5448357386b
c5_random_same_word_seed_01,6,5,368,0,0.4741157808823999,20260630,d56b8a941d07ed2aadb9bf902bdac36965245619a7470e237272178f95571c6e,e1873497cd4f17928da0fdd081db1deb07750ac53dc401a3727de5448357386b
c5_random_same_word_seed_01,6,5,372,1,0.49962154809394743,20260630,d56b8a941d07ed2aadb9bf902bdac36965245619a7470e237272178f95571c6e,e1873497cd4f17928da0fdd081db1deb07750ac53dc401a3727de5448357386b
c5_random_same_word_seed_01,6,5,375,0,0.42657900706710644,20260630,d56b8a941d07ed2aadb9bf902bdac36965245619a7470e237272178f95571c6e,e1873497cd4f17928da0fdd081db1deb07750ac53dc401a3727de5448357386b
c5_random_same_word_seed_01,6,5,376,1,0.5138563253903605,20260630,d56b8a941d07ed2aadb9bf902bdac36965245619a7470e237272178f95571c6e,e1873497cd4f17928da0fdd081db1deb07750ac53dc401a3727de5448357386b
c5_random_same_word_seed_01,6,5,381,1,0.5159399139089017,20260630,d56b8a941d07ed2aadb9bf902bdac36965245619a7470e237272178f95571c6e,e1873497cd4f17928da0fdd081db1deb07750ac53dc401a3727de5448357386b
c5_random_same_word_seed_01,6,5,383,0,0.4364179185216092,20260630,d56b8a941d07ed2aadb9bf902bdac36965245619a7470e237272178f95571c6e,e1873497cd4f17928da0fdd081db1deb07750ac53dc401a3727de5448357386b
c5_random_same_word_seed_01,6,5,390,0,0.5022576249690924,20260630,d56b8a941d07ed2aadb9bf902bdac36965245619a7470e237272178f95571c6e,e1873497cd4f17928da0fdd081db1deb07750ac53dc401a3727de5448357386b
c5_random_same_word_seed_01,6,5,401,0,0.4153779004997273,20260630,d56b8a941d07ed2aadb9bf902bdac36965245619a7470e237272178f95571c6e,e1873497cd4f17928da0fdd081db1deb07750ac53dc401a3727de5448357386b
c5_random_same_word_seed_01,6,5,409,1,0.4645069932839781,20260630,d56b8a941d07ed2aadb9bf902bdac36965245619a7470e237272178f95571c6e,e1873497cd4f17928da0fdd081db1deb07750ac53dc401a3727de5448357386b
c5_random_same_word_seed_01,6,5,420,0,0.5039901597564116,20260630,d56b8a941d07ed2aadb9bf902bdac36965245619a7470e237272178f95571c6e,e1873497cd4f17928da0fdd081db1deb07750ac53dc401a3727de5448357386b
c5_random_same_word_seed_01,6,5,423,0,0.47986020464307894,20260630,d56b8a941d07ed2aadb9bf902bdac36965245619a7470e237272178f95571c6e,e1873497cd4f17928da0fdd081db1deb07750ac53dc401a3727de5448357386b
c5_random_same_word_seed_01,6,5,436,0,0.4682022475588774,20260630,d56b8a941d07ed2aadb9bf902bdac36965245619a7470e237272178f95571c6e,e1873497cd4f17928da0fdd081db1deb07750ac53dc401a3727de5448357386b
c5_random_same_word_seed_01,6,5,445,0,0.5214041190834723,20260630,d56b8a941d07ed2aadb9bf902bdac36965245619a7470e237272178f95571c6e,e1873497cd4f17928da0fdd081db1deb07750ac53dc401a3727de5448357386b
c5_random_same_word_seed_01,6,5,458,0,0.4709013209628253,20260630,d56b8a941d07ed2aadb9bf902bdac36965245619a7470e237272178f95571c6e,e1873497cd4f17928da0fdd081db1deb07750ac53dc401a3727de5448357386b
c5_random_same_word_seed_01,6,5,484,0,0.4862528053786555,20260630,d56b8a941d07ed2aadb9bf902bdac36965245619a7470e237272178f95571c6e,e1873497cd4f17928da0fdd081db1deb07750ac53dc401a3727de5448357386b
c5_random_same_word_seed_01,6,5,488,0,0.45142512423044473,20260630,d56b8a941d07ed2aadb9bf902bdac36965245619a7470e237272178f95571c6e,e1873497cd4f17928da0fdd081db1deb07750ac53dc401a3727de5448357386b
c5_random_same_word_seed_01,6,5,492,0,0.3993478863581934,20260630,d56b8a941d07ed2aadb9bf902bdac36965245619a7470e237272178f95571c6e,e1873497cd4f17928da0fdd081db1deb07750ac53dc401a3727de5448357386b
c5_random_same_word_seed_01,7,1,315,0,0.4617309248936535,20260631,f3dabc890c5a95e9aeba56026c4d2e5ef280fa3aa9f486c6242ef3e665740b39,9d2670fe5e3eca8e8444707242eea29f1e3602ef28d14ab3b5e3c6b03ec01143
c5_random_same_word_seed_01,7,1,319,1,0.4440148665559852,20260631,f3dabc890c5a95e9aeba56026c4d2e5ef280fa3aa9f486c6242ef3e665740b39,9d2670fe5e3eca8e8444707242eea29f1e3602ef28d14ab3b5e3c6b03ec01143
c5_random_same_word_seed_01,7,1,331,0,0.4913189337316103,20260631,f3dabc890c5a95e9aeba56026c4d2e5ef280fa3aa9f486c6242ef3e665740b39,9d2670fe5e3eca8e8444707242eea29f1e3602ef28d14ab3b5e3c6b03ec01143
c5_random_same_word_seed_01,7,1,333,0,0.47521633858277246,20260631,f3dabc890c5a95e9aeba56026c4d2e5ef280fa3aa9f486c6242ef3e665740b39,9d2670fe5e3eca8e8444707242eea29f1e3602ef28d14ab3b5e3c6b03ec01143
c5_random_same_word_seed_01,7,1,350,1,0.5223646097810737,20260631,f3dabc890c5a95e9aeba56026c4d2e5ef280fa3aa9f486c6242ef3e665740b39,9d2670fe5e3eca8e8444707242eea29f1e3602ef28d14ab3b5e3c6b03ec01143
c5_random_same_word_seed_01,7,1,352,1,0.5157158126153503,20260631,f3dabc890c5a95e9aeba56026c4d2e5ef280fa3aa9f486c6242ef3e665740b39,9d2670fe5e3eca8e8444707242eea29f1e3602ef28d14ab3b5e3c6b03ec01143
c5_random_same_word_seed_01,7,1,353,1,0.48182426504323383,20260631,f3dabc890c5a95e9aeba56026c4d2e5ef280fa3aa9f486c6242ef3e665740b39,9d2670fe5e3eca8e8444707242eea29f1e3602ef28d14ab3b5e3c6b03ec01143
c5_random_same_word_seed_01,7,1,364,0,0.484250134942098,20260631,f3dabc890c5a95e9aeba56026c4d2e5ef280fa3aa9f486c6242ef3e665740b39,9d2670fe5e3eca8e8444707242eea29f1e3602ef28d14ab3b5e3c6b03ec01143
c5_random_same_word_seed_01,7,1,367,1,0.4969193091920339,20260631,f3dabc890c5a95e9aeba56026c4d2e5ef280fa3aa9f486c6242ef3e665740b39,9d2670fe5e3eca8e8444707242eea29f1e3602ef28d14ab3b5e3c6b03ec01143
c5_random_same_word_seed_01,7,1,374,0,0.5247820444257596,20260631,f3dabc890c5a95e9aeba56026c4d2e5ef280fa3aa9f486c6242ef3e665740b39,9d2670fe5e3eca8e8444707242eea29f1e3602ef28d14ab3b5e3c6b03ec01143
c5_random_same_word_seed_01,7,1,386,1,0.4509028621559497,20260631,f3dabc890c5a95e9aeba56026c4d2e5ef280fa3aa9f486c6242ef3e665740b39,9d2670fe5e3eca8e8444707242eea29f1e3602ef28d14ab3b5e3c6b03ec01143
c5_random_same_word_seed_01,7,1,391,0,0.4150427655064423,20260631,f3dabc890c5a95e9aeba56026c4d2e5ef280fa3aa9f486c6242ef3e665740b39,9d2670fe5e3eca8e8444707242eea29f1e3602ef28d14ab3b5e3c6b03ec01143
c5_random_same_word_seed_01,7,1,400,0,0.4619001000942903,20260631,f3dabc890c5a95e9aeba56026c4d2e5ef280fa3aa9f486c6242ef3e665740b39,9d2670fe5e3eca8e8444707242eea29f1e3602ef28d14ab3b5e3c6b03ec01143
c5_random_same_word_seed_01,7,1,401,0,0.46705444780775224,20260631,f3dabc890c5a95e9aeba56026c4d2e5ef280fa3aa9f486c6242ef3e665740b39,9d2670fe5e3eca8e8444707242eea29f1e3602ef28d14ab3b5e3c6b03ec01143
c5_random_same_word_seed_01,7,1,412,1,0.4454429850323107,20260631,f3dabc890c5a95e9aeba56026c4d2e5ef280fa3aa9f486c6242ef3e665740b39,9d2670fe5e3eca8e8444707242eea29f1e3602ef28d14ab3b5e3c6b03ec01143
c5_random_same_word_seed_01,7,1,416,0,0.4949195015831848,20260631,f3dabc890c5a95e9aeba56026c4d2e5ef280fa3aa9f486c6242ef3e665740b39,9d2670fe5e3eca8e8444707242eea29f1e3602ef28d14ab3b5e3c6b03ec01143
c5_random_same_word_seed_01,7,1,422,1,0.5489263749762849,20260631,f3dabc890c5a95e9aeba56026c4d2e5ef280fa3aa9f486c6242ef3e665740b39,9d2670fe5e3eca8e8444707242eea29f1e3602ef28d14ab3b5e3c6b03ec01143
c5_random_same_word_seed_01,7,1,425,0,0.5411594629752462,20260631,f3dabc890c5a95e9aeba56026c4d2e5ef280fa3aa9f486c6242ef3e665740b39,9d2670fe5e3eca8e8444707242eea29f1e3602ef28d14ab3b5e3c6b03ec01143
c5_random_same_word_seed_01,7,1,427,0,0.42904815674424607,20260631,f3dabc890c5a95e9aeba56026c4d2e5ef280fa3aa9f486c6242ef3e665740b39,9d2670fe5e3eca8e8444707242eea29f1e3602ef28d14ab3b5e3c6b03ec01143
c5_random_same_word_seed_01,7,1,434,0,0.5162064046566146,20260631,f3dabc890c5a95e9aeba56026c4d2e5ef280fa3aa9f486c6242ef3e665740b39,9d2670fe5e3eca8e8444707242eea29f1e3602ef28d14ab3b5e3c6b03ec01143
c5_random_same_word_seed_01,7,1,437,0,0.43273646593656323,20260631,f3dabc890c5a95e9aeba56026c4d2e5ef280fa3aa9f486c6242ef3e665740b39,9d2670fe5e3eca8e8444707242eea29f1e3602ef28d14ab3b5e3c6b03ec01143
c5_random_same_word_seed_01,7,1,441,1,0.4650446127352503,20260631,f3dabc890c5a95e9aeba56026c4d2e5ef280fa3aa9f486c6242ef3e665740b39,9d2670fe5e3eca8e8444707242eea29f1e3602ef28d14ab3b5e3c6b03ec01143
c5_random_same_word_seed_01,7,1,443,0,0.4217085766795774,20260631,f3dabc890c5a95e9aeba56026c4d2e5ef280fa3aa9f486c6242ef3e665740b39,9d2670fe5e3eca8e8444707242eea29f1e3602ef28d14ab3b5e3c6b03ec01143
c5_random_same_word_seed_01,7,1,445,0,0.4907850105721795,20260631,f3dabc890c5a95e9aeba56026c4d2e5ef280fa3aa9f486c6242ef3e665740b39,9d2670fe5e3eca8e8444707242eea29f1e3602ef28d14ab3b5e3c6b03ec01143
c5_random_same_word_seed_01,7,1,446,0,0.4983921518291422,20260631,f3dabc890c5a95e9aeba56026c4d2e5ef280fa3aa9f486c6242ef3e665740b39,9d2670fe5e3eca8e8444707242eea29f1e3602ef28d14ab3b5e3c6b03ec01143
c5_random_same_word_seed_01,7,1,473,0,0.44459282377197196,20260631,f3dabc890c5a95e9aeba56026c4d2e5ef280fa3aa9f486c6242ef3e665740b39,9d2670fe5e3eca8e8444707242eea29f1e3602ef28d14ab3b5e3c6b03ec01143
c5_random_same_word_seed_01,7,1,476,0,0.44422076538831673,20260631,f3dabc890c5a95e9aeba56026c4d2e5ef280fa3aa9f486c6242ef3e665740b39,9d2670fe5e3eca8e8444707242eea29f1e3602ef28d14ab3b5e3c6b03ec01143
c5_random_same_word_seed_01,7,1,489,0,0.41253744278548937,20260631,f3dabc890c5a95e9aeba56026c4d2e5ef280fa3aa9f486c6242ef3e665740b39,9d2670fe5e3eca8e8444707242eea29f1e3602ef28d14ab3b5e3c6b03ec01143
c5_random_same_word_seed_01,7,1,490,0,0.4280877501015856,20260631,f3dabc890c5a95e9aeba56026c4d2e5ef280fa3aa9f486c6242ef3e665740b39,9d2670fe5e3eca8e8444707242eea29f1e3602ef28d14ab3b5e3c6b03ec01143
c5_random_same_word_seed_01,7,2,317,0,0.4368824289544685,20260631,23d657f172880618b5c9663758d294ce590bc310ce2977d3ac1616f50e4679d3,da8a53285626f312b48617faf929cf9bee1bbbbdae34bc11ca57beba12a52659
c5_random_same_word_seed_01,7,2,321,1,0.503477789092655,20260631,23d657f172880618b5c9663758d294ce590bc310ce2977d3ac1616f50e4679d3,da8a53285626f312b48617faf929cf9bee1bbbbdae34bc11ca57beba12a52659
c5_random_same_word_seed_01,7,2,335,1,0.5220103274613868,20260631,23d657f172880618b5c9663758d294ce590bc310ce2977d3ac1616f50e4679d3,da8a53285626f312b48617faf929cf9bee1bbbbdae34bc11ca57beba12a52659
c5_random_same_word_seed_01,7,2,340,0,0.4708356244576876,20260631,23d657f172880618b5c9663758d294ce590bc310ce2977d3ac1616f50e4679d3,da8a53285626f312b48617faf929cf9bee1bbbbdae34bc11ca57beba12a52659
c5_random_same_word_seed_01,7,2,341,0,0.4580913392625864,20260631,23d657f172880618b5c9663758d294ce590bc310ce2977d3ac1616f50e4679d3,da8a53285626f312b48617faf929cf9bee1bbbbdae34bc11ca57beba12a52659
c5_random_same_word_seed_01,7,2,345,1,0.5425296889461332,20260631,23d657f172880618b5c9663758d294ce590bc310ce2977d3ac1616f50e4679d3,da8a53285626f312b48617faf929cf9bee1bbbbdae34bc11ca57beba12a52659
c5_random_same_word_seed_01,7,2,347,1,0.46529814629287153,20260631,23d657f172880618b5c9663758d294ce590bc310ce2977d3ac1616f50e4679d3,da8a53285626f312b48617faf929cf9bee1bbbbdae34bc11ca57beba12a52659
c5_random_same_word_seed_01,7,2,366,0,0.523663701019886,20260631,23d657f172880618b5c9663758d294ce590bc310ce2977d3ac1616f50e4679d3,da8a53285626f312b48617faf929cf9bee1bbbbdae34bc11ca57beba12a52659
c5_random_same_word_seed_01,7,2,372,1,0.5009731348063933,20260631,23d657f172880618b5c9663758d294ce590bc310ce2977d3ac1616f50e4679d3,da8a53285626f312b48617faf929cf9bee1bbbbdae34bc11ca57beba12a52659
c5_random_same_word_seed_01,7,2,380,1,0.5313634000169135,20260631,23d657f172880618b5c9663758d294ce590bc310ce2977d3ac1616f50e4679d3,da8a53285626f312b48617faf929cf9bee1bbbbdae34bc11ca57beba12a52659
c5_random_same_word_seed_01,7,2,383,0,0.4267348325402178,20260631,23d657f172880618b5c9663758d294ce590bc310ce2977d3ac1616f50e4679d3,da8a53285626f312b48617faf929cf9bee1bbbbdae34bc11ca57beba12a52659
c5_random_same_word_seed_01,7,2,388,1,0.4421088973848676,20260631,23d657f172880618b5c9663758d294ce590bc310ce2977d3ac1616f50e4679d3,da8a53285626f312b48617faf929cf9bee1bbbbdae34bc11ca57beba12a52659
c5_random_same_word_seed_01,7,2,389,1,0.4758213767712223,20260631,23d657f172880618b5c9663758d294ce590bc310ce2977d3ac1616f50e4679d3,da8a53285626f312b48617faf929cf9bee1bbbbdae34bc11ca57beba12a52659
c5_random_same_word_seed_01,7,2,390,0,0.5473892090963871,20260631,23d657f172880618b5c9663758d294ce590bc310ce2977d3ac1616f50e4679d3,da8a53285626f312b48617faf929cf9bee1bbbbdae34bc11ca57beba12a52659
c5_random_same_word_seed_01,7,2,415,0,0.5214242489941519,20260631,23d657f172880618b5c9663758d294ce590bc310ce2977d3ac1616f50e4679d3,da8a53285626f312b48617faf929cf9bee1bbbbdae34bc11ca57beba12a52659
c5_random_same_word_seed_01,7,2,429,0,0.4605324740468163,20260631,23d657f172880618b5c9663758d294ce590bc310ce2977d3ac1616f50e4679d3,da8a53285626f312b48617faf929cf9bee1bbbbdae34bc11ca57beba12a52659
c5_random_same_word_seed_01,7,2,433,1,0.4388240821744002,20260631,23d657f172880618b5c9663758d294ce590bc310ce2977d3ac1616f50e4679d3,da8a53285626f312b48617faf929cf9bee1bbbbdae34bc11ca57beba12a52659
c5_random_same_word_seed_01,7,2,436,0,0.4534466594553625,20260631,23d657f172880618b5c9663758d294ce590bc310ce2977d3ac1616f50e4679d3,da8a53285626f312b48617faf929cf9bee1bbbbdae34bc11ca57beba12a52659
c5_random_same_word_seed_01,7,2,444,0,0.46563471646107046,20260631,23d657f172880618b5c9663758d294ce590bc310ce2977d3ac1616f50e4679d3,da8a53285626f312b48617faf929cf9bee1bbbbdae34bc11ca57beba12a52659
c5_random_same_word_seed_01,7,2,451,0,0.4959787881576205,20260631,23d657f172880618b5c9663758d294ce590bc310ce2977d3ac1616f50e4679d3,da8a53285626f312b48617faf929cf9bee1bbbbdae34bc11ca57beba12a52659
c5_random_same_word_seed_01,7,2,455,0,0.4796430472971354,20260631,23d657f172880618b5c9663758d294ce590bc310ce2977d3ac1616f50e4679d3,da8a53285626f312b48617faf929cf9bee1bbbbdae34bc11ca57beba12a52659
c5_random_same_word_seed_01,7,2,456,0,0.4694337364739182,20260631,23d657f172880618b5c9663758d294ce590bc310ce2977d3ac1616f50e4679d3,da8a53285626f312b48617faf929cf9bee1bbbbdae34bc11ca57beba12a52659
c5_random_same_word_seed_01,7,2,474,0,0.4873465769851107,20260631,23d657f172880618b5c9663758d294ce590bc310ce2977d3ac1616f50e4679d3,da8a53285626f312b48617faf929cf9bee1bbbbdae34bc11ca57beba12a52659
c5_random_same_word_seed_01,7,2,477,0,0.5418739628778164,20260631,23d657f172880618b5c9663758d294ce590bc310ce2977d3ac1616f50e4679d3,da8a53285626f312b48617faf929cf9bee1bbbbdae34bc11ca57beba12a52659
c5_random_same_word_seed_01,7,2,482,0,0.5088615283765738,20260631,23d657f172880618b5c9663758d294ce590bc310ce2977d3ac1616f50e4679d3,da8a53285626f312b48617faf929cf9bee1bbbbdae34bc11ca57beba12a52659
c5_random_same_word_seed_01,7,2,484,0,0.516264045556079,20260631,23d657f172880618b5c9663758d294ce590bc310ce2977d3ac1616f50e4679d3,da8a53285626f312b48617faf929cf9bee1bbbbdae34bc11ca57beba12a52659
c5_random_same_word_seed_01,7,2,485,0,0.4316762802619186,20260631,23d657f172880618b5c9663758d294ce590bc310ce2977d3ac1616f50e4679d3,da8a53285626f312b48617faf929cf9bee1bbbbdae34bc11ca57beba12a52659
c5_random_same_word_seed_01,7,2,486,0,0.4122946112314839,20260631,23d657f172880618b5c9663758d294ce590bc310ce2977d3ac1616f50e4679d3,da8a53285626f312b48617faf929cf9bee1bbbbdae34bc11ca57beba12a52659
c5_random_same_word_seed_01,7,2,491,0,0.47880757134067875,20260631,23d657f172880618b5c9663758d294ce590bc310ce2977d3ac1616f50e4679d3,da8a53285626f312b48617faf929cf9bee1bbbbdae34bc11ca57beba12a52659
c5_random_same_word_seed_01,7,3,305,0,0.5039402987051347,20260631,4eddfedce9ed4edac7f5f9d02c42b053a085693dc8e1fc3c5bb2088c7cec6616,3d0652c74e5c6639081fa5f85fd6c911a3a94a5f52e9e72a90e95041c926347f
c5_random_same_word_seed_01,7,3,307,0,0.5013525587104153,20260631,4eddfedce9ed4edac7f5f9d02c42b053a085693dc8e1fc3c5bb2088c7cec6616,3d0652c74e5c6639081fa5f85fd6c911a3a94a5f52e9e72a90e95041c926347f
c5_random_same_word_seed_01,7,3,318,0,0.4192037885470366,20260631,4eddfedce9ed4edac7f5f9d02c42b053a085693dc8e1fc3c5bb2088c7cec6616,3d0652c74e5c6639081fa5f85fd6c911a3a94a5f52e9e72a90e95041c926347f
c5_random_same_word_seed_01,7,3,324,0,0.44846982607522745,20260631,4eddfedce9ed4edac7f5f9d02c42b053a085693dc8e1fc3c5bb2088c7cec6616,3d0652c74e5c6639081fa5f85fd6c911a3a94a5f52e9e72a90e95041c926347f
c5_random_same_word_seed_01,7,3,325,1,0.5416459414973254,20260631,4eddfedce9ed4edac7f5f9d02c42b053a085693dc8e1fc3c5bb2088c7cec6616,3d0652c74e5c6639081fa5f85fd6c911a3a94a5f52e9e72a90e95041c926347f
c5_random_same_word_seed_01,7,3,328,0,0.4553400144915881,20260631,4eddfedce9ed4edac7f5f9d02c42b053a085693dc8e1fc3c5bb2088c7cec6616,3d0652c74e5c6639081fa5f85fd6c911a3a94a5f52e9e72a90e95041c926347f
c5_random_same_word_seed_01,7,3,358,0,0.4477399573184682,20260631,4eddfedce9ed4edac7f5f9d02c42b053a085693dc8e1fc3c5bb2088c7cec6616,3d0652c74e5c6639081fa5f85fd6c911a3a94a5f52e9e72a90e95041c926347f
c5_random_same_word_seed_01,7,3,360,0,0.4960922793711038,20260631,4eddfedce9ed4edac7f5f9d02c42b053a085693dc8e1fc3c5bb2088c7cec6616,3d0652c74e5c6639081fa5f85fd6c911a3a94a5f52e9e72a90e95041c926347f
c5_random_same_word_seed_01,7,3,362,1,0.4774073700522057,20260631,4eddfedce9ed4edac7f5f9d02c42b053a085693dc8e1fc3c5bb2088c7cec6616,3d0652c74e5c6639081fa5f85fd6c911a3a94a5f52e9e72a90e95041c926347f
c5_random_same_word_seed_01,7,3,369,0,0.48394424170631833,20260631,4eddfedce9ed4edac7f5f9d02c42b053a085693dc8e1fc3c5bb2088c7cec6616,3d0652c74e5c6639081fa5f85fd6c911a3a94a5f52e9e72a90e95041c926347f
c5_random_same_word_seed_01,7,3,371,0,0.43692021942525266,20260631,4eddfedce9ed4edac7f5f9d02c42b053a085693dc8e1fc3c5bb2088c7cec6616,3d0652c74e5c6639081fa5f85fd6c911a3a94a5f52e9e72a90e95041c926347f
c5_random_same_word_seed_01,7,3,376,1,0.526865474612808,20260631,4eddfedce9ed4edac7f5f9d02c42b053a085693dc8e1fc3c5bb2088c7cec6616,3d0652c74e5c6639081fa5f85fd6c911a3a94a5f52e9e72a90e95041c926347f
c5_random_same_word_seed_01,7,3,402,1,0.5059712889918996,20260631,4eddfedce9ed4edac7f5f9d02c42b053a085693dc8e1fc3c5bb2088c7cec6616,3d0652c74e5c6639081fa5f85fd6c911a3a94a5f52e9e72a90e95041c926347f
c5_random_same_word_seed_01,7,3,409,1,0.47407038008465063,20260631,4eddfedce9ed4edac7f5f9d02c42b053a085693dc8e1fc3c5bb2088c7cec6616,3d0652c74e5c6639081fa5f85fd6c911a3a94a5f52e9e72a90e95041c926347f
c5_random_same_word_seed_01,7,3,414,1,0.5093530811400705,20260631,4eddfedce9ed4edac7f5f9d02c42b053a085693dc8e1fc3c5bb2088c7cec6616,3d0652c74e5c6639081fa5f85fd6c911a3a94a5f52e9e72a90e95041c926347f
c5_random_same_word_seed_01,7,3,419,0,0.49319562812981416,20260631,4eddfedce9ed4edac7f5f9d02c42b053a085693dc8e1fc3c5bb2088c7cec6616,3d0652c74e5c6639081fa5f85fd6c911a3a94a5f52e9e72a90e95041c926347f
c5_random_same_word_seed_01,7,3,426,1,0.49061192947660076,20260631,4eddfedce9ed4edac7f5f9d02c42b053a085693dc8e1fc3c5bb2088c7cec6616,3d0652c74e5c6639081fa5f85fd6c911a3a94a5f52e9e72a90e95041c926347f
c5_random_same_word_seed_01,7,3,439,0,0.46553549666976035,20260631,4eddfedce9ed4edac7f5f9d02c42b053a085693dc8e1fc3c5bb2088c7cec6616,3d0652c74e5c6639081fa5f85fd6c911a3a94a5f52e9e72a90e95041c926347f
c5_random_same_word_seed_01,7,3,440,1,0.5099882314771965,20260631,4eddfedce9ed4edac7f5f9d02c42b053a085693dc8e1fc3c5bb2088c7cec6616,3d0652c74e5c6639081fa5f85fd6c911a3a94a5f52e9e72a90e95041c926347f
c5_random_same_word_seed_01,7,3,447,0,0.44315922421489495,20260631,4eddfedce9ed4edac7f5f9d02c42b053a085693dc8e1fc3c5bb2088c7cec6616,3d0652c74e5c6639081fa5f85fd6c911a3a94a5f52e9e72a90e95041c926347f
c5_random_same_word_seed_01,7,3,449,0,0.48905205560148013,20260631,4eddfedce9ed4edac7f5f9d02c42b053a085693dc8e1fc3c5bb2088c7cec6616,3d0652c74e5c6639081fa5f85fd6c911a3a94a5f52e9e72a90e95041c926347f
c5_random_same_word_seed_01,7,3,454,0,0.4535950312878219,20260631,4eddfedce9ed4edac7f5f9d02c42b053a085693dc8e1fc3c5bb2088c7cec6616,3d0652c74e5c6639081fa5f85fd6c911a3a94a5f52e9e72a90e95041c926347f
c5_random_same_word_seed_01,7,3,457,0,0.5075232589282589,20260631,4eddfedce9ed4edac7f5f9d02c42b053a085693dc8e1fc3c5bb2088c7cec6616,3d0652c74e5c6639081fa5f85fd6c911a3a94a5f52e9e72a90e95041c926347f
c5_random_same_word_seed_01,7,3,463,0,0.5175714357992907,20260631,4eddfedce9ed4edac7f5f9d02c42b053a085693dc8e1fc3c5bb2088c7cec6616,3d0652c74e5c6639081fa5f85fd6c911a3a94a5f52e9e72a90e95041c926347f
c5_random_same_word_seed_01,7,3,472,0,0.4171035417684902,20260631,4eddfedce9ed4edac7f5f9d02c42b053a085693dc8e1fc3c5bb2088c7cec6616,3d0652c74e5c6639081fa5f85fd6c911a3a94a5f52e9e72a90e95041c926347f
c5_random_same_word_seed_01,7,3,475,0,0.4692562895298087,20260631,4eddfedce9ed4edac7f5f9d02c42b053a085693dc8e1fc3c5bb2088c7cec6616,3d0652c74e5c6639081fa5f85fd6c911a3a94a5f52e9e72a90e95041c926347f
c5_random_same_word_seed_01,7,3,487,0,0.5221657914389904,20260631,4eddfedce9ed4edac7f5f9d02c42b053a085693dc8e1fc3c5bb2088c7cec6616,3d0652c74e5c6639081fa5f85fd6c911a3a94a5f52e9e72a90e95041c926347f
c5_random_same_word_seed_01,7,3,488,0,0.4913801857054215,20260631,4eddfedce9ed4edac7f5f9d02c42b053a085693dc8e1fc3c5bb2088c7cec6616,3d0652c74e5c6639081fa5f85fd6c911a3a94a5f52e9e72a90e95041c926347f
c5_random_same_word_seed_01,7,4,302,0,0.4713387561779668,20260631,2cd630f89f9be953badf6194b7b655366f718766a325a0258da75f905eb6be81,52b5c89f9ca126f58d2180e016d275fa5187985e11606904d7be5d50468ec3dc
c5_random_same_word_seed_01,7,4,310,0,0.4534921887179519,20260631,2cd630f89f9be953badf6194b7b655366f718766a325a0258da75f905eb6be81,52b5c89f9ca126f58d2180e016d275fa5187985e11606904d7be5d50468ec3dc
c5_random_same_word_seed_01,7,4,312,0,0.46232296971725423,20260631,2cd630f89f9be953badf6194b7b655366f718766a325a0258da75f905eb6be81,52b5c89f9ca126f58d2180e016d275fa5187985e11606904d7be5d50468ec3dc
c5_random_same_word_seed_01,7,4,313,0,0.4096001750109966,20260631,2cd630f89f9be953badf6194b7b655366f718766a325a0258da75f905eb6be81,52b5c89f9ca126f58d2180e016d275fa5187985e11606904d7be5d50468ec3dc
c5_random_same_word_seed_01,7,4,322,0,0.48389271853960353,20260631,2cd630f89f9be953badf6194b7b655366f718766a325a0258da75f905eb6be81,52b5c89f9ca126f58d2180e016d275fa5187985e11606904d7be5d50468ec3dc
c5_random_same_word_seed_01,7,4,327,0,0.49203709630033876,20260631,2cd630f89f9be953badf6194b7b655366f718766a325a0258da75f905eb6be81,52b5c89f9ca126f58d2180e016d275fa5187985e11606904d7be5d50468ec3dc
c5_random_same_word_seed_01,7,4,336,0,0.4872171438950445,20260631,2cd630f89f9be953badf6194b7b655366f718766a325a0258da75f905eb6be81,52b5c89f9ca126f58d2180e016d275fa5187985e11606904d7be5d50468ec3dc
c5_random_same_word_seed_01,7,4,338,1,0.5083964941076685,20260631,2cd630f89f9be953badf6194b7b655366f718766a325a0258da75f905eb6be81,52b5c89f9ca126f58d2180e016d275fa5187985e11606904d7be5d50468ec3dc
c5_random_same_word_seed_01,7,4,339,1,0.47646444509191915,20260631,2cd630f89f9be953badf6194b7b655366f718766a325a0258da75f905eb6be81,52b5c89f9ca126f58d2180e016d275fa5187985e11606904d7be5d50468ec3dc
c5_random_same_word_seed_01,7,4,346,1,0.5665800523321302,20260631,2cd630f89f9be953badf6194b7b655366f718766a325a0258da75f905eb6be81,52b5c89f9ca126f58d2180e016d275fa5187985e11606904d7be5d50468ec3dc
c5_random_same_word_seed_01,7,4,351,1,0.4904103939414519,20260631,2cd630f89f9be953badf6194b7b655366f718766a325a0258da75f905eb6be81,52b5c89f9ca126f58d2180e016d275fa5187985e11606904d7be5d50468ec3dc
c5_random_same_word_seed_01,7,4,356,1,0.5212667071369743,20260631,2cd630f89f9be953badf6194b7b655366f718766a325a0258da75f905eb6be81,52b5c89f9ca126f58d2180e016d275fa5187985e11606904d7be5d50468ec3dc
c5_random_same_word_seed_01,7,4,357,0,0.40940581630828815,20260631,2cd630f89f9be953badf6194b7b655366f718766a325a0258da75f905eb6be81,52b5c89f9ca126f58d2180e016d275fa5187985e11606904d7be5d50468ec3dc
c5_random_same_word_seed_01,7,4,368,0,0.48991146841556776,20260631,2cd630f89f9be953badf6194b7b655366f718766a325a0258da75f905eb6be81,52b5c89f9ca126f58d2180e016d275fa5187985e11606904d7be5d50468ec3dc
c5_random_same_word_seed_01,7,4,370,0,0.48188859474947093,20260631,2cd630f89f9be953badf6194b7b655366f718766a325a0258da75f905eb6be81,52b5c89f9ca126f58d2180e016d275fa5187985e11606904d7be5d50468ec3dc
c5_random_same_word_seed_01,7,4,375,0,0.41547165589418333,20260631,2cd630f89f9be953badf6194b7b655366f718766a325a0258da75f905eb6be81,52b5c89f9ca126f58d2180e016d275fa5187985e11606904d7be5d50468ec3dc
c5_random_same_word_seed_01,7,4,385,0,0.39142600646956754,20260631,2cd630f89f9be953badf6194b7b655366f718766a325a0258da75f905eb6be81,52b5c89f9ca126f58d2180e016d275fa5187985e11606904d7be5d50468ec3dc
c5_random_same_word_seed_01,7,4,392,0,0.46286729842014307,20260631,2cd630f89f9be953badf6194b7b655366f718766a325a0258da75f905eb6be81,52b5c89f9ca126f58d2180e016d275fa5187985e11606904d7be5d50468ec3dc
c5_random_same_word_seed_01,7,4,393,0,0.44182564085693915,20260631,2cd630f89f9be953badf6194b7b655366f718766a325a0258da75f905eb6be81,52b5c89f9ca126f58d2180e016d275fa5187985e11606904d7be5d50468ec3dc
c5_random_same_word_seed_01,7,4,403,0,0.46104500073019006,20260631,2cd630f89f9be953badf6194b7b655366f718766a325a0258da75f905eb6be81,52b5c89f9ca126f58d2180e016d275fa5187985e11606904d7be5d50468ec3dc
c5_random_same_word_seed_01,7,4,413,1,0.4942026540045039,20260631,2cd630f89f9be953badf6194b7b655366f718766a325a0258da75f905eb6be81,52b5c89f9ca126f58d2180e016d275fa5187985e11606904d7be5d50468ec3dc
c5_random_same_word_seed_01,7,4,417,0,0.5335648563990054,20260631,2cd630f89f9be953badf6194b7b655366f718766a325a0258da75f905eb6be81,52b5c89f9ca126f58d2180e016d275fa5187985e11606904d7be5d50468ec3dc
c5_random_same_word_seed_01,7,4,418,1,0.5164317611576311,20260631,2cd630f89f9be953badf6194b7b655366f718766a325a0258da75f905eb6be81,52b5c89f9ca126f58d2180e016d275fa5187985e11606904d7be5d50468ec3dc
c5_random_same_word_seed_01,7,4,428,0,0.418185697325893,20260631,2cd630f89f9be953badf6194b7b655366f718766a325a0258da75f905eb6be81,52b5c89f9ca126f58d2180e016d275fa5187985e11606904d7be5d50468ec3dc
c5_random_same_word_seed_01,7,4,430,0,0.5156730508821206,20260631,2cd630f89f9be953badf6194b7b655366f718766a325a0258da75f905eb6be81,52b5c89f9ca126f58d2180e016d275fa5187985e11606904d7be5d50468ec3dc
c5_random_same_word_seed_01,7,4,471,0,0.45553309250817187,20260631,2cd630f89f9be953badf6194b7b655366f718766a325a0258da75f905eb6be81,52b5c89f9ca126f58d2180e016d275fa5187985e11606904d7be5d50468ec3dc
c5_random_same_word_seed_01,7,4,483,1,0.45854292821119097,20260631,2cd630f89f9be953badf6194b7b655366f718766a325a0258da75f905eb6be81,52b5c89f9ca126f58d2180e016d275fa5187985e11606904d7be5d50468ec3dc
c5_random_same_word_seed_01,7,4,492,0,0.4098296689540277,20260631,2cd630f89f9be953badf6194b7b655366f718766a325a0258da75f905eb6be81,52b5c89f9ca126f58d2180e016d275fa5187985e11606904d7be5d50468ec3dc
c5_random_same_word_seed_01,7,5,303,0,0.4701847385514509,20260631,9d186f625748e356da02736f6904b5773523be1118eadf2c62a98916e73c87d8,8f894ca0e4dad9915ca3d20752c63cc166b5253f4d16cc18d55ec30a44f5e251
c5_random_same_word_seed_01,7,5,304,0,0.40854980445577266,20260631,9d186f625748e356da02736f6904b5773523be1118eadf2c62a98916e73c87d8,8f894ca0e4dad9915ca3d20752c63cc166b5253f4d16cc18d55ec30a44f5e251
c5_random_same_word_seed_01,7,5,316,0,0.3936885508784552,20260631,9d186f625748e356da02736f6904b5773523be1118eadf2c62a98916e73c87d8,8f894ca0e4dad9915ca3d20752c63cc166b5253f4d16cc18d55ec30a44f5e251
c5_random_same_word_seed_01,7,5,320,1,0.47873966047382255,20260631,9d186f625748e356da02736f6904b5773523be1118eadf2c62a98916e73c87d8,8f894ca0e4dad9915ca3d20752c63cc166b5253f4d16cc18d55ec30a44f5e251
c5_random_same_word_seed_01,7,5,326,0,0.349589473448197,20260631,9d186f625748e356da02736f6904b5773523be1118eadf2c62a98916e73c87d8,8f894ca0e4dad9915ca3d20752c63cc166b5253f4d16cc18d55ec30a44f5e251
c5_random_same_word_seed_01,7,5,330,1,0.430328746803389,20260631,9d186f625748e356da02736f6904b5773523be1118eadf2c62a98916e73c87d8,8f894ca0e4dad9915ca3d20752c63cc166b5253f4d16cc18d55ec30a44f5e251
c5_random_same_word_seed_01,7,5,343,0,0.514517419745807,20260631,9d186f625748e356da02736f6904b5773523be1118eadf2c62a98916e73c87d8,8f894ca0e4dad9915ca3d20752c63cc166b5253f4d16cc18d55ec30a44f5e251
c5_random_same_word_seed_01,7,5,344,1,0.5141815071915282,20260631,9d186f625748e356da02736f6904b5773523be1118eadf2c62a98916e73c87d8,8f894ca0e4dad9915ca3d20752c63cc166b5253f4d16cc18d55ec30a44f5e251
c5_random_same_word_seed_01,7,5,348,1,0.42506494299735054,20260631,9d186f625748e356da02736f6904b5773523be1118eadf2c62a98916e73c87d8,8f894ca0e4dad9915ca3d20752c63cc166b5253f4d16cc18d55ec30a44f5e251
c5_random_same_word_seed_01,7,5,355,1,0.4629280461578267,20260631,9d186f625748e356da02736f6904b5773523be1118eadf2c62a98916e73c87d8,8f894ca0e4dad9915ca3d20752c63cc166b5253f4d16cc18d55ec30a44f5e251
c5_random_same_word_seed_01,7,5,363,0,0.44166418669439483,20260631,9d186f625748e356da02736f6904b5773523be1118eadf2c62a98916e73c87d8,8f894ca0e4dad9915ca3d20752c63cc166b5253f4d16cc18d55ec30a44f5e251
c5_random_same_word_seed_01,7,5,377,1,0.47549103291777484,20260631,9d186f625748e356da02736f6904b5773523be1118eadf2c62a98916e73c87d8,8f894ca0e4dad9915ca3d20752c63cc166b5253f4d16cc18d55ec30a44f5e251
c5_random_same_word_seed_01,7,5,379,0,0.479151564336003,20260631,9d186f625748e356da02736f6904b5773523be1118eadf2c62a98916e73c87d8,8f894ca0e4dad9915ca3d20752c63cc166b5253f4d16cc18d55ec30a44f5e251
c5_random_same_word_seed_01,7,5,381,1,0.5202985884538062,20260631,9d186f625748e356da02736f6904b5773523be1118eadf2c62a98916e73c87d8,8f894ca0e4dad9915ca3d20752c63cc166b5253f4d16cc18d55ec30a44f5e251
c5_random_same_word_seed_01,7,5,382,0,0.43673253892355934,20260631,9d186f625748e356da02736f6904b5773523be1118eadf2c62a98916e73c87d8,8f894ca0e4dad9915ca3d20752c63cc166b5253f4d16cc18d55ec30a44f5e251
c5_random_same_word_seed_01,7,5,395,0,0.47327464097937577,20260631,9d186f625748e356da02736f6904b5773523be1118eadf2c62a98916e73c87d8,8f894ca0e4dad9915ca3d20752c63cc166b5253f4d16cc18d55ec30a44f5e251
c5_random_same_word_seed_01,7,5,397,0,0.4432405134726098,20260631,9d186f625748e356da02736f6904b5773523be1118eadf2c62a98916e73c87d8,8f894ca0e4dad9915ca3d20752c63cc166b5253f4d16cc18d55ec30a44f5e251
c5_random_same_word_seed_01,7,5,404,0,0.5059792299908692,20260631,9d186f625748e356da02736f6904b5773523be1118eadf2c62a98916e73c87d8,8f894ca0e4dad9915ca3d20752c63cc166b5253f4d16cc18d55ec30a44f5e251
c5_random_same_word_seed_01,7,5,406,0,0.45535866457962554,20260631,9d186f625748e356da02736f6904b5773523be1118eadf2c62a98916e73c87d8,8f894ca0e4dad9915ca3d20752c63cc166b5253f4d16cc18d55ec30a44f5e251
c5_random_same_word_seed_01,7,5,420,0,0.4809917112538908,20260631,9d186f625748e356da02736f6904b5773523be1118eadf2c62a98916e73c87d8,8f894ca0e4dad9915ca3d20752c63cc166b5253f4d16cc18d55ec30a44f5e251
c5_random_same_word_seed_01,7,5,423,0,0.4657351552257095,20260631,9d186f625748e356da02736f6904b5773523be1118eadf2c62a98916e73c87d8,8f894ca0e4dad9915ca3d20752c63cc166b5253f4d16cc18d55ec30a44f5e251
c5_random_same_word_seed_01,7,5,448,1,0.4312467104689802,20260631,9d186f625748e356da02736f6904b5773523be1118eadf2c62a98916e73c87d8,8f894ca0e4dad9915ca3d20752c63cc166b5253f4d16cc18d55ec30a44f5e251
c5_random_same_word_seed_01,7,5,458,0,0.49071563713517447,20260631,9d186f625748e356da02736f6904b5773523be1118eadf2c62a98916e73c87d8,8f894ca0e4dad9915ca3d20752c63cc166b5253f4d16cc18d55ec30a44f5e251
c5_random_same_word_seed_01,7,5,459,1,0.4836258064440534,20260631,9d186f625748e356da02736f6904b5773523be1118eadf2c62a98916e73c87d8,8f894ca0e4dad9915ca3d20752c63cc166b5253f4d16cc18d55ec30a44f5e251
c5_random_same_word_seed_01,7,5,464,0,0.45965522546186255,20260631,9d186f625748e356da02736f6904b5773523be1118eadf2c62a98916e73c87d8,8f894ca0e4dad9915ca3d20752c63cc166b5253f4d16cc18d55ec30a44f5e251
c5_random_same_word_seed_01,7,5,468,0,0.49793959075145616,20260631,9d186f625748e356da02736f6904b5773523be1118eadf2c62a98916e73c87d8,8f894ca0e4dad9915ca3d20752c63cc166b5253f4d16cc18d55ec30a44f5e251
c5_random_same_word_seed_01,7,5,478,0,0.502751907290247,20260631,9d186f625748e356da02736f6904b5773523be1118eadf2c62a98916e73c87d8,8f894ca0e4dad9915ca3d20752c63cc166b5253f4d16cc18d55ec30a44f5e251
c5_random_same_word_seed_01,7,5,479,0,0.48209164258263243,20260631,9d186f625748e356da02736f6904b5773523be1118eadf2c62a98916e73c87d8,8f894ca0e4dad9915ca3d20752c63cc166b5253f4d16cc18d55ec30a44f5e251
c5_random_same_word_seed_01,8,1,307,0,0.49665145058916843,20260632,272ea8ed8b9fb2f07fc3389d06eebf84cd7a478e29817ea8ae8b930c29efa6e0,ce6acb0eb513f13c6e4912b8528b2e1aed43f24bcfb2935eee0bcf435ec457d4
c5_random_same_word_seed_01,8,1,310,0,0.4289891429491774,20260632,272ea8ed8b9fb2f07fc3389d06eebf84cd7a478e29817ea8ae8b930c29efa6e0,ce6acb0eb513f13c6e4912b8528b2e1aed43f24bcfb2935eee0bcf435ec457d4
c5_random_same_word_seed_01,8,1,319,1,0.4344780695757071,20260632,272ea8ed8b9fb2f07fc3389d06eebf84cd7a478e29817ea8ae8b930c29efa6e0,ce6acb0eb513f13c6e4912b8528b2e1aed43f24bcfb2935eee0bcf435ec457d4
c5_random_same_word_seed_01,8,1,321,1,0.48939549321549974,20260632,272ea8ed8b9fb2f07fc3389d06eebf84cd7a478e29817ea8ae8b930c29efa6e0,ce6acb0eb513f13c6e4912b8528b2e1aed43f24bcfb2935eee0bcf435ec457d4
c5_random_same_word_seed_01,8,1,325,1,0.5758939202968937,20260632,272ea8ed8b9fb2f07fc3389d06eebf84cd7a478e29817ea8ae8b930c29efa6e0,ce6acb0eb513f13c6e4912b8528b2e1aed43f24bcfb2935eee0bcf435ec457d4
c5_random_same_word_seed_01,8,1,339,1,0.4901781226642447,20260632,272ea8ed8b9fb2f07fc3389d06eebf84cd7a478e29817ea8ae8b930c29efa6e0,ce6acb0eb513f13c6e4912b8528b2e1aed43f24bcfb2935eee0bcf435ec457d4
c5_random_same_word_seed_01,8,1,340,0,0.4853171954617625,20260632,272ea8ed8b9fb2f07fc3389d06eebf84cd7a478e29817ea8ae8b930c29efa6e0,ce6acb0eb513f13c6e4912b8528b2e1aed43f24bcfb2935eee0bcf435ec457d4
c5_random_same_word_seed_01,8,1,341,0,0.4628678420027354,20260632,272ea8ed8b9fb2f07fc3389d06eebf84cd7a478e29817ea8ae8b930c29efa6e0,ce6acb0eb513f13c6e4912b8528b2e1aed43f24bcfb2935eee0bcf435ec457d4
c5_random_same_word_seed_01,8,1,351,1,0.5099995528868306,20260632,272ea8ed8b9fb2f07fc3389d06eebf84cd7a478e29817ea8ae8b930c29efa6e0,ce6acb0eb513f13c6e4912b8528b2e1aed43f24bcfb2935eee0bcf435ec457d4
c5_random_same_word_seed_01,8,1,363,0,0.47126641854319623,20260632,272ea8ed8b9fb2f07fc3389d06eebf84cd7a478e29817ea8ae8b930c29efa6e0,ce6acb0eb513f13c6e4912b8528b2e1aed43f24bcfb2935eee0bcf435ec457d4
c5_random_same_word_seed_01,8,1,371,0,0.4230300424466566,20260632,272ea8ed8b9fb2f07fc3389d06eebf84cd7a478e29817ea8ae8b930c29efa6e0,ce6acb0eb513f13c6e4912b8528b2e1aed43f24bcfb2935eee0bcf435ec457d4
c5_random_same_word_seed_01,8,1,374,0,0.49978157048210653,20260632,272ea8ed8b9fb2f07fc3389d06eebf84cd7a478e29817ea8ae8b930c29efa6e0,ce6acb0eb513f13c6e4912b8528b2e1aed43f24bcfb2935eee0bcf435ec457d4
c5_random_same_word_seed_01,8,1,376,1,0.5272113981306837,20260632,272ea8ed8b9fb2f07fc3389d06eebf84cd7a478e29817ea8ae8b930c29efa6e0,ce6acb0eb513f13c6e4912b8528b2e1aed43f24bcfb2935eee0bcf435ec457d4
c5_random_same_word_seed_01,8,1,382,0,0.44318848161571556,20260632,272ea8ed8b9fb2f07fc3389d06eebf84cd7a478e29817ea8ae8b930c29efa6e0,ce6acb0eb513f13c6e4912b8528b2e1aed43f24bcfb2935eee0bcf435ec457d4
c5_random_same_word_seed_01,8,1,383,0,0.44770933113018124,20260632,272ea8ed8b9fb2f07fc3389d06eebf84cd7a478e29817ea8ae8b930c29efa6e0,ce6acb0eb513f13c6e4912b8528b2e1aed43f24bcfb2935eee0bcf435ec457d4
c5_random_same_word_seed_01,8,1,390,0,0.48681725670129095,20260632,272ea8ed8b9fb2f07fc3389d06eebf84cd7a478e29817ea8ae8b930c29efa6e0,ce6acb0eb513f13c6e4912b8528b2e1aed43f24bcfb2935eee0bcf435ec457d4
c5_random_same_word_seed_01,8,1,395,0,0.4633482043745885,20260632,272ea8ed8b9fb2f07fc3389d06eebf84cd7a478e29817ea8ae8b930c29efa6e0,ce6acb0eb513f13c6e4912b8528b2e1aed43f24bcfb2935eee0bcf435ec457d4
c5_random_same_word_seed_01,8,1,406,0,0.4798897109565697,20260632,272ea8ed8b9fb2f07fc3389d06eebf84cd7a478e29817ea8ae8b930c29efa6e0,ce6acb0eb513f13c6e4912b8528b2e1aed43f24bcfb2935eee0bcf435ec457d4
c5_random_same_word_seed_01,8,1,412,1,0.4588359293108713,20260632,272ea8ed8b9fb2f07fc3389d06eebf84cd7a478e29817ea8ae8b930c29efa6e0,ce6acb0eb513f13c6e4912b8528b2e1aed43f24bcfb2935eee0bcf435ec457d4
c5_random_same_word_seed_01,8,1,419,0,0.4908970923583246,20260632,272ea8ed8b9fb2f07fc3389d06eebf84cd7a478e29817ea8ae8b930c29efa6e0,ce6acb0eb513f13c6e4912b8528b2e1aed43f24bcfb2935eee0bcf435ec457d4
c5_random_same_word_seed_01,8,1,422,1,0.5586277807016995,20260632,272ea8ed8b9fb2f07fc3389d06eebf84cd7a478e29817ea8ae8b930c29efa6e0,ce6acb0eb513f13c6e4912b8528b2e1aed43f24bcfb2935eee0bcf435ec457d4
c5_random_same_word_seed_01,8,1,427,0,0.4478521827479741,20260632,272ea8ed8b9fb2f07fc3389d06eebf84cd7a478e29817ea8ae8b930c29efa6e0,ce6acb0eb513f13c6e4912b8528b2e1aed43f24bcfb2935eee0bcf435ec457d4
c5_random_same_word_seed_01,8,1,445,0,0.512615587817965,20260632,272ea8ed8b9fb2f07fc3389d06eebf84cd7a478e29817ea8ae8b930c29efa6e0,ce6acb0eb513f13c6e4912b8528b2e1aed43f24bcfb2935eee0bcf435ec457d4
c5_random_same_word_seed_01,8,1,448,1,0.4299528186499626,20260632,272ea8ed8b9fb2f07fc3389d06eebf84cd7a478e29817ea8ae8b930c29efa6e0,ce6acb0eb513f13c6e4912b8528b2e1aed43f24bcfb2935eee0bcf435ec457d4
c5_random_same_word_seed_01,8,1,457,0,0.5040091357380246,20260632,272ea8ed8b9fb2f07fc3389d06eebf84cd7a478e29817ea8ae8b930c29efa6e0,ce6acb0eb513f13c6e4912b8528b2e1aed43f24bcfb2935eee0bcf435ec457d4
c5_random_same_word_seed_01,8,1,477,0,0.5114117402551295,20260632,272ea8ed8b9fb2f07fc3389d06eebf84cd7a478e29817ea8ae8b930c29efa6e0,ce6acb0eb513f13c6e4912b8528b2e1aed43f24bcfb2935eee0bcf435ec457d4
c5_random_same_word_seed_01,8,1,486,0,0.41587693627077266,20260632,272ea8ed8b9fb2f07fc3389d06eebf84cd7a478e29817ea8ae8b930c29efa6e0,ce6acb0eb513f13c6e4912b8528b2e1aed43f24bcfb2935eee0bcf435ec457d4
c5_random_same_word_seed_01,8,1,487,0,0.5117665840732419,20260632,272ea8ed8b9fb2f07fc3389d06eebf84cd7a478e29817ea8ae8b930c29efa6e0,ce6acb0eb513f13c6e4912b8528b2e1aed43f24bcfb2935eee0bcf435ec457d4
c5_random_same_word_seed_01,8,1,488,0,0.492465382859404,20260632,272ea8ed8b9fb2f07fc3389d06eebf84cd7a478e29817ea8ae8b930c29efa6e0,ce6acb0eb513f13c6e4912b8528b2e1aed43f24bcfb2935eee0bcf435ec457d4
c5_random_same_word_seed_01,8,2,303,0,0.4582931928483899,20260632,9f6f440b2bbb8eaecd66ad4410184b65f8690260c9842bd55c9952ec3c2618a8,7cc6796cf276bc2e9c322a22b982733904c489b8598389071b3a8004442be440
c5_random_same_word_seed_01,8,2,305,0,0.4912444007475098,20260632,9f6f440b2bbb8eaecd66ad4410184b65f8690260c9842bd55c9952ec3c2618a8,7cc6796cf276bc2e9c322a22b982733904c489b8598389071b3a8004442be440
c5_random_same_word_seed_01,8,2,312,0,0.4635363229516814,20260632,9f6f440b2bbb8eaecd66ad4410184b65f8690260c9842bd55c9952ec3c2618a8,7cc6796cf276bc2e9c322a22b982733904c489b8598389071b3a8004442be440
c5_random_same_word_seed_01,8,2,318,0,0.41004922140958067,20260632,9f6f440b2bbb8eaecd66ad4410184b65f8690260c9842bd55c9952ec3c2618a8,7cc6796cf276bc2e9c322a22b982733904c489b8598389071b3a8004442be440
c5_random_same_word_seed_01,8,2,324,0,0.4619218496996323,20260632,9f6f440b2bbb8eaecd66ad4410184b65f8690260c9842bd55c9952ec3c2618a8,7cc6796cf276bc2e9c322a22b982733904c489b8598389071b3a8004442be440
c5_random_same_word_seed_01,8,2,326,0,0.3788669564257729,20260632,9f6f440b2bbb8eaecd66ad4410184b65f8690260c9842bd55c9952ec3c2618a8,7cc6796cf276bc2e9c322a22b982733904c489b8598389071b3a8004442be440
c5_random_same_word_seed_01,8,2,343,0,0.5054513145858328,20260632,9f6f440b2bbb8eaecd66ad4410184b65f8690260c9842bd55c9952ec3c2618a8,7cc6796cf276bc2e9c322a22b982733904c489b8598389071b3a8004442be440
c5_random_same_word_seed_01,8,2,344,1,0.5295724197615549,20260632,9f6f440b2bbb8eaecd66ad4410184b65f8690260c9842bd55c9952ec3c2618a8,7cc6796cf276bc2e9c322a22b982733904c489b8598389071b3a8004442be440
c5_random_same_word_seed_01,8,2,353,1,0.4945339509642215,20260632,9f6f440b2bbb8eaecd66ad4410184b65f8690260c9842bd55c9952ec3c2618a8,7cc6796cf276bc2e9c322a22b982733904c489b8598389071b3a8004442be440
c5_random_same_word_seed_01,8,2,355,1,0.43283561925767805,20260632,9f6f440b2bbb8eaecd66ad4410184b65f8690260c9842bd55c9952ec3c2618a8,7cc6796cf276bc2e9c322a22b982733904c489b8598389071b3a8004442be440
c5_random_same_word_seed_01,8,2,360,0,0.4671307532910426,20260632,9f6f440b2bbb8eaecd66ad4410184b65f8690260c9842bd55c9952ec3c2618a8,7cc6796cf276bc2e9c322a22b982733904c489b8598389071b3a8004442be440
c5_random_same_word_seed_01,8,2,368,0,0.5055754336668107,20260632,9f6f440b2bbb8eaecd66ad4410184b65f8690260c9842bd55c9952ec3c2618a8,7cc6796cf276bc2e9c322a22b982733904c489b8598389071b3a8004442be440
c5_random_same_word_seed_01,8,2,377,1,0.4799812382420935,20260632,9f6f440b2bbb8eaecd66ad4410184b65f8690260c9842bd55c9952ec3c2618a8,7cc6796cf276bc2e9c322a22b982733904c489b8598389071b3a8004442be440
c5_random_same_word_seed_01,8,2,379,0,0.48108891699531064,20260632,9f6f440b2bbb8eaecd66ad4410184b65f8690260c9842bd55c9952ec3c2618a8,7cc6796cf276bc2e9c322a22b982733904c489b8598389071b3a8004442be440
c5_random_same_word_seed_01,8,2,386,1,0.45532249260769414,20260632,9f6f440b2bbb8eaecd66ad4410184b65f8690260c9842bd55c9952ec3c2618a8,7cc6796cf276bc2e9c322a22b982733904c489b8598389071b3a8004442be440
c5_random_same_word_seed_01,8,2,389,1,0.4707475264996387,20260632,9f6f440b2bbb8eaecd66ad4410184b65f8690260c9842bd55c9952ec3c2618a8,7cc6796cf276bc2e9c322a22b982733904c489b8598389071b3a8004442be440
c5_random_same_word_seed_01,8,2,401,0,0.46043568593868844,20260632,9f6f440b2bbb8eaecd66ad4410184b65f8690260c9842bd55c9952ec3c2618a8,7cc6796cf276bc2e9c322a22b982733904c489b8598389071b3a8004442be440
c5_random_same_word_seed_01,8,2,402,1,0.4914827552649069,20260632,9f6f440b2bbb8eaecd66ad4410184b65f8690260c9842bd55c9952ec3c2618a8,7cc6796cf276bc2e9c322a22b982733904c489b8598389071b3a8004442be440
c5_random_same_word_seed_01,8,2,413,1,0.4950004760614579,20260632,9f6f440b2bbb8eaecd66ad4410184b65f8690260c9842bd55c9952ec3c2618a8,7cc6796cf276bc2e9c322a22b982733904c489b8598389071b3a8004442be440
c5_random_same_word_seed_01,8,2,420,0,0.5110489241997894,20260632,9f6f440b2bbb8eaecd66ad4410184b65f8690260c9842bd55c9952ec3c2618a8,7cc6796cf276bc2e9c322a22b982733904c489b8598389071b3a8004442be440
c5_random_same_word_seed_01,8,2,434,0,0.49517904483285896,20260632,9f6f440b2bbb8eaecd66ad4410184b65f8690260c9842bd55c9952ec3c2618a8,7cc6796cf276bc2e9c322a22b982733904c489b8598389071b3a8004442be440
c5_random_same_word_seed_01,8,2,441,1,0.4698336650509782,20260632,9f6f440b2bbb8eaecd66ad4410184b65f8690260c9842bd55c9952ec3c2618a8,7cc6796cf276bc2e9c322a22b982733904c489b8598389071b3a8004442be440
c5_random_same_word_seed_01,8,2,454,0,0.4572632084495961,20260632,9f6f440b2bbb8eaecd66ad4410184b65f8690260c9842bd55c9952ec3c2618a8,7cc6796cf276bc2e9c322a22b982733904c489b8598389071b3a8004442be440
c5_random_same_word_seed_01,8,2,463,0,0.48491594256091164,20260632,9f6f440b2bbb8eaecd66ad4410184b65f8690260c9842bd55c9952ec3c2618a8,7cc6796cf276bc2e9c322a22b982733904c489b8598389071b3a8004442be440
c5_random_same_word_seed_01,8,2,472,0,0.42661382907908646,20260632,9f6f440b2bbb8eaecd66ad4410184b65f8690260c9842bd55c9952ec3c2618a8,7cc6796cf276bc2e9c322a22b982733904c489b8598389071b3a8004442be440
c5_random_same_word_seed_01,8,2,482,0,0.48699686134217246,20260632,9f6f440b2bbb8eaecd66ad4410184b65f8690260c9842bd55c9952ec3c2618a8,7cc6796cf276bc2e9c322a22b982733904c489b8598389071b3a8004442be440
c5_random_same_word_seed_01,8,2,490,0,0.4589612324269632,20260632,9f6f440b2bbb8eaecd66ad4410184b65f8690260c9842bd55c9952ec3c2618a8,7cc6796cf276bc2e9c322a22b982733904c489b8598389071b3a8004442be440
c5_random_same_word_seed_01,8,2,491,0,0.48697006812999327,20260632,9f6f440b2bbb8eaecd66ad4410184b65f8690260c9842bd55c9952ec3c2618a8,7cc6796cf276bc2e9c322a22b982733904c489b8598389071b3a8004442be440
c5_random_same_word_seed_01,8,2,492,0,0.38057850023498885,20260632,9f6f440b2bbb8eaecd66ad4410184b65f8690260c9842bd55c9952ec3c2618a8,7cc6796cf276bc2e9c322a22b982733904c489b8598389071b3a8004442be440
c5_random_same_word_seed_01,8,3,313,0,0.4091190047164146,20260632,b4d6182952902aad95996de4d2621be87072f3285ff606dfe77f76c2571fa191,1a17656ab598405b032197b5560613a00a435a1dfec2d8a70d7513a12c9e9479
c5_random_same_word_seed_01,8,3,328,0,0.46132390657789774,20260632,b4d6182952902aad95996de4d2621be87072f3285ff606dfe77f76c2571fa191,1a17656ab598405b032197b5560613a00a435a1dfec2d8a70d7513a12c9e9479
c5_random_same_word_seed_01,8,3,330,1,0.4149112774824842,20260632,b4d6182952902aad95996de4d2621be87072f3285ff606dfe77f76c2571fa191,1a17656ab598405b032197b5560613a00a435a1dfec2d8a70d7513a12c9e9479
c5_random_same_word_seed_01,8,3,333,0,0.4856156805660622,20260632,b4d6182952902aad95996de4d2621be87072f3285ff606dfe77f76c2571fa191,1a17656ab598405b032197b5560613a00a435a1dfec2d8a70d7513a12c9e9479
c5_random_same_word_seed_01,8,3,336,0,0.48605545896977065,20260632,b4d6182952902aad95996de4d2621be87072f3285ff606dfe77f76c2571fa191,1a17656ab598405b032197b5560613a00a435a1dfec2d8a70d7513a12c9e9479
c5_random_same_word_seed_01,8,3,338,1,0.5044753887235356,20260632,b4d6182952902aad95996de4d2621be87072f3285ff606dfe77f76c2571fa191,1a17656ab598405b032197b5560613a00a435a1dfec2d8a70d7513a12c9e9479
c5_random_same_word_seed_01,8,3,347,1,0.45409220051267,20260632,b4d6182952902aad95996de4d2621be87072f3285ff606dfe77f76c2571fa191,1a17656ab598405b032197b5560613a00a435a1dfec2d8a70d7513a12c9e9479
c5_random_same_word_seed_01,8,3,350,1,0.5328762594201163,20260632,b4d6182952902aad95996de4d2621be87072f3285ff606dfe77f76c2571fa191,1a17656ab598405b032197b5560613a00a435a1dfec2d8a70d7513a12c9e9479
c5_random_same_word_seed_01,8,3,356,1,0.5463887149025163,20260632,b4d6182952902aad95996de4d2621be87072f3285ff606dfe77f76c2571fa191,1a17656ab598405b032197b5560613a00a435a1dfec2d8a70d7513a12c9e9479
c5_random_same_word_seed_01,8,3,364,0,0.4866975639954013,20260632,b4d6182952902aad95996de4d2621be87072f3285ff606dfe77f76c2571fa191,1a17656ab598405b032197b5560613a00a435a1dfec2d8a70d7513a12c9e9479
c5_random_same_word_seed_01,8,3,370,0,0.47835450537308527,20260632,b4d6182952902aad95996de4d2621be87072f3285ff606dfe77f76c2571fa191,1a17656ab598405b032197b5560613a00a435a1dfec2d8a70d7513a12c9e9479
c5_random_same_word_seed_01,8,3,381,1,0.523945422698551,20260632,b4d6182952902aad95996de4d2621be87072f3285ff606dfe77f76c2571fa191,1a17656ab598405b032197b5560613a00a435a1dfec2d8a70d7513a12c9e9479
c5_random_same_word_seed_01,8,3,388,1,0.4438802237110247,20260632,b4d6182952902aad95996de4d2621be87072f3285ff606dfe77f76c2571fa191,1a17656ab598405b032197b5560613a00a435a1dfec2d8a70d7513a12c9e9479
c5_random_same_word_seed_01,8,3,416,0,0.5124919995206763,20260632,b4d6182952902aad95996de4d2621be87072f3285ff606dfe77f76c2571fa191,1a17656ab598405b032197b5560613a00a435a1dfec2d8a70d7513a12c9e9479
c5_random_same_word_seed_01,8,3,417,0,0.5172275971353324,20260632,b4d6182952902aad95996de4d2621be87072f3285ff606dfe77f76c2571fa191,1a17656ab598405b032197b5560613a00a435a1dfec2d8a70d7513a12c9e9479
c5_random_same_word_seed_01,8,3,425,0,0.5199432748136069,20260632,b4d6182952902aad95996de4d2621be87072f3285ff606dfe77f76c2571fa191,1a17656ab598405b032197b5560613a00a435a1dfec2d8a70d7513a12c9e9479
c5_random_same_word_seed_01,8,3,428,0,0.40954601151106,20260632,b4d6182952902aad95996de4d2621be87072f3285ff606dfe77f76c2571fa191,1a17656ab598405b032197b5560613a00a435a1dfec2d8a70d7513a12c9e9479
c5_random_same_word_seed_01,8,3,430,0,0.4945493705356102,20260632,b4d6182952902aad95996de4d2621be87072f3285ff606dfe77f76c2571fa191,1a17656ab598405b032197b5560613a00a435a1dfec2d8a70d7513a12c9e9479
c5_random_same_word_seed_01,8,3,437,0,0.39685303686880896,20260632,b4d6182952902aad95996de4d2621be87072f3285ff606dfe77f76c2571fa191,1a17656ab598405b032197b5560613a00a435a1dfec2d8a70d7513a12c9e9479
c5_random_same_word_seed_01,8,3,447,0,0.44280898409521285,20260632,b4d6182952902aad95996de4d2621be87072f3285ff606dfe77f76c2571fa191,1a17656ab598405b032197b5560613a00a435a1dfec2d8a70d7513a12c9e9479
c5_random_same_word_seed_01,8,3,449,0,0.49127545217051805,20260632,b4d6182952902aad95996de4d2621be87072f3285ff606dfe77f76c2571fa191,1a17656ab598405b032197b5560613a00a435a1dfec2d8a70d7513a12c9e9479
c5_random_same_word_seed_01,8,3,464,0,0.4799897379147322,20260632,b4d6182952902aad95996de4d2621be87072f3285ff606dfe77f76c2571fa191,1a17656ab598405b032197b5560613a00a435a1dfec2d8a70d7513a12c9e9479
c5_random_same_word_seed_01,8,3,471,0,0.4717894988599095,20260632,b4d6182952902aad95996de4d2621be87072f3285ff606dfe77f76c2571fa191,1a17656ab598405b032197b5560613a00a435a1dfec2d8a70d7513a12c9e9479
c5_random_same_word_seed_01,8,3,474,0,0.5079332896793951,20260632,b4d6182952902aad95996de4d2621be87072f3285ff606dfe77f76c2571fa191,1a17656ab598405b032197b5560613a00a435a1dfec2d8a70d7513a12c9e9479
c5_random_same_word_seed_01,8,3,475,0,0.46632099836347746,20260632,b4d6182952902aad95996de4d2621be87072f3285ff606dfe77f76c2571fa191,1a17656ab598405b032197b5560613a00a435a1dfec2d8a70d7513a12c9e9479
c5_random_same_word_seed_01,8,3,478,0,0.5190956082345135,20260632,b4d6182952902aad95996de4d2621be87072f3285ff606dfe77f76c2571fa191,1a17656ab598405b032197b5560613a00a435a1dfec2d8a70d7513a12c9e9479
c5_random_same_word_seed_01,8,3,479,0,0.4550319050104388,20260632,b4d6182952902aad95996de4d2621be87072f3285ff606dfe77f76c2571fa191,1a17656ab598405b032197b5560613a00a435a1dfec2d8a70d7513a12c9e9479
c5_random_same_word_seed_01,8,3,483,1,0.4687091095685107,20260632,b4d6182952902aad95996de4d2621be87072f3285ff606dfe77f76c2571fa191,1a17656ab598405b032197b5560613a00a435a1dfec2d8a70d7513a12c9e9479
c5_random_same_word_seed_01,8,4,302,0,0.45703429743190055,20260632,da394944962943d7ed83535c06bc6b881831330e3e9bc30634367efc1e2a42c2,593fd96bdb0e36ad273987f666007f13ec3e44704d90c8fe361d6fed28c14458
c5_random_same_word_seed_01,8,4,316,0,0.41367345384391346,20260632,da394944962943d7ed83535c06bc6b881831330e3e9bc30634367efc1e2a42c2,593fd96bdb0e36ad273987f666007f13ec3e44704d90c8fe361d6fed28c14458
c5_random_same_word_seed_01,8,4,320,1,0.5052883782265419,20260632,da394944962943d7ed83535c06bc6b881831330e3e9bc30634367efc1e2a42c2,593fd96bdb0e36ad273987f666007f13ec3e44704d90c8fe361d6fed28c14458
c5_random_same_word_seed_01,8,4,331,0,0.49615608186878135,20260632,da394944962943d7ed83535c06bc6b881831330e3e9bc30634367efc1e2a42c2,593fd96bdb0e36ad273987f666007f13ec3e44704d90c8fe361d6fed28c14458
c5_random_same_word_seed_01,8,4,345,1,0.5316479829907913,20260632,da394944962943d7ed83535c06bc6b881831330e3e9bc30634367efc1e2a42c2,593fd96bdb0e36ad273987f666007f13ec3e44704d90c8fe361d6fed28c14458
c5_random_same_word_seed_01,8,4,346,1,0.5737081891916368,20260632,da394944962943d7ed83535c06bc6b881831330e3e9bc30634367efc1e2a42c2,593fd96bdb0e36ad273987f666007f13ec3e44704d90c8fe361d6fed28c14458
c5_random_same_word_seed_01,8,4,348,1,0.4655527190588447,20260632,da394944962943d7ed83535c06bc6b881831330e3e9bc30634367efc1e2a42c2,593fd96bdb0e36ad273987f666007f13ec3e44704d90c8fe361d6fed28c14458
c5_random_same_word_seed_01,8,4,352,1,0.5273042594877092,20260632,da394944962943d7ed83535c06bc6b881831330e3e9bc30634367efc1e2a42c2,593fd96bdb0e36ad273987f666007f13ec3e44704d90c8fe361d6fed28c14458
c5_random_same_word_seed_01,8,4,358,0,0.4428596376847173,20260632,da394944962943d7ed83535c06bc6b881831330e3e9bc30634367efc1e2a42c2,593fd96bdb0e36ad273987f666007f13ec3e44704d90c8fe361d6fed28c14458
c5_random_same_word_seed_01,8,4,362,1,0.4759552600657566,20260632,da394944962943d7ed83535c06bc6b881831330e3e9bc30634367efc1e2a42c2,593fd96bdb0e36ad273987f666007f13ec3e44704d90c8fe361d6fed28c14458
c5_random_same_word_seed_01,8,4,366,0,0.48078461904186426,20260632,da394944962943d7ed83535c06bc6b881831330e3e9bc30634367efc1e2a42c2,593fd96bdb0e36ad273987f666007f13ec3e44704d90c8fe361d6fed28c14458
c5_random_same_word_seed_01,8,4,385,0,0.3896684272868392,20260632,da394944962943d7ed83535c06bc6b881831330e3e9bc30634367efc1e2a42c2,593fd96bdb0e36ad273987f666007f13ec3e44704d90c8fe361d6fed28c14458
c5_random_same_word_seed_01,8,4,392,0,0.4434045310522964,20260632,da394944962943d7ed83535c06bc6b881831330e3e9bc30634367efc1e2a42c2,593fd96bdb0e36ad273987f666007f13ec3e44704d90c8fe361d6fed28c14458
c5_random_same_word_seed_01,8,4,397,0,0.4898223227476312,20260632,da394944962943d7ed83535c06bc6b881831330e3e9bc30634367efc1e2a42c2,593fd96bdb0e36ad273987f666007f13ec3e44704d90c8fe361d6fed28c14458
c5_random_same_word_seed_01,8,4,400,0,0.42893644858656127,20260632,da394944962943d7ed83535c06bc6b881831330e3e9bc30634367efc1e2a42c2,593fd96bdb0e36ad273987f666007f13ec3e44704d90c8fe361d6fed28c14458
c5_random_same_word_seed_01,8,4,403,0,0.449451558574529,20260632,da394944962943d7ed83535c06bc6b881831330e3e9bc30634367efc1e2a42c2,593fd96bdb0e36ad273987f666007f13ec3e44704d90c8fe361d6fed28c14458
c5_random_same_word_seed_01,8,4,404,0,0.4930656938006281,20260632,da394944962943d7ed83535c06bc6b881831330e3e9bc30634367efc1e2a42c2,593fd96bdb0e36ad273987f666007f13ec3e44704d90c8fe361d6fed28c14458
c5_random_same_word_seed_01,8,4,409,1,0.4840560109030665,20260632,da394944962943d7ed83535c06bc6b881831330e3e9bc30634367efc1e2a42c2,593fd96bdb0e36ad273987f666007f13ec3e44704d90c8fe361d6fed28c14458
c5_random_same_word_seed_01,8,4,415,0,0.5129250370331546,20260632,da394944962943d7ed83535c06bc6b881831330e3e9bc30634367efc1e2a42c2,593fd96bdb0e36ad273987f666007f13ec3e44704d90c8fe361d6fed28c14458
c5_random_same_word_seed_01,8,4,423,0,0.465822994040398,20260632,da394944962943d7ed83535c06bc6b881831330e3e9bc30634367efc1e2a42c2,593fd96bdb0e36ad273987f666007f13ec3e44704d90c8fe361d6fed28c14458
c5_random_same_word_seed_01,8,4,429,0,0.4742163777035136,20260632,da394944962943d7ed83535c06bc6b881831330e3e9bc30634367efc1e2a42c2,593fd96bdb0e36ad273987f666007f13ec3e44704d90c8fe361d6fed28c14458
c5_random_same_word_seed_01,8,4,444,0,0.44439230901490845,20260632,da394944962943d7ed83535c06bc6b881831330e3e9bc30634367efc1e2a42c2,593fd96bdb0e36ad273987f666007f13ec3e44704d90c8fe361d6fed28c14458
c5_random_same_word_seed_01,8,4,456,0,0.44444637681318633,20260632,da394944962943d7ed83535c06bc6b881831330e3e9bc30634367efc1e2a42c2,593fd96bdb0e36ad273987f666007f13ec3e44704d90c8fe361d6fed28c14458
c5_random_same_word_seed_01,8,4,458,0,0.4899420313431275,20260632,da394944962943d7ed83535c06bc6b881831330e3e9bc30634367efc1e2a42c2,593fd96bdb0e36ad273987f666007f13ec3e44704d90c8fe361d6fed28c14458
c5_random_same_word_seed_01,8,4,459,1,0.500103578734445,20260632,da394944962943d7ed83535c06bc6b881831330e3e9bc30634367efc1e2a42c2,593fd96bdb0e36ad273987f666007f13ec3e44704d90c8fe361d6fed28c14458
c5_random_same_word_seed_01,8,4,468,0,0.49910365629641007,20260632,da394944962943d7ed83535c06bc6b881831330e3e9bc30634367efc1e2a42c2,593fd96bdb0e36ad273987f666007f13ec3e44704d90c8fe361d6fed28c14458
c5_random_same_word_seed_01,8,4,484,0,0.5185543082918372,20260632,da394944962943d7ed83535c06bc6b881831330e3e9bc30634367efc1e2a42c2,593fd96bdb0e36ad273987f666007f13ec3e44704d90c8fe361d6fed28c14458
c5_random_same_word_seed_01,8,4,489,0,0.425756788331754,20260632,da394944962943d7ed83535c06bc6b881831330e3e9bc30634367efc1e2a42c2,593fd96bdb0e36ad273987f666007f13ec3e44704d90c8fe361d6fed28c14458
c5_random_same_word_seed_01,8,5,304,0,0.40651168732453297,20260632,cc37436b65a90543ea0b5bf2ae147559757a93d727cce5c40d9580bad73ddedd,98617d71df979616df6c234ab516b58331ee79ee8f2ebc378a36510f4ba436ec
c5_random_same_word_seed_01,8,5,315,0,0.4563500530195736,20260632,cc37436b65a90543ea0b5bf2ae147559757a93d727cce5c40d9580bad73ddedd,98617d71df979616df6c234ab516b58331ee79ee8f2ebc378a36510f4ba436ec
c5_random_same_word_seed_01,8,5,317,0,0.45298005252244083,20260632,cc37436b65a90543ea0b5bf2ae147559757a93d727cce5c40d9580bad73ddedd,98617d71df979616df6c234ab516b58331ee79ee8f2ebc378a36510f4ba436ec
c5_random_same_word_seed_01,8,5,322,0,0.4778658945401829,20260632,cc37436b65a90543ea0b5bf2ae147559757a93d727cce5c40d9580bad73ddedd,98617d71df979616df6c234ab516b58331ee79ee8f2ebc378a36510f4ba436ec
c5_random_same_word_seed_01,8,5,327,0,0.4959398672431296,20260632,cc37436b65a90543ea0b5bf2ae147559757a93d727cce5c40d9580bad73ddedd,98617d71df979616df6c234ab516b58331ee79ee8f2ebc378a36510f4ba436ec
c5_random_same_word_seed_01,8,5,335,1,0.48831559274467423,20260632,cc37436b65a90543ea0b5bf2ae147559757a93d727cce5c40d9580bad73ddedd,98617d71df979616df6c234ab516b58331ee79ee8f2ebc378a36510f4ba436ec
c5_random_same_word_seed_01,8,5,357,0,0.4053164965873199,20260632,cc37436b65a90543ea0b5bf2ae147559757a93d727cce5c40d9580bad73ddedd,98617d71df979616df6c234ab516b58331ee79ee8f2ebc378a36510f4ba436ec
c5_random_same_word_seed_01,8,5,367,1,0.48507949012716245,20260632,cc37436b65a90543ea0b5bf2ae147559757a93d727cce5c40d9580bad73ddedd,98617d71df979616df6c234ab516b58331ee79ee8f2ebc378a36510f4ba436ec
c5_random_same_word_seed_01,8,5,369,0,0.47034121581416094,20260632,cc37436b65a90543ea0b5bf2ae147559757a93d727cce5c40d9580bad73ddedd,98617d71df979616df6c234ab516b58331ee79ee8f2ebc378a36510f4ba436ec
c5_random_same_word_seed_01,8,5,372,1,0.49319161327843836,20260632,cc37436b65a90543ea0b5bf2ae147559757a93d727cce5c40d9580bad73ddedd,98617d71df979616df6c234ab516b58331ee79ee8f2ebc378a36510f4ba436ec
c5_random_same_word_seed_01,8,5,375,0,0.4103345504310866,20260632,cc37436b65a90543ea0b5bf2ae147559757a93d727cce5c40d9580bad73ddedd,98617d71df979616df6c234ab516b58331ee79ee8f2ebc378a36510f4ba436ec
c5_random_same_word_seed_01,8,5,380,1,0.5120934007036276,20260632,cc37436b65a90543ea0b5bf2ae147559757a93d727cce5c40d9580bad73ddedd,98617d71df979616df6c234ab516b58331ee79ee8f2ebc378a36510f4ba436ec
c5_random_same_word_seed_01,8,5,391,0,0.41409872760967165,20260632,cc37436b65a90543ea0b5bf2ae147559757a93d727cce5c40d9580bad73ddedd,98617d71df979616df6c234ab516b58331ee79ee8f2ebc378a36510f4ba436ec
c5_random_same_word_seed_01,8,5,393,0,0.44226042005331684,20260632,cc37436b65a90543ea0b5bf2ae147559757a93d727cce5c40d9580bad73ddedd,98617d71df979616df6c234ab516b58331ee79ee8f2ebc378a36510f4ba436ec
c5_random_same_word_seed_01,8,5,414,1,0.5011123394016195,20260632,cc37436b65a90543ea0b5bf2ae147559757a93d727cce5c40d9580bad73ddedd,98617d71df979616df6c234ab516b58331ee79ee8f2ebc378a36510f4ba436ec
c5_random_same_word_seed_01,8,5,418,1,0.5145776518664289,20260632,cc37436b65a90543ea0b5bf2ae147559757a93d727cce5c40d9580bad73ddedd,98617d71df979616df6c234ab516b58331ee79ee8f2ebc378a36510f4ba436ec
c5_random_same_word_seed_01,8,5,426,1,0.48719939611649665,20260632,cc37436b65a90543ea0b5bf2ae147559757a93d727cce5c40d9580bad73ddedd,98617d71df979616df6c234ab516b58331ee79ee8f2ebc378a36510f4ba436ec
c5_random_same_word_seed_01,8,5,433,1,0.44020396109092325,20260632,cc37436b65a90543ea0b5bf2ae147559757a93d727cce5c40d9580bad73ddedd,98617d71df979616df6c234ab516b58331ee79ee8f2ebc378a36510f4ba436ec
c5_random_same_word_seed_01,8,5,436,0,0.4579697363509675,20260632,cc37436b65a90543ea0b5bf2ae147559757a93d727cce5c40d9580bad73ddedd,98617d71df979616df6c234ab516b58331ee79ee8f2ebc378a36510f4ba436ec
c5_random_same_word_seed_01,8,5,439,0,0.4417281492933333,20260632,cc37436b65a90543ea0b5bf2ae147559757a93d727cce5c40d9580bad73ddedd,98617d71df979616df6c234ab516b58331ee79ee8f2ebc378a36510f4ba436ec
c5_random_same_word_seed_01,8,5,440,1,0.5250362575618418,20260632,cc37436b65a90543ea0b5bf2ae147559757a93d727cce5c40d9580bad73ddedd,98617d71df979616df6c234ab516b58331ee79ee8f2ebc378a36510f4ba436ec
c5_random_same_word_seed_01,8,5,443,0,0.4269990071945496,20260632,cc37436b65a90543ea0b5bf2ae147559757a93d727cce5c40d9580bad73ddedd,98617d71df979616df6c234ab516b58331ee79ee8f2ebc378a36510f4ba436ec
c5_random_same_word_seed_01,8,5,446,0,0.5064481890801409,20260632,cc37436b65a90543ea0b5bf2ae147559757a93d727cce5c40d9580bad73ddedd,98617d71df979616df6c234ab516b58331ee79ee8f2ebc378a36510f4ba436ec
c5_random_same_word_seed_01,8,5,451,0,0.4741284033000003,20260632,cc37436b65a90543ea0b5bf2ae147559757a93d727cce5c40d9580bad73ddedd,98617d71df979616df6c234ab516b58331ee79ee8f2ebc378a36510f4ba436ec
c5_random_same_word_seed_01,8,5,455,0,0.4919284487519732,20260632,cc37436b65a90543ea0b5bf2ae147559757a93d727cce5c40d9580bad73ddedd,98617d71df979616df6c234ab516b58331ee79ee8f2ebc378a36510f4ba436ec
c5_random_same_word_seed_01,8,5,473,0,0.44662564786024117,20260632,cc37436b65a90543ea0b5bf2ae147559757a93d727cce5c40d9580bad73ddedd,98617d71df979616df6c234ab516b58331ee79ee8f2ebc378a36510f4ba436ec
c5_random_same_word_seed_01,8,5,476,0,0.42774999669073827,20260632,cc37436b65a90543ea0b5bf2ae147559757a93d727cce5c40d9580bad73ddedd,98617d71df979616df6c234ab516b58331ee79ee8f2ebc378a36510f4ba436ec
c5_random_same_word_seed_01,8,5,485,0,0.4507749619495548,20260632,cc37436b65a90543ea0b5bf2ae147559757a93d727cce5c40d9580bad73ddedd,98617d71df979616df6c234ab516b58331ee79ee8f2ebc378a36510f4ba436ec
c5_random_same_word_seed_01,9,1,304,0,0.4264290293472408,20260633,afa19e3cccce742ddc357af86ec4d82858ca24c3c4dfbdf185aa786f31837595,4df42baf6d7f18ecfba23441e51004e28a1c5721decde967e2504deb0e581062
c5_random_same_word_seed_01,9,1,324,0,0.460316522538762,20260633,afa19e3cccce742ddc357af86ec4d82858ca24c3c4dfbdf185aa786f31837595,4df42baf6d7f18ecfba23441e51004e28a1c5721decde967e2504deb0e581062
c5_random_same_word_seed_01,9,1,326,0,0.38814941806902653,20260633,afa19e3cccce742ddc357af86ec4d82858ca24c3c4dfbdf185aa786f31837595,4df42baf6d7f18ecfba23441e51004e28a1c5721decde967e2504deb0e581062
c5_random_same_word_seed_01,9,1,328,0,0.4360495547756979,20260633,afa19e3cccce742ddc357af86ec4d82858ca24c3c4dfbdf185aa786f31837595,4df42baf6d7f18ecfba23441e51004e28a1c5721decde967e2504deb0e581062
c5_random_same_word_seed_01,9,1,335,1,0.5121264835120377,20260633,afa19e3cccce742ddc357af86ec4d82858ca24c3c4dfbdf185aa786f31837595,4df42baf6d7f18ecfba23441e51004e28a1c5721decde967e2504deb0e581062
c5_random_same_word_seed_01,9,1,336,0,0.46838109359501545,20260633,afa19e3cccce742ddc357af86ec4d82858ca24c3c4dfbdf185aa786f31837595,4df42baf6d7f18ecfba23441e51004e28a1c5721decde967e2504deb0e581062
c5_random_same_word_seed_01,9,1,341,0,0.46182971322337185,20260633,afa19e3cccce742ddc357af86ec4d82858ca24c3c4dfbdf185aa786f31837595,4df42baf6d7f18ecfba23441e51004e28a1c5721decde967e2504deb0e581062
c5_random_same_word_seed_01,9,1,343,0,0.4953616876323011,20260633,afa19e3cccce742ddc357af86ec4d82858ca24c3c4dfbdf185aa786f31837595,4df42baf6d7f18ecfba23441e51004e28a1c5721decde967e2504deb0e581062
c5_random_same_word_seed_01,9,1,344,1,0.5320395632330777,20260633,afa19e3cccce742ddc357af86ec4d82858ca24c3c4dfbdf185aa786f31837595,4df42baf6d7f18ecfba23441e51004e28a1c5721decde967e2504deb0e581062
c5_random_same_word_seed_01,9,1,345,1,0.5391031647527892,20260633,afa19e3cccce742ddc357af86ec4d82858ca24c3c4dfbdf185aa786f31837595,4df42baf6d7f18ecfba23441e51004e28a1c5721decde967e2504deb0e581062
c5_random_same_word_seed_01,9,1,352,1,0.4931448717594842,20260633,afa19e3cccce742ddc357af86ec4d82858ca24c3c4dfbdf185aa786f31837595,4df42baf6d7f18ecfba23441e51004e28a1c5721decde967e2504deb0e581062
c5_random_same_word_seed_01,9,1,360,0,0.45790673627903306,20260633,afa19e3cccce742ddc357af86ec4d82858ca24c3c4dfbdf185aa786f31837595,4df42baf6d7f18ecfba23441e51004e28a1c5721decde967e2504deb0e581062
c5_random_same_word_seed_01,9,1,377,1,0.48756496517270304,20260633,afa19e3cccce742ddc357af86ec4d82858ca24c3c4dfbdf185aa786f31837595,4df42baf6d7f18ecfba23441e51004e28a1c5721decde967e2504deb0e581062
c5_random_same_word_seed_01,9,1,383,0,0.42701390147945517,20260633,afa19e3cccce742ddc357af86ec4d82858ca24c3c4dfbdf185aa786f31837595,4df42baf6d7f18ecfba23441e51004e28a1c5721decde967e2504deb0e581062
c5_random_same_word_seed_01,9,1,386,1,0.44963452881594557,20260633,afa19e3cccce742ddc357af86ec4d82858ca24c3c4dfbdf185aa786f31837595,4df42baf6d7f18ecfba23441e51004e28a1c5721decde967e2504deb0e581062
c5_random_same_word_seed_01,9,1,389,1,0.4739252976250919,20260633,afa19e3cccce742ddc357af86ec4d82858ca24c3c4dfbdf185aa786f31837595,4df42baf6d7f18ecfba23441e51004e28a1c5721decde967e2504deb0e581062
c5_random_same_word_seed_01,9,1,397,0,0.5081928201022454,20260633,afa19e3cccce742ddc357af86ec4d82858ca24c3c4dfbdf185aa786f31837595,4df42baf6d7f18ecfba23441e51004e28a1c5721decde967e2504deb0e581062
c5_random_same_word_seed_01,9,1,404,0,0.506351294375576,20260633,afa19e3cccce742ddc357af86ec4d82858ca24c3c4dfbdf185aa786f31837595,4df42baf6d7f18ecfba23441e51004e28a1c5721decde967e2504deb0e581062
c5_random_same_word_seed_01,9,1,413,1,0.49630507336046653,20260633,afa19e3cccce742ddc357af86ec4d82858ca24c3c4dfbdf185aa786f31837595,4df42baf6d7f18ecfba23441e51004e28a1c5721decde967e2504deb0e581062
c5_random_same_word_seed_01,9,1,428,0,0.4105184430171633,20260633,afa19e3cccce742ddc357af86ec4d82858ca24c3c4dfbdf185aa786f31837595,4df42baf6d7f18ecfba23441e51004e28a1c5721decde967e2504deb0e581062
c5_random_same_word_seed_01,9,1,434,0,0.49238905804659766,20260633,afa19e3cccce742ddc357af86ec4d82858ca24c3c4dfbdf185aa786f31837595,4df42baf6d7f18ecfba23441e51004e28a1c5721decde967e2504deb0e581062
c5_random_same_word_seed_01,9,1,436,0,0.45929357549583893,20260633,afa19e3cccce742ddc357af86ec4d82858ca24c3c4dfbdf185aa786f31837595,4df42baf6d7f18ecfba23441e51004e28a1c5721decde967e2504deb0e581062
c5_random_same_word_seed_01,9,1,441,1,0.4746000754720915,20260633,afa19e3cccce742ddc357af86ec4d82858ca24c3c4dfbdf185aa786f31837595,4df42baf6d7f18ecfba23441e51004e28a1c5721decde967e2504deb0e581062
c5_random_same_word_seed_01,9,1,447,0,0.4548395546757234,20260633,afa19e3cccce742ddc357af86ec4d82858ca24c3c4dfbdf185aa786f31837595,4df42baf6d7f18ecfba23441e51004e28a1c5721decde967e2504deb0e581062
c5_random_same_word_seed_01,9,1,455,0,0.4728510683001897,20260633,afa19e3cccce742ddc357af86ec4d82858ca24c3c4dfbdf185aa786f31837595,4df42baf6d7f18ecfba23441e51004e28a1c5721decde967e2504deb0e581062
c5_random_same_word_seed_01,9,1,474,0,0.4821648352813116,20260633,afa19e3cccce742ddc357af86ec4d82858ca24c3c4dfbdf185aa786f31837595,4df42baf6d7f18ecfba23441e51004e28a1c5721decde967e2504deb0e581062
c5_random_same_word_seed_01,9,1,475,0,0.4731342114271766,20260633,afa19e3cccce742ddc357af86ec4d82858ca24c3c4dfbdf185aa786f31837595,4df42baf6d7f18ecfba23441e51004e28a1c5721decde967e2504deb0e581062
c5_random_same_word_seed_01,9,1,488,0,0.486631299232569,20260633,afa19e3cccce742ddc357af86ec4d82858ca24c3c4dfbdf185aa786f31837595,4df42baf6d7f18ecfba23441e51004e28a1c5721decde967e2504deb0e581062
c5_random_same_word_seed_01,9,1,489,0,0.4283348242494909,20260633,afa19e3cccce742ddc357af86ec4d82858ca24c3c4dfbdf185aa786f31837595,4df42baf6d7f18ecfba23441e51004e28a1c5721decde967e2504deb0e581062
c5_random_same_word_seed_01,9,2,316,0,0.404814864327259,20260633,eb798db6d53c7bd6b62d77728c470f61aecdcec31b8c285fa54e6bb347853f2f,43d0b62d442a4eba14e5b114be9ac6c76091afedaa4f12d085895bf9415583a8
c5_random_same_word_seed_01,9,2,322,0,0.4518630085238854,20260633,eb798db6d53c7bd6b62d77728c470f61aecdcec31b8c285fa54e6bb347853f2f,43d0b62d442a4eba14e5b114be9ac6c76091afedaa4f12d085895bf9415583a8
c5_random_same_word_seed_01,9,2,339,1,0.5003545396518814,20260633,eb798db6d53c7bd6b62d77728c470f61aecdcec31b8c285fa54e6bb347853f2f,43d0b62d442a4eba14e5b114be9ac6c76091afedaa4f12d085895bf9415583a8
c5_random_same_word_seed_01,9,2,367,1,0.4917053891511602,20260633,eb798db6d53c7bd6b62d77728c470f61aecdcec31b8c285fa54e6bb347853f2f,43d0b62d442a4eba14e5b114be9ac6c76091afedaa4f12d085895bf9415583a8
c5_random_same_word_seed_01,9,2,374,0,0.493550224396094,20260633,eb798db6d53c7bd6b62d77728c470f61aecdcec31b8c285fa54e6bb347853f2f,43d0b62d442a4eba14e5b114be9ac6c76091afedaa4f12d085895bf9415583a8
c5_random_same_word_seed_01,9,2,375,0,0.4133228184418555,20260633,eb798db6d53c7bd6b62d77728c470f61aecdcec31b8c285fa54e6bb347853f2f,43d0b62d442a4eba14e5b114be9ac6c76091afedaa4f12d085895bf9415583a8
c5_random_same_word_seed_01,9,2,379,0,0.4612041674936952,20260633,eb798db6d53c7bd6b62d77728c470f61aecdcec31b8c285fa54e6bb347853f2f,43d0b62d442a4eba14e5b114be9ac6c76091afedaa4f12d085895bf9415583a8
c5_random_same_word_seed_01,9,2,380,1,0.518394084349796,20260633,eb798db6d53c7bd6b62d77728c470f61aecdcec31b8c285fa54e6bb347853f2f,43d0b62d442a4eba14e5b114be9ac6c76091afedaa4f12d085895bf9415583a8
c5_random_same_word_seed_01,9,2,385,0,0.38467783932868926,20260633,eb798db6d53c7bd6b62d77728c470f61aecdcec31b8c285fa54e6bb347853f2f,43d0b62d442a4eba14e5b114be9ac6c76091afedaa4f12d085895bf9415583a8
c5_random_same_word_seed_01,9,2,401,0,0.43290170055044136,20260633,eb798db6d53c7bd6b62d77728c470f61aecdcec31b8c285fa54e6bb347853f2f,43d0b62d442a4eba14e5b114be9ac6c76091afedaa4f12d085895bf9415583a8
c5_random_same_word_seed_01,9,2,402,1,0.5285529096368086,20260633,eb798db6d53c7bd6b62d77728c470f61aecdcec31b8c285fa54e6bb347853f2f,43d0b62d442a4eba14e5b114be9ac6c76091afedaa4f12d085895bf9415583a8
c5_random_same_word_seed_01,9,2,406,0,0.4767449975571032,20260633,eb798db6d53c7bd6b62d77728c470f61aecdcec31b8c285fa54e6bb347853f2f,43d0b62d442a4eba14e5b114be9ac6c76091afedaa4f12d085895bf9415583a8
c5_random_same_word_seed_01,9,2,409,1,0.4658260179850901,20260633,eb798db6d53c7bd6b62d77728c470f61aecdcec31b8c285fa54e6bb347853f2f,43d0b62d442a4eba14e5b114be9ac6c76091afedaa4f12d085895bf9415583a8
c5_random_same_word_seed_01,9,2,412,1,0.4719283747850881,20260633,eb798db6d53c7bd6b62d77728c470f61aecdcec31b8c285fa54e6bb347853f2f,43d0b62d442a4eba14e5b114be9ac6c76091afedaa4f12d085895bf9415583a8
c5_random_same_word_seed_01,9,2,416,0,0.489201481305062,20260633,eb798db6d53c7bd6b62d77728c470f61aecdcec31b8c285fa54e6bb347853f2f,43d0b62d442a4eba14e5b114be9ac6c76091afedaa4f12d085895bf9415583a8
c5_random_same_word_seed_01,9,2,419,0,0.4672579299648124,20260633,eb798db6d53c7bd6b62d77728c470f61aecdcec31b8c285fa54e6bb347853f2f,43d0b62d442a4eba14e5b114be9ac6c76091afedaa4f12d085895bf9415583a8
c5_random_same_word_seed_01,9,2,420,0,0.4946741950430803,20260633,eb798db6d53c7bd6b62d77728c470f61aecdcec31b8c285fa54e6bb347853f2f,43d0b62d442a4eba14e5b114be9ac6c76091afedaa4f12d085895bf9415583a8
c5_random_same_word_seed_01,9,2,422,1,0.5566200625620282,20260633,eb798db6d53c7bd6b62d77728c470f61aecdcec31b8c285fa54e6bb347853f2f,43d0b62d442a4eba14e5b114be9ac6c76091afedaa4f12d085895bf9415583a8
c5_random_same_word_seed_01,9,2,426,1,0.4970795317891655,20260633,eb798db6d53c7bd6b62d77728c470f61aecdcec31b8c285fa54e6bb347853f2f,43d0b62d442a4eba14e5b114be9ac6c76091afedaa4f12d085895bf9415583a8
c5_random_same_word_seed_01,9,2,433,1,0.45770746637328097,20260633,eb798db6d53c7bd6b62d77728c470f61aecdcec31b8c285fa54e6bb347853f2f,43d0b62d442a4eba14e5b114be9ac6c76091afedaa4f12d085895bf9415583a8
c5_random_same_word_seed_01,9,2,443,0,0.4262443085806779,20260633,eb798db6d53c7bd6b62d77728c470f61aecdcec31b8c285fa54e6bb347853f2f,43d0b62d442a4eba14e5b114be9ac6c76091afedaa4f12d085895bf9415583a8
c5_random_same_word_seed_01,9,2,445,0,0.5061494750388958,20260633,eb798db6d53c7bd6b62d77728c470f61aecdcec31b8c285fa54e6bb347853f2f,43d0b62d442a4eba14e5b114be9ac6c76091afedaa4f12d085895bf9415583a8
c5_random_same_word_seed_01,9,2,451,0,0.5005137029832742,20260633,eb798db6d53c7bd6b62d77728c470f61aecdcec31b8c285fa54e6bb347853f2f,43d0b62d442a4eba14e5b114be9ac6c76091afedaa4f12d085895bf9415583a8
c5_random_same_word_seed_01,9,2,457,0,0.4896737383323792,20260633,eb798db6d53c7bd6b62d77728c470f61aecdcec31b8c285fa54e6bb347853f2f,43d0b62d442a4eba14e5b114be9ac6c76091afedaa4f12d085895bf9415583a8
c5_random_same_word_seed_01,9,2,463,0,0.49264088459665284,20260633,eb798db6d53c7bd6b62d77728c470f61aecdcec31b8c285fa54e6bb347853f2f,43d0b62d442a4eba14e5b114be9ac6c76091afedaa4f12d085895bf9415583a8
c5_random_same_word_seed_01,9,2,464,0,0.44008635418502917,20260633,eb798db6d53c7bd6b62d77728c470f61aecdcec31b8c285fa54e6bb347853f2f,43d0b62d442a4eba14e5b114be9ac6c76091afedaa4f12d085895bf9415583a8
c5_random_same_word_seed_01,9,2,485,0,0.4381383773052464,20260633,eb798db6d53c7bd6b62d77728c470f61aecdcec31b8c285fa54e6bb347853f2f,43d0b62d442a4eba14e5b114be9ac6c76091afedaa4f12d085895bf9415583a8
c5_random_same_word_seed_01,9,2,487,0,0.503152346859122,20260633,eb798db6d53c7bd6b62d77728c470f61aecdcec31b8c285fa54e6bb347853f2f,43d0b62d442a4eba14e5b114be9ac6c76091afedaa4f12d085895bf9415583a8
c5_random_same_word_seed_01,9,2,490,0,0.44515456689132976,20260633,eb798db6d53c7bd6b62d77728c470f61aecdcec31b8c285fa54e6bb347853f2f,43d0b62d442a4eba14e5b114be9ac6c76091afedaa4f12d085895bf9415583a8
c5_random_same_word_seed_01,9,3,303,0,0.47651582185951125,20260633,2d6ecba2450c0e2343c9ef225d42fd6b1aa95df4ce85dcd1923adcabb9416a6b,41eb3246646395bc16b8b7012e608df2d1832e89652c14e702797390e475c8a1
c5_random_same_word_seed_01,9,3,307,0,0.48146593505873664,20260633,2d6ecba2450c0e2343c9ef225d42fd6b1aa95df4ce85dcd1923adcabb9416a6b,41eb3246646395bc16b8b7012e608df2d1832e89652c14e702797390e475c8a1
c5_random_same_word_seed_01,9,3,317,0,0.4562164248869394,20260633,2d6ecba2450c0e2343c9ef225d42fd6b1aa95df4ce85dcd1923adcabb9416a6b,41eb3246646395bc16b8b7012e608df2d1832e89652c14e702797390e475c8a1
c5_random_same_word_seed_01,9,3,325,1,0.5515012547160757,20260633,2d6ecba2450c0e2343c9ef225d42fd6b1aa95df4ce85dcd1923adcabb9416a6b,41eb3246646395bc16b8b7012e608df2d1832e89652c14e702797390e475c8a1
c5_random_same_word_seed_01,9,3,327,0,0.5394727011233212,20260633,2d6ecba2450c0e2343c9ef225d42fd6b1aa95df4ce85dcd1923adcabb9416a6b,41eb3246646395bc16b8b7012e608df2d1832e89652c14e702797390e475c8a1
c5_random_same_word_seed_01,9,3,338,1,0.4952348181789525,20260633,2d6ecba2450c0e2343c9ef225d42fd6b1aa95df4ce85dcd1923adcabb9416a6b,41eb3246646395bc16b8b7012e608df2d1832e89652c14e702797390e475c8a1
c5_random_same_word_seed_01,9,3,340,0,0.5001386956196051,20260633,2d6ecba2450c0e2343c9ef225d42fd6b1aa95df4ce85dcd1923adcabb9416a6b,41eb3246646395bc16b8b7012e608df2d1832e89652c14e702797390e475c8a1
c5_random_same_word_seed_01,9,3,355,1,0.45796991611172977,20260633,2d6ecba2450c0e2343c9ef225d42fd6b1aa95df4ce85dcd1923adcabb9416a6b,41eb3246646395bc16b8b7012e608df2d1832e89652c14e702797390e475c8a1
c5_random_same_word_seed_01,9,3,356,1,0.53625973830479,20260633,2d6ecba2450c0e2343c9ef225d42fd6b1aa95df4ce85dcd1923adcabb9416a6b,41eb3246646395bc16b8b7012e608df2d1832e89652c14e702797390e475c8a1
c5_random_same_word_seed_01,9,3,357,0,0.4209415242166368,20260633,2d6ecba2450c0e2343c9ef225d42fd6b1aa95df4ce85dcd1923adcabb9416a6b,41eb3246646395bc16b8b7012e608df2d1832e89652c14e702797390e475c8a1
c5_random_same_word_seed_01,9,3,368,0,0.5100285550571468,20260633,2d6ecba2450c0e2343c9ef225d42fd6b1aa95df4ce85dcd1923adcabb9416a6b,41eb3246646395bc16b8b7012e608df2d1832e89652c14e702797390e475c8a1
c5_random_same_word_seed_01,9,3,376,1,0.5371280941123481,20260633,2d6ecba2450c0e2343c9ef225d42fd6b1aa95df4ce85dcd1923adcabb9416a6b,41eb3246646395bc16b8b7012e608df2d1832e89652c14e702797390e475c8a1
c5_random_same_word_seed_01,9,3,381,1,0.5194106475003153,20260633,2d6ecba2450c0e2343c9ef225d42fd6b1aa95df4ce85dcd1923adcabb9416a6b,41eb3246646395bc16b8b7012e608df2d1832e89652c14e702797390e475c8a1
c5_random_same_word_seed_01,9,3,382,0,0.4598544274543633,20260633,2d6ecba2450c0e2343c9ef225d42fd6b1aa95df4ce85dcd1923adcabb9416a6b,41eb3246646395bc16b8b7012e608df2d1832e89652c14e702797390e475c8a1
c5_random_same_word_seed_01,9,3,393,0,0.4293588032714915,20260633,2d6ecba2450c0e2343c9ef225d42fd6b1aa95df4ce85dcd1923adcabb9416a6b,41eb3246646395bc16b8b7012e608df2d1832e89652c14e702797390e475c8a1
c5_random_same_word_seed_01,9,3,395,0,0.5012281890127374,20260633,2d6ecba2450c0e2343c9ef225d42fd6b1aa95df4ce85dcd1923adcabb9416a6b,41eb3246646395bc16b8b7012e608df2d1832e89652c14e702797390e475c8a1
c5_random_same_word_seed_01,9,3,417,0,0.5288476353139662,20260633,2d6ecba2450c0e2343c9ef225d42fd6b1aa95df4ce85dcd1923adcabb9416a6b,41eb3246646395bc16b8b7012e608df2d1832e89652c14e702797390e475c8a1
c5_random_same_word_seed_01,9,3,418,1,0.5133538662499121,20260633,2d6ecba2450c0e2343c9ef225d42fd6b1aa95df4ce85dcd1923adcabb9416a6b,41eb3246646395bc16b8b7012e608df2d1832e89652c14e702797390e475c8a1
c5_random_same_word_seed_01,9,3,425,0,0.5264051591858423,20260633,2d6ecba2450c0e2343c9ef225d42fd6b1aa95df4ce85dcd1923adcabb9416a6b,41eb3246646395bc16b8b7012e608df2d1832e89652c14e702797390e475c8a1
c5_random_same_word_seed_01,9,3,437,0,0.42505047084708325,20260633,2d6ecba2450c0e2343c9ef225d42fd6b1aa95df4ce85dcd1923adcabb9416a6b,41eb3246646395bc16b8b7012e608df2d1832e89652c14e702797390e475c8a1
c5_random_same_word_seed_01,9,3,440,1,0.5331579171072844,20260633,2d6ecba2450c0e2343c9ef225d42fd6b1aa95df4ce85dcd1923adcabb9416a6b,41eb3246646395bc16b8b7012e608df2d1832e89652c14e702797390e475c8a1
c5_random_same_word_seed_01,9,3,444,0,0.45327337079434427,20260633,2d6ecba2450c0e2343c9ef225d42fd6b1aa95df4ce85dcd1923adcabb9416a6b,41eb3246646395bc16b8b7012e608df2d1832e89652c14e702797390e475c8a1
c5_random_same_word_seed_01,9,3,446,0,0.514776390885132,20260633,2d6ecba2450c0e2343c9ef225d42fd6b1aa95df4ce85dcd1923adcabb9416a6b,41eb3246646395bc16b8b7012e608df2d1832e89652c14e702797390e475c8a1
c5_random_same_word_seed_01,9,3,454,0,0.47746212108145814,20260633,2d6ecba2450c0e2343c9ef225d42fd6b1aa95df4ce85dcd1923adcabb9416a6b,41eb3246646395bc16b8b7012e608df2d1832e89652c14e702797390e475c8a1
c5_random_same_word_seed_01,9,3,472,0,0.41746462840498394,20260633,2d6ecba2450c0e2343c9ef225d42fd6b1aa95df4ce85dcd1923adcabb9416a6b,41eb3246646395bc16b8b7012e608df2d1832e89652c14e702797390e475c8a1
c5_random_same_word_seed_01,9,3,478,0,0.5118355823372646,20260633,2d6ecba2450c0e2343c9ef225d42fd6b1aa95df4ce85dcd1923adcabb9416a6b,41eb3246646395bc16b8b7012e608df2d1832e89652c14e702797390e475c8a1
c5_random_same_word_seed_01,9,3,484,0,0.48066336853222646,20260633,2d6ecba2450c0e2343c9ef225d42fd6b1aa95df4ce85dcd1923adcabb9416a6b,41eb3246646395bc16b8b7012e608df2d1832e89652c14e702797390e475c8a1
c5_random_same_word_seed_01,9,3,492,0,0.40638695881078724,20260633,2d6ecba2450c0e2343c9ef225d42fd6b1aa95df4ce85dcd1923adcabb9416a6b,41eb3246646395bc16b8b7012e608df2d1832e89652c14e702797390e475c8a1
c5_random_same_word_seed_01,9,4,302,0,0.45119234390696433,20260633,c0e463051cfe9888715a337dce59c3a3895b97e3bc276ca387ee0076468a045f,aee6c5ef71a64a474b9fb88ae5fcdab07ce66ea762cb98c2b62fa1a85dac4e17
c5_random_same_word_seed_01,9,4,310,0,0.42082858767041315,20260633,c0e463051cfe9888715a337dce59c3a3895b97e3bc276ca387ee0076468a045f,aee6c5ef71a64a474b9fb88ae5fcdab07ce66ea762cb98c2b62fa1a85dac4e17
c5_random_same_word_seed_01,9,4,312,0,0.4609767778644993,20260633,c0e463051cfe9888715a337dce59c3a3895b97e3bc276ca387ee0076468a045f,aee6c5ef71a64a474b9fb88ae5fcdab07ce66ea762cb98c2b62fa1a85dac4e17
c5_random_same_word_seed_01,9,4,319,1,0.4404478908349795,20260633,c0e463051cfe9888715a337dce59c3a3895b97e3bc276ca387ee0076468a045f,aee6c5ef71a64a474b9fb88ae5fcdab07ce66ea762cb98c2b62fa1a85dac4e17
c5_random_same_word_seed_01,9,4,321,1,0.498168247256279,20260633,c0e463051cfe9888715a337dce59c3a3895b97e3bc276ca387ee0076468a045f,aee6c5ef71a64a474b9fb88ae5fcdab07ce66ea762cb98c2b62fa1a85dac4e17
c5_random_same_word_seed_01,9,4,330,1,0.4166993846358875,20260633,c0e463051cfe9888715a337dce59c3a3895b97e3bc276ca387ee0076468a045f,aee6c5ef71a64a474b9fb88ae5fcdab07ce66ea762cb98c2b62fa1a85dac4e17
c5_random_same_word_seed_01,9,4,331,0,0.5191070358951436,20260633,c0e463051cfe9888715a337dce59c3a3895b97e3bc276ca387ee0076468a045f,aee6c5ef71a64a474b9fb88ae5fcdab07ce66ea762cb98c2b62fa1a85dac4e17
c5_random_same_word_seed_01,9,4,333,0,0.47000014936306433,20260633,c0e463051cfe9888715a337dce59c3a3895b97e3bc276ca387ee0076468a045f,aee6c5ef71a64a474b9fb88ae5fcdab07ce66ea762cb98c2b62fa1a85dac4e17
c5_random_same_word_seed_01,9,4,348,1,0.4449179840364253,20260633,c0e463051cfe9888715a337dce59c3a3895b97e3bc276ca387ee0076468a045f,aee6c5ef71a64a474b9fb88ae5fcdab07ce66ea762cb98c2b62fa1a85dac4e17
c5_random_same_word_seed_01,9,4,351,1,0.5221002990680987,20260633,c0e463051cfe9888715a337dce59c3a3895b97e3bc276ca387ee0076468a045f,aee6c5ef71a64a474b9fb88ae5fcdab07ce66ea762cb98c2b62fa1a85dac4e17
c5_random_same_word_seed_01,9,4,353,1,0.5013646782583094,20260633,c0e463051cfe9888715a337dce59c3a3895b97e3bc276ca387ee0076468a045f,aee6c5ef71a64a474b9fb88ae5fcdab07ce66ea762cb98c2b62fa1a85dac4e17
c5_random_same_word_seed_01,9,4,363,0,0.46040975563240555,20260633,c0e463051cfe9888715a337dce59c3a3895b97e3bc276ca387ee0076468a045f,aee6c5ef71a64a474b9fb88ae5fcdab07ce66ea762cb98c2b62fa1a85dac4e17
c5_random_same_word_seed_01,9,4,366,0,0.47749540791457523,20260633,c0e463051cfe9888715a337dce59c3a3895b97e3bc276ca387ee0076468a045f,aee6c5ef71a64a474b9fb88ae5fcdab07ce66ea762cb98c2b62fa1a85dac4e17
c5_random_same_word_seed_01,9,4,369,0,0.4803037378907913,20260633,c0e463051cfe9888715a337dce59c3a3895b97e3bc276ca387ee0076468a045f,aee6c5ef71a64a474b9fb88ae5fcdab07ce66ea762cb98c2b62fa1a85dac4e17
c5_random_same_word_seed_01,9,4,371,0,0.4255105625295805,20260633,c0e463051cfe9888715a337dce59c3a3895b97e3bc276ca387ee0076468a045f,aee6c5ef71a64a474b9fb88ae5fcdab07ce66ea762cb98c2b62fa1a85dac4e17
c5_random_same_word_seed_01,9,4,372,1,0.5140612517828396,20260633,c0e463051cfe9888715a337dce59c3a3895b97e3bc276ca387ee0076468a045f,aee6c5ef71a64a474b9fb88ae5fcdab07ce66ea762cb98c2b62fa1a85dac4e17
c5_random_same_word_seed_01,9,4,388,1,0.43235902435372464,20260633,c0e463051cfe9888715a337dce59c3a3895b97e3bc276ca387ee0076468a045f,aee6c5ef71a64a474b9fb88ae5fcdab07ce66ea762cb98c2b62fa1a85dac4e17
c5_random_same_word_seed_01,9,4,391,0,0.38763133765326363,20260633,c0e463051cfe9888715a337dce59c3a3895b97e3bc276ca387ee0076468a045f,aee6c5ef71a64a474b9fb88ae5fcdab07ce66ea762cb98c2b62fa1a85dac4e17
c5_random_same_word_seed_01,9,4,400,0,0.4428324726029164,20260633,c0e463051cfe9888715a337dce59c3a3895b97e3bc276ca387ee0076468a045f,aee6c5ef71a64a474b9fb88ae5fcdab07ce66ea762cb98c2b62fa1a85dac4e17
c5_random_same_word_seed_01,9,4,423,0,0.4618182464118856,20260633,c0e463051cfe9888715a337dce59c3a3895b97e3bc276ca387ee0076468a045f,aee6c5ef71a64a474b9fb88ae5fcdab07ce66ea762cb98c2b62fa1a85dac4e17
c5_random_same_word_seed_01,9,4,456,0,0.45961302614948596,20260633,c0e463051cfe9888715a337dce59c3a3895b97e3bc276ca387ee0076468a045f,aee6c5ef71a64a474b9fb88ae5fcdab07ce66ea762cb98c2b62fa1a85dac4e17
c5_random_same_word_seed_01,9,4,458,0,0.4691352490890619,20260633,c0e463051cfe9888715a337dce59c3a3895b97e3bc276ca387ee0076468a045f,aee6c5ef71a64a474b9fb88ae5fcdab07ce66ea762cb98c2b62fa1a85dac4e17
c5_random_same_word_seed_01,9,4,468,0,0.4910042868826428,20260633,c0e463051cfe9888715a337dce59c3a3895b97e3bc276ca387ee0076468a045f,aee6c5ef71a64a474b9fb88ae5fcdab07ce66ea762cb98c2b62fa1a85dac4e17
c5_random_same_word_seed_01,9,4,473,0,0.3999136172444086,20260633,c0e463051cfe9888715a337dce59c3a3895b97e3bc276ca387ee0076468a045f,aee6c5ef71a64a474b9fb88ae5fcdab07ce66ea762cb98c2b62fa1a85dac4e17
c5_random_same_word_seed_01,9,4,476,0,0.42317515546736756,20260633,c0e463051cfe9888715a337dce59c3a3895b97e3bc276ca387ee0076468a045f,aee6c5ef71a64a474b9fb88ae5fcdab07ce66ea762cb98c2b62fa1a85dac4e17
c5_random_same_word_seed_01,9,4,477,0,0.5139114547808118,20260633,c0e463051cfe9888715a337dce59c3a3895b97e3bc276ca387ee0076468a045f,aee6c5ef71a64a474b9fb88ae5fcdab07ce66ea762cb98c2b62fa1a85dac4e17
c5_random_same_word_seed_01,9,4,482,0,0.5161185750064997,20260633,c0e463051cfe9888715a337dce59c3a3895b97e3bc276ca387ee0076468a045f,aee6c5ef71a64a474b9fb88ae5fcdab07ce66ea762cb98c2b62fa1a85dac4e17
c5_random_same_word_seed_01,9,4,491,0,0.48781045278703533,20260633,c0e463051cfe9888715a337dce59c3a3895b97e3bc276ca387ee0076468a045f,aee6c5ef71a64a474b9fb88ae5fcdab07ce66ea762cb98c2b62fa1a85dac4e17
c5_random_same_word_seed_01,9,5,305,0,0.488648389578187,20260633,85633ef22fed89bbc7e9229b1c6fdaa0413cd8c186d22527ca97dcc4c0c7e052,9cfda6bc91c5c231e9b2f013c25d2ef1981b2ab018635b3b0a4c3587bdcbdec7
c5_random_same_word_seed_01,9,5,313,0,0.4125578136022665,20260633,85633ef22fed89bbc7e9229b1c6fdaa0413cd8c186d22527ca97dcc4c0c7e052,9cfda6bc91c5c231e9b2f013c25d2ef1981b2ab018635b3b0a4c3587bdcbdec7
c5_random_same_word_seed_01,9,5,315,0,0.4752957583865695,20260633,85633ef22fed89bbc7e9229b1c6fdaa0413cd8c186d22527ca97dcc4c0c7e052,9cfda6bc91c5c231e9b2f013c25d2ef1981b2ab018635b3b0a4c3587bdcbdec7
c5_random_same_word_seed_01,9,5,318,0,0.37941199999241265,20260633,85633ef22fed89bbc7e9229b1c6fdaa0413cd8c186d22527ca97dcc4c0c7e052,9cfda6bc91c5c231e9b2f013c25d2ef1981b2ab018635b3b0a4c3587bdcbdec7
c5_random_same_word_seed_01,9,5,320,1,0.4804729942001871,20260633,85633ef22fed89bbc7e9229b1c6fdaa0413cd8c186d22527ca97dcc4c0c7e052,9cfda6bc91c5c231e9b2f013c25d2ef1981b2ab018635b3b0a4c3587bdcbdec7
c5_random_same_word_seed_01,9,5,346,1,0.5817628063350735,20260633,85633ef22fed89bbc7e9229b1c6fdaa0413cd8c186d22527ca97dcc4c0c7e052,9cfda6bc91c5c231e9b2f013c25d2ef1981b2ab018635b3b0a4c3587bdcbdec7
c5_random_same_word_seed_01,9,5,347,1,0.4585796003112645,20260633,85633ef22fed89bbc7e9229b1c6fdaa0413cd8c186d22527ca97dcc4c0c7e052,9cfda6bc91c5c231e9b2f013c25d2ef1981b2ab018635b3b0a4c3587bdcbdec7
c5_random_same_word_seed_01,9,5,350,1,0.5186189751246109,20260633,85633ef22fed89bbc7e9229b1c6fdaa0413cd8c186d22527ca97dcc4c0c7e052,9cfda6bc91c5c231e9b2f013c25d2ef1981b2ab018635b3b0a4c3587bdcbdec7
c5_random_same_word_seed_01,9,5,358,0,0.43834154565407296,20260633,85633ef22fed89bbc7e9229b1c6fdaa0413cd8c186d22527ca97dcc4c0c7e052,9cfda6bc91c5c231e9b2f013c25d2ef1981b2ab018635b3b0a4c3587bdcbdec7
c5_random_same_word_seed_01,9,5,362,1,0.4861516385740271,20260633,85633ef22fed89bbc7e9229b1c6fdaa0413cd8c186d22527ca97dcc4c0c7e052,9cfda6bc91c5c231e9b2f013c25d2ef1981b2ab018635b3b0a4c3587bdcbdec7
c5_random_same_word_seed_01,9,5,364,0,0.4911711816017388,20260633,85633ef22fed89bbc7e9229b1c6fdaa0413cd8c186d22527ca97dcc4c0c7e052,9cfda6bc91c5c231e9b2f013c25d2ef1981b2ab018635b3b0a4c3587bdcbdec7
c5_random_same_word_seed_01,9,5,370,0,0.4918157929308698,20260633,85633ef22fed89bbc7e9229b1c6fdaa0413cd8c186d22527ca97dcc4c0c7e052,9cfda6bc91c5c231e9b2f013c25d2ef1981b2ab018635b3b0a4c3587bdcbdec7
c5_random_same_word_seed_01,9,5,390,0,0.49339309485331356,20260633,85633ef22fed89bbc7e9229b1c6fdaa0413cd8c186d22527ca97dcc4c0c7e052,9cfda6bc91c5c231e9b2f013c25d2ef1981b2ab018635b3b0a4c3587bdcbdec7
c5_random_same_word_seed_01,9,5,392,0,0.4630846995241849,20260633,85633ef22fed89bbc7e9229b1c6fdaa0413cd8c186d22527ca97dcc4c0c7e052,9cfda6bc91c5c231e9b2f013c25d2ef1981b2ab018635b3b0a4c3587bdcbdec7
c5_random_same_word_seed_01,9,5,403,0,0.47448760709329585,20260633,85633ef22fed89bbc7e9229b1c6fdaa0413cd8c186d22527ca97dcc4c0c7e052,9cfda6bc91c5c231e9b2f013c25d2ef1981b2ab018635b3b0a4c3587bdcbdec7
c5_random_same_word_seed_01,9,5,414,1,0.5248092647755459,20260633,85633ef22fed89bbc7e9229b1c6fdaa0413cd8c186d22527ca97dcc4c0c7e052,9cfda6bc91c5c231e9b2f013c25d2ef1981b2ab018635b3b0a4c3587bdcbdec7
c5_random_same_word_seed_01,9,5,415,0,0.5213058649835337,20260633,85633ef22fed89bbc7e9229b1c6fdaa0413cd8c186d22527ca97dcc4c0c7e052,9cfda6bc91c5c231e9b2f013c25d2ef1981b2ab018635b3b0a4c3587bdcbdec7
c5_random_same_word_seed_01,9,5,427,0,0.42879771393316723,20260633,85633ef22fed89bbc7e9229b1c6fdaa0413cd8c186d22527ca97dcc4c0c7e052,9cfda6bc91c5c231e9b2f013c25d2ef1981b2ab018635b3b0a4c3587bdcbdec7
c5_random_same_word_seed_01,9,5,429,0,0.4692820960856849,20260633,85633ef22fed89bbc7e9229b1c6fdaa0413cd8c186d22527ca97dcc4c0c7e052,9cfda6bc91c5c231e9b2f013c25d2ef1981b2ab018635b3b0a4c3587bdcbdec7
c5_random_same_word_seed_01,9,5,430,0,0.48676788876291444,20260633,85633ef22fed89bbc7e9229b1c6fdaa0413cd8c186d22527ca97dcc4c0c7e052,9cfda6bc91c5c231e9b2f013c25d2ef1981b2ab018635b3b0a4c3587bdcbdec7
c5_random_same_word_seed_01,9,5,439,0,0.4503491144915422,20260633,85633ef22fed89bbc7e9229b1c6fdaa0413cd8c186d22527ca97dcc4c0c7e052,9cfda6bc91c5c231e9b2f013c25d2ef1981b2ab018635b3b0a4c3587bdcbdec7
c5_random_same_word_seed_01,9,5,448,1,0.44296749131726276,20260633,85633ef22fed89bbc7e9229b1c6fdaa0413cd8c186d22527ca97dcc4c0c7e052,9cfda6bc91c5c231e9b2f013c25d2ef1981b2ab018635b3b0a4c3587bdcbdec7
c5_random_same_word_seed_01,9,5,449,0,0.49153312996082926,20260633,85633ef22fed89bbc7e9229b1c6fdaa0413cd8c186d22527ca97dcc4c0c7e052,9cfda6bc91c5c231e9b2f013c25d2ef1981b2ab018635b3b0a4c3587bdcbdec7
c5_random_same_word_seed_01,9,5,459,1,0.4973057615305422,20260633,85633ef22fed89bbc7e9229b1c6fdaa0413cd8c186d22527ca97dcc4c0c7e052,9cfda6bc91c5c231e9b2f013c25d2ef1981b2ab018635b3b0a4c3587bdcbdec7
c5_random_same_word_seed_01,9,5,471,0,0.46214223197638354,20260633,85633ef22fed89bbc7e9229b1c6fdaa0413cd8c186d22527ca97dcc4c0c7e052,9cfda6bc91c5c231e9b2f013c25d2ef1981b2ab018635b3b0a4c3587bdcbdec7
c5_random_same_word_seed_01,9,5,479,0,0.470351315421317,20260633,85633ef22fed89bbc7e9229b1c6fdaa0413cd8c186d22527ca97dcc4c0c7e052,9cfda6bc91c5c231e9b2f013c25d2ef1981b2ab018635b3b0a4c3587bdcbdec7
c5_random_same_word_seed_01,9,5,483,1,0.4762237291396453,20260633,85633ef22fed89bbc7e9229b1c6fdaa0413cd8c186d22527ca97dcc4c0c7e052,9cfda6bc91c5c231e9b2f013c25d2ef1981b2ab018635b3b0a4c3587bdcbdec7
c5_random_same_word_seed_01,9,5,486,0,0.41499705797717323,20260633,85633ef22fed89bbc7e9229b1c6fdaa0413cd8c186d22527ca97dcc4c0c7e052,9cfda6bc91c5c231e9b2f013c25d2ef1981b2ab018635b3b0a4c3587bdcbdec7
c5_random_same_word_seed_01,10,1,302,0,0.45287302662925927,20260634,5fcb2f2eac78d2ba2a32ce27f993a6450d0e0be6977d32d5fad8b91a9cbe0471,68d092d8b196dfb5685500361293e2034168c7c0f1a5e9890e9ec7349f6b4474
c5_random_same_word_seed_01,10,1,310,0,0.4315996700819238,20260634,5fcb2f2eac78d2ba2a32ce27f993a6450d0e0be6977d32d5fad8b91a9cbe0471,68d092d8b196dfb5685500361293e2034168c7c0f1a5e9890e9ec7349f6b4474
c5_random_same_word_seed_01,10,1,318,0,0.37775654578628504,20260634,5fcb2f2eac78d2ba2a32ce27f993a6450d0e0be6977d32d5fad8b91a9cbe0471,68d092d8b196dfb5685500361293e2034168c7c0f1a5e9890e9ec7349f6b4474
c5_random_same_word_seed_01,10,1,319,1,0.42579946927753454,20260634,5fcb2f2eac78d2ba2a32ce27f993a6450d0e0be6977d32d5fad8b91a9cbe0471,68d092d8b196dfb5685500361293e2034168c7c0f1a5e9890e9ec7349f6b4474
c5_random_same_word_seed_01,10,1,324,0,0.4372854386871573,20260634,5fcb2f2eac78d2ba2a32ce27f993a6450d0e0be6977d32d5fad8b91a9cbe0471,68d092d8b196dfb5685500361293e2034168c7c0f1a5e9890e9ec7349f6b4474
c5_random_same_word_seed_01,10,1,327,0,0.49389715478318125,20260634,5fcb2f2eac78d2ba2a32ce27f993a6450d0e0be6977d32d5fad8b91a9cbe0471,68d092d8b196dfb5685500361293e2034168c7c0f1a5e9890e9ec7349f6b4474
c5_random_same_word_seed_01,10,1,333,0,0.46823846280279696,20260634,5fcb2f2eac78d2ba2a32ce27f993a6450d0e0be6977d32d5fad8b91a9cbe0471,68d092d8b196dfb5685500361293e2034168c7c0f1a5e9890e9ec7349f6b4474
c5_random_same_word_seed_01,10,1,344,1,0.5264009606173259,20260634,5fcb2f2eac78d2ba2a32ce27f993a6450d0e0be6977d32d5fad8b91a9cbe0471,68d092d8b196dfb5685500361293e2034168c7c0f1a5e9890e9ec7349f6b4474
c5_random_same_word_seed_01,10,1,346,1,0.57476397060361,20260634,5fcb2f2eac78d2ba2a32ce27f993a6450d0e0be6977d32d5fad8b91a9cbe0471,68d092d8b196dfb5685500361293e2034168c7c0f1a5e9890e9ec7349f6b4474
c5_random_same_word_seed_01,10,1,347,1,0.46267535090581086,20260634,5fcb2f2eac78d2ba2a32ce27f993a6450d0e0be6977d32d5fad8b91a9cbe0471,68d092d8b196dfb5685500361293e2034168c7c0f1a5e9890e9ec7349f6b4474
c5_random_same_word_seed_01,10,1,348,1,0.4243434286429909,20260634,5fcb2f2eac78d2ba2a32ce27f993a6450d0e0be6977d32d5fad8b91a9cbe0471,68d092d8b196dfb5685500361293e2034168c7c0f1a5e9890e9ec7349f6b4474
c5_random_same_word_seed_01,10,1,358,0,0.41396929460790904,20260634,5fcb2f2eac78d2ba2a32ce27f993a6450d0e0be6977d32d5fad8b91a9cbe0471,68d092d8b196dfb5685500361293e2034168c7c0f1a5e9890e9ec7349f6b4474
c5_random_same_word_seed_01,10,1,385,0,0.3788103552901842,20260634,5fcb2f2eac78d2ba2a32ce27f993a6450d0e0be6977d32d5fad8b91a9cbe0471,68d092d8b196dfb5685500361293e2034168c7c0f1a5e9890e9ec7349f6b4474
c5_random_same_word_seed_01,10,1,388,1,0.4234669019015937,20260634,5fcb2f2eac78d2ba2a32ce27f993a6450d0e0be6977d32d5fad8b91a9cbe0471,68d092d8b196dfb5685500361293e2034168c7c0f1a5e9890e9ec7349f6b4474
c5_random_same_word_seed_01,10,1,393,0,0.42249312215974943,20260634,5fcb2f2eac78d2ba2a32ce27f993a6450d0e0be6977d32d5fad8b91a9cbe0471,68d092d8b196dfb5685500361293e2034168c7c0f1a5e9890e9ec7349f6b4474
c5_random_same_word_seed_01,10,1,395,0,0.47115607029847256,20260634,5fcb2f2eac78d2ba2a32ce27f993a6450d0e0be6977d32d5fad8b91a9cbe0471,68d092d8b196dfb5685500361293e2034168c7c0f1a5e9890e9ec7349f6b4474
c5_random_same_word_seed_01,10,1,397,0,0.4589886255461252,20260634,5fcb2f2eac78d2ba2a32ce27f993a6450d0e0be6977d32d5fad8b91a9cbe0471,68d092d8b196dfb5685500361293e2034168c7c0f1a5e9890e9ec7349f6b4474
c5_random_same_word_seed_01,10,1,400,0,0.43674462676347614,20260634,5fcb2f2eac78d2ba2a32ce27f993a6450d0e0be6977d32d5fad8b91a9cbe0471,68d092d8b196dfb5685500361293e2034168c7c0f1a5e9890e9ec7349f6b4474
c5_random_same_word_seed_01,10,1,414,1,0.5016224955164218,20260634,5fcb2f2eac78d2ba2a32ce27f993a6450d0e0be6977d32d5fad8b91a9cbe0471,68d092d8b196dfb5685500361293e2034168c7c0f1a5e9890e9ec7349f6b4474
c5_random_same_word_seed_01,10,1,423,0,0.4776142058507746,20260634,5fcb2f2eac78d2ba2a32ce27f993a6450d0e0be6977d32d5fad8b91a9cbe0471,68d092d8b196dfb5685500361293e2034168c7c0f1a5e9890e9ec7349f6b4474
c5_random_same_word_seed_01,10,1,441,1,0.4772163421548179,20260634,5fcb2f2eac78d2ba2a32ce27f993a6450d0e0be6977d32d5fad8b91a9cbe0471,68d092d8b196dfb5685500361293e2034168c7c0f1a5e9890e9ec7349f6b4474
c5_random_same_word_seed_01,10,1,445,0,0.5096931710377843,20260634,5fcb2f2eac78d2ba2a32ce27f993a6450d0e0be6977d32d5fad8b91a9cbe0471,68d092d8b196dfb5685500361293e2034168c7c0f1a5e9890e9ec7349f6b4474
c5_random_same_word_seed_01,10,1,448,1,0.4259191090531664,20260634,5fcb2f2eac78d2ba2a32ce27f993a6450d0e0be6977d32d5fad8b91a9cbe0471,68d092d8b196dfb5685500361293e2034168c7c0f1a5e9890e9ec7349f6b4474
c5_random_same_word_seed_01,10,1,464,0,0.4561744195814986,20260634,5fcb2f2eac78d2ba2a32ce27f993a6450d0e0be6977d32d5fad8b91a9cbe0471,68d092d8b196dfb5685500361293e2034168c7c0f1a5e9890e9ec7349f6b4474
c5_random_same_word_seed_01,10,1,472,0,0.4269611573909799,20260634,5fcb2f2eac78d2ba2a32ce27f993a6450d0e0be6977d32d5fad8b91a9cbe0471,68d092d8b196dfb5685500361293e2034168c7c0f1a5e9890e9ec7349f6b4474
c5_random_same_word_seed_01,10,1,473,0,0.42402432259294415,20260634,5fcb2f2eac78d2ba2a32ce27f993a6450d0e0be6977d32d5fad8b91a9cbe0471,68d092d8b196dfb5685500361293e2034168c7c0f1a5e9890e9ec7349f6b4474
c5_random_same_word_seed_01,10,1,482,0,0.48107051289606856,20260634,5fcb2f2eac78d2ba2a32ce27f993a6450d0e0be6977d32d5fad8b91a9cbe0471,68d092d8b196dfb5685500361293e2034168c7c0f1a5e9890e9ec7349f6b4474
c5_random_same_word_seed_01,10,1,485,0,0.4424621683530828,20260634,5fcb2f2eac78d2ba2a32ce27f993a6450d0e0be6977d32d5fad8b91a9cbe0471,68d092d8b196dfb5685500361293e2034168c7c0f1a5e9890e9ec7349f6b4474
c5_random_same_word_seed_01,10,1,487,0,0.4999933172464483,20260634,5fcb2f2eac78d2ba2a32ce27f993a6450d0e0be6977d32d5fad8b91a9cbe0471,68d092d8b196dfb5685500361293e2034168c7c0f1a5e9890e9ec7349f6b4474
c5_random_same_word_seed_01,10,2,305,0,0.5048704273155805,20260634,ca88cda193979af15e6ae17b2ddc3017de691cbaee282c1abd91958463a05f63,1609847951595199381b6725b4b7c7b58949cec29704515c062b568df451b9db
c5_random_same_word_seed_01,10,2,320,1,0.5213775432408418,20260634,ca88cda193979af15e6ae17b2ddc3017de691cbaee282c1abd91958463a05f63,1609847951595199381b6725b4b7c7b58949cec29704515c062b568df451b9db
c5_random_same_word_seed_01,10,2,326,0,0.37646052252592044,20260634,ca88cda193979af15e6ae17b2ddc3017de691cbaee282c1abd91958463a05f63,1609847951595199381b6725b4b7c7b58949cec29704515c062b568df451b9db
c5_random_same_word_seed_01,10,2,339,1,0.48765590247746615,20260634,ca88cda193979af15e6ae17b2ddc3017de691cbaee282c1abd91958463a05f63,1609847951595199381b6725b4b7c7b58949cec29704515c062b568df451b9db
c5_random_same_word_seed_01,10,2,350,1,0.48718512315316886,20260634,ca88cda193979af15e6ae17b2ddc3017de691cbaee282c1abd91958463a05f63,1609847951595199381b6725b4b7c7b58949cec29704515c062b568df451b9db
c5_random_same_word_seed_01,10,2,352,1,0.5218674633417035,20260634,ca88cda193979af15e6ae17b2ddc3017de691cbaee282c1abd91958463a05f63,1609847951595199381b6725b4b7c7b58949cec29704515c062b568df451b9db
c5_random_same_word_seed_01,10,2,353,1,0.5020924060617494,20260634,ca88cda193979af15e6ae17b2ddc3017de691cbaee282c1abd91958463a05f63,1609847951595199381b6725b4b7c7b58949cec29704515c062b568df451b9db
c5_random_same_word_seed_01,10,2,356,1,0.5574228034049112,20260634,ca88cda193979af15e6ae17b2ddc3017de691cbaee282c1abd91958463a05f63,1609847951595199381b6725b4b7c7b58949cec29704515c062b568df451b9db
c5_random_same_word_seed_01,10,2,360,0,0.4768720527716069,20260634,ca88cda193979af15e6ae17b2ddc3017de691cbaee282c1abd91958463a05f63,1609847951595199381b6725b4b7c7b58949cec29704515c062b568df451b9db
c5_random_same_word_seed_01,10,2,366,0,0.5081871827374292,20260634,ca88cda193979af15e6ae17b2ddc3017de691cbaee282c1abd91958463a05f63,1609847951595199381b6725b4b7c7b58949cec29704515c062b568df451b9db
c5_random_same_word_seed_01,10,2,370,0,0.5052558192258321,20260634,ca88cda193979af15e6ae17b2ddc3017de691cbaee282c1abd91958463a05f63,1609847951595199381b6725b4b7c7b58949cec29704515c062b568df451b9db
c5_random_same_word_seed_01,10,2,371,0,0.41793077582973387,20260634,ca88cda193979af15e6ae17b2ddc3017de691cbaee282c1abd91958463a05f63,1609847951595199381b6725b4b7c7b58949cec29704515c062b568df451b9db
c5_random_same_word_seed_01,10,2,374,0,0.5109565638417523,20260634,ca88cda193979af15e6ae17b2ddc3017de691cbaee282c1abd91958463a05f63,1609847951595199381b6725b4b7c7b58949cec29704515c062b568df451b9db
c5_random_same_word_seed_01,10,2,377,1,0.47553875424406794,20260634,ca88cda193979af15e6ae17b2ddc3017de691cbaee282c1abd91958463a05f63,1609847951595199381b6725b4b7c7b58949cec29704515c062b568df451b9db
c5_random_same_word_seed_01,10,2,386,1,0.4704009882062162,20260634,ca88cda193979af15e6ae17b2ddc3017de691cbaee282c1abd91958463a05f63,1609847951595199381b6725b4b7c7b58949cec29704515c062b568df451b9db
c5_random_same_word_seed_01,10,2,402,1,0.5196363673700458,20260634,ca88cda193979af15e6ae17b2ddc3017de691cbaee282c1abd91958463a05f63,1609847951595199381b6725b4b7c7b58949cec29704515c062b568df451b9db
c5_random_same_word_seed_01,10,2,406,0,0.4797797432470638,20260634,ca88cda193979af15e6ae17b2ddc3017de691cbaee282c1abd91958463a05f63,1609847951595199381b6725b4b7c7b58949cec29704515c062b568df451b9db
c5_random_same_word_seed_01,10,2,415,0,0.5104226555791836,20260634,ca88cda193979af15e6ae17b2ddc3017de691cbaee282c1abd91958463a05f63,1609847951595199381b6725b4b7c7b58949cec29704515c062b568df451b9db
c5_random_same_word_seed_01,10,2,419,0,0.4869893851868367,20260634,ca88cda193979af15e6ae17b2ddc3017de691cbaee282c1abd91958463a05f63,1609847951595199381b6725b4b7c7b58949cec29704515c062b568df451b9db
c5_random_same_word_seed_01,10,2,430,0,0.5049168128187135,20260634,ca88cda193979af15e6ae17b2ddc3017de691cbaee282c1abd91958463a05f63,1609847951595199381b6725b4b7c7b58949cec29704515c062b568df451b9db
c5_random_same_word_seed_01,10,2,434,0,0.5023254866522743,20260634,ca88cda193979af15e6ae17b2ddc3017de691cbaee282c1abd91958463a05f63,1609847951595199381b6725b4b7c7b58949cec29704515c062b568df451b9db
c5_random_same_word_seed_01,10,2,436,0,0.4684698274392564,20260634,ca88cda193979af15e6ae17b2ddc3017de691cbaee282c1abd91958463a05f63,1609847951595199381b6725b4b7c7b58949cec29704515c062b568df451b9db
c5_random_same_word_seed_01,10,2,455,0,0.48690283140088514,20260634,ca88cda193979af15e6ae17b2ddc3017de691cbaee282c1abd91958463a05f63,1609847951595199381b6725b4b7c7b58949cec29704515c062b568df451b9db
c5_random_same_word_seed_01,10,2,458,0,0.4851069561430322,20260634,ca88cda193979af15e6ae17b2ddc3017de691cbaee282c1abd91958463a05f63,1609847951595199381b6725b4b7c7b58949cec29704515c062b568df451b9db
c5_random_same_word_seed_01,10,2,468,0,0.5115046927947354,20260634,ca88cda193979af15e6ae17b2ddc3017de691cbaee282c1abd91958463a05f63,1609847951595199381b6725b4b7c7b58949cec29704515c062b568df451b9db
c5_random_same_word_seed_01,10,2,471,0,0.4526916569377502,20260634,ca88cda193979af15e6ae17b2ddc3017de691cbaee282c1abd91958463a05f63,1609847951595199381b6725b4b7c7b58949cec29704515c062b568df451b9db
c5_random_same_word_seed_01,10,2,478,0,0.5003532104358461,20260634,ca88cda193979af15e6ae17b2ddc3017de691cbaee282c1abd91958463a05f63,1609847951595199381b6725b4b7c7b58949cec29704515c062b568df451b9db
c5_random_same_word_seed_01,10,2,479,0,0.46204970383709365,20260634,ca88cda193979af15e6ae17b2ddc3017de691cbaee282c1abd91958463a05f63,1609847951595199381b6725b4b7c7b58949cec29704515c062b568df451b9db
c5_random_same_word_seed_01,10,2,486,0,0.40305567832778527,20260634,ca88cda193979af15e6ae17b2ddc3017de691cbaee282c1abd91958463a05f63,1609847951595199381b6725b4b7c7b58949cec29704515c062b568df451b9db
c5_random_same_word_seed_01,10,3,303,0,0.442270355270919,20260634,78dac7830ce31413c6be0b0b40c32f8bbcd3aba7dda6fe79316cb1205a804cee,38ed0ceac81dcb436a4ff4cffcbd9934e440720381164c3a81324249e3b6ef02
c5_random_same_word_seed_01,10,3,304,0,0.410277098581537,20260634,78dac7830ce31413c6be0b0b40c32f8bbcd3aba7dda6fe79316cb1205a804cee,38ed0ceac81dcb436a4ff4cffcbd9934e440720381164c3a81324249e3b6ef02
c5_random_same_word_seed_01,10,3,312,0,0.44523274318298384,20260634,78dac7830ce31413c6be0b0b40c32f8bbcd3aba7dda6fe79316cb1205a804cee,38ed0ceac81dcb436a4ff4cffcbd9934e440720381164c3a81324249e3b6ef02
c5_random_same_word_seed_01,10,3,315,0,0.43441910741118267,20260634,78dac7830ce31413c6be0b0b40c32f8bbcd3aba7dda6fe79316cb1205a804cee,38ed0ceac81dcb436a4ff4cffcbd9934e440720381164c3a81324249e3b6ef02
c5_random_same_word_seed_01,10,3,317,0,0.45102600937858184,20260634,78dac7830ce31413c6be0b0b40c32f8bbcd3aba7dda6fe79316cb1205a804cee,38ed0ceac81dcb436a4ff4cffcbd9934e440720381164c3a81324249e3b6ef02
c5_random_same_word_seed_01,10,3,321,1,0.47750209540611127,20260634,78dac7830ce31413c6be0b0b40c32f8bbcd3aba7dda6fe79316cb1205a804cee,38ed0ceac81dcb436a4ff4cffcbd9934e440720381164c3a81324249e3b6ef02
c5_random_same_word_seed_01,10,3,351,1,0.5090168065138249,20260634,78dac7830ce31413c6be0b0b40c32f8bbcd3aba7dda6fe79316cb1205a804cee,38ed0ceac81dcb436a4ff4cffcbd9934e440720381164c3a81324249e3b6ef02
c5_random_same_word_seed_01,10,3,355,1,0.47074961007617394,20260634,78dac7830ce31413c6be0b0b40c32f8bbcd3aba7dda6fe79316cb1205a804cee,38ed0ceac81dcb436a4ff4cffcbd9934e440720381164c3a81324249e3b6ef02
c5_random_same_word_seed_01,10,3,372,1,0.5051824279080753,20260634,78dac7830ce31413c6be0b0b40c32f8bbcd3aba7dda6fe79316cb1205a804cee,38ed0ceac81dcb436a4ff4cffcbd9934e440720381164c3a81324249e3b6ef02
c5_random_same_word_seed_01,10,3,375,0,0.4103001167016667,20260634,78dac7830ce31413c6be0b0b40c32f8bbcd3aba7dda6fe79316cb1205a804cee,38ed0ceac81dcb436a4ff4cffcbd9934e440720381164c3a81324249e3b6ef02
c5_random_same_word_seed_01,10,3,379,0,0.4449278566603858,20260634,78dac7830ce31413c6be0b0b40c32f8bbcd3aba7dda6fe79316cb1205a804cee,38ed0ceac81dcb436a4ff4cffcbd9934e440720381164c3a81324249e3b6ef02
c5_random_same_word_seed_01,10,3,382,0,0.4578184389761339,20260634,78dac7830ce31413c6be0b0b40c32f8bbcd3aba7dda6fe79316cb1205a804cee,38ed0ceac81dcb436a4ff4cffcbd9934e440720381164c3a81324249e3b6ef02
c5_random_same_word_seed_01,10,3,383,0,0.44030524352083705,20260634,78dac7830ce31413c6be0b0b40c32f8bbcd3aba7dda6fe79316cb1205a804cee,38ed0ceac81dcb436a4ff4cffcbd9934e440720381164c3a81324249e3b6ef02
c5_random_same_word_seed_01,10,3,390,0,0.49985952890342,20260634,78dac7830ce31413c6be0b0b40c32f8bbcd3aba7dda6fe79316cb1205a804cee,38ed0ceac81dcb436a4ff4cffcbd9934e440720381164c3a81324249e3b6ef02
c5_random_same_word_seed_01,10,3,391,0,0.415737770419652,20260634,78dac7830ce31413c6be0b0b40c32f8bbcd3aba7dda6fe79316cb1205a804cee,38ed0ceac81dcb436a4ff4cffcbd9934e440720381164c3a81324249e3b6ef02
c5_random_same_word_seed_01,10,3,392,0,0.4542542422409974,20260634,78dac7830ce31413c6be0b0b40c32f8bbcd3aba7dda6fe79316cb1205a804cee,38ed0ceac81dcb436a4ff4cffcbd9934e440720381164c3a81324249e3b6ef02
c5_random_same_word_seed_01,10,3,409,1,0.48035132652079005,20260634,78dac7830ce31413c6be0b0b40c32f8bbcd3aba7dda6fe79316cb1205a804cee,38ed0ceac81dcb436a4ff4cffcbd9934e440720381164c3a81324249e3b6ef02
c5_random_same_word_seed_01,10,3,422,1,0.5399891635189982,20260634,78dac7830ce31413c6be0b0b40c32f8bbcd3aba7dda6fe79316cb1205a804cee,38ed0ceac81dcb436a4ff4cffcbd9934e440720381164c3a81324249e3b6ef02
c5_random_same_word_seed_01,10,3,433,1,0.45497353136916935,20260634,78dac7830ce31413c6be0b0b40c32f8bbcd3aba7dda6fe79316cb1205a804cee,38ed0ceac81dcb436a4ff4cffcbd9934e440720381164c3a81324249e3b6ef02
c5_random_same_word_seed_01,10,3,437,0,0.41469088775020735,20260634,78dac7830ce31413c6be0b0b40c32f8bbcd3aba7dda6fe79316cb1205a804cee,38ed0ceac81dcb436a4ff4cffcbd9934e440720381164c3a81324249e3b6ef02
c5_random_same_word_seed_01,10,3,447,0,0.4242482660891984,20260634,78dac7830ce31413c6be0b0b40c32f8bbcd3aba7dda6fe79316cb1205a804cee,38ed0ceac81dcb436a4ff4cffcbd9934e440720381164c3a81324249e3b6ef02
c5_random_same_word_seed_01,10,3,449,0,0.48194899025693466,20260634,78dac7830ce31413c6be0b0b40c32f8bbcd3aba7dda6fe79316cb1205a804cee,38ed0ceac81dcb436a4ff4cffcbd9934e440720381164c3a81324249e3b6ef02
c5_random_same_word_seed_01,10,3,451,0,0.4853610001390055,20260634,78dac7830ce31413c6be0b0b40c32f8bbcd3aba7dda6fe79316cb1205a804cee,38ed0ceac81dcb436a4ff4cffcbd9934e440720381164c3a81324249e3b6ef02
c5_random_same_word_seed_01,10,3,454,0,0.46836236458886066,20260634,78dac7830ce31413c6be0b0b40c32f8bbcd3aba7dda6fe79316cb1205a804cee,38ed0ceac81dcb436a4ff4cffcbd9934e440720381164c3a81324249e3b6ef02
c5_random_same_word_seed_01,10,3,463,0,0.48994019048549975,20260634,78dac7830ce31413c6be0b0b40c32f8bbcd3aba7dda6fe79316cb1205a804cee,38ed0ceac81dcb436a4ff4cffcbd9934e440720381164c3a81324249e3b6ef02
c5_random_same_word_seed_01,10,3,483,1,0.45705939945846275,20260634,78dac7830ce31413c6be0b0b40c32f8bbcd3aba7dda6fe79316cb1205a804cee,38ed0ceac81dcb436a4ff4cffcbd9934e440720381164c3a81324249e3b6ef02
c5_random_same_word_seed_01,10,3,489,0,0.4187871625426761,20260634,78dac7830ce31413c6be0b0b40c32f8bbcd3aba7dda6fe79316cb1205a804cee,38ed0ceac81dcb436a4ff4cffcbd9934e440720381164c3a81324249e3b6ef02
c5_random_same_word_seed_01,10,3,492,0,0.3837586336734497,20260634,78dac7830ce31413c6be0b0b40c32f8bbcd3aba7dda6fe79316cb1205a804cee,38ed0ceac81dcb436a4ff4cffcbd9934e440720381164c3a81324249e3b6ef02
c5_random_same_word_seed_01,10,4,307,0,0.4984841021386293,20260634,10a1b18538884f4ea5b03d490c3d067963782a5e7e32b8e1247de13da1a3e983,6ad30abde5826428941cc0b21b0733527d59eea3775390fb8a032771e30b8653
c5_random_same_word_seed_01,10,4,313,0,0.42736361642457626,20260634,10a1b18538884f4ea5b03d490c3d067963782a5e7e32b8e1247de13da1a3e983,6ad30abde5826428941cc0b21b0733527d59eea3775390fb8a032771e30b8653
c5_random_same_word_seed_01,10,4,316,0,0.3948718816275407,20260634,10a1b18538884f4ea5b03d490c3d067963782a5e7e32b8e1247de13da1a3e983,6ad30abde5826428941cc0b21b0733527d59eea3775390fb8a032771e30b8653
c5_random_same_word_seed_01,10,4,322,0,0.46048537662461625,20260634,10a1b18538884f4ea5b03d490c3d067963782a5e7e32b8e1247de13da1a3e983,6ad30abde5826428941cc0b21b0733527d59eea3775390fb8a032771e30b8653
c5_random_same_word_seed_01,10,4,328,0,0.4555704391727566,20260634,10a1b18538884f4ea5b03d490c3d067963782a5e7e32b8e1247de13da1a3e983,6ad30abde5826428941cc0b21b0733527d59eea3775390fb8a032771e30b8653
c5_random_same_word_seed_01,10,4,330,1,0.41662034014567073,20260634,10a1b18538884f4ea5b03d490c3d067963782a5e7e32b8e1247de13da1a3e983,6ad30abde5826428941cc0b21b0733527d59eea3775390fb8a032771e30b8653
c5_random_same_word_seed_01,10,4,336,0,0.46522103163255957,20260634,10a1b18538884f4ea5b03d490c3d067963782a5e7e32b8e1247de13da1a3e983,6ad30abde5826428941cc0b21b0733527d59eea3775390fb8a032771e30b8653
c5_random_same_word_seed_01,10,4,340,0,0.4821420116429089,20260634,10a1b18538884f4ea5b03d490c3d067963782a5e7e32b8e1247de13da1a3e983,6ad30abde5826428941cc0b21b0733527d59eea3775390fb8a032771e30b8653
c5_random_same_word_seed_01,10,4,341,0,0.45748194075862136,20260634,10a1b18538884f4ea5b03d490c3d067963782a5e7e32b8e1247de13da1a3e983,6ad30abde5826428941cc0b21b0733527d59eea3775390fb8a032771e30b8653
c5_random_same_word_seed_01,10,4,345,1,0.545872924310682,20260634,10a1b18538884f4ea5b03d490c3d067963782a5e7e32b8e1247de13da1a3e983,6ad30abde5826428941cc0b21b0733527d59eea3775390fb8a032771e30b8653
c5_random_same_word_seed_01,10,4,357,0,0.39023659410738337,20260634,10a1b18538884f4ea5b03d490c3d067963782a5e7e32b8e1247de13da1a3e983,6ad30abde5826428941cc0b21b0733527d59eea3775390fb8a032771e30b8653
c5_random_same_word_seed_01,10,4,367,1,0.5178716057309307,20260634,10a1b18538884f4ea5b03d490c3d067963782a5e7e32b8e1247de13da1a3e983,6ad30abde5826428941cc0b21b0733527d59eea3775390fb8a032771e30b8653
c5_random_same_word_seed_01,10,4,368,0,0.514423516805588,20260634,10a1b18538884f4ea5b03d490c3d067963782a5e7e32b8e1247de13da1a3e983,6ad30abde5826428941cc0b21b0733527d59eea3775390fb8a032771e30b8653
c5_random_same_word_seed_01,10,4,369,0,0.5010091133503108,20260634,10a1b18538884f4ea5b03d490c3d067963782a5e7e32b8e1247de13da1a3e983,6ad30abde5826428941cc0b21b0733527d59eea3775390fb8a032771e30b8653
c5_random_same_word_seed_01,10,4,380,1,0.5069112105149708,20260634,10a1b18538884f4ea5b03d490c3d067963782a5e7e32b8e1247de13da1a3e983,6ad30abde5826428941cc0b21b0733527d59eea3775390fb8a032771e30b8653
c5_random_same_word_seed_01,10,4,389,1,0.48254484854494195,20260634,10a1b18538884f4ea5b03d490c3d067963782a5e7e32b8e1247de13da1a3e983,6ad30abde5826428941cc0b21b0733527d59eea3775390fb8a032771e30b8653
c5_random_same_word_seed_01,10,4,403,0,0.46080216204238705,20260634,10a1b18538884f4ea5b03d490c3d067963782a5e7e32b8e1247de13da1a3e983,6ad30abde5826428941cc0b21b0733527d59eea3775390fb8a032771e30b8653
c5_random_same_word_seed_01,10,4,404,0,0.49930903178246283,20260634,10a1b18538884f4ea5b03d490c3d067963782a5e7e32b8e1247de13da1a3e983,6ad30abde5826428941cc0b21b0733527d59eea3775390fb8a032771e30b8653
c5_random_same_word_seed_01,10,4,412,1,0.4441198948733523,20260634,10a1b18538884f4ea5b03d490c3d067963782a5e7e32b8e1247de13da1a3e983,6ad30abde5826428941cc0b21b0733527d59eea3775390fb8a032771e30b8653
c5_random_same_word_seed_01,10,4,416,0,0.4874027816273592,20260634,10a1b18538884f4ea5b03d490c3d067963782a5e7e32b8e1247de13da1a3e983,6ad30abde5826428941cc0b21b0733527d59eea3775390fb8a032771e30b8653
c5_random_same_word_seed_01,10,4,425,0,0.5254518540644032,20260634,10a1b18538884f4ea5b03d490c3d067963782a5e7e32b8e1247de13da1a3e983,6ad30abde5826428941cc0b21b0733527d59eea3775390fb8a032771e30b8653
c5_random_same_word_seed_01,10,4,427,0,0.4400362943554064,20260634,10a1b18538884f4ea5b03d490c3d067963782a5e7e32b8e1247de13da1a3e983,6ad30abde5826428941cc0b21b0733527d59eea3775390fb8a032771e30b8653
c5_random_same_word_seed_01,10,4,429,0,0.4660022746058067,20260634,10a1b18538884f4ea5b03d490c3d067963782a5e7e32b8e1247de13da1a3e983,6ad30abde5826428941cc0b21b0733527d59eea3775390fb8a032771e30b8653
c5_random_same_word_seed_01,10,4,440,1,0.53326110277015,20260634,10a1b18538884f4ea5b03d490c3d067963782a5e7e32b8e1247de13da1a3e983,6ad30abde5826428941cc0b21b0733527d59eea3775390fb8a032771e30b8653
c5_random_same_word_seed_01,10,4,457,0,0.46683118771344606,20260634,10a1b18538884f4ea5b03d490c3d067963782a5e7e32b8e1247de13da1a3e983,6ad30abde5826428941cc0b21b0733527d59eea3775390fb8a032771e30b8653
c5_random_same_word_seed_01,10,4,459,1,0.5006311742037132,20260634,10a1b18538884f4ea5b03d490c3d067963782a5e7e32b8e1247de13da1a3e983,6ad30abde5826428941cc0b21b0733527d59eea3775390fb8a032771e30b8653
c5_random_same_word_seed_01,10,4,474,0,0.5007844281966973,20260634,10a1b18538884f4ea5b03d490c3d067963782a5e7e32b8e1247de13da1a3e983,6ad30abde5826428941cc0b21b0733527d59eea3775390fb8a032771e30b8653
c5_random_same_word_seed_01,10,4,488,0,0.48718995150699945,20260634,10a1b18538884f4ea5b03d490c3d067963782a5e7e32b8e1247de13da1a3e983,6ad30abde5826428941cc0b21b0733527d59eea3775390fb8a032771e30b8653
c5_random_same_word_seed_01,10,5,325,1,0.5624650995873873,20260634,372c21e2cb1dd480e900f6ddd8c542f6a89898ffcd241d06b14d7183db8aaa3c,e8110922fcacfc4bb78602772809156e2ad4cb2ad28bd806aec4a90f1714b6dc
c5_random_same_word_seed_01,10,5,331,0,0.512778315001577,20260634,372c21e2cb1dd480e900f6ddd8c542f6a89898ffcd241d06b14d7183db8aaa3c,e8110922fcacfc4bb78602772809156e2ad4cb2ad28bd806aec4a90f1714b6dc
c5_random_same_word_seed_01,10,5,335,1,0.503021473221577,20260634,372c21e2cb1dd480e900f6ddd8c542f6a89898ffcd241d06b14d7183db8aaa3c,e8110922fcacfc4bb78602772809156e2ad4cb2ad28bd806aec4a90f1714b6dc
c5_random_same_word_seed_01,10,5,338,1,0.4943767129169954,20260634,372c21e2cb1dd480e900f6ddd8c542f6a89898ffcd241d06b14d7183db8aaa3c,e8110922fcacfc4bb78602772809156e2ad4cb2ad28bd806aec4a90f1714b6dc
c5_random_same_word_seed_01,10,5,343,0,0.5194180504641197,20260634,372c21e2cb1dd480e900f6ddd8c542f6a89898ffcd241d06b14d7183db8aaa3c,e8110922fcacfc4bb78602772809156e2ad4cb2ad28bd806aec4a90f1714b6dc
c5_random_same_word_seed_01,10,5,362,1,0.47433172565286585,20260634,372c21e2cb1dd480e900f6ddd8c542f6a89898ffcd241d06b14d7183db8aaa3c,e8110922fcacfc4bb78602772809156e2ad4cb2ad28bd806aec4a90f1714b6dc
c5_random_same_word_seed_01,10,5,363,0,0.4656256529928436,20260634,372c21e2cb1dd480e900f6ddd8c542f6a89898ffcd241d06b14d7183db8aaa3c,e8110922fcacfc4bb78602772809156e2ad4cb2ad28bd806aec4a90f1714b6dc
c5_random_same_word_seed_01,10,5,364,0,0.4894425171678784,20260634,372c21e2cb1dd480e900f6ddd8c542f6a89898ffcd241d06b14d7183db8aaa3c,e8110922fcacfc4bb78602772809156e2ad4cb2ad28bd806aec4a90f1714b6dc
c5_random_same_word_seed_01,10,5,376,1,0.5508047517522683,20260634,372c21e2cb1dd480e900f6ddd8c542f6a89898ffcd241d06b14d7183db8aaa3c,e8110922fcacfc4bb78602772809156e2ad4cb2ad28bd806aec4a90f1714b6dc
c5_random_same_word_seed_01,10,5,381,1,0.5209753742186488,20260634,372c21e2cb1dd480e900f6ddd8c542f6a89898ffcd241d06b14d7183db8aaa3c,e8110922fcacfc4bb78602772809156e2ad4cb2ad28bd806aec4a90f1714b6dc
c5_random_same_word_seed_01,10,5,401,0,0.44678367418038606,20260634,372c21e2cb1dd480e900f6ddd8c542f6a89898ffcd241d06b14d7183db8aaa3c,e8110922fcacfc4bb78602772809156e2ad4cb2ad28bd806aec4a90f1714b6dc
c5_random_same_word_seed_01,10,5,413,1,0.5072022555710738,20260634,372c21e2cb1dd480e900f6ddd8c542f6a89898ffcd241d06b14d7183db8aaa3c,e8110922fcacfc4bb78602772809156e2ad4cb2ad28bd806aec4a90f1714b6dc
c5_random_same_word_seed_01,10,5,417,0,0.5311801850285612,20260634,372c21e2cb1dd480e900f6ddd8c542f6a89898ffcd241d06b14d7183db8aaa3c,e8110922fcacfc4bb78602772809156e2ad4cb2ad28bd806aec4a90f1714b6dc
c5_random_same_word_seed_01,10,5,418,1,0.514553045621714,20260634,372c21e2cb1dd480e900f6ddd8c542f6a89898ffcd241d06b14d7183db8aaa3c,e8110922fcacfc4bb78602772809156e2ad4cb2ad28bd806aec4a90f1714b6dc
c5_random_same_word_seed_01,10,5,420,0,0.4916635119826505,20260634,372c21e2cb1dd480e900f6ddd8c542f6a89898ffcd241d06b14d7183db8aaa3c,e8110922fcacfc4bb78602772809156e2ad4cb2ad28bd806aec4a90f1714b6dc
c5_random_same_word_seed_01,10,5,426,1,0.4951437249583927,20260634,372c21e2cb1dd480e900f6ddd8c542f6a89898ffcd241d06b14d7183db8aaa3c,e8110922fcacfc4bb78602772809156e2ad4cb2ad28bd806aec4a90f1714b6dc
c5_random_same_word_seed_01,10,5,428,0,0.4187002481351805,20260634,372c21e2cb1dd480e900f6ddd8c542f6a89898ffcd241d06b14d7183db8aaa3c,e8110922fcacfc4bb78602772809156e2ad4cb2ad28bd806aec4a90f1714b6dc
c5_random_same_word_seed_01,10,5,439,0,0.4668088977154502,20260634,372c21e2cb1dd480e900f6ddd8c542f6a89898ffcd241d06b14d7183db8aaa3c,e8110922fcacfc4bb78602772809156e2ad4cb2ad28bd806aec4a90f1714b6dc
c5_random_same_word_seed_01,10,5,443,0,0.4329970587039313,20260634,372c21e2cb1dd480e900f6ddd8c542f6a89898ffcd241d06b14d7183db8aaa3c,e8110922fcacfc4bb78602772809156e2ad4cb2ad28bd806aec4a90f1714b6dc
c5_random_same_word_seed_01,10,5,444,0,0.46759200424059566,20260634,372c21e2cb1dd480e900f6ddd8c542f6a89898ffcd241d06b14d7183db8aaa3c,e8110922fcacfc4bb78602772809156e2ad4cb2ad28bd806aec4a90f1714b6dc
c5_random_same_word_seed_01,10,5,446,0,0.49737111099249015,20260634,372c21e2cb1dd480e900f6ddd8c542f6a89898ffcd241d06b14d7183db8aaa3c,e8110922fcacfc4bb78602772809156e2ad4cb2ad28bd806aec4a90f1714b6dc
c5_random_same_word_seed_01,10,5,456,0,0.4647012118285631,20260634,372c21e2cb1dd480e900f6ddd8c542f6a89898ffcd241d06b14d7183db8aaa3c,e8110922fcacfc4bb78602772809156e2ad4cb2ad28bd806aec4a90f1714b6dc
c5_random_same_word_seed_01,10,5,475,0,0.4657941615645492,20260634,372c21e2cb1dd480e900f6ddd8c542f6a89898ffcd241d06b14d7183db8aaa3c,e8110922fcacfc4bb78602772809156e2ad4cb2ad28bd806aec4a90f1714b6dc
c5_random_same_word_seed_01,10,5,476,0,0.4357103028174094,20260634,372c21e2cb1dd480e900f6ddd8c542f6a89898ffcd241d06b14d7183db8aaa3c,e8110922fcacfc4bb78602772809156e2ad4cb2ad28bd806aec4a90f1714b6dc
c5_random_same_word_seed_01,10,5,477,0,0.5184708141786213,20260634,372c21e2cb1dd480e900f6ddd8c542f6a89898ffcd241d06b14d7183db8aaa3c,e8110922fcacfc4bb78602772809156e2ad4cb2ad28bd806aec4a90f1714b6dc
c5_random_same_word_seed_01,10,5,484,0,0.5103171999055237,20260634,372c21e2cb1dd480e900f6ddd8c542f6a89898ffcd241d06b14d7183db8aaa3c,e8110922fcacfc4bb78602772809156e2ad4cb2ad28bd806aec4a90f1714b6dc
c5_random_same_word_seed_01,10,5,490,0,0.4526701904688407,20260634,372c21e2cb1dd480e900f6ddd8c542f6a89898ffcd241d06b14d7183db8aaa3c,e8110922fcacfc4bb78602772809156e2ad4cb2ad28bd806aec4a90f1714b6dc
c5_random_same_word_seed_01,10,5,491,0,0.483075205462761,20260634,372c21e2cb1dd480e900f6ddd8c542f6a89898ffcd241d06b14d7183db8aaa3c,e8110922fcacfc4bb78602772809156e2ad4cb2ad28bd806aec4a90f1714b6dc
