representation,repeat,outer_fold,draw,domain_type,participant_id,label,base_probability,enhanced_probability
tfidf,1,1,1,fake,319,1,0.7242866075898717,0.7410060625333162
tfidf,1,1,1,fake,331,0,0.6985481306295116,0.6639094771409298
tfidf,1,1,1,fake,345,1,0.987358694104308,0.9223123721948654
tfidf,1,1,1,fake,346,1,0.9498595416663733,0.856362574845869
tfidf,1,1,1,fake,357,0,0.4499504390126601,0.5849773728782253
tfidf,1,1,1,fake,358,0,0.7839266274408084,0.7342397837183797
tfidf,1,1,1,fake,362,1,0.7991200490067029,0.819388065699577
tfidf,1,1,1,fake,363,0,0.1816218800950862,0.33103999625004343
tfidf,1,1,1,fake,364,0,0.4132698206447659,0.5698991469243772
tfidf,1,1,1,fake,369,0,0.28518430606631107,0.36905316756359385
tfidf,1,1,1,fake,372,1,0.770562291033749,0.8019653894660947
tfidf,1,1,1,fake,391,0,0.6752857188608455,0.5308710472283786
tfidf,1,1,1,fake,400,0,0.657105502595238,0.594745677040833
tfidf,1,1,1,fake,402,1,0.9577096592713655,0.7762992913279158
tfidf,1,1,1,fake,403,0,0.019005276078183204,0.11723076675118889
tfidf,1,1,1,fake,404,0,0.0746959012420594,0.2947295986885188
tfidf,1,1,1,fake,413,1,0.6463441373550385,0.6446659961592722
tfidf,1,1,1,fake,416,0,0.07776050123956088,0.2111073720771271
tfidf,1,1,1,fake,420,0,0.23282345564014673,0.3180071391730678
tfidf,1,1,1,fake,423,0,0.9707271194684611,0.8280749840993518
tfidf,1,1,1,fake,426,1,0.46238222158049186,0.5637889793683133
tfidf,1,1,1,fake,433,1,0.2879689885576473,0.2995325219034589
tfidf,1,1,1,fake,451,0,0.2439289628225977,0.40337135740529495
tfidf,1,1,1,fake,454,0,0.0629919906597963,0.2036691255888861
tfidf,1,1,1,fake,473,0,0.0630424622089588,0.1651900291078764
tfidf,1,1,1,fake,476,0,0.1329116472151391,0.2346460210343337
tfidf,1,1,1,fake,484,0,0.3242027506785352,0.4802478622547018
tfidf,1,1,1,fake,487,0,0.2489042067812516,0.3591235397604608
tfidf,1,1,1,fake,490,0,0.20329405803026532,0.32798980307214864
tfidf,1,2,1,fake,303,0,0.0788274809212805,0.07915500049884854
tfidf,1,2,1,fake,304,0,0.08271131923132127,0.07782946948365302
tfidf,1,2,1,fake,310,0,0.4195240440108333,0.3881007820733649
tfidf,1,2,1,fake,312,0,0.42300956841218035,0.401088182005486
tfidf,1,2,1,fake,316,0,0.7486872910281406,0.7443819818635686
tfidf,1,2,1,fake,324,0,0.3597273382957492,0.36863881133498566
tfidf,1,2,1,fake,328,0,0.5361756194250112,0.521993827344215
tfidf,1,2,1,fake,339,1,0.6892561266681014,0.6907652076103213
tfidf,1,2,1,fake,353,1,0.7985002234817001,0.7981320815939908
tfidf,1,2,1,fake,355,1,0.4164591669521751,0.43128387382738126
tfidf,1,2,1,fake,366,0,0.01744376973428819,0.015637532920018488
tfidf,1,2,1,fake,375,0,0.0052203947411467,0.004638180657754264
tfidf,1,2,1,fake,376,1,0.9944255928929798,0.9949380109483841
tfidf,1,2,1,fake,379,0,0.44406647987296943,0.43319148024040444
tfidf,1,2,1,fake,381,1,0.9983191267735183,0.9985866626520723
tfidf,1,2,1,fake,382,0,0.25206100549747545,0.22706405761760992
tfidf,1,2,1,fake,386,1,0.7852322072674276,0.7833723079333728
tfidf,1,2,1,fake,390,0,0.9759177428523887,0.9774971116893333
tfidf,1,2,1,fake,392,0,0.10660279319410432,0.10399716110616308
tfidf,1,2,1,fake,401,0,0.6524228459044369,0.6486991810851149
tfidf,1,2,1,fake,412,1,0.6672739430350457,0.6678529367965088
tfidf,1,2,1,fake,422,1,0.5954714699234681,0.5853429039271968
tfidf,1,2,1,fake,427,0,0.025034352228577812,0.022245583001742952
tfidf,1,2,1,fake,440,1,0.9357496239752758,0.9365573401965358
tfidf,1,2,1,fake,443,0,0.29832220880774846,0.29131127199516776
tfidf,1,2,1,fake,457,0,0.009860275007183129,0.009026848264738013
tfidf,1,2,1,fake,479,0,0.00921840764499526,0.008401905188307543
tfidf,1,2,1,fake,482,0,0.1836396771487499,0.1707112041263457
tfidf,1,2,1,fake,486,0,0.0045563812798101655,0.004413086923786162
tfidf,1,3,1,fake,305,0,0.650367727720895,0.6534372575396089
tfidf,1,3,1,fake,307,0,0.44512292215037325,0.4227637096749761
tfidf,1,3,1,fake,313,0,0.5818566941444119,0.5804552699846844
tfidf,1,3,1,fake,315,0,0.6189325092482572,0.5872751783926662
tfidf,1,3,1,fake,317,0,0.6528133992002931,0.6761154381573373
tfidf,1,3,1,fake,320,1,0.7521377543542983,0.7732518909714823
tfidf,1,3,1,fake,338,1,0.5757399616048703,0.6054921015238954
tfidf,1,3,1,fake,344,1,0.5305879529243457,0.5498342264749967
tfidf,1,3,1,fake,352,1,0.7010383353382595,0.6783443832047169
tfidf,1,3,1,fake,356,1,0.6336575711186135,0.6531381034390265
tfidf,1,3,1,fake,367,1,0.9522176293737635,0.9535470955045906
tfidf,1,3,1,fake,371,0,0.4404178468491783,0.4486389723164137
tfidf,1,3,1,fake,380,1,0.8217645708663116,0.8070264659754316
tfidf,1,3,1,fake,383,0,0.40595475396786557,0.3989717443204329
tfidf,1,3,1,fake,393,0,0.2415969829440341,0.24072474955617226
tfidf,1,3,1,fake,395,0,0.41697843960508113,0.43322957734332534
tfidf,1,3,1,fake,397,0,0.2664381410363879,0.26803097067109877
tfidf,1,3,1,fake,425,0,0.6267135395275897,0.6368778815932943
tfidf,1,3,1,fake,430,0,0.44048008124386256,0.4373817578870049
tfidf,1,3,1,fake,436,0,0.1588124355735102,0.1533650723372827
tfidf,1,3,1,fake,439,0,0.3347409982233098,0.3354734078498491
tfidf,1,3,1,fake,446,0,0.2550863088742971,0.25741187535159976
tfidf,1,3,1,fake,447,0,0.3255612891282067,0.32497761233453215
tfidf,1,3,1,fake,459,1,0.816416526477882,0.819112319875287
tfidf,1,3,1,fake,474,0,0.250204085810322,0.23788208370355998
tfidf,1,3,1,fake,475,0,0.15872575565171512,0.15458506237960515
tfidf,1,3,1,fake,489,0,0.32810614036397506,0.3233294798603168
tfidf,1,3,1,fake,491,0,0.42313878225210755,0.4275833794080505
tfidf,1,4,1,fake,318,0,0.43066464601457866,0.24787341869440596
tfidf,1,4,1,fake,322,0,0.7214391730024966,0.760794989997849
tfidf,1,4,1,fake,326,0,0.2333401364525824,0.1334099426195329
tfidf,1,4,1,fake,327,0,0.6951577401649318,0.6691427006873382
tfidf,1,4,1,fake,335,1,0.22426283676175676,0.18396841172004957
tfidf,1,4,1,fake,343,0,0.7193641054818418,0.7214675024069995
tfidf,1,4,1,fake,347,1,0.7935574056865753,0.8108470128950566
tfidf,1,4,1,fake,351,1,0.8919005338536686,0.923581121476157
tfidf,1,4,1,fake,374,0,0.25346149183522027,0.2521038184636402
tfidf,1,4,1,fake,377,1,0.99272384193549,0.9956190230079014
tfidf,1,4,1,fake,389,1,0.8198689544787385,0.8343651925785487
tfidf,1,4,1,fake,414,1,0.3087342478003672,0.2422881568791147
tfidf,1,4,1,fake,415,0,0.13002519584463945,0.12135910112968243
tfidf,1,4,1,fake,419,0,0.00870573669600242,0.0061823063458109765
tfidf,1,4,1,fake,445,0,0.2437649281904437,0.27484352316975874
tfidf,1,4,1,fake,448,1,0.4903868004953367,0.4484708559992968
tfidf,1,4,1,fake,449,0,0.17846557859305154,0.15176571045219614
tfidf,1,4,1,fake,455,0,0.0432922168673442,0.04192540854788543
tfidf,1,4,1,fake,458,0,0.11889856012072629,0.1501013717619589
tfidf,1,4,1,fake,463,0,0.008501091004824882,0.0050251180143529965
tfidf,1,4,1,fake,464,0,0.16297980793194844,0.1365528048622098
tfidf,1,4,1,fake,471,0,0.12971752728960648,0.0804150236791846
tfidf,1,4,1,fake,472,0,0.017735934649286092,0.01493846418566116
tfidf,1,4,1,fake,477,0,0.40754659240229485,0.44983303929209273
tfidf,1,4,1,fake,478,0,0.7869395710218465,0.8165861568536488
tfidf,1,4,1,fake,483,1,0.9603947037126954,0.94127450635293
tfidf,1,4,1,fake,488,0,0.40441162043289036,0.2986029233943006
tfidf,1,4,1,fake,492,0,0.05467960659237534,0.061268223721352995
tfidf,1,5,1,fake,302,0,0.04752976376398324,0.04700920209942493
tfidf,1,5,1,fake,321,1,0.987701651797378,0.9875586543261595
tfidf,1,5,1,fake,325,1,0.7255665793138876,0.7299317529250631
tfidf,1,5,1,fake,330,1,0.6537275138917045,0.6489967301933631
tfidf,1,5,1,fake,333,0,0.8916303114760898,0.891503481560754
tfidf,1,5,1,fake,336,0,0.4384568151352054,0.44527036221878247
tfidf,1,5,1,fake,340,0,0.32185579327437547,0.32435490170944054
tfidf,1,5,1,fake,341,0,0.27373784808523643,0.2734125395856391
tfidf,1,5,1,fake,348,1,0.9038310258478526,0.905076184399294
tfidf,1,5,1,fake,350,1,0.6600180332230412,0.6511921679627407
tfidf,1,5,1,fake,360,0,0.5635894140916288,0.5632383750061163
tfidf,1,5,1,fake,368,0,0.14186101192045042,0.14187678620757876
tfidf,1,5,1,fake,370,0,0.09752846193757556,0.095302962988599
tfidf,1,5,1,fake,385,0,0.598712564876677,0.6036159352455661
tfidf,1,5,1,fake,388,1,0.5734969198592359,0.5726405424831033
tfidf,1,5,1,fake,406,0,0.0359426049856146,0.036214643151314875
tfidf,1,5,1,fake,409,1,0.674461162907455,0.6704150884936202
tfidf,1,5,1,fake,417,0,0.1542772049491527,0.15816421275709489
tfidf,1,5,1,fake,418,1,0.919980786689895,0.9176613481088092
tfidf,1,5,1,fake,428,0,0.07579726946299466,0.0758330946245541
tfidf,1,5,1,fake,429,0,0.09047172853378123,0.08919147949221895
tfidf,1,5,1,fake,434,0,0.03689880012272792,0.03859707970965779
tfidf,1,5,1,fake,437,0,0.04494423367586416,0.04504941553294821
tfidf,1,5,1,fake,441,1,0.7934920153207959,0.7877508783620512
tfidf,1,5,1,fake,444,0,0.14328746147417004,0.1416473038163224
tfidf,1,5,1,fake,456,0,0.014772092658435872,0.014675312247009839
tfidf,1,5,1,fake,468,0,0.15646596539333535,0.16188855001566432
tfidf,1,5,1,fake,485,0,0.014560066790311639,0.014897196603227117
tfidf,1,1,2,fake,319,1,0.9557672778416774,0.9683716584382842
tfidf,1,1,2,fake,331,0,0.42463693824844867,0.5083963014003973
tfidf,1,1,2,fake,345,1,0.787621515127311,0.8426975935416586
tfidf,1,1,2,fake,346,1,0.9010514409797384,0.9114040729649983
tfidf,1,1,2,fake,357,0,0.4121239051089235,0.442802565354696
tfidf,1,1,2,fake,358,0,0.8420888270821728,0.8890317658313438
tfidf,1,1,2,fake,362,1,0.9991904909795281,0.999334016819302
tfidf,1,1,2,fake,363,0,0.08626517896727154,0.08575835711330106
tfidf,1,1,2,fake,364,0,0.4857798259471364,0.5718850627490866
tfidf,1,1,2,fake,369,0,0.3334961935111977,0.30174850739122183
tfidf,1,1,2,fake,372,1,0.6661399475054355,0.6807930838368393
tfidf,1,1,2,fake,391,0,0.5640198183696622,0.630661372535165
tfidf,1,1,2,fake,400,0,0.32214583611072345,0.31571836586372065
tfidf,1,1,2,fake,402,1,0.9960693004370237,0.9963730394672471
tfidf,1,1,2,fake,403,0,0.019583188363951308,0.01651848190024096
tfidf,1,1,2,fake,404,0,0.07049188347925575,0.09916581245523455
tfidf,1,1,2,fake,413,1,0.6427735452495966,0.6961807476492877
tfidf,1,1,2,fake,416,0,0.07416390464880905,0.07477006203170572
tfidf,1,1,2,fake,420,0,0.2137775106479745,0.1683205164082565
tfidf,1,1,2,fake,423,0,0.81384529207672,0.8585701465318798
tfidf,1,1,2,fake,426,1,0.615380928520017,0.6253466351771487
tfidf,1,1,2,fake,433,1,0.5560784146286882,0.5667097828284968
tfidf,1,1,2,fake,451,0,0.4330411410859875,0.41928057269083263
tfidf,1,1,2,fake,454,0,0.4842523469423681,0.5071986044011647
tfidf,1,1,2,fake,473,0,0.05101372854596085,0.045781108197017174
tfidf,1,1,2,fake,476,0,0.2234261448507809,0.21330639196163906
tfidf,1,1,2,fake,484,0,0.35524055531672566,0.3765641045783842
tfidf,1,1,2,fake,487,0,0.4146545744099894,0.382580144035259
tfidf,1,1,2,fake,490,0,0.33421153572462264,0.3072602711180237
tfidf,1,2,2,fake,303,0,0.07754320650684332,0.0779577947251139
tfidf,1,2,2,fake,304,0,0.13072745188558718,0.12918819102583098
tfidf,1,2,2,fake,310,0,0.5576552516634751,0.550500440271647
tfidf,1,2,2,fake,312,0,0.4522127795593939,0.4469717448878462
tfidf,1,2,2,fake,316,0,0.471390099808486,0.4711564068673403
tfidf,1,2,2,fake,324,0,0.5395426153097512,0.5422768929400176
tfidf,1,2,2,fake,328,0,0.6480993404607872,0.6452656931700452
tfidf,1,2,2,fake,339,1,0.7822844238026012,0.7815347668584031
tfidf,1,2,2,fake,353,1,0.7293243724061087,0.7313438083216178
tfidf,1,2,2,fake,355,1,0.5207971071303525,0.5262902157074807
tfidf,1,2,2,fake,366,0,0.027578973817596924,0.026991203086132322
tfidf,1,2,2,fake,375,0,0.0038295748888766174,0.003734337689198603
tfidf,1,2,2,fake,376,1,0.9774196421599387,0.9778382359099981
tfidf,1,2,2,fake,379,0,0.4771827980368846,0.475570369247459
tfidf,1,2,2,fake,381,1,0.9198735902455617,0.9211324452799654
tfidf,1,2,2,fake,382,0,0.11600524127346461,0.11277420493591546
tfidf,1,2,2,fake,386,1,0.9402753379468303,0.9401509112864912
tfidf,1,2,2,fake,390,0,0.9534521088647481,0.9541071245570008
tfidf,1,2,2,fake,392,0,0.059507475658863086,0.05920203939765845
tfidf,1,2,2,fake,401,0,0.621243336270659,0.6179943600329242
tfidf,1,2,2,fake,412,1,0.8660386961205192,0.8654847479314213
tfidf,1,2,2,fake,422,1,0.5764650761026011,0.5715140388872453
tfidf,1,2,2,fake,427,0,0.013102550018116865,0.012723189113908588
tfidf,1,2,2,fake,440,1,0.9651785530719676,0.9650418634142228
tfidf,1,2,2,fake,443,0,0.3064731638434528,0.30215158733091957
tfidf,1,2,2,fake,457,0,0.01757015239346933,0.01709873903252566
tfidf,1,2,2,fake,479,0,0.014990496338403825,0.014612497950372621
tfidf,1,2,2,fake,482,0,0.05389368481620879,0.053230117693187785
tfidf,1,2,2,fake,486,0,0.012842833038769307,0.0126569461715698
tfidf,1,3,2,fake,305,0,0.024312643227560365,0.33004199743672546
tfidf,1,3,2,fake,307,0,0.01834866608496496,0.10600409012474124
tfidf,1,3,2,fake,313,0,0.46076240408867236,0.4435845098930802
tfidf,1,3,2,fake,315,0,0.8681577790660868,0.7155794133038109
tfidf,1,3,2,fake,317,0,0.014154364103094086,0.5451683120788474
tfidf,1,3,2,fake,320,1,0.9873177028109755,0.9749042454025645
tfidf,1,3,2,fake,338,1,0.733661462290084,0.8119605868285026
tfidf,1,3,2,fake,344,1,0.9825770082201527,0.9026107440131524
tfidf,1,3,2,fake,352,1,0.5609449281799671,0.5059437551749288
tfidf,1,3,2,fake,356,1,0.9993031831989816,0.9768000712246494
tfidf,1,3,2,fake,367,1,0.9999148948638579,0.9958825668329911
tfidf,1,3,2,fake,371,0,0.7369391685318932,0.5476612964948804
tfidf,1,3,2,fake,380,1,0.9878306446226541,0.8059221554055691
tfidf,1,3,2,fake,383,0,0.031577154212126465,0.13085671879588123
tfidf,1,3,2,fake,393,0,0.03211727522284131,0.08634006032593056
tfidf,1,3,2,fake,395,0,0.9336903729960644,0.7857107997512867
tfidf,1,3,2,fake,397,0,0.045273542735326466,0.17202579384734099
tfidf,1,3,2,fake,425,0,0.2568060895102364,0.5443876721389286
tfidf,1,3,2,fake,430,0,0.0005416722123326898,0.05063389535411697
tfidf,1,3,2,fake,436,0,0.0025228101934741854,0.01646346813909849
tfidf,1,3,2,fake,439,0,0.06387486204146221,0.18351760762758462
tfidf,1,3,2,fake,446,0,0.08913055565480657,0.1457172595209702
tfidf,1,3,2,fake,447,0,0.1649185306765286,0.19911865290488917
tfidf,1,3,2,fake,459,1,0.9849085119155052,0.9099617038906097
tfidf,1,3,2,fake,474,0,0.02602867027161705,0.05128399881829286
tfidf,1,3,2,fake,475,0,0.014559794030379028,0.03151048257359807
tfidf,1,3,2,fake,489,0,0.0003753819086034473,0.0174354884678797
tfidf,1,3,2,fake,491,0,0.16137319993302088,0.20138452653712696
tfidf,1,4,2,fake,318,0,0.4985797710355768,0.39008139111332485
tfidf,1,4,2,fake,322,0,0.7782323103857439,0.7979199322497784
tfidf,1,4,2,fake,326,0,0.4040915602814432,0.3009896032929108
tfidf,1,4,2,fake,327,0,0.7708018749387086,0.7409318742713014
tfidf,1,4,2,fake,335,1,0.4122637587081581,0.3550965848068512
tfidf,1,4,2,fake,343,0,0.6644907755597941,0.6650155190097116
tfidf,1,4,2,fake,347,1,0.695763422329764,0.6886485979354668
tfidf,1,4,2,fake,351,1,0.9714901766386465,0.9777430145669713
tfidf,1,4,2,fake,374,0,0.15343841580662138,0.14304384974620735
tfidf,1,4,2,fake,377,1,0.9947047531800203,0.9958071564503248
tfidf,1,4,2,fake,389,1,0.46309807184858054,0.5211753422255619
tfidf,1,4,2,fake,414,1,0.7120957638758053,0.6720653232028427
tfidf,1,4,2,fake,415,0,0.04812926457292147,0.04593328916722573
tfidf,1,4,2,fake,419,0,0.007067465692280577,0.00563978618114413
tfidf,1,4,2,fake,445,0,0.1032504742394176,0.11014056901935361
tfidf,1,4,2,fake,448,1,0.4762068790027625,0.44862387643190843
tfidf,1,4,2,fake,449,0,0.20444001595746192,0.1905886696942241
tfidf,1,4,2,fake,455,0,0.04997442897127746,0.050339411220008436
tfidf,1,4,2,fake,458,0,0.09458690001030882,0.09414508085077984
tfidf,1,4,2,fake,463,0,0.010337568028342516,0.006465206204565434
tfidf,1,4,2,fake,464,0,0.11028067632369712,0.09088826968546207
tfidf,1,4,2,fake,471,0,0.17329037515581688,0.12285689844075742
tfidf,1,4,2,fake,472,0,0.13055818432678148,0.1122023480003686
tfidf,1,4,2,fake,477,0,0.35944961378711016,0.3898002066790844
tfidf,1,4,2,fake,478,0,0.7494328694080136,0.771947453656601
tfidf,1,4,2,fake,483,1,0.8677905216837438,0.8852140501538893
tfidf,1,4,2,fake,488,0,0.09505077166438543,0.08258264557361614
tfidf,1,4,2,fake,492,0,0.031146938244908877,0.03554383803478064
tfidf,1,5,2,fake,302,0,6.41287089163234e-05,6.480912750503575e-05
tfidf,1,5,2,fake,321,1,0.47820616296366925,0.479944836025193
tfidf,1,5,2,fake,325,1,0.990801097692298,0.9911071548158339
tfidf,1,5,2,fake,330,1,0.2500571005830267,0.2487726605982844
tfidf,1,5,2,fake,333,0,0.034170578306178506,0.03434437412019497
tfidf,1,5,2,fake,336,0,0.9444024922563597,0.944321098405609
tfidf,1,5,2,fake,340,0,0.12550566723276402,0.12769850691049764
tfidf,1,5,2,fake,341,0,0.056286815235752415,0.05753242127095648
tfidf,1,5,2,fake,348,1,0.5825491381279054,0.5919083550511082
tfidf,1,5,2,fake,350,1,0.6211714272438188,0.6074674740802481
tfidf,1,5,2,fake,360,0,0.1574913992653937,0.15292528809342276
tfidf,1,5,2,fake,368,0,0.08795199857635555,0.08591741810163443
tfidf,1,5,2,fake,370,0,0.00934372906105235,0.008724268146163417
tfidf,1,5,2,fake,385,0,0.0016299360253596562,0.001595963130695572
tfidf,1,5,2,fake,388,1,0.9998252379572216,0.9998267907924725
tfidf,1,5,2,fake,406,0,0.005122800188074013,0.005221260866147986
tfidf,1,5,2,fake,409,1,0.38952471237778113,0.3792466574943551
tfidf,1,5,2,fake,417,0,0.05616820317671976,0.05740407890805044
tfidf,1,5,2,fake,418,1,0.9827917090880876,0.9823333351694525
tfidf,1,5,2,fake,428,0,0.0025483453102407034,0.0025941956337631393
tfidf,1,5,2,fake,429,0,0.0069363183911024815,0.006907437191420321
tfidf,1,5,2,fake,434,0,0.3818851699333197,0.39633246636407554
tfidf,1,5,2,fake,437,0,0.8412779737784448,0.8350355796406467
tfidf,1,5,2,fake,441,1,0.9789379667621174,0.9783893218873466
tfidf,1,5,2,fake,444,0,0.07826270082683622,0.0801943330664934
tfidf,1,5,2,fake,456,0,0.0006158741488283599,0.0006133646813277925
tfidf,1,5,2,fake,468,0,0.008710410402988507,0.009056588473999769
tfidf,1,5,2,fake,485,0,0.0006482486656611368,0.0006724885473434687
tfidf,1,1,3,fake,319,1,0.7424262093043981,0.8178375624885582
tfidf,1,1,3,fake,331,0,0.4733219824893271,0.5862195442980513
tfidf,1,1,3,fake,345,1,0.9361906129344344,0.9574365956646212
tfidf,1,1,3,fake,346,1,0.7783539859750889,0.8050230124127613
tfidf,1,1,3,fake,357,0,0.41580972580999587,0.4358477040805464
tfidf,1,1,3,fake,358,0,0.2843497722478217,0.4299650480698322
tfidf,1,1,3,fake,362,1,0.3908745064860529,0.5557705419313304
tfidf,1,1,3,fake,363,0,0.05105728295555474,0.04921540440000276
tfidf,1,1,3,fake,364,0,0.5785636595421036,0.6858556910701749
tfidf,1,1,3,fake,369,0,0.20945940519513367,0.17309350715787672
tfidf,1,1,3,fake,372,1,0.712732873194376,0.7355174875792675
tfidf,1,1,3,fake,391,0,0.9061463716097381,0.9344962862898593
tfidf,1,1,3,fake,400,0,0.692568102187298,0.6969778785424879
tfidf,1,1,3,fake,402,1,0.9998193967356047,0.9998505698720308
tfidf,1,1,3,fake,403,0,0.021517700471330208,0.018005361403580483
tfidf,1,1,3,fake,404,0,0.04244067250047198,0.061785394607905775
tfidf,1,1,3,fake,413,1,0.9746716103389853,0.9815199553512597
tfidf,1,1,3,fake,416,0,0.14055860701235925,0.13671898835425175
tfidf,1,1,3,fake,420,0,0.12847740443548766,0.10071859619573736
tfidf,1,1,3,fake,423,0,0.9008475237448488,0.9328596802081216
tfidf,1,1,3,fake,426,1,0.8167371750692775,0.8405551116774401
tfidf,1,1,3,fake,433,1,0.9264565525752446,0.921292078439454
tfidf,1,1,3,fake,451,0,0.24112745565405133,0.18403623206947545
tfidf,1,1,3,fake,454,0,0.11236270011900028,0.12581183444583535
tfidf,1,1,3,fake,473,0,0.1172679170626428,0.12063066718785691
tfidf,1,1,3,fake,476,0,0.17486231355019052,0.1565839756356841
tfidf,1,1,3,fake,484,0,0.4466133296062597,0.534669910958227
tfidf,1,1,3,fake,487,0,0.44852024771799387,0.42266739465955927
tfidf,1,1,3,fake,490,0,0.1627927469778456,0.14798081983442696
tfidf,1,2,3,fake,303,0,0.07549677311540844,0.07887451050662897
tfidf,1,2,3,fake,304,0,0.04957968868251839,0.04625356076879907
tfidf,1,2,3,fake,310,0,0.4349269166305866,0.3894609964780498
tfidf,1,2,3,fake,312,0,0.5305674005541219,0.49713095007553076
tfidf,1,2,3,fake,316,0,0.5089718986226218,0.5030657538823552
tfidf,1,2,3,fake,324,0,0.4008584974706654,0.41442742686897294
tfidf,1,2,3,fake,328,0,0.5686726942323689,0.5488719962212987
tfidf,1,2,3,fake,339,1,0.6981801309584131,0.6971772581281858
tfidf,1,2,3,fake,353,1,0.9876067693837355,0.988052626896753
tfidf,1,2,3,fake,355,1,0.6913586890367811,0.710056110097646
tfidf,1,2,3,fake,366,0,0.0139341362746087,0.012752885616952944
tfidf,1,2,3,fake,375,0,0.00428559921497034,0.0035767373914570868
tfidf,1,2,3,fake,376,1,0.9906259552384424,0.990750174491815
tfidf,1,2,3,fake,379,0,0.4727704873540028,0.4562859963226938
tfidf,1,2,3,fake,381,1,0.9419143533903526,0.9462669026495008
tfidf,1,2,3,fake,382,0,0.23441921440431965,0.20259929897288398
tfidf,1,2,3,fake,386,1,0.5775451445947938,0.5890473462572345
tfidf,1,2,3,fake,390,0,0.9278400830075713,0.934476273138279
tfidf,1,2,3,fake,392,0,0.06718003007819086,0.06323616246009377
tfidf,1,2,3,fake,401,0,0.7280285978101552,0.7114122772332904
tfidf,1,2,3,fake,412,1,0.7690257582287888,0.769626237102069
tfidf,1,2,3,fake,422,1,0.6110786062671836,0.5922248119804596
tfidf,1,2,3,fake,427,0,0.022988528189464914,0.019486181113878332
tfidf,1,2,3,fake,440,1,0.8940714359561155,0.8944083407988694
tfidf,1,2,3,fake,443,0,0.15701817600891563,0.1399566105974911
tfidf,1,2,3,fake,457,0,0.01293268185374071,0.010958844467616123
tfidf,1,2,3,fake,479,0,0.015392423548471807,0.0122597597036476
tfidf,1,2,3,fake,482,0,0.03256209109163923,0.02880980398195239
tfidf,1,2,3,fake,486,0,0.009539485901484845,0.008930813380205006
tfidf,1,3,3,fake,305,0,0.5528346273405697,0.5528853098337003
tfidf,1,3,3,fake,307,0,0.6070122433621385,0.5658344014076091
tfidf,1,3,3,fake,313,0,0.5442097657540254,0.5437073066563136
tfidf,1,3,3,fake,315,0,0.5652836250785221,0.5144096951901729
tfidf,1,3,3,fake,317,0,0.6393820125548029,0.667709116071824
tfidf,1,3,3,fake,320,1,0.7367832632589456,0.7728019690958992
tfidf,1,3,3,fake,338,1,0.6926957893420855,0.7212850301566365
tfidf,1,3,3,fake,344,1,0.5808113154149823,0.6054646721459657
tfidf,1,3,3,fake,352,1,0.7054885571036116,0.665889244803463
tfidf,1,3,3,fake,356,1,0.6222231705166704,0.6483205593145039
tfidf,1,3,3,fake,367,1,0.942168408496291,0.9453946940500555
tfidf,1,3,3,fake,371,0,0.4926088943783679,0.5083514561574265
tfidf,1,3,3,fake,380,1,0.6901993287817902,0.6723844848566849
tfidf,1,3,3,fake,383,0,0.421264221632804,0.4134670417216029
tfidf,1,3,3,fake,393,0,0.3162751010088452,0.31307583887253315
tfidf,1,3,3,fake,395,0,0.4580798215144206,0.477373842975841
tfidf,1,3,3,fake,397,0,0.30433704925941063,0.3021828019727891
tfidf,1,3,3,fake,425,0,0.6763062091890268,0.6886065063792934
tfidf,1,3,3,fake,430,0,0.3646480653757439,0.36353954967824254
tfidf,1,3,3,fake,436,0,0.12675242567429806,0.1187874150933375
tfidf,1,3,3,fake,439,0,0.3600782031851769,0.35562149502307466
tfidf,1,3,3,fake,446,0,0.25076011636855244,0.25232351330132297
tfidf,1,3,3,fake,447,0,0.36023509383645475,0.35652634987531007
tfidf,1,3,3,fake,459,1,0.8543017196942663,0.8561423178337584
tfidf,1,3,3,fake,474,0,0.16865401667744825,0.15995663352636624
tfidf,1,3,3,fake,475,0,0.11204231663613479,0.10615033450456215
tfidf,1,3,3,fake,489,0,0.29353446968813046,0.2891231345013723
tfidf,1,3,3,fake,491,0,0.46919785623513816,0.4799528048204659
tfidf,1,4,3,fake,318,0,0.038394396601607185,0.1618842055533482
tfidf,1,4,3,fake,322,0,0.5699516108500072,0.7267981525992998
tfidf,1,4,3,fake,326,0,0.009660052046732533,0.08287227857066749
tfidf,1,4,3,fake,327,0,0.5810079270097186,0.678770932231678
tfidf,1,4,3,fake,335,1,0.8738263150755495,0.7760601848171186
tfidf,1,4,3,fake,343,0,0.7301721556467997,0.7382383977808789
tfidf,1,4,3,fake,347,1,0.4927959339967479,0.7089213544621176
tfidf,1,4,3,fake,351,1,0.5041457174153219,0.7491002932317394
tfidf,1,4,3,fake,374,0,0.006747589206890215,0.11193107958332399
tfidf,1,4,3,fake,377,1,0.9999037072317329,0.9949365733194687
tfidf,1,4,3,fake,389,1,0.9869172706068741,0.8860315297096351
tfidf,1,4,3,fake,414,1,0.982505925623474,0.7307668077668046
tfidf,1,4,3,fake,415,0,0.08688144918293207,0.1191526156252181
tfidf,1,4,3,fake,419,0,0.00020038376481105633,0.010173607289874499
tfidf,1,4,3,fake,445,0,0.011210078871669436,0.12350307011405934
tfidf,1,4,3,fake,448,1,0.03067176690342658,0.24183154939072665
tfidf,1,4,3,fake,449,0,0.027500546377387528,0.07485819594414618
tfidf,1,4,3,fake,455,0,0.008642276896035953,0.07933248478658259
tfidf,1,4,3,fake,458,0,0.05930454946925286,0.22873590678229147
tfidf,1,4,3,fake,463,0,0.00024185885226053047,0.00407627026585812
tfidf,1,4,3,fake,464,0,0.03541400275276203,0.09068215956880143
tfidf,1,4,3,fake,471,0,0.02807623997877304,0.10359216996974809
tfidf,1,4,3,fake,472,0,4.7789622722785155e-05,0.0075216712627340105
tfidf,1,4,3,fake,477,0,0.8495755646574603,0.6138986810524438
tfidf,1,4,3,fake,478,0,0.9828831527407856,0.8872085317473954
tfidf,1,4,3,fake,483,1,0.9978414781615345,0.9652511993781605
tfidf,1,4,3,fake,488,0,0.4976217134529226,0.4038447920542094
tfidf,1,4,3,fake,492,0,0.001993332426116313,0.04887733437044542
tfidf,1,5,3,fake,302,0,0.05825643471645361,0.05824162692535905
tfidf,1,5,3,fake,321,1,0.9791669022764671,0.9790753049499382
tfidf,1,5,3,fake,325,1,0.768508754134023,0.7675241211117703
tfidf,1,5,3,fake,330,1,0.49432416237060145,0.49404618028959135
tfidf,1,5,3,fake,333,0,0.3681296525318371,0.36959240272827487
tfidf,1,5,3,fake,336,0,0.45263859620025326,0.4473482309519498
tfidf,1,5,3,fake,340,0,0.12318240837254667,0.12170206685416965
tfidf,1,5,3,fake,341,0,0.39677736150475224,0.39394306377534855
tfidf,1,5,3,fake,348,1,0.8514036905458957,0.8523908003992797
tfidf,1,5,3,fake,350,1,0.5036700655636149,0.5156400729462426
tfidf,1,5,3,fake,360,0,0.23424004309025587,0.2367524809862435
tfidf,1,5,3,fake,368,0,0.13983029922024431,0.1406134130229135
tfidf,1,5,3,fake,370,0,0.1356945226676028,0.13798258711620298
tfidf,1,5,3,fake,385,0,0.11662806698270962,0.1163945056682038
tfidf,1,5,3,fake,388,1,0.6050024927026357,0.6056471294931953
tfidf,1,5,3,fake,406,0,0.03731213324537466,0.037375045365555706
tfidf,1,5,3,fake,409,1,0.2548353235397556,0.2571703980131177
tfidf,1,5,3,fake,417,0,0.02480378957711518,0.024442502661256006
tfidf,1,5,3,fake,418,1,0.9815476012735773,0.9820112794301038
tfidf,1,5,3,fake,428,0,0.6389840646050015,0.6377634006698883
tfidf,1,5,3,fake,429,0,0.1056946566988647,0.10654886509035821
tfidf,1,5,3,fake,434,0,0.21614006613024822,0.21086618715453026
tfidf,1,5,3,fake,437,0,0.07135204197235462,0.07109491179138117
tfidf,1,5,3,fake,441,1,0.8943501838014993,0.8955046804738668
tfidf,1,5,3,fake,444,0,0.2068880261376206,0.20689403531146447
tfidf,1,5,3,fake,456,0,0.10829550782393944,0.1079482031047884
tfidf,1,5,3,fake,468,0,0.11166833628811114,0.10870833267695461
tfidf,1,5,3,fake,485,0,0.02144661300172569,0.0210855881027161
tfidf,1,1,4,fake,319,1,0.4290496888471173,0.5642706316413987
tfidf,1,1,4,fake,331,0,0.5304952595076804,0.6561297122473841
tfidf,1,1,4,fake,345,1,0.9974688470926701,0.9984839343002796
tfidf,1,1,4,fake,346,1,0.9084454725180152,0.9304559891510142
tfidf,1,1,4,fake,357,0,0.49587853733811965,0.5365175391401775
tfidf,1,1,4,fake,358,0,0.7285410593877995,0.8144360783119753
tfidf,1,1,4,fake,362,1,0.8929633356690103,0.9387339112486062
tfidf,1,1,4,fake,363,0,0.2132492488864526,0.1930444016788392
tfidf,1,1,4,fake,364,0,0.21773017042842047,0.359100835462307
tfidf,1,1,4,fake,369,0,0.08097151627438713,0.07791115500585089
tfidf,1,1,4,fake,372,1,0.6858582992867434,0.7232942244397799
tfidf,1,1,4,fake,391,0,0.5849218897231452,0.6840911195812767
tfidf,1,1,4,fake,400,0,0.4643431945426781,0.45000691673584786
tfidf,1,1,4,fake,402,1,0.9482380084097096,0.9545960754921987
tfidf,1,1,4,fake,403,0,0.017143087678401878,0.014089552928690545
tfidf,1,1,4,fake,404,0,0.09617910147434078,0.14187998007285313
tfidf,1,1,4,fake,413,1,0.6016741305740649,0.6927077370080517
tfidf,1,1,4,fake,416,0,0.04180056072343717,0.04439724534169899
tfidf,1,1,4,fake,420,0,0.14263496157175984,0.11416097631979574
tfidf,1,1,4,fake,423,0,0.9582472584555207,0.9671408677981481
tfidf,1,1,4,fake,426,1,0.8825359647598524,0.869283239810868
tfidf,1,1,4,fake,433,1,0.8736101513970198,0.8652692422565084
tfidf,1,1,4,fake,451,0,0.098868634318838,0.0895488174526372
tfidf,1,1,4,fake,454,0,0.11192586730409783,0.14128365253629882
tfidf,1,1,4,fake,473,0,0.036668559369271506,0.03751765361329448
tfidf,1,1,4,fake,476,0,0.2134983941537205,0.1870290944911162
tfidf,1,1,4,fake,484,0,0.25113527412274017,0.27827736908613765
tfidf,1,1,4,fake,487,0,0.6957549167522092,0.6394739318136503
tfidf,1,1,4,fake,490,0,0.06971597861583155,0.07084418700020664
tfidf,1,2,4,fake,303,0,0.0875888294454131,0.09506542128124741
tfidf,1,2,4,fake,304,0,0.035354727542891644,0.032312586482018645
tfidf,1,2,4,fake,310,0,0.6318758533762423,0.5746512733760376
tfidf,1,2,4,fake,312,0,0.6236916110912074,0.5763839798258055
tfidf,1,2,4,fake,316,0,0.5593652017891036,0.5462169842021823
tfidf,1,2,4,fake,324,0,0.33179726571994167,0.3568066168943447
tfidf,1,2,4,fake,328,0,0.48419356158691085,0.45710674435982446
tfidf,1,2,4,fake,339,1,0.8555579039020479,0.861593543072751
tfidf,1,2,4,fake,353,1,0.7918155418240296,0.7911375239435828
tfidf,1,2,4,fake,355,1,0.6470778372193255,0.6776611014272803
tfidf,1,2,4,fake,366,0,0.017347968490889175,0.014220764506462353
tfidf,1,2,4,fake,375,0,0.0027128074213871333,0.0022112142803563605
tfidf,1,2,4,fake,376,1,0.9785870420743433,0.9809914070458269
tfidf,1,2,4,fake,379,0,0.2522842003419568,0.24635281643158602
tfidf,1,2,4,fake,381,1,0.8630358915474651,0.8809142561167695
tfidf,1,2,4,fake,382,0,0.3336572293367946,0.2844063905723679
tfidf,1,2,4,fake,386,1,0.8556374470939024,0.8622942009561712
tfidf,1,2,4,fake,390,0,0.9434696062663962,0.9531991128443723
tfidf,1,2,4,fake,392,0,0.2123249276832026,0.1990457021292576
tfidf,1,2,4,fake,401,0,0.4383520084182176,0.41286138302913383
tfidf,1,2,4,fake,412,1,0.6353250212655084,0.6118475327904801
tfidf,1,2,4,fake,422,1,0.9672789172715399,0.9558845940008103
tfidf,1,2,4,fake,427,0,0.015329785831497736,0.012511294261391886
tfidf,1,2,4,fake,440,1,0.8904413214724525,0.8984454350630728
tfidf,1,2,4,fake,443,0,0.19633782332274008,0.17468107498703958
tfidf,1,2,4,fake,457,0,0.006590211126330006,0.005424399298285838
tfidf,1,2,4,fake,479,0,0.014886133447477202,0.012570699484766877
tfidf,1,2,4,fake,482,0,0.07584033832763139,0.06885357557395501
tfidf,1,2,4,fake,486,0,0.004681948026388297,0.004328403575338306
tfidf,1,3,4,fake,305,0,0.5496870757904796,0.2592412219567158
tfidf,1,3,4,fake,307,0,0.4236047164812236,0.07577715007706155
tfidf,1,3,4,fake,313,0,0.5473766479241906,0.3590018018991377
tfidf,1,3,4,fake,315,0,0.7301666076454189,0.7182348476377631
tfidf,1,3,4,fake,317,0,0.6838605616965459,0.8320121402689699
tfidf,1,3,4,fake,320,1,0.8325428280776985,0.9639829716526533
tfidf,1,3,4,fake,338,1,0.5952417006327344,0.7247754394916506
tfidf,1,3,4,fake,344,1,0.6818782864396115,0.7352552415050041
tfidf,1,3,4,fake,352,1,0.6229437855363962,0.4896144539341938
tfidf,1,3,4,fake,356,1,0.7811339729388053,0.9610790881831159
tfidf,1,3,4,fake,367,1,0.9477405866605508,0.9979946152505716
tfidf,1,3,4,fake,371,0,0.4077439780827064,0.45270645024992706
tfidf,1,3,4,fake,380,1,0.6669139753645924,0.6706470278782619
tfidf,1,3,4,fake,383,0,0.38769310459581796,0.1679221244106591
tfidf,1,3,4,fake,393,0,0.2928136778585856,0.17379892887460857
tfidf,1,3,4,fake,395,0,0.47873348426851126,0.6872228661907553
tfidf,1,3,4,fake,397,0,0.34759256725729637,0.40329763508396865
tfidf,1,3,4,fake,425,0,0.7489308211476429,0.8303310082911927
tfidf,1,3,4,fake,430,0,0.5062990410118189,0.28018890101460775
tfidf,1,3,4,fake,436,0,0.17435882029992486,0.0397525368213238
tfidf,1,3,4,fake,439,0,0.33883495668200236,0.14798735311824102
tfidf,1,3,4,fake,446,0,0.18635299698133173,0.02749714549743061
tfidf,1,3,4,fake,447,0,0.30621348948336197,0.15053932992154997
tfidf,1,3,4,fake,459,1,0.7393045795847702,0.7771006511546935
tfidf,1,3,4,fake,474,0,0.17972855047202188,0.03347388203849649
tfidf,1,3,4,fake,475,0,0.10575109030525741,0.012136549930149187
tfidf,1,3,4,fake,489,0,0.23798183697243994,0.09997468719401986
tfidf,1,3,4,fake,491,0,0.38669835743298586,0.07101498017533278
tfidf,1,4,4,fake,318,0,0.22284137337180215,0.13801479769465555
tfidf,1,4,4,fake,322,0,0.4754500916476594,0.5482176248134336
tfidf,1,4,4,fake,326,0,0.3391035570307646,0.21583733663895105
tfidf,1,4,4,fake,327,0,0.6815511562691591,0.6261822789704732
tfidf,1,4,4,fake,335,1,0.776497329772595,0.7584049704246173
tfidf,1,4,4,fake,343,0,0.5985372804754332,0.6077191031543021
tfidf,1,4,4,fake,347,1,0.3645549924426903,0.4187198113709552
tfidf,1,4,4,fake,351,1,0.907111862673076,0.9456198688948616
tfidf,1,4,4,fake,374,0,0.19153784383536124,0.17808406687624953
tfidf,1,4,4,fake,377,1,0.9824324271871311,0.9843028894430946
tfidf,1,4,4,fake,389,1,0.34495163140832225,0.45568331743787804
tfidf,1,4,4,fake,414,1,0.5810851617699314,0.5437933763337182
tfidf,1,4,4,fake,415,0,0.0963744887361044,0.08233071795841874
tfidf,1,4,4,fake,419,0,0.031637131003041184,0.021176777386817298
tfidf,1,4,4,fake,445,0,0.08318950078707386,0.10139906927152163
tfidf,1,4,4,fake,448,1,0.6470139827241462,0.6612860732088777
tfidf,1,4,4,fake,449,0,0.11741613793845034,0.09975851350066992
tfidf,1,4,4,fake,455,0,0.11249345857266493,0.11274079936631046
tfidf,1,4,4,fake,458,0,0.22994438105050152,0.24482025958948983
tfidf,1,4,4,fake,463,0,0.003998232135367293,0.002408065117090805
tfidf,1,4,4,fake,464,0,0.18467785233804704,0.13695525960117444
tfidf,1,4,4,fake,471,0,0.4494768342637128,0.3016177191234272
tfidf,1,4,4,fake,472,0,0.020538927182881424,0.01435823369591428
tfidf,1,4,4,fake,477,0,0.34048989220146114,0.3555944870085064
tfidf,1,4,4,fake,478,0,0.8532154410861185,0.8383787920788808
tfidf,1,4,4,fake,483,1,0.9278822657040274,0.9387132391617675
tfidf,1,4,4,fake,488,0,0.18138438894848966,0.13824484012347316
tfidf,1,4,4,fake,492,0,0.07588844015852676,0.07942268182858592
tfidf,1,5,4,fake,302,0,0.03075599008738226,0.03084813896943796
tfidf,1,5,4,fake,321,1,0.8850320864496213,0.8859144553314509
tfidf,1,5,4,fake,325,1,0.9732275814464125,0.9731388958913371
tfidf,1,5,4,fake,330,1,0.3893197110854501,0.3899752090647527
tfidf,1,5,4,fake,333,0,0.4715812221016514,0.4720553992735991
tfidf,1,5,4,fake,336,0,0.38836815591559326,0.38435541596029255
tfidf,1,5,4,fake,340,0,0.1639283270003959,0.1635987379976682
tfidf,1,5,4,fake,341,0,0.8223448388662579,0.8220294371233344
tfidf,1,5,4,fake,348,1,0.5645045269203265,0.5636200312088915
tfidf,1,5,4,fake,350,1,0.8796248728691103,0.8819557268870206
tfidf,1,5,4,fake,360,0,0.5758763180949712,0.5779882641300897
tfidf,1,5,4,fake,368,0,0.15717901546214672,0.15700064955797194
tfidf,1,5,4,fake,370,0,0.46230941215372223,0.464514070574417
tfidf,1,5,4,fake,385,0,0.34652202914596525,0.3482739986974323
tfidf,1,5,4,fake,388,1,0.5548034380765258,0.5578406573984939
tfidf,1,5,4,fake,406,0,0.1120309333927471,0.1119064762664481
tfidf,1,5,4,fake,409,1,0.16296933173810021,0.16338680318900797
tfidf,1,5,4,fake,417,0,0.12855428986957324,0.1273373084407869
tfidf,1,5,4,fake,418,1,0.9893751059776589,0.9895566923942891
tfidf,1,5,4,fake,428,0,0.226359733075249,0.2255287129046205
tfidf,1,5,4,fake,429,0,0.24080882542635135,0.24186910043945223
tfidf,1,5,4,fake,434,0,0.09557114188896246,0.09392368865638205
tfidf,1,5,4,fake,437,0,0.05627033313304146,0.05597470109804432
tfidf,1,5,4,fake,441,1,0.8279086162094842,0.8291170618592498
tfidf,1,5,4,fake,444,0,0.0694341402789121,0.06911564649974851
tfidf,1,5,4,fake,456,0,0.03027002402378927,0.030142483992366322
tfidf,1,5,4,fake,468,0,0.024438086400632622,0.023963622942901514
tfidf,1,5,4,fake,485,0,0.04385299444662667,0.043392844449850365
tfidf,1,1,5,fake,319,1,0.9494964104584693,0.9658662211959156
tfidf,1,1,5,fake,331,0,0.3786193960201631,0.47645449976426696
tfidf,1,1,5,fake,345,1,0.6569000494020457,0.7588919369223412
tfidf,1,1,5,fake,346,1,0.9665380122020872,0.9706117170574686
tfidf,1,1,5,fake,357,0,0.41880977618534576,0.46620869523325736
tfidf,1,1,5,fake,358,0,0.7464591919409612,0.8258103824975314
tfidf,1,1,5,fake,362,1,0.7713143402176703,0.8652541803726702
tfidf,1,1,5,fake,363,0,0.0954486747785513,0.09175874546994005
tfidf,1,1,5,fake,364,0,0.2718666481739076,0.4337397245739496
tfidf,1,1,5,fake,369,0,0.35107834482024014,0.30469688098212305
tfidf,1,1,5,fake,372,1,0.5291075093157033,0.5686051322182176
tfidf,1,1,5,fake,391,0,0.4673723419952278,0.5877347635934947
tfidf,1,1,5,fake,400,0,0.9437632893993232,0.9401917128308312
tfidf,1,1,5,fake,402,1,0.9994307517570243,0.9994378776239297
tfidf,1,1,5,fake,403,0,0.017811553534494526,0.014339193848354043
tfidf,1,1,5,fake,404,0,0.05845188815428997,0.08729370721461262
tfidf,1,1,5,fake,413,1,0.6634439115592433,0.7386766423128684
tfidf,1,1,5,fake,416,0,0.06215082868063933,0.05730719974274184
tfidf,1,1,5,fake,420,0,0.3148816310449023,0.2543768326891425
tfidf,1,1,5,fake,423,0,0.8978018029765295,0.9366016579170877
tfidf,1,1,5,fake,426,1,0.9148152956984393,0.9172005701721914
tfidf,1,1,5,fake,433,1,0.6958165145846963,0.6875959828212798
tfidf,1,1,5,fake,451,0,0.19949505565021886,0.1736603769172927
tfidf,1,1,5,fake,454,0,0.10793325932300762,0.13254500303773573
tfidf,1,1,5,fake,473,0,0.032399243579328135,0.03297428296971704
tfidf,1,1,5,fake,476,0,0.20367184399980037,0.19449628927011897
tfidf,1,1,5,fake,484,0,0.4863870165398272,0.5494571552087899
tfidf,1,1,5,fake,487,0,0.45646756480072287,0.42588255122527496
tfidf,1,1,5,fake,490,0,0.04148876002707461,0.03818809633527487
tfidf,1,2,5,fake,303,0,0.04752374734431367,0.04777838893129682
tfidf,1,2,5,fake,304,0,0.049705727222165125,0.04927675162146549
tfidf,1,2,5,fake,310,0,0.33854298271193467,0.33495352033925974
tfidf,1,2,5,fake,312,0,0.36960890840483257,0.36660830303952685
tfidf,1,2,5,fake,316,0,0.47380923081257126,0.47352797468895774
tfidf,1,2,5,fake,324,0,0.5158177838015267,0.5176110677241864
tfidf,1,2,5,fake,328,0,0.66187936533533,0.6599894544933946
tfidf,1,2,5,fake,339,1,0.7379095664119012,0.7384908046528156
tfidf,1,2,5,fake,353,1,0.867875969370971,0.8680892732509328
tfidf,1,2,5,fake,355,1,0.5209151207219413,0.5232959833385588
tfidf,1,2,5,fake,366,0,0.01625412295479615,0.015996807535189037
tfidf,1,2,5,fake,375,0,0.00366167157009612,0.003569977265340193
tfidf,1,2,5,fake,376,1,0.9911650347570843,0.9912345761629708
tfidf,1,2,5,fake,379,0,0.5343557470391086,0.5314969333943745
tfidf,1,2,5,fake,381,1,0.9988589672255128,0.9988513790297473
tfidf,1,2,5,fake,382,0,0.12627369201866173,0.12418335858399313
tfidf,1,2,5,fake,386,1,0.6496951453774519,0.6511963739377107
tfidf,1,2,5,fake,390,0,0.9870655008866934,0.9872525823267156
tfidf,1,2,5,fake,392,0,0.11932297233771001,0.11807986080290052
tfidf,1,2,5,fake,401,0,0.5176307934807034,0.5180518953697653
tfidf,1,2,5,fake,412,1,0.809188650494828,0.8083067125130868
tfidf,1,2,5,fake,422,1,0.6427095804385815,0.6402702576347994
tfidf,1,2,5,fake,427,0,0.008610154447113152,0.00845606329407983
tfidf,1,2,5,fake,440,1,0.974892843716402,0.9749428064848659
tfidf,1,2,5,fake,443,0,0.3243947712064873,0.3217630917590569
tfidf,1,2,5,fake,457,0,0.020210582017999617,0.01989515603844302
tfidf,1,2,5,fake,479,0,0.02188679117768142,0.02147165986685723
tfidf,1,2,5,fake,482,0,0.12184324579506566,0.12056345162092738
tfidf,1,2,5,fake,486,0,0.006244105396522271,0.006207463355365627
tfidf,1,3,5,fake,305,0,0.607999493789182,0.4680728080523826
tfidf,1,3,5,fake,307,0,0.4685042883965189,0.2086249031420146
tfidf,1,3,5,fake,313,0,0.47510872795717535,0.19012480132949794
tfidf,1,3,5,fake,315,0,0.57320658074046,0.21757680356334252
tfidf,1,3,5,fake,317,0,0.7456554764078613,0.8801302286323268
tfidf,1,3,5,fake,320,1,0.812318935902866,0.962004047325843
tfidf,1,3,5,fake,338,1,0.6722521659799101,0.8481918735292362
tfidf,1,3,5,fake,344,1,0.6858705486769835,0.8382077242839401
tfidf,1,3,5,fake,352,1,0.6081892351808252,0.43555783174479046
tfidf,1,3,5,fake,356,1,0.6464926865329521,0.7645567431482774
tfidf,1,3,5,fake,367,1,0.9165373480965714,0.9951981949593214
tfidf,1,3,5,fake,371,0,0.4583337354055824,0.5377730774679037
tfidf,1,3,5,fake,380,1,0.6908517018864893,0.733669677341913
tfidf,1,3,5,fake,383,0,0.3439662662080614,0.09132343505733875
tfidf,1,3,5,fake,393,0,0.27911905516784585,0.09219604269185898
tfidf,1,3,5,fake,395,0,0.4490285545929123,0.6149385563919575
tfidf,1,3,5,fake,397,0,0.40041637253768386,0.5317255197799202
tfidf,1,3,5,fake,425,0,0.7179375972303702,0.7848906392181866
tfidf,1,3,5,fake,430,0,0.40735794429826394,0.15064189844283887
tfidf,1,3,5,fake,436,0,0.15243313470945058,0.017112490842074137
tfidf,1,3,5,fake,439,0,0.3814931526494788,0.2922601602803589
tfidf,1,3,5,fake,446,0,0.20306337404754893,0.030866138227441546
tfidf,1,3,5,fake,447,0,0.33205245279908185,0.2538928695185077
tfidf,1,3,5,fake,459,1,0.8319193192624565,0.9188093344769676
tfidf,1,3,5,fake,474,0,0.21874784404980938,0.0695104868794055
tfidf,1,3,5,fake,475,0,0.1548217188172797,0.021595781381406966
tfidf,1,3,5,fake,489,0,0.1869308215947862,0.024841997566796316
tfidf,1,3,5,fake,491,0,0.4378961329849005,0.11852225600773802
tfidf,1,4,5,fake,318,0,0.28154797197251924,0.15898760144099816
tfidf,1,4,5,fake,322,0,0.47915042059310947,0.5303164618146039
tfidf,1,4,5,fake,326,0,0.4959535882290088,0.3186632975386713
tfidf,1,4,5,fake,327,0,0.723955795820061,0.6829603610685459
tfidf,1,4,5,fake,335,1,0.5462920755843833,0.46890713118909194
tfidf,1,4,5,fake,343,0,0.8396818700015106,0.8426290680324677
tfidf,1,4,5,fake,347,1,0.7871577246154546,0.7942308250016927
tfidf,1,4,5,fake,351,1,0.9723999037142719,0.9824262043062281
tfidf,1,4,5,fake,374,0,0.189561446523781,0.18191463806715363
tfidf,1,4,5,fake,377,1,0.9593812237891326,0.9732059903194923
tfidf,1,4,5,fake,389,1,0.5026474884095823,0.6007202221939696
tfidf,1,4,5,fake,414,1,0.4066322722667293,0.3519624667652468
tfidf,1,4,5,fake,415,0,0.08224910629402316,0.07646779459942803
tfidf,1,4,5,fake,419,0,0.0671651190804044,0.042392393604774425
tfidf,1,4,5,fake,445,0,0.18823211548169136,0.20577709751721932
tfidf,1,4,5,fake,448,1,0.4923671386602794,0.45659880234704203
tfidf,1,4,5,fake,449,0,0.23257735547662045,0.21842874411286728
tfidf,1,4,5,fake,455,0,0.15926248564918508,0.15449232058324944
tfidf,1,4,5,fake,458,0,0.15492021777778864,0.14301680924076365
tfidf,1,4,5,fake,463,0,0.0035304698156037218,0.0018514428289630762
tfidf,1,4,5,fake,464,0,0.09860733494977578,0.07137895162261416
tfidf,1,4,5,fake,471,0,0.1356098954861215,0.08399138589018987
tfidf,1,4,5,fake,472,0,0.04474651588162292,0.03734392884653118
tfidf,1,4,5,fake,477,0,0.2714278687864727,0.32181252027275414
tfidf,1,4,5,fake,478,0,0.5270679495744416,0.5729973502098102
tfidf,1,4,5,fake,483,1,0.9015090555754308,0.8879647379851836
tfidf,1,4,5,fake,488,0,0.26132030606085815,0.20158931404430647
tfidf,1,4,5,fake,492,0,0.045289653760653734,0.05482271709803169
tfidf,1,5,5,fake,302,0,0.03480506714908879,0.034753167827332315
tfidf,1,5,5,fake,321,1,0.6123766063407283,0.6116002139091021
tfidf,1,5,5,fake,325,1,0.9945403532953317,0.9945741587807062
tfidf,1,5,5,fake,330,1,0.4514373130918094,0.45135353677279577
tfidf,1,5,5,fake,333,0,0.5273950897126549,0.5274925325826847
tfidf,1,5,5,fake,336,0,0.1853931718395449,0.18617550105171268
tfidf,1,5,5,fake,340,0,0.16797752480927997,0.16805918595194164
tfidf,1,5,5,fake,341,0,0.7361707874145959,0.7371740892958039
tfidf,1,5,5,fake,348,1,0.8983279745299579,0.8985776821193219
tfidf,1,5,5,fake,350,1,0.8638110796195759,0.8624699228430318
tfidf,1,5,5,fake,360,0,0.8373125837894557,0.8369894150917501
tfidf,1,5,5,fake,368,0,0.13419418757345522,0.13428570186694053
tfidf,1,5,5,fake,370,0,0.12345924681688882,0.12277779954348111
tfidf,1,5,5,fake,385,0,0.5194100879005803,0.5197756783751778
tfidf,1,5,5,fake,388,1,0.5884906923209979,0.5870993358056609
tfidf,1,5,5,fake,406,0,0.039681273648063745,0.03973994690310923
tfidf,1,5,5,fake,409,1,0.5029662340671348,0.5021130576059794
tfidf,1,5,5,fake,417,0,0.10636422444377311,0.10694541665530251
tfidf,1,5,5,fake,418,1,0.6748169324836549,0.6723039186554318
tfidf,1,5,5,fake,428,0,0.1049885604116948,0.10507155619562854
tfidf,1,5,5,fake,429,0,0.21039645158572737,0.20974823507663112
tfidf,1,5,5,fake,434,0,0.03730630270158303,0.03759293051613116
tfidf,1,5,5,fake,437,0,0.06713093592554943,0.06722781570266703
tfidf,1,5,5,fake,441,1,0.5956995477179085,0.5950974525232524
tfidf,1,5,5,fake,444,0,0.07079925418538183,0.0709469014322942
tfidf,1,5,5,fake,456,0,0.035315941998713477,0.0354286416051976
tfidf,1,5,5,fake,468,0,0.2923351183022638,0.2950926647062587
tfidf,1,5,5,fake,485,0,0.023931030097391053,0.02408644317220344
tfidf,1,1,6,fake,319,1,0.7481477379587936,0.7256325553400257
tfidf,1,1,6,fake,331,0,0.4328618428106203,0.6345444252271252
tfidf,1,1,6,fake,345,1,0.7727158071587479,0.7353852818412684
tfidf,1,1,6,fake,346,1,0.9761304426175303,0.8551418479027135
tfidf,1,1,6,fake,357,0,0.5182441264743126,0.6041703533475964
tfidf,1,1,6,fake,358,0,0.6213197815137389,0.6850121223040522
tfidf,1,1,6,fake,362,1,0.9983188979287075,0.9393594180999651
tfidf,1,1,6,fake,363,0,0.02364254431662221,0.23228653508725208
tfidf,1,1,6,fake,364,0,0.4556767127474411,0.5901608062966324
tfidf,1,1,6,fake,369,0,0.2094510262627997,0.3474363740444073
tfidf,1,1,6,fake,372,1,0.7010249080098557,0.7622500698794974
tfidf,1,1,6,fake,391,0,0.4637257551805661,0.4645061594878569
tfidf,1,1,6,fake,400,0,0.6729008125392766,0.5958032351100586
tfidf,1,1,6,fake,402,1,0.9979667211389474,0.8968487088976077
tfidf,1,1,6,fake,403,0,0.02721720102969455,0.13195864119482742
tfidf,1,1,6,fake,404,0,0.06326907916288935,0.29126831241852175
tfidf,1,1,6,fake,413,1,0.9410922786244535,0.7418360581159276
tfidf,1,1,6,fake,416,0,0.024607413192159797,0.17998949537856174
tfidf,1,1,6,fake,420,0,0.12049846621765022,0.32510783365440404
tfidf,1,1,6,fake,423,0,0.9382523355306583,0.7814559949257349
tfidf,1,1,6,fake,426,1,0.3126183058652347,0.5538430781720072
tfidf,1,1,6,fake,433,1,0.384301780450912,0.31204589583808356
tfidf,1,1,6,fake,451,0,0.17800184299735908,0.39158380827561
tfidf,1,1,6,fake,454,0,0.05924601179763948,0.20848156852283659
tfidf,1,1,6,fake,473,0,0.11736904765976268,0.19874585304662126
tfidf,1,1,6,fake,476,0,0.5498596573689923,0.3351906465576881
tfidf,1,1,6,fake,484,0,0.428231983939444,0.5274735373893323
tfidf,1,1,6,fake,487,0,0.34119656507173435,0.42493124396892223
tfidf,1,1,6,fake,490,0,0.33299587211303316,0.327407775900158
tfidf,1,2,6,fake,303,0,0.05065296778784856,0.35635453544083734
tfidf,1,2,6,fake,304,0,0.04581147140786229,0.3949588244913334
tfidf,1,2,6,fake,310,0,0.5863812704592728,0.6464678251515615
tfidf,1,2,6,fake,312,0,0.47772503387662085,0.6148060312802206
tfidf,1,2,6,fake,316,0,0.5649546349567354,0.7064862449117653
tfidf,1,2,6,fake,324,0,0.42447433732841966,0.6455765092024047
tfidf,1,2,6,fake,328,0,0.5610278376874213,0.6482300629962341
tfidf,1,2,6,fake,339,1,0.8312515963532429,0.7987759472340343
tfidf,1,2,6,fake,353,1,0.7475644169524264,0.7333457967524109
tfidf,1,2,6,fake,355,1,0.6265350988291654,0.6687523696164143
tfidf,1,2,6,fake,366,0,0.039469630838843806,0.19018747515342632
tfidf,1,2,6,fake,375,0,0.0038815448665213814,0.10591357640863473
tfidf,1,2,6,fake,376,1,0.9898342860890427,0.916343229864237
tfidf,1,2,6,fake,379,0,0.4618358944508912,0.4449358680673304
tfidf,1,2,6,fake,381,1,0.9156963023530303,0.734176370621769
tfidf,1,2,6,fake,382,0,0.25654538166042845,0.3053656191846836
tfidf,1,2,6,fake,386,1,0.7720094239586592,0.4995235431955042
tfidf,1,2,6,fake,390,0,0.9579598410164938,0.8564326617184668
tfidf,1,2,6,fake,392,0,0.07702108821732705,0.24680371206103763
tfidf,1,2,6,fake,401,0,0.6947971083084553,0.5619639777936708
tfidf,1,2,6,fake,412,1,0.9720659947922827,0.6586723892402452
tfidf,1,2,6,fake,422,1,0.6185928027632426,0.5309844546304421
tfidf,1,2,6,fake,427,0,0.011583672529872064,0.11997755829191062
tfidf,1,2,6,fake,440,1,0.7732541318774696,0.6832965109611093
tfidf,1,2,6,fake,443,0,0.26043445740410703,0.3358817633200228
tfidf,1,2,6,fake,457,0,0.022104408717785393,0.15472154690785767
tfidf,1,2,6,fake,479,0,0.0127489133330522,0.1388120585966718
tfidf,1,2,6,fake,482,0,0.09494079197090467,0.2651780234403799
tfidf,1,2,6,fake,486,0,0.013234359464562258,0.1496911055931418
tfidf,1,3,6,fake,305,0,0.24476181274059708,0.2336312371154615
tfidf,1,3,6,fake,307,0,0.3334119471175415,0.24463477055974178
tfidf,1,3,6,fake,313,0,0.17641563161645926,0.17728222321666356
tfidf,1,3,6,fake,315,0,0.306677189465,0.2152318364301676
tfidf,1,3,6,fake,317,0,0.2439461909623757,0.29867858566310085
tfidf,1,3,6,fake,320,1,0.702335913606825,0.781946983961044
tfidf,1,3,6,fake,338,1,0.5619481619890263,0.6947487104502656
tfidf,1,3,6,fake,344,1,0.6728195567936042,0.7376221817415757
tfidf,1,3,6,fake,352,1,0.7259623982847762,0.6349953720149403
tfidf,1,3,6,fake,356,1,0.9133759067149883,0.9384498408789276
tfidf,1,3,6,fake,367,1,0.9971077887859011,0.997190917977315
tfidf,1,3,6,fake,371,0,0.6614237895424425,0.6990620598522841
tfidf,1,3,6,fake,380,1,0.9512271701881592,0.9165162724374868
tfidf,1,3,6,fake,383,0,0.5085117522548521,0.45518956580754083
tfidf,1,3,6,fake,393,0,0.136710658626022,0.136178959254239
tfidf,1,3,6,fake,395,0,0.5400786253187524,0.6201008035501904
tfidf,1,3,6,fake,397,0,0.17989798895010106,0.18445507054761492
tfidf,1,3,6,fake,425,0,0.46301597412774936,0.48588630571002206
tfidf,1,3,6,fake,430,0,0.21493523148744537,0.18948535912031814
tfidf,1,3,6,fake,436,0,0.07472654583363171,0.06536602806940961
tfidf,1,3,6,fake,439,0,0.1864001750820904,0.19735506709477985
tfidf,1,3,6,fake,446,0,0.07345020387142853,0.08708431057735334
tfidf,1,3,6,fake,447,0,0.38702334143384326,0.40345421826712646
tfidf,1,3,6,fake,459,1,0.9734220808641446,0.974730943631956
tfidf,1,3,6,fake,474,0,0.10877379148524322,0.08562640526812816
tfidf,1,3,6,fake,475,0,0.009395507994444625,0.008680847414448124
tfidf,1,3,6,fake,489,0,0.02700972170641631,0.027715476497887526
tfidf,1,3,6,fake,491,0,0.08254494250472844,0.08639177296044989
tfidf,1,4,6,fake,318,0,0.4359793778849979,0.3669698581575206
tfidf,1,4,6,fake,322,0,0.8492609881252178,0.8436773398946481
tfidf,1,4,6,fake,326,0,0.23904022725933205,0.18331594183777553
tfidf,1,4,6,fake,327,0,0.7841411993244066,0.7674549492132744
tfidf,1,4,6,fake,335,1,0.34655472544416505,0.3232633359335212
tfidf,1,4,6,fake,343,0,0.7949948892127982,0.7905178718967779
tfidf,1,4,6,fake,347,1,0.2326017291920905,0.24661823320514573
tfidf,1,4,6,fake,351,1,0.9350566635452504,0.9488817203378723
tfidf,1,4,6,fake,374,0,0.22250622117456248,0.22086253517757728
tfidf,1,4,6,fake,377,1,0.9924796657387763,0.9931516775815825
tfidf,1,4,6,fake,389,1,0.7398584422317227,0.7627941033621313
tfidf,1,4,6,fake,414,1,0.4765226505205431,0.44043295806293864
tfidf,1,4,6,fake,415,0,0.11346370434513942,0.10347550925009917
tfidf,1,4,6,fake,419,0,0.015473278605360456,0.013080006710040195
tfidf,1,4,6,fake,445,0,0.07827944676764564,0.0908571351725461
tfidf,1,4,6,fake,448,1,0.6784072919903819,0.6908412162185368
tfidf,1,4,6,fake,449,0,0.26202624054325396,0.2539233477591974
tfidf,1,4,6,fake,455,0,0.08137552753815322,0.08165169217225893
tfidf,1,4,6,fake,458,0,0.21091327144366215,0.220699734625497
tfidf,1,4,6,fake,463,0,0.008978217471545709,0.006507015653744475
tfidf,1,4,6,fake,464,0,0.060665769476134605,0.05307334483630844
tfidf,1,4,6,fake,471,0,0.2514663439057048,0.20271993351721415
tfidf,1,4,6,fake,472,0,0.009267656492358107,0.009478075255498009
tfidf,1,4,6,fake,477,0,0.249376477800109,0.2769010319294923
tfidf,1,4,6,fake,478,0,0.6352628338920814,0.6783572745954223
tfidf,1,4,6,fake,483,1,0.7370940652690279,0.7277747800503084
tfidf,1,4,6,fake,488,0,0.2881358616975498,0.24558049881548016
tfidf,1,4,6,fake,492,0,0.05089166432809158,0.05686140303996101
tfidf,1,5,6,fake,302,0,0.4470463087494938,0.4451086387267844
tfidf,1,5,6,fake,321,1,0.7478548043576497,0.7504214411300161
tfidf,1,5,6,fake,325,1,0.7191544397653096,0.7173168777250464
tfidf,1,5,6,fake,330,1,0.687157579911335,0.6870197363161412
tfidf,1,5,6,fake,333,0,0.5682507987343937,0.5682250680983264
tfidf,1,5,6,fake,336,0,0.5564353589341412,0.5478562042960357
tfidf,1,5,6,fake,340,0,0.5578387149251545,0.552777553501598
tfidf,1,5,6,fake,341,0,0.5732063195211567,0.5699820262441319
tfidf,1,5,6,fake,348,1,0.8452710805741863,0.844481405732581
tfidf,1,5,6,fake,350,1,0.6586498572448742,0.668644832107587
tfidf,1,5,6,fake,360,0,0.5735047565909149,0.575809562037775
tfidf,1,5,6,fake,368,0,0.3728940885957234,0.3743517383124063
tfidf,1,5,6,fake,370,0,0.21602222538139806,0.2181283775777279
tfidf,1,5,6,fake,385,0,0.28397438614928094,0.2846047993047677
tfidf,1,5,6,fake,388,1,0.5589894236414041,0.5603266698841629
tfidf,1,5,6,fake,406,0,0.19203420235007526,0.19129783950502027
tfidf,1,5,6,fake,409,1,0.5353587357962265,0.5399321773033384
tfidf,1,5,6,fake,417,0,0.2578865318171157,0.25467947211689085
tfidf,1,5,6,fake,418,1,0.7106773122816469,0.7169952207460227
tfidf,1,5,6,fake,428,0,0.30206815460285164,0.30122920005229464
tfidf,1,5,6,fake,429,0,0.31665331255112317,0.32131962676358355
tfidf,1,5,6,fake,434,0,0.33767093050469743,0.3303164604244188
tfidf,1,5,6,fake,437,0,0.23781470210248715,0.2357895895900625
tfidf,1,5,6,fake,441,1,0.5627097516450584,0.5670053714239082
tfidf,1,5,6,fake,444,0,0.33095414733577344,0.3298913991008175
tfidf,1,5,6,fake,456,0,0.30873178375410587,0.3056893372230307
tfidf,1,5,6,fake,468,0,0.2799072958658427,0.27208930298716766
tfidf,1,5,6,fake,485,0,0.14863002035640757,0.14640648382179458
tfidf,1,1,7,fake,319,1,0.929647024900413,0.9446833771315916
tfidf,1,1,7,fake,331,0,0.4429328985324546,0.5206542527093763
tfidf,1,1,7,fake,345,1,0.8202771338239744,0.8641365386531018
tfidf,1,1,7,fake,346,1,0.8124266064157715,0.8429537075489769
tfidf,1,1,7,fake,357,0,0.44928278749417405,0.5154255799165506
tfidf,1,1,7,fake,358,0,0.7948808644749907,0.8432769057156951
tfidf,1,1,7,fake,362,1,0.9602237389700798,0.9752582969365408
tfidf,1,1,7,fake,363,0,0.12982576892261,0.13270332178764785
tfidf,1,1,7,fake,364,0,0.7022926712968737,0.7674250992743762
tfidf,1,1,7,fake,369,0,0.346428678794567,0.32563550687224196
tfidf,1,1,7,fake,372,1,0.48798640134440807,0.48565620455072117
tfidf,1,1,7,fake,391,0,0.8102174328222194,0.8426094792187319
tfidf,1,1,7,fake,400,0,0.4840829362603307,0.4960744563306268
tfidf,1,1,7,fake,402,1,0.9864379106148701,0.9885006057490588
tfidf,1,1,7,fake,403,0,0.03342860141542691,0.024807987206540646
tfidf,1,1,7,fake,404,0,0.0659515377883795,0.09216398084392742
tfidf,1,1,7,fake,413,1,0.6644562948268884,0.7104881623058097
tfidf,1,1,7,fake,416,0,0.040771907953396413,0.040943565547666434
tfidf,1,1,7,fake,420,0,0.08612508204590791,0.06387194767935668
tfidf,1,1,7,fake,423,0,0.7449628657301182,0.7833839832645917
tfidf,1,1,7,fake,426,1,0.9957238340644026,0.9953575911450921
tfidf,1,1,7,fake,433,1,0.745711418602586,0.7176661523881103
tfidf,1,1,7,fake,451,0,0.10988152161985566,0.09936188512798183
tfidf,1,1,7,fake,454,0,0.04971738245905866,0.05187759769986584
tfidf,1,1,7,fake,473,0,0.18378205995635508,0.17711679749098067
tfidf,1,1,7,fake,476,0,0.1840541854896431,0.16106554535840478
tfidf,1,1,7,fake,484,0,0.2411144972847973,0.2815516998621145
tfidf,1,1,7,fake,487,0,0.33083292014218413,0.31806673371570265
tfidf,1,1,7,fake,490,0,0.27541286539475984,0.24325325882721155
tfidf,1,2,7,fake,303,0,0.14978295918084059,0.14791397258153074
tfidf,1,2,7,fake,304,0,0.07972087470225754,0.06776123441607347
tfidf,1,2,7,fake,310,0,0.5190614840111173,0.4231355957143725
tfidf,1,2,7,fake,312,0,0.2917216890921562,0.24593912125501138
tfidf,1,2,7,fake,316,0,0.5823252826230214,0.5648072396774009
tfidf,1,2,7,fake,324,0,0.24287792496591348,0.2677152945503821
tfidf,1,2,7,fake,328,0,0.5396990860372372,0.4733212857877234
tfidf,1,2,7,fake,339,1,0.6299138723080557,0.6282872864225023
tfidf,1,2,7,fake,353,1,0.8278080651060632,0.8278375223629103
tfidf,1,2,7,fake,355,1,0.7080968070599003,0.7282498861804702
tfidf,1,2,7,fake,366,0,0.011405873827203582,0.008354554818079441
tfidf,1,2,7,fake,375,0,0.002216134043782825,0.0013567282212245645
tfidf,1,2,7,fake,376,1,0.9761139110278602,0.9791115924260994
tfidf,1,2,7,fake,379,0,0.3154663324477559,0.30304899467459084
tfidf,1,2,7,fake,381,1,0.9733867203505217,0.9792929296341478
tfidf,1,2,7,fake,382,0,0.1687631657720679,0.13406177499542377
tfidf,1,2,7,fake,386,1,0.9896930609326458,0.9877227066280388
tfidf,1,2,7,fake,390,0,0.902961844944754,0.9197418917854956
tfidf,1,2,7,fake,392,0,0.09856026265339685,0.08876593111088445
tfidf,1,2,7,fake,401,0,0.7261414356232434,0.7209330798369371
tfidf,1,2,7,fake,412,1,0.6210302843914709,0.6239436461124065
tfidf,1,2,7,fake,422,1,0.727768074708837,0.7051755999008504
tfidf,1,2,7,fake,427,0,0.0155448782032508,0.011274675066461362
tfidf,1,2,7,fake,440,1,0.9461826908553863,0.9469356676683724
tfidf,1,2,7,fake,443,0,0.15531520240241173,0.13796284504455306
tfidf,1,2,7,fake,457,0,0.005513795781182625,0.0039600268922802785
tfidf,1,2,7,fake,479,0,0.030164752391951374,0.025990241893024603
tfidf,1,2,7,fake,482,0,0.09814442958487428,0.07764978897550495
tfidf,1,2,7,fake,486,0,0.02686815156539021,0.024354469760103702
tfidf,1,3,7,fake,305,0,0.5595096941151255,0.5579963877490004
tfidf,1,3,7,fake,307,0,0.4460117812971874,0.41133181646538103
tfidf,1,3,7,fake,313,0,0.5434110416402784,0.5411265071094887
tfidf,1,3,7,fake,315,0,0.7230633438955191,0.6808311075345926
tfidf,1,3,7,fake,317,0,0.6651085891599008,0.6939860679127502
tfidf,1,3,7,fake,320,1,0.8187769102696739,0.8445473278910457
tfidf,1,3,7,fake,338,1,0.5992568347204632,0.6390073691102344
tfidf,1,3,7,fake,344,1,0.5796470131906865,0.6013011328716732
tfidf,1,3,7,fake,352,1,0.7592810986288255,0.7257378035671248
tfidf,1,3,7,fake,356,1,0.7349040367964723,0.7537402783961511
tfidf,1,3,7,fake,367,1,0.9366404133870081,0.9398485719981894
tfidf,1,3,7,fake,371,0,0.4582848359164857,0.46990335706351566
tfidf,1,3,7,fake,380,1,0.6818440457891999,0.6633387741928434
tfidf,1,3,7,fake,383,0,0.3828501273694858,0.3746638881010754
tfidf,1,3,7,fake,393,0,0.2446896584520153,0.24173068053966995
tfidf,1,3,7,fake,395,0,0.46565319659338683,0.4853664313595632
tfidf,1,3,7,fake,397,0,0.37351130859761,0.3687044069615562
tfidf,1,3,7,fake,425,0,0.6384221601967532,0.6496142896868653
tfidf,1,3,7,fake,430,0,0.4083727597548065,0.4031138991556118
tfidf,1,3,7,fake,436,0,0.1442995868857796,0.13959058888747644
tfidf,1,3,7,fake,439,0,0.4164493421500591,0.41975115968106136
tfidf,1,3,7,fake,446,0,0.2647475881246961,0.2716599297885917
tfidf,1,3,7,fake,447,0,0.3014436570771304,0.30267376741448987
tfidf,1,3,7,fake,459,1,0.7489625367048995,0.758775449579696
tfidf,1,3,7,fake,474,0,0.2217560716738887,0.20640277757207917
tfidf,1,3,7,fake,475,0,0.158335344005452,0.153235318556743
tfidf,1,3,7,fake,489,0,0.22093943452132825,0.22100828937657363
tfidf,1,3,7,fake,491,0,0.40918549804329196,0.4186235038269302
tfidf,1,4,7,fake,318,0,0.43255447941193603,0.2943038682423511
tfidf,1,4,7,fake,322,0,0.7570632063579702,0.7932942294053661
tfidf,1,4,7,fake,326,0,0.4581357855851116,0.32341892258709937
tfidf,1,4,7,fake,327,0,0.5696012023272286,0.5291423995077141
tfidf,1,4,7,fake,335,1,0.7518475476014806,0.6424786304125836
tfidf,1,4,7,fake,343,0,0.5196896011490753,0.5361790559406374
tfidf,1,4,7,fake,347,1,0.39877194075003264,0.40585252554881546
tfidf,1,4,7,fake,351,1,0.9773086476708746,0.9854356903801051
tfidf,1,4,7,fake,374,0,0.43764499366925247,0.4100616616963287
tfidf,1,4,7,fake,377,1,0.9900767870027175,0.9937970096951353
tfidf,1,4,7,fake,389,1,0.9218126014722876,0.9354145492161308
tfidf,1,4,7,fake,414,1,0.31853101978251935,0.22926038387140013
tfidf,1,4,7,fake,415,0,0.065752165522719,0.054055788666522
tfidf,1,4,7,fake,419,0,0.01589233430114249,0.010446539528734628
tfidf,1,4,7,fake,445,0,0.0760310752653098,0.08370811181540533
tfidf,1,4,7,fake,448,1,0.27334043952468223,0.26500590107179384
tfidf,1,4,7,fake,449,0,0.3298891887806441,0.27472011904235105
tfidf,1,4,7,fake,455,0,0.04131341334482629,0.04313193537164147
tfidf,1,4,7,fake,458,0,0.22143411697907078,0.21173623845152217
tfidf,1,4,7,fake,463,0,0.006118198820162619,0.002962074653565824
tfidf,1,4,7,fake,464,0,0.04196081650123423,0.03607366949934124
tfidf,1,4,7,fake,471,0,0.05749114300385531,0.03677283862684714
tfidf,1,4,7,fake,472,0,0.030561870982708034,0.025879494195575756
tfidf,1,4,7,fake,477,0,0.7711989906883893,0.7883967563812492
tfidf,1,4,7,fake,478,0,0.7273421562525528,0.7395634487981382
tfidf,1,4,7,fake,483,1,0.9391534449888833,0.9397136897990106
tfidf,1,4,7,fake,488,0,0.09855382952730114,0.07457365583321168
tfidf,1,4,7,fake,492,0,0.02436290375147721,0.03204643268787371
tfidf,1,5,7,fake,302,0,0.34995131210677505,0.026739809493064183
tfidf,1,5,7,fake,321,1,0.7147925606925937,0.6043712182731346
tfidf,1,5,7,fake,325,1,0.8197921891633898,0.962692327864195
tfidf,1,5,7,fake,330,1,0.5521393819327238,0.2448340409770929
tfidf,1,5,7,fake,333,0,0.695085393649284,0.6754959546386692
tfidf,1,5,7,fake,336,0,0.5855992159013322,0.31903017163525066
tfidf,1,5,7,fake,340,0,0.550853521089081,0.25211880231336686
tfidf,1,5,7,fake,341,0,0.6049056983092393,0.3715168539187806
tfidf,1,5,7,fake,348,1,0.6559384226495903,0.5139349020852247
tfidf,1,5,7,fake,350,1,0.8601756674009711,0.9857959859071497
tfidf,1,5,7,fake,360,0,0.5940678402750124,0.5929418880449704
tfidf,1,5,7,fake,368,0,0.4240478056021781,0.2253369301494143
tfidf,1,5,7,fake,370,0,0.2418842089729877,0.09825199680049948
tfidf,1,5,7,fake,385,0,0.2648758398435233,0.11566084074019223
tfidf,1,5,7,fake,388,1,0.5890063562248786,0.7838790055422993
tfidf,1,5,7,fake,406,0,0.17425886959684375,0.06594969828183075
tfidf,1,5,7,fake,409,1,0.4887075203566904,0.41688577625123624
tfidf,1,5,7,fake,417,0,0.24827610981075593,0.06765921452084525
tfidf,1,5,7,fake,418,1,0.7154140916920723,0.9004407818615914
tfidf,1,5,7,fake,428,0,0.27642865444341114,0.13108138933198138
tfidf,1,5,7,fake,429,0,0.3992193444548641,0.32757674906245543
tfidf,1,5,7,fake,434,0,0.4084537460213788,0.4896315135900356
tfidf,1,5,7,fake,437,0,0.25047620358901895,0.11677092452060214
tfidf,1,5,7,fake,441,1,0.679522006419692,0.8405738973929393
tfidf,1,5,7,fake,444,0,0.4410398830473063,0.4537396840779981
tfidf,1,5,7,fake,456,0,0.1547766832157588,0.038426738092264906
tfidf,1,5,7,fake,468,0,0.1777103972197128,0.06155190386828864
tfidf,1,5,7,fake,485,0,0.12088160226943169,0.008976226775262355
tfidf,1,1,8,fake,319,1,0.7353599112627734,0.8150334971472883
tfidf,1,1,8,fake,331,0,0.5330244213965523,0.6571789438756535
tfidf,1,1,8,fake,345,1,0.9613913223859606,0.9714700955208466
tfidf,1,1,8,fake,346,1,0.7814241970402472,0.8336712942672373
tfidf,1,1,8,fake,357,0,0.4620716026125746,0.5059207432158428
tfidf,1,1,8,fake,358,0,0.7453815425371103,0.8304124487019793
tfidf,1,1,8,fake,362,1,0.8536189741400588,0.9181128163599463
tfidf,1,1,8,fake,363,0,0.13673589047367654,0.1330996031110651
tfidf,1,1,8,fake,364,0,0.8121628895747203,0.8816602958647661
tfidf,1,1,8,fake,369,0,0.271833710852354,0.2526746115396642
tfidf,1,1,8,fake,372,1,0.9940123497371302,0.9938997674485937
tfidf,1,1,8,fake,391,0,0.3647879750099494,0.47879235240868195
tfidf,1,1,8,fake,400,0,0.8963579646963311,0.8926979501249832
tfidf,1,1,8,fake,402,1,0.94951230039149,0.9587790039864491
tfidf,1,1,8,fake,403,0,0.02473308823609967,0.02026186057160359
tfidf,1,1,8,fake,404,0,0.07639920981223937,0.12203861405759513
tfidf,1,1,8,fake,413,1,0.8048269374692244,0.8544585644176657
tfidf,1,1,8,fake,416,0,0.007348054666711337,0.00908410845787536
tfidf,1,1,8,fake,420,0,0.2348258043899457,0.1806459054881934
tfidf,1,1,8,fake,423,0,0.9400439498322207,0.9613242827615837
tfidf,1,1,8,fake,426,1,0.9513989625398034,0.9599940146736207
tfidf,1,1,8,fake,433,1,0.8607998211626517,0.8525471444405803
tfidf,1,1,8,fake,451,0,0.19210335052526117,0.16213412972366073
tfidf,1,1,8,fake,454,0,0.034312896728930724,0.042524151126535695
tfidf,1,1,8,fake,473,0,0.026891540873066253,0.02566990814761077
tfidf,1,1,8,fake,476,0,0.08150527787107337,0.08091402809320533
tfidf,1,1,8,fake,484,0,0.2770108393692195,0.34504258398990384
tfidf,1,1,8,fake,487,0,0.5261086307595144,0.49483239209520874
tfidf,1,1,8,fake,490,0,0.06272340752205785,0.06726367831793334
tfidf,1,2,8,fake,303,0,0.15170592398621968,0.15471869433441052
tfidf,1,2,8,fake,304,0,0.10165028260713475,0.09133849670277623
tfidf,1,2,8,fake,310,0,0.4865011697170453,0.42992354509276537
tfidf,1,2,8,fake,312,0,0.4823336598885053,0.44575326012701594
tfidf,1,2,8,fake,316,0,0.5010925331248387,0.493210415108159
tfidf,1,2,8,fake,324,0,0.5184530832429602,0.5331985789774377
tfidf,1,2,8,fake,328,0,0.680157008824828,0.6574076315146511
tfidf,1,2,8,fake,339,1,0.8558883555690646,0.8622866352395827
tfidf,1,2,8,fake,353,1,0.7255734941218575,0.734351927659393
tfidf,1,2,8,fake,355,1,0.8588907421331995,0.8816686199847104
tfidf,1,2,8,fake,366,0,0.02243633492034082,0.019235800994300258
tfidf,1,2,8,fake,375,0,0.0038447779030818677,0.003192503206417869
tfidf,1,2,8,fake,376,1,0.9529316567184871,0.956441281738796
tfidf,1,2,8,fake,379,0,0.6128142577480269,0.5880056597115613
tfidf,1,2,8,fake,381,1,0.8538099501148751,0.8608831439952417
tfidf,1,2,8,fake,382,0,0.3540929734700386,0.3105703520849025
tfidf,1,2,8,fake,386,1,0.6670996603561593,0.6669465103234847
tfidf,1,2,8,fake,390,0,0.9602093327355308,0.9640598154154962
tfidf,1,2,8,fake,392,0,0.1363278720374497,0.1261932760216488
tfidf,1,2,8,fake,401,0,0.7536644994451978,0.7471458331648628
tfidf,1,2,8,fake,412,1,0.7864837939290713,0.781174281533428
tfidf,1,2,8,fake,422,1,0.8395716138840503,0.8335269649531881
tfidf,1,2,8,fake,427,0,0.01749590020691058,0.015297216797815746
tfidf,1,2,8,fake,440,1,0.8795584972182229,0.8836519580337382
tfidf,1,2,8,fake,443,0,0.26336876118087643,0.24606974369926363
tfidf,1,2,8,fake,457,0,0.009165863035306764,0.0077611500571528194
tfidf,1,2,8,fake,479,0,0.024790361322157287,0.021399672297597226
tfidf,1,2,8,fake,482,0,0.053428867008210146,0.050689880047754265
tfidf,1,2,8,fake,486,0,0.018121314079979453,0.017019850228316286
tfidf,1,3,8,fake,305,0,0.4600977042697696,0.22812597851669453
tfidf,1,3,8,fake,307,0,0.5440740366309679,0.4056465222872923
tfidf,1,3,8,fake,313,0,0.4753082168224174,0.24211552229757433
tfidf,1,3,8,fake,315,0,0.4611382594064921,0.012317044058707522
tfidf,1,3,8,fake,317,0,0.3859178310155807,0.26108184462262757
tfidf,1,3,8,fake,320,1,0.7501805063382715,0.9808338573252458
tfidf,1,3,8,fake,338,1,0.8043939396440435,0.995203871308472
tfidf,1,3,8,fake,344,1,0.48517586885620945,0.8863635996598627
tfidf,1,3,8,fake,352,1,0.7605897471085402,0.0170580706564471
tfidf,1,3,8,fake,356,1,0.9051555855770588,0.9983287820423108
tfidf,1,3,8,fake,367,1,0.9983279089460267,0.9998612528354718
tfidf,1,3,8,fake,371,0,0.3170674544299253,0.38901052223521887
tfidf,1,3,8,fake,380,1,0.7905342410991083,0.4303422533229338
tfidf,1,3,8,fake,383,0,0.021981693485703453,0.00010591015279130414
tfidf,1,3,8,fake,393,0,0.12883692464063173,0.005210831717768293
tfidf,1,3,8,fake,395,0,0.7544155907140353,0.9899986286464382
tfidf,1,3,8,fake,397,0,0.27503498461213655,0.13581532269756447
tfidf,1,3,8,fake,425,0,0.2981599502497836,0.005672711889111583
tfidf,1,3,8,fake,430,0,0.09713107534588003,0.009136334813439421
tfidf,1,3,8,fake,436,0,0.056842337572093234,0.0021833179442953396
tfidf,1,3,8,fake,439,0,0.3091704544327906,0.19063060001709406
tfidf,1,3,8,fake,446,0,0.027350353542376343,0.00242089237070537
tfidf,1,3,8,fake,447,0,0.23110686157761204,0.2537854385136034
tfidf,1,3,8,fake,459,1,0.7322180733532304,0.9253559005024176
tfidf,1,3,8,fake,474,0,0.053062955548541124,0.004773766475130945
tfidf,1,3,8,fake,475,0,0.017580298138249618,0.0014473317731357267
tfidf,1,3,8,fake,489,0,0.076526303859862,0.019007601388339675
tfidf,1,3,8,fake,491,0,0.1020263753960432,0.0097218410955964
tfidf,1,4,8,fake,318,0,0.509632205009972,0.26582167390737776
tfidf,1,4,8,fake,322,0,0.6540007738723037,0.7129554162405107
tfidf,1,4,8,fake,326,0,0.29870366363550593,0.18675328879972486
tfidf,1,4,8,fake,327,0,0.6552067532128477,0.5887019999290993
tfidf,1,4,8,fake,335,1,0.64834380992885,0.5483878275134773
tfidf,1,4,8,fake,343,0,0.6302552449958227,0.6070577702088787
tfidf,1,4,8,fake,347,1,0.813640353303618,0.8335450842211604
tfidf,1,4,8,fake,351,1,0.7178265201824847,0.8281344768143774
tfidf,1,4,8,fake,374,0,0.2484235570296228,0.22875371686189255
tfidf,1,4,8,fake,377,1,0.920572905409997,0.9550040157678238
tfidf,1,4,8,fake,389,1,0.8834267753535131,0.9356705891969568
tfidf,1,4,8,fake,414,1,0.6673227754825618,0.5460750829966518
tfidf,1,4,8,fake,415,0,0.2548258114061512,0.23672996246824654
tfidf,1,4,8,fake,419,0,0.01480126424166324,0.009763952930345368
tfidf,1,4,8,fake,445,0,0.19379024508136353,0.20373755397369958
tfidf,1,4,8,fake,448,1,0.5424086813937008,0.5072343335834221
tfidf,1,4,8,fake,449,0,0.32763841371977154,0.2726459891971651
tfidf,1,4,8,fake,455,0,0.11546482910412696,0.1067045102608368
tfidf,1,4,8,fake,458,0,0.36626740034376504,0.36810146750377953
tfidf,1,4,8,fake,463,0,0.01234006644388939,0.0059488545698758045
tfidf,1,4,8,fake,464,0,0.15772245722178363,0.11298698667382642
tfidf,1,4,8,fake,471,0,0.14257930174974592,0.08612706742435522
tfidf,1,4,8,fake,472,0,0.02114815499371037,0.01558274355848551
tfidf,1,4,8,fake,477,0,0.22332389754549886,0.26547811498747964
tfidf,1,4,8,fake,478,0,0.52832579517566,0.5656985999759007
tfidf,1,4,8,fake,483,1,0.9693324452182073,0.9679686000153838
tfidf,1,4,8,fake,488,0,0.11061986019989699,0.07063630097751802
tfidf,1,4,8,fake,492,0,0.06557131523655824,0.0712211441242799
tfidf,1,5,8,fake,302,0,0.07347997195347816,0.0686288402977553
tfidf,1,5,8,fake,321,1,0.817952837556638,0.8300607331923103
tfidf,1,5,8,fake,325,1,0.9449376533366287,0.9371374845848761
tfidf,1,5,8,fake,330,1,0.20560231228346773,0.2260249536333163
tfidf,1,5,8,fake,333,0,0.28191544547415937,0.2690586255893147
tfidf,1,5,8,fake,336,0,0.26428653560199517,0.2155728897949901
tfidf,1,5,8,fake,340,0,0.13619934757277308,0.12797446070721522
tfidf,1,5,8,fake,341,0,0.542086353010874,0.51141181141963
tfidf,1,5,8,fake,348,1,0.835606914624017,0.8237232410456397
tfidf,1,5,8,fake,350,1,0.7908545302036232,0.8335915690194664
tfidf,1,5,8,fake,360,0,0.5867194008330583,0.5933828878003827
tfidf,1,5,8,fake,368,0,0.5197607588645594,0.5141731296905728
tfidf,1,5,8,fake,370,0,0.07589335811707305,0.08226949043817017
tfidf,1,5,8,fake,385,0,0.18900528832973204,0.18332419073501313
tfidf,1,5,8,fake,388,1,0.6033845532944734,0.6521758286900855
tfidf,1,5,8,fake,406,0,0.5349109800059656,0.5373607693862339
tfidf,1,5,8,fake,409,1,0.9168239682735605,0.931502768268424
tfidf,1,5,8,fake,417,0,0.09306981247985421,0.07585069091608684
tfidf,1,5,8,fake,418,1,0.7359598649965854,0.7764896161083542
tfidf,1,5,8,fake,428,0,0.11753008353747008,0.12982532876426825
tfidf,1,5,8,fake,429,0,0.09251681154047055,0.11438534552186207
tfidf,1,5,8,fake,434,0,0.04699623763001617,0.03877603733866826
tfidf,1,5,8,fake,437,0,0.0755506201656042,0.0706903217975884
tfidf,1,5,8,fake,441,1,0.6812893888747669,0.7059203381958157
tfidf,1,5,8,fake,444,0,0.053561322997953305,0.05589698911388002
tfidf,1,5,8,fake,456,0,0.023282635980783423,0.023184155707592146
tfidf,1,5,8,fake,468,0,0.060792859932130024,0.04845675306433638
tfidf,1,5,8,fake,485,0,0.0808110369907322,0.06819286577024186
tfidf,1,1,9,fake,319,1,0.8337313997478961,0.8461245226335931
tfidf,1,1,9,fake,331,0,0.6182144932044027,0.6391314684388348
tfidf,1,1,9,fake,345,1,0.6865312182735024,0.7111671490917546
tfidf,1,1,9,fake,346,1,0.8462038723400345,0.8524527154086031
tfidf,1,1,9,fake,357,0,0.612135931646416,0.6194119245865523
tfidf,1,1,9,fake,358,0,0.7016055593293539,0.7231345998856112
tfidf,1,1,9,fake,362,1,0.936995098887123,0.9447151738223589
tfidf,1,1,9,fake,363,0,0.403623594019307,0.4034696208810292
tfidf,1,1,9,fake,364,0,0.5646095405692794,0.5961922072934249
tfidf,1,1,9,fake,369,0,0.34101455064861586,0.33774982875902665
tfidf,1,1,9,fake,372,1,0.69111545446504,0.7016939967696548
tfidf,1,1,9,fake,391,0,0.4113505847979897,0.43213031711162114
tfidf,1,1,9,fake,400,0,0.5973127261340243,0.5961510726291737
tfidf,1,1,9,fake,402,1,0.8007763829255105,0.8051272706501124
tfidf,1,1,9,fake,403,0,0.15437271455547089,0.14607869962980147
tfidf,1,1,9,fake,404,0,0.2672119666465061,0.28314056645722413
tfidf,1,1,9,fake,413,1,0.6360143516761478,0.6484899194402853
tfidf,1,1,9,fake,416,0,0.17304801424231533,0.16930241909987268
tfidf,1,1,9,fake,420,0,0.3424599955596706,0.3268704619198894
tfidf,1,1,9,fake,423,0,0.7266705053999788,0.7388796148048166
tfidf,1,1,9,fake,426,1,0.6777996469810176,0.6891830286357151
tfidf,1,1,9,fake,433,1,0.3088847774415727,0.30661797787285644
tfidf,1,1,9,fake,451,0,0.3878196068946957,0.38832572521998326
tfidf,1,1,9,fake,454,0,0.19681483121929,0.2008420006511456
tfidf,1,1,9,fake,473,0,0.13666814925379764,0.1349735780491275
tfidf,1,1,9,fake,476,0,0.27984920048979356,0.2733082189671802
tfidf,1,1,9,fake,484,0,0.5466149439148403,0.5604417251184376
tfidf,1,1,9,fake,487,0,0.4149492620466608,0.41096790490358326
tfidf,1,1,9,fake,490,0,0.24413999242683157,0.23858609726328436
tfidf,1,2,9,fake,303,0,0.1408967308824673,0.14359202529430576
tfidf,1,2,9,fake,304,0,0.06811704136299163,0.06371343726917494
tfidf,1,2,9,fake,310,0,0.5332335040138309,0.498544780760719
tfidf,1,2,9,fake,312,0,0.3877537379303835,0.36752181236894255
tfidf,1,2,9,fake,316,0,0.6931940708788791,0.6883097145059627
tfidf,1,2,9,fake,324,0,0.3111003122460462,0.32961346910563555
tfidf,1,2,9,fake,328,0,0.7252296987451993,0.7156212882389216
tfidf,1,2,9,fake,339,1,0.983724141161521,0.9796155090707823
tfidf,1,2,9,fake,353,1,0.6824503788661596,0.6855139162799156
tfidf,1,2,9,fake,355,1,0.6979012371646995,0.721555834238178
tfidf,1,2,9,fake,366,0,0.06557067408625661,0.05868460803890799
tfidf,1,2,9,fake,375,0,0.0065329051295807865,0.005484944734923126
tfidf,1,2,9,fake,376,1,0.958064389007639,0.9621106389715789
tfidf,1,2,9,fake,379,0,0.25296113261086006,0.23934416168984823
tfidf,1,2,9,fake,381,1,0.9249012826661831,0.9272977093833786
tfidf,1,2,9,fake,382,0,0.2425339947339649,0.21454131626467285
tfidf,1,2,9,fake,386,1,0.7826214710955852,0.7832243302715653
tfidf,1,2,9,fake,390,0,0.9615617612041675,0.9652240670468846
tfidf,1,2,9,fake,392,0,0.05587262085939744,0.05130246275149425
tfidf,1,2,9,fake,401,0,0.5294193967171151,0.5367818194511337
tfidf,1,2,9,fake,412,1,0.6674255822661105,0.6462694563579342
tfidf,1,2,9,fake,422,1,0.3021509719289993,0.29059624909087345
tfidf,1,2,9,fake,427,0,0.021134226197147634,0.018039379053223427
tfidf,1,2,9,fake,440,1,0.8909512152724102,0.8956813678623701
tfidf,1,2,9,fake,443,0,0.2139991996201963,0.19684064421940273
tfidf,1,2,9,fake,457,0,0.01172344587513606,0.009983916182770574
tfidf,1,2,9,fake,479,0,0.03098619935184112,0.02704662139951065
tfidf,1,2,9,fake,482,0,0.08136314598455269,0.0752520547383174
tfidf,1,2,9,fake,486,0,0.013381995788435004,0.012395443717388066
tfidf,1,3,9,fake,305,0,0.6042714314848895,0.5710509384693769
tfidf,1,3,9,fake,307,0,0.19324281582813338,0.12463220661444566
tfidf,1,3,9,fake,313,0,0.4631909184799475,0.42870456404809937
tfidf,1,3,9,fake,315,0,0.2877124833383105,0.20232749958394572
tfidf,1,3,9,fake,317,0,0.434479261134892,0.5320347466384282
tfidf,1,3,9,fake,320,1,0.941502649642286,0.9590469164682452
tfidf,1,3,9,fake,338,1,0.7410177108698026,0.8106771210798916
tfidf,1,3,9,fake,344,1,0.5906998508069086,0.6664320212081843
tfidf,1,3,9,fake,352,1,0.67597367894705,0.5642332117350204
tfidf,1,3,9,fake,356,1,0.523917730670493,0.6329010784373101
tfidf,1,3,9,fake,367,1,0.99308471768166,0.9932006917675688
tfidf,1,3,9,fake,371,0,0.4031681161361781,0.4557699986338895
tfidf,1,3,9,fake,380,1,0.814344476987865,0.7565581227752666
tfidf,1,3,9,fake,383,0,0.08969819397803051,0.0841087251569052
tfidf,1,3,9,fake,393,0,0.21464682185030676,0.20698657502638199
tfidf,1,3,9,fake,395,0,0.4664318541013459,0.5382644949488239
tfidf,1,3,9,fake,397,0,0.42429957295965015,0.40279620181304504
tfidf,1,3,9,fake,425,0,0.46406732629927033,0.4931333082625107
tfidf,1,3,9,fake,430,0,0.1878797338864736,0.1620309928085225
tfidf,1,3,9,fake,436,0,0.018067590165219128,0.016078487126928383
tfidf,1,3,9,fake,439,0,0.1986188055838782,0.19504507207892513
tfidf,1,3,9,fake,446,0,0.2259062517448945,0.22137901146225086
tfidf,1,3,9,fake,447,0,0.23856959276796477,0.23376525382401603
tfidf,1,3,9,fake,459,1,0.9811416464434244,0.9780753069305546
tfidf,1,3,9,fake,474,0,0.05043316353565243,0.04172417342903777
tfidf,1,3,9,fake,475,0,0.03531027645788717,0.030813480301630787
tfidf,1,3,9,fake,489,0,0.06660817101485825,0.06728468715155299
tfidf,1,3,9,fake,491,0,0.24360172951457115,0.25116897706359914
tfidf,1,4,9,fake,318,0,0.342758000915617,0.2706994200966964
tfidf,1,4,9,fake,322,0,0.6049167360815993,0.6358172249652461
tfidf,1,4,9,fake,326,0,0.23744818646944968,0.19322125727098152
tfidf,1,4,9,fake,327,0,0.785509756007062,0.7684768969105127
tfidf,1,4,9,fake,335,1,0.8143629853337949,0.770535002664094
tfidf,1,4,9,fake,343,0,0.7731721062147472,0.7870620539162934
tfidf,1,4,9,fake,347,1,0.777225905393814,0.7895950614547849
tfidf,1,4,9,fake,351,1,0.9230261848791023,0.9376409857563651
tfidf,1,4,9,fake,374,0,0.23298713435085228,0.21133760174897617
tfidf,1,4,9,fake,377,1,0.9890346318567091,0.9921323397025399
tfidf,1,4,9,fake,389,1,0.5145144862328177,0.5723466752356259
tfidf,1,4,9,fake,414,1,0.5928756524627034,0.5187955051892529
tfidf,1,4,9,fake,415,0,0.10239059069534488,0.09159121125642991
tfidf,1,4,9,fake,419,0,0.01449000725447569,0.012410309903835131
tfidf,1,4,9,fake,445,0,0.11430102129819518,0.11578932739144994
tfidf,1,4,9,fake,448,1,0.2235557081627645,0.22968443819778034
tfidf,1,4,9,fake,449,0,0.6135711047347883,0.5682633179369267
tfidf,1,4,9,fake,455,0,0.12287390628589483,0.12024981251850363
tfidf,1,4,9,fake,458,0,0.14413382195780275,0.14516046198487376
tfidf,1,4,9,fake,463,0,0.0033596651570347346,0.0023120816109325616
tfidf,1,4,9,fake,464,0,0.23773866287622333,0.18666661698976705
tfidf,1,4,9,fake,471,0,0.07325459225972371,0.056452312121214675
tfidf,1,4,9,fake,472,0,0.014973850056157161,0.013947118557088268
tfidf,1,4,9,fake,477,0,0.5000913032881934,0.5070825996439661
tfidf,1,4,9,fake,478,0,0.7119354422675652,0.7156327326676252
tfidf,1,4,9,fake,483,1,0.5812043842024057,0.5712727599848728
tfidf,1,4,9,fake,488,0,0.14593758160715886,0.12813818313616063
tfidf,1,4,9,fake,492,0,0.03992061674332012,0.04463834641625405
tfidf,1,5,9,fake,302,0,0.2937467902520352,0.5334978536270377
tfidf,1,5,9,fake,321,1,0.791961108780753,0.7751947847755593
tfidf,1,5,9,fake,325,1,0.8776907119220465,0.7716699981894948
tfidf,1,5,9,fake,330,1,0.5972602045583167,0.6521578468072601
tfidf,1,5,9,fake,333,0,0.602360483724886,0.65720231995289
tfidf,1,5,9,fake,336,0,0.44063449647225217,0.5757850110985434
tfidf,1,5,9,fake,340,0,0.32819505383576003,0.5626081070224077
tfidf,1,5,9,fake,341,0,0.8924907200900682,0.7837111350709539
tfidf,1,5,9,fake,348,1,0.8423981607599387,0.7701035810370832
tfidf,1,5,9,fake,350,1,0.671686593150143,0.6777893323808257
tfidf,1,5,9,fake,360,0,0.45768997932881506,0.5482301848126327
tfidf,1,5,9,fake,368,0,0.20132737681949706,0.41808311176141
tfidf,1,5,9,fake,370,0,0.09266401011618908,0.23197567705660985
tfidf,1,5,9,fake,385,0,0.13858837321394415,0.28515581475396995
tfidf,1,5,9,fake,388,1,0.7333733157170654,0.522464009579246
tfidf,1,5,9,fake,406,0,0.060053684725984,0.18812738126850467
tfidf,1,5,9,fake,409,1,0.8976719892981895,0.6897696035554294
tfidf,1,5,9,fake,417,0,0.17246972312888895,0.36303172781637305
tfidf,1,5,9,fake,418,1,0.6328906223398357,0.599904402650164
tfidf,1,5,9,fake,428,0,0.18311808299707966,0.2976993886582876
tfidf,1,5,9,fake,429,0,0.07653581692268703,0.2629523648359292
tfidf,1,5,9,fake,434,0,0.02902813000254721,0.19114028314141168
tfidf,1,5,9,fake,437,0,0.15952315169930592,0.2664363976037239
tfidf,1,5,9,fake,441,1,0.7956101871423379,0.6391928292285903
tfidf,1,5,9,fake,444,0,0.11415295394079768,0.30999873915548737
tfidf,1,5,9,fake,456,0,0.10843942543109078,0.20291582133238717
tfidf,1,5,9,fake,468,0,0.06563116165131747,0.18510680085068915
tfidf,1,5,9,fake,485,0,0.01848909460336861,0.14340815615690178
tfidf,1,1,10,fake,319,1,0.9905095981766779,0.9948617926667884
tfidf,1,1,10,fake,331,0,0.4048785588814416,0.530356927014421
tfidf,1,1,10,fake,345,1,0.7906006758264076,0.863712510945313
tfidf,1,1,10,fake,346,1,0.8459076373996809,0.8827557985418371
tfidf,1,1,10,fake,357,0,0.818867794340762,0.8461958521909742
tfidf,1,1,10,fake,358,0,0.7537951111409191,0.8480874929584415
tfidf,1,1,10,fake,362,1,0.5149715920394284,0.6936153735588269
tfidf,1,1,10,fake,363,0,0.05822062508577581,0.0639915476412657
tfidf,1,1,10,fake,364,0,0.6693282959438447,0.7585537293837497
tfidf,1,1,10,fake,369,0,0.27093941697385465,0.24651271705197456
tfidf,1,1,10,fake,372,1,0.742867286293421,0.7509345522446498
tfidf,1,1,10,fake,391,0,0.5425018938964901,0.6486533889203123
tfidf,1,1,10,fake,400,0,0.7010349407877007,0.713710776809964
tfidf,1,1,10,fake,402,1,0.9852064892200106,0.9880797265729163
tfidf,1,1,10,fake,403,0,0.021480821467767922,0.01573191146404061
tfidf,1,1,10,fake,404,0,0.0889592597205931,0.12686619995624918
tfidf,1,1,10,fake,413,1,0.9347563693883975,0.9528449614452488
tfidf,1,1,10,fake,416,0,0.04399688193068255,0.041693762198736606
tfidf,1,1,10,fake,420,0,0.10870180633148416,0.08756726292343808
tfidf,1,1,10,fake,423,0,0.9467739927398495,0.9638039190332629
tfidf,1,1,10,fake,426,1,0.8915446753661193,0.9148677775983135
tfidf,1,1,10,fake,433,1,0.41652797061846786,0.44900705248224027
tfidf,1,1,10,fake,451,0,0.40120422106370496,0.35853753398751215
tfidf,1,1,10,fake,454,0,0.06730288134042024,0.08428891965398413
tfidf,1,1,10,fake,473,0,0.046807888246347226,0.05130120066816072
tfidf,1,1,10,fake,476,0,0.30680641624234484,0.2944422035440012
tfidf,1,1,10,fake,484,0,0.23718793072857838,0.284447549341783
tfidf,1,1,10,fake,487,0,0.5031589416601094,0.4917893544108519
tfidf,1,1,10,fake,490,0,0.0752280304156702,0.07092479283317561
tfidf,1,2,10,fake,303,0,0.06290416075704817,0.06747953235511134
tfidf,1,2,10,fake,304,0,0.058858489624635676,0.05350513046816983
tfidf,1,2,10,fake,310,0,0.4832045583089241,0.4162308299784927
tfidf,1,2,10,fake,312,0,0.4179722690519432,0.3820905090153386
tfidf,1,2,10,fake,316,0,0.4930303650184572,0.4898066211583593
tfidf,1,2,10,fake,324,0,0.4765335358094833,0.4974066514446427
tfidf,1,2,10,fake,328,0,0.6961068706209218,0.6756863890622135
tfidf,1,2,10,fake,339,1,0.9678116918522213,0.9694227069646234
tfidf,1,2,10,fake,353,1,0.8675570816446608,0.8678022363769209
tfidf,1,2,10,fake,355,1,0.5129812056415106,0.5447899617455746
tfidf,1,2,10,fake,366,0,0.03420215157582772,0.02747944241787877
tfidf,1,2,10,fake,375,0,0.0034447658811734574,0.002727814458073598
tfidf,1,2,10,fake,376,1,0.9650856141916391,0.9695745917043339
tfidf,1,2,10,fake,379,0,0.3802816047635037,0.36883651677542617
tfidf,1,2,10,fake,381,1,0.9817791164085585,0.9838892971351442
tfidf,1,2,10,fake,382,0,0.1888331056178167,0.14893435074444472
tfidf,1,2,10,fake,386,1,0.6002839798039121,0.5905814654802807
tfidf,1,2,10,fake,390,0,0.9362152099461825,0.9438717766766496
tfidf,1,2,10,fake,392,0,0.09403305208426387,0.08634465137996022
tfidf,1,2,10,fake,401,0,0.8345169259901214,0.8112356560707003
tfidf,1,2,10,fake,412,1,0.6752105064804038,0.6541838824890742
tfidf,1,2,10,fake,422,1,0.8517441380821251,0.840353332614465
tfidf,1,2,10,fake,427,0,0.0072667826639814985,0.00654916028713881
tfidf,1,2,10,fake,440,1,0.7724234518768609,0.7738960903970348
tfidf,1,2,10,fake,443,0,0.27775783841774254,0.24619292742275523
tfidf,1,2,10,fake,457,0,0.01802032376664447,0.014716073055288173
tfidf,1,2,10,fake,479,0,0.00902788881294387,0.007821912334900205
tfidf,1,2,10,fake,482,0,0.23147552928616436,0.20812570919979612
tfidf,1,2,10,fake,486,0,0.010936588786513083,0.009967108757334624
tfidf,1,3,10,fake,305,0,0.3179382211831208,0.2944737157800625
tfidf,1,3,10,fake,307,0,0.3744694477205902,0.22762108017967433
tfidf,1,3,10,fake,313,0,0.2154938365150772,0.2256198556857307
tfidf,1,3,10,fake,315,0,0.33103371756943556,0.18581683355883116
tfidf,1,3,10,fake,317,0,0.5005927326351058,0.6530365024445186
tfidf,1,3,10,fake,320,1,0.9274296989179872,0.9594312182851512
tfidf,1,3,10,fake,338,1,0.6466769003097254,0.8133370942142031
tfidf,1,3,10,fake,344,1,0.38305393775485186,0.5177144932854939
tfidf,1,3,10,fake,352,1,0.594549270072682,0.4155590742521564
tfidf,1,3,10,fake,356,1,0.7335559823098214,0.81884683189053
tfidf,1,3,10,fake,367,1,0.9916295992557832,0.992906879075618
tfidf,1,3,10,fake,371,0,0.6742735690414716,0.7248612606415131
tfidf,1,3,10,fake,380,1,0.568816326601356,0.5177417214953308
tfidf,1,3,10,fake,383,0,0.29031507614409485,0.2679988032056483
tfidf,1,3,10,fake,393,0,0.11328786973741385,0.12460972620895044
tfidf,1,3,10,fake,395,0,0.6976076031863017,0.7797423028118662
tfidf,1,3,10,fake,397,0,0.4502323244216472,0.4251506794444919
tfidf,1,3,10,fake,425,0,0.5514027672608314,0.6439957465792502
tfidf,1,3,10,fake,430,0,0.13781211223084924,0.10826557242809395
tfidf,1,3,10,fake,436,0,0.048222377923339756,0.034856118660796444
tfidf,1,3,10,fake,439,0,0.3583467614586532,0.3407776645403523
tfidf,1,3,10,fake,446,0,0.058194070809745986,0.07117715145065287
tfidf,1,3,10,fake,447,0,0.32644417243877355,0.3051127351406554
tfidf,1,3,10,fake,459,1,0.9836284071565334,0.9810287360599749
tfidf,1,3,10,fake,474,0,0.04294034513121913,0.029197870045664077
tfidf,1,3,10,fake,475,0,0.011118228476381413,0.010738274338895471
tfidf,1,3,10,fake,489,0,0.39092877863021375,0.37493460350090624
tfidf,1,3,10,fake,491,0,0.07269049465903452,0.07416313694598888
tfidf,1,4,10,fake,318,0,0.4706708346156625,0.3644520923823282
tfidf,1,4,10,fake,322,0,0.7282027963702276,0.7570017167915081
tfidf,1,4,10,fake,326,0,0.18229132780923626,0.13927638095793413
tfidf,1,4,10,fake,327,0,0.5913846128961803,0.5708231758239088
tfidf,1,4,10,fake,335,1,0.6800586935483851,0.6407748968965304
tfidf,1,4,10,fake,343,0,0.6072420022481765,0.614476279402976
tfidf,1,4,10,fake,347,1,0.6654380451735437,0.6692139571095352
tfidf,1,4,10,fake,351,1,0.6674770569212808,0.7375831447279455
tfidf,1,4,10,fake,374,0,0.12241801276151809,0.12261078892753745
tfidf,1,4,10,fake,377,1,0.9691566445379872,0.9796977395490847
tfidf,1,4,10,fake,389,1,0.6182866473553941,0.6685537918336147
tfidf,1,4,10,fake,414,1,0.9129252080717206,0.882518841561699
tfidf,1,4,10,fake,415,0,0.08450776885956816,0.07811586934602267
tfidf,1,4,10,fake,419,0,0.03276438094387267,0.024910194858513385
tfidf,1,4,10,fake,445,0,0.09191424160234453,0.09525569418050217
tfidf,1,4,10,fake,448,1,0.2969536565231311,0.28917682474733925
tfidf,1,4,10,fake,449,0,0.2922300696177427,0.27129344479886086
tfidf,1,4,10,fake,455,0,0.08726207166220895,0.09327646581857933
tfidf,1,4,10,fake,458,0,0.06764598600785422,0.07301659037875671
tfidf,1,4,10,fake,463,0,0.013522767690835305,0.009727654919681722
tfidf,1,4,10,fake,464,0,0.05675153081952819,0.05265737257655185
tfidf,1,4,10,fake,471,0,0.11647232828292874,0.08982967640756649
tfidf,1,4,10,fake,472,0,0.09754890075953492,0.08393090093741126
tfidf,1,4,10,fake,477,0,0.5114028920035145,0.5212487911263407
tfidf,1,4,10,fake,478,0,0.644636107212897,0.6704136006877632
tfidf,1,4,10,fake,483,1,0.9667163475064949,0.9590463847583
tfidf,1,4,10,fake,488,0,0.34421479048803605,0.275413040423653
tfidf,1,4,10,fake,492,0,0.06118451746889938,0.0675658638957579
tfidf,1,5,10,fake,302,0,0.06581562486801495,0.06587787527862232
tfidf,1,5,10,fake,321,1,0.6536980057375404,0.6533570331475637
tfidf,1,5,10,fake,325,1,0.7523174625567616,0.7528102865239944
tfidf,1,5,10,fake,330,1,0.637810052095898,0.6378032346765037
tfidf,1,5,10,fake,333,0,0.30306408054839207,0.3039905647519356
tfidf,1,5,10,fake,336,0,0.6939805368811937,0.6975587668125934
tfidf,1,5,10,fake,340,0,0.2893758492307721,0.29058017358021276
tfidf,1,5,10,fake,341,0,0.8353144808469926,0.8369361061884336
tfidf,1,5,10,fake,348,1,0.8701925853312282,0.8713193210877007
tfidf,1,5,10,fake,350,1,0.8382107147602917,0.8351690618698935
tfidf,1,5,10,fake,360,0,0.5600019326227591,0.5569706003137385
tfidf,1,5,10,fake,368,0,0.224143752657209,0.22453878149508139
tfidf,1,5,10,fake,370,0,0.16940924672758356,0.16697489627442363
tfidf,1,5,10,fake,385,0,0.3187514428608632,0.3191015767583207
tfidf,1,5,10,fake,388,1,0.6890656048983909,0.6861411236600222
tfidf,1,5,10,fake,406,0,0.06327352732912638,0.06341637586350475
tfidf,1,5,10,fake,409,1,0.9058835295243396,0.9051989282689218
tfidf,1,5,10,fake,417,0,0.032360152311329195,0.03281932830841601
tfidf,1,5,10,fake,418,1,0.7496918076676452,0.7457434109985205
tfidf,1,5,10,fake,428,0,0.6082596787397772,0.6105570352600997
tfidf,1,5,10,fake,429,0,0.03548804107420902,0.03498974476268056
tfidf,1,5,10,fake,434,0,0.053790404963152814,0.054634815297385786
tfidf,1,5,10,fake,437,0,0.2502471531133837,0.25229737502795724
tfidf,1,5,10,fake,441,1,0.5162341568150814,0.5153130062950269
tfidf,1,5,10,fake,444,0,0.21332991191820713,0.21445419431051638
tfidf,1,5,10,fake,456,0,0.023690366160375946,0.023791065921920394
tfidf,1,5,10,fake,468,0,0.08071364989226082,0.08246709629916525
tfidf,1,5,10,fake,485,0,0.019887454242358243,0.020139851574954456
tfidf,1,1,11,fake,319,1,0.9440893448816068,0.9061682405730609
tfidf,1,1,11,fake,331,0,0.2006849749920611,0.5677037474252132
tfidf,1,1,11,fake,345,1,0.9999999564110765,0.9998108549468342
tfidf,1,1,11,fake,346,1,0.9283038734472675,0.8605789869735991
tfidf,1,1,11,fake,357,0,0.4232221111625295,0.6353604488256431
tfidf,1,1,11,fake,358,0,0.9658886679896268,0.9497169738079171
tfidf,1,1,11,fake,362,1,0.9988767502891224,0.9889604204534782
tfidf,1,1,11,fake,363,0,0.010673246441841009,0.07982963438859997
tfidf,1,1,11,fake,364,0,0.9839212946352828,0.8685111542249354
tfidf,1,1,11,fake,369,0,0.4350177309210204,0.28822487894430143
tfidf,1,1,11,fake,372,1,0.8039937820923851,0.92006825773468
tfidf,1,1,11,fake,391,0,0.03696684112796784,0.343834729483374
tfidf,1,1,11,fake,400,0,0.8575559935796406,0.6296792564787651
tfidf,1,1,11,fake,402,1,0.9552097263729381,0.9385724627497617
tfidf,1,1,11,fake,403,0,0.0033689944895474652,0.018027977766341585
tfidf,1,1,11,fake,404,0,0.0522735465676783,0.24452739319028752
tfidf,1,1,11,fake,413,1,0.9962727885921856,0.9587779677637401
tfidf,1,1,11,fake,416,0,0.009794658831880678,0.05420997487606009
tfidf,1,1,11,fake,420,0,0.016312406611347478,0.06707298316477818
tfidf,1,1,11,fake,423,0,0.9153042641699347,0.9162939704051927
tfidf,1,1,11,fake,426,1,0.012930873214426184,0.30795740324829984
tfidf,1,1,11,fake,433,1,0.5800803900942275,0.3637309720562558
tfidf,1,1,11,fake,451,0,0.021120967064822763,0.19196595936806907
tfidf,1,1,11,fake,454,0,0.03000587492445698,0.10431686887551547
tfidf,1,1,11,fake,473,0,0.001005343670565868,0.02338016547341286
tfidf,1,1,11,fake,476,0,0.009098847251043936,0.07680469829429168
tfidf,1,1,11,fake,484,0,0.8665782195772571,0.7161849662022565
tfidf,1,1,11,fake,487,0,0.10270239793006143,0.2659118297340277
tfidf,1,1,11,fake,490,0,0.27784622286023003,0.33390699904003657
tfidf,1,2,11,fake,303,0,0.3232166414358924,0.039462608295142684
tfidf,1,2,11,fake,304,0,0.4605217011908083,0.144139253867283
tfidf,1,2,11,fake,310,0,0.6656113613656348,0.6024843618391589
tfidf,1,2,11,fake,312,0,0.6317842202506683,0.5244900018385297
tfidf,1,2,11,fake,316,0,0.6921217984582279,0.4724359979772131
tfidf,1,2,11,fake,324,0,0.6443085212603344,0.3991793727781813
tfidf,1,2,11,fake,328,0,0.6812559436186575,0.7233589219065019
tfidf,1,2,11,fake,339,1,0.9100924498240314,0.9920378297221376
tfidf,1,2,11,fake,353,1,0.7667649601149583,0.8655849679709645
tfidf,1,2,11,fake,355,1,0.6969052020792721,0.7551945238508376
tfidf,1,2,11,fake,366,0,0.1665320321580222,0.017338186857115474
tfidf,1,2,11,fake,375,0,0.09314929926426022,0.002268462502847077
tfidf,1,2,11,fake,376,1,0.9059992646222921,0.9944123331305231
tfidf,1,2,11,fake,379,0,0.4112239342683743,0.4437332626438361
tfidf,1,2,11,fake,381,1,0.7294335404409615,0.8816560123271019
tfidf,1,2,11,fake,382,0,0.37001686504111175,0.47248565625265077
tfidf,1,2,11,fake,386,1,0.5995829423620537,0.8914153413357526
tfidf,1,2,11,fake,390,0,0.8407000360820657,0.9406879516487444
tfidf,1,2,11,fake,392,0,0.29593866508559424,0.12735357385282073
tfidf,1,2,11,fake,401,0,0.5576168603559476,0.6526512519436907
tfidf,1,2,11,fake,412,1,0.4153033456897322,0.4518531233671077
tfidf,1,2,11,fake,422,1,0.5087146493529487,0.6369567899794311
tfidf,1,2,11,fake,427,0,0.16187082419644666,0.028238052809895553
tfidf,1,2,11,fake,440,1,0.7522831320616274,0.9364047359729936
tfidf,1,2,11,fake,443,0,0.3336734313107111,0.21740693518428797
tfidf,1,2,11,fake,457,0,0.13449028931237333,0.01140323462860473
tfidf,1,2,11,fake,479,0,0.12457302949833272,0.0077503662186491915
tfidf,1,2,11,fake,482,0,0.24918777858504818,0.0800906427340779
tfidf,1,2,11,fake,486,0,0.1319347078050273,0.008659439448572412
tfidf,1,3,11,fake,305,0,0.4262737912556054,0.39646316923302094
tfidf,1,3,11,fake,307,0,0.19340657701968283,0.12381274078365767
tfidf,1,3,11,fake,313,0,0.30502716529041307,0.31038152647213885
tfidf,1,3,11,fake,315,0,0.465752559732742,0.33665338764222164
tfidf,1,3,11,fake,317,0,0.6147230426505513,0.7121286886312675
tfidf,1,3,11,fake,320,1,0.8343828730985945,0.8904196394080789
tfidf,1,3,11,fake,338,1,0.7332612547269777,0.8213827201241766
tfidf,1,3,11,fake,344,1,0.34194960712802563,0.4266755665224385
tfidf,1,3,11,fake,352,1,0.8949267267277126,0.8311137553093153
tfidf,1,3,11,fake,356,1,0.9024727310326419,0.9288752878797996
tfidf,1,3,11,fake,367,1,0.9929231490071927,0.9926838752653246
tfidf,1,3,11,fake,371,0,0.539867372135183,0.6028453864914868
tfidf,1,3,11,fake,380,1,0.9819177393558856,0.9743673784891618
tfidf,1,3,11,fake,383,0,0.3246049065413395,0.3081505401075522
tfidf,1,3,11,fake,393,0,0.09521330395750062,0.1119339857028401
tfidf,1,3,11,fake,395,0,0.8330904295983644,0.8722077347713859
tfidf,1,3,11,fake,397,0,0.21380863759052332,0.22203467362469684
tfidf,1,3,11,fake,425,0,0.6257822623447931,0.6287658116030789
tfidf,1,3,11,fake,430,0,0.13014808567661224,0.11875537339414977
tfidf,1,3,11,fake,436,0,0.0445431919582961,0.03415523672996519
tfidf,1,3,11,fake,439,0,0.18955511802331734,0.19913237300164396
tfidf,1,3,11,fake,446,0,0.03683575372464044,0.04501356590227043
tfidf,1,3,11,fake,447,0,0.13139996530245743,0.13083810945156696
tfidf,1,3,11,fake,459,1,0.931174155325557,0.9344491642372731
tfidf,1,3,11,fake,474,0,0.043224416172749684,0.032341608484980355
tfidf,1,3,11,fake,475,0,0.09377220889081486,0.09734272358910044
tfidf,1,3,11,fake,489,0,0.11290198933135735,0.10891514218983665
tfidf,1,3,11,fake,491,0,0.16644074517363291,0.18107622427840528
tfidf,1,4,11,fake,318,0,0.304850455221464,0.18288121311527908
tfidf,1,4,11,fake,322,0,0.4727129295438123,0.5168672943964504
tfidf,1,4,11,fake,326,0,0.28551339611612475,0.187497017951562
tfidf,1,4,11,fake,327,0,0.6245120391468534,0.5937822756415365
tfidf,1,4,11,fake,335,1,0.4733111249157294,0.39867621841717554
tfidf,1,4,11,fake,343,0,0.5150312943504536,0.5275253189067399
tfidf,1,4,11,fake,347,1,0.9349982551999203,0.9287508694303377
tfidf,1,4,11,fake,351,1,0.971024468427206,0.9794121612103244
tfidf,1,4,11,fake,374,0,0.37578299394015297,0.36560770858463654
tfidf,1,4,11,fake,377,1,0.9990587671044421,0.9993661012281625
tfidf,1,4,11,fake,389,1,0.5242789651017222,0.6182353592157285
tfidf,1,4,11,fake,414,1,0.6944660870467232,0.6036147760649765
tfidf,1,4,11,fake,415,0,0.12062866299957864,0.11024433173181994
tfidf,1,4,11,fake,419,0,0.010677591818469362,0.007031457688780581
tfidf,1,4,11,fake,445,0,0.05158122989039568,0.05962865155509045
tfidf,1,4,11,fake,448,1,0.3606776279616052,0.3352450436512723
tfidf,1,4,11,fake,449,0,0.3668893681879514,0.31007755106323037
tfidf,1,4,11,fake,455,0,0.06131514820626878,0.05958060715333621
tfidf,1,4,11,fake,458,0,0.1661099976429672,0.17611095664419296
tfidf,1,4,11,fake,463,0,0.005238878489904899,0.0031975092896303946
tfidf,1,4,11,fake,464,0,0.0860977690965183,0.06705354123889724
tfidf,1,4,11,fake,471,0,0.16527277495096326,0.10961000634378183
tfidf,1,4,11,fake,472,0,0.036763303429935716,0.0386994037769739
tfidf,1,4,11,fake,477,0,0.7472641457009073,0.7650825493005753
tfidf,1,4,11,fake,478,0,0.6578775646753126,0.6935454878870284
tfidf,1,4,11,fake,483,1,0.7875706992165027,0.767872452656649
tfidf,1,4,11,fake,488,0,0.44552126169755696,0.3444085942105392
tfidf,1,4,11,fake,492,0,0.12615653216900366,0.13591944810015305
tfidf,1,5,11,fake,302,0,0.035608165860931636,0.036395342813127944
tfidf,1,5,11,fake,321,1,0.5011899274583297,0.49643820368539654
tfidf,1,5,11,fake,325,1,0.9206737117641847,0.9204861695819291
tfidf,1,5,11,fake,330,1,0.5077454960445702,0.5045086943459514
tfidf,1,5,11,fake,333,0,0.5053223118839322,0.5032466112123491
tfidf,1,5,11,fake,336,0,0.44928227974098206,0.468607965746651
tfidf,1,5,11,fake,340,0,0.2699618186104966,0.2718348234956548
tfidf,1,5,11,fake,341,0,0.33710622423571623,0.34280107218149614
tfidf,1,5,11,fake,348,1,0.6579194559495869,0.6551188617275158
tfidf,1,5,11,fake,350,1,0.6627100058814912,0.6402418789492177
tfidf,1,5,11,fake,360,0,0.667855377750781,0.6583905708776344
tfidf,1,5,11,fake,368,0,0.1378980539154749,0.13932698096160379
tfidf,1,5,11,fake,370,0,0.12494391875867984,0.12162174375256435
tfidf,1,5,11,fake,385,0,0.4895129051450393,0.48760953351606695
tfidf,1,5,11,fake,388,1,0.8234644786241361,0.8236319715896006
tfidf,1,5,11,fake,406,0,0.569985268936602,0.5683132133090052
tfidf,1,5,11,fake,409,1,0.8585153368962968,0.8504803867143993
tfidf,1,5,11,fake,417,0,0.1151388173615578,0.12121007202621871
tfidf,1,5,11,fake,418,1,0.8678961418667419,0.860280021424665
tfidf,1,5,11,fake,428,0,0.11537082934542404,0.11543603595228251
tfidf,1,5,11,fake,429,0,0.07142128240751557,0.06843681754273612
tfidf,1,5,11,fake,434,0,0.05357367161370409,0.05779294691841966
tfidf,1,5,11,fake,437,0,0.25603430887483214,0.2535594499061664
tfidf,1,5,11,fake,441,1,0.8131776158409527,0.8033869042338995
tfidf,1,5,11,fake,444,0,0.06357388450145375,0.06406663462439462
tfidf,1,5,11,fake,456,0,0.019704436825464543,0.019822591375691447
tfidf,1,5,11,fake,468,0,0.11935663882189662,0.12883947093204984
tfidf,1,5,11,fake,485,0,0.011629785126428116,0.012105717811818744
tfidf,1,1,12,fake,319,1,0.9911783660672405,0.9218828780763539
tfidf,1,1,12,fake,331,0,0.5097083354133161,0.6370741675375269
tfidf,1,1,12,fake,345,1,0.9631123605351924,0.8409469064425446
tfidf,1,1,12,fake,346,1,0.84505109577318,0.7567914225006726
tfidf,1,1,12,fake,357,0,0.1585673640674053,0.5462742216445794
tfidf,1,1,12,fake,358,0,0.5149075148391372,0.6683926139624276
tfidf,1,1,12,fake,362,1,0.48350442241040126,0.6988722293048277
tfidf,1,1,12,fake,363,0,0.09531278332525919,0.2883271040125739
tfidf,1,1,12,fake,364,0,0.6843381195356563,0.6004583437620035
tfidf,1,1,12,fake,369,0,0.2912587154555338,0.37558760133290964
tfidf,1,1,12,fake,372,1,0.40963717754437995,0.687410368347035
tfidf,1,1,12,fake,391,0,0.3970209459652983,0.4473468455121789
tfidf,1,1,12,fake,400,0,0.9037450470170093,0.7179028532099526
tfidf,1,1,12,fake,402,1,0.955005972638171,0.7784490773692863
tfidf,1,1,12,fake,403,0,0.02240221311733004,0.12859028435664577
tfidf,1,1,12,fake,404,0,0.06996024566305589,0.29445019242051323
tfidf,1,1,12,fake,413,1,0.8882064457073567,0.7246406015764337
tfidf,1,1,12,fake,416,0,0.06120591905358109,0.20655564388297493
tfidf,1,1,12,fake,420,0,0.18096048130878672,0.3447521839313178
tfidf,1,1,12,fake,423,0,0.9167431227453529,0.7257711614199359
tfidf,1,1,12,fake,426,1,0.6811947498415343,0.6529940945536948
tfidf,1,1,12,fake,433,1,0.8047785756803685,0.48726608036051516
tfidf,1,1,12,fake,451,0,0.19129611460344023,0.4531940180859263
tfidf,1,1,12,fake,454,0,0.09102773361403316,0.20411759973578933
tfidf,1,1,12,fake,473,0,0.08258102796977762,0.1882972994914064
tfidf,1,1,12,fake,476,0,0.26415908032410274,0.2796707682405351
tfidf,1,1,12,fake,484,0,0.3336831953349313,0.4847526979024195
tfidf,1,1,12,fake,487,0,0.37414308000429247,0.4023948266740181
tfidf,1,1,12,fake,490,0,0.07762753102997869,0.23437569869304006
tfidf,1,2,12,fake,303,0,0.06828726940216985,0.056859226163399404
tfidf,1,2,12,fake,304,0,0.08302162281018026,0.0651585760785623
tfidf,1,2,12,fake,310,0,0.5547888409089478,0.512743010614235
tfidf,1,2,12,fake,312,0,0.3771538313154531,0.35065695834908334
tfidf,1,2,12,fake,316,0,0.7571247834745057,0.7471942828595294
tfidf,1,2,12,fake,324,0,0.30208101716232044,0.3127412939029027
tfidf,1,2,12,fake,328,0,0.6359626814505518,0.6162971294235489
tfidf,1,2,12,fake,339,1,0.876128491674615,0.8763713243988023
tfidf,1,2,12,fake,353,1,0.9941596031053898,0.9941399416329786
tfidf,1,2,12,fake,355,1,0.6570609983306369,0.6703497966074933
tfidf,1,2,12,fake,366,0,0.021351537451725206,0.019635761203217177
tfidf,1,2,12,fake,375,0,0.004231703567357682,0.003574131407865701
tfidf,1,2,12,fake,376,1,0.9784951419925819,0.9803696847588858
tfidf,1,2,12,fake,379,0,0.38555637773622775,0.37031220633660916
tfidf,1,2,12,fake,381,1,0.7587308156000945,0.7764251176226497
tfidf,1,2,12,fake,382,0,0.1480878083799536,0.13396837937031206
tfidf,1,2,12,fake,386,1,0.7701251387554651,0.776761217723238
tfidf,1,2,12,fake,390,0,0.9392918323449344,0.9443171915929596
tfidf,1,2,12,fake,392,0,0.2791349266554445,0.27160537770318693
tfidf,1,2,12,fake,401,0,0.6604866016630557,0.6560882618700378
tfidf,1,2,12,fake,412,1,0.46882305801598806,0.4659458369457343
tfidf,1,2,12,fake,422,1,0.8748037479780577,0.8609824216948905
tfidf,1,2,12,fake,427,0,0.013773982374052892,0.011710126054005556
tfidf,1,2,12,fake,440,1,0.7823545950668073,0.7842163972999096
tfidf,1,2,12,fake,443,0,0.22976215775811046,0.2161857004859727
tfidf,1,2,12,fake,457,0,0.011485652883111758,0.00993542204569162
tfidf,1,2,12,fake,479,0,0.012523711365394487,0.010498765489710075
tfidf,1,2,12,fake,482,0,0.06150688956446858,0.05682838295665056
tfidf,1,2,12,fake,486,0,0.007058074160992344,0.006642957100681751
tfidf,1,3,12,fake,305,0,0.3341888894597266,0.5624868623800799
tfidf,1,3,12,fake,307,0,0.17282666885610487,0.4319385464878403
tfidf,1,3,12,fake,313,0,0.5588593296962402,0.5943834801399628
tfidf,1,3,12,fake,315,0,0.8656578066135758,0.6427819037871186
tfidf,1,3,12,fake,317,0,0.7125904322122103,0.6651636454766399
tfidf,1,3,12,fake,320,1,0.876353983406849,0.7752703861863216
tfidf,1,3,12,fake,338,1,0.7316348189993961,0.6977963605573961
tfidf,1,3,12,fake,344,1,0.9133811263256227,0.726169344451536
tfidf,1,3,12,fake,352,1,0.5979535710946291,0.5985949234248352
tfidf,1,3,12,fake,356,1,0.8504861965109484,0.7345875323622432
tfidf,1,3,12,fake,367,1,0.9914976972094532,0.9095138382390875
tfidf,1,3,12,fake,371,0,0.467983076082171,0.4497728736390562
tfidf,1,3,12,fake,380,1,0.5404259045516491,0.6336776910933238
tfidf,1,3,12,fake,383,0,0.29370612990771805,0.3863616662433986
tfidf,1,3,12,fake,393,0,0.0991514578373673,0.25025576094992724
tfidf,1,3,12,fake,395,0,0.4311805954553262,0.44375369142807114
tfidf,1,3,12,fake,397,0,0.3477264563286474,0.3578534723755535
tfidf,1,3,12,fake,425,0,0.45145510932310806,0.6622427789489871
tfidf,1,3,12,fake,430,0,0.2579614809808459,0.454533426405334
tfidf,1,3,12,fake,436,0,0.012748745868641425,0.144964798466053
tfidf,1,3,12,fake,439,0,0.046390115691289154,0.28412282856597343
tfidf,1,3,12,fake,446,0,0.15011691464581414,0.3239834835731018
tfidf,1,3,12,fake,447,0,0.5541656429986833,0.401247824105865
tfidf,1,3,12,fake,459,1,0.9230473944662194,0.830414763059213
tfidf,1,3,12,fake,474,0,0.08953921817658642,0.22799190998259086
tfidf,1,3,12,fake,475,0,0.009072746204045641,0.10444209427351075
tfidf,1,3,12,fake,489,0,0.05218673774078043,0.20870376905908294
tfidf,1,3,12,fake,491,0,0.1052848410509386,0.43215931349897113
tfidf,1,4,12,fake,318,0,0.29950443811169697,0.2598265844343345
tfidf,1,4,12,fake,322,0,0.5641854792981654,0.7619843621588575
tfidf,1,4,12,fake,326,0,0.44432408691158165,0.28780673294112635
tfidf,1,4,12,fake,327,0,0.5826247941256018,0.6092996728242974
tfidf,1,4,12,fake,335,1,0.9294658065955071,0.7271299263080836
tfidf,1,4,12,fake,343,0,0.6343830315856892,0.5979182483663396
tfidf,1,4,12,fake,347,1,0.097676087864163,0.3089964100065846
tfidf,1,4,12,fake,351,1,0.7090152950373338,0.7994263004754629
tfidf,1,4,12,fake,374,0,0.0011463022204421071,0.1557345247022454
tfidf,1,4,12,fake,377,1,0.9999826732245728,0.9971863242543227
tfidf,1,4,12,fake,389,1,0.9278129823014698,0.8557714607609942
tfidf,1,4,12,fake,414,1,0.7792319363473865,0.602293893571704
tfidf,1,4,12,fake,415,0,0.03561688388791086,0.08986350937891908
tfidf,1,4,12,fake,419,0,0.0001390720922949991,0.011996526284656469
tfidf,1,4,12,fake,445,0,0.0061204955697368975,0.09096998757576011
tfidf,1,4,12,fake,448,1,0.28510394550194496,0.47918251716652993
tfidf,1,4,12,fake,449,0,0.07589186109524461,0.12266228538036705
tfidf,1,4,12,fake,455,0,0.07179619635656241,0.1470682048217071
tfidf,1,4,12,fake,458,0,0.3897157996431322,0.23973243721367254
tfidf,1,4,12,fake,463,0,0.000640470459160869,0.005867271887705765
tfidf,1,4,12,fake,464,0,0.0009983917638029206,0.026692169973521456
tfidf,1,4,12,fake,471,0,0.008858014254969723,0.05871195716654152
tfidf,1,4,12,fake,472,0,0.0010339786518049523,0.016941545380816332
tfidf,1,4,12,fake,477,0,0.2967190174970839,0.5904685651965377
tfidf,1,4,12,fake,478,0,0.786749783291379,0.7475597773316526
tfidf,1,4,12,fake,483,1,0.9904157140004985,0.8952295646062607
tfidf,1,4,12,fake,488,0,0.663948860682275,0.34453903432412486
tfidf,1,4,12,fake,492,0,0.005736272340518199,0.08628503110915561
tfidf,1,5,12,fake,302,0,0.0587326723772683,0.05873332257454215
tfidf,1,5,12,fake,321,1,0.5090083182399467,0.5098855470779401
tfidf,1,5,12,fake,325,1,0.8710808769458549,0.8686587634326296
tfidf,1,5,12,fake,330,1,0.46111775151230044,0.4637515967199464
tfidf,1,5,12,fake,333,0,0.48272549414597665,0.4847160326903892
tfidf,1,5,12,fake,336,0,0.2184505647778848,0.2141843078685786
tfidf,1,5,12,fake,340,0,0.2532015063241354,0.25183965073655395
tfidf,1,5,12,fake,341,0,0.7998853570894716,0.7994430785751134
tfidf,1,5,12,fake,348,1,0.8706794587554407,0.870381651775281
tfidf,1,5,12,fake,350,1,0.6611713139116441,0.6706193925888435
tfidf,1,5,12,fake,360,0,0.631863443868101,0.6357015703955337
tfidf,1,5,12,fake,368,0,0.2830450988521703,0.28130588651184846
tfidf,1,5,12,fake,370,0,0.14337234153868375,0.1449115552818967
tfidf,1,5,12,fake,385,0,0.11942882901244217,0.11974153309048334
tfidf,1,5,12,fake,388,1,0.6675778348231032,0.6702584582904567
tfidf,1,5,12,fake,406,0,0.056339713124517556,0.05614056314909117
tfidf,1,5,12,fake,409,1,0.47684995020905646,0.4820747398255211
tfidf,1,5,12,fake,417,0,0.06670459644302697,0.06512790149305475
tfidf,1,5,12,fake,418,1,0.990544887212194,0.9908623793558741
tfidf,1,5,12,fake,428,0,0.13386132226984732,0.13400534556007604
tfidf,1,5,12,fake,429,0,0.14741978535670305,0.15000862574931995
tfidf,1,5,12,fake,434,0,0.4153541748649828,0.40844080178480857
tfidf,1,5,12,fake,437,0,0.05997852292974758,0.05954867106019354
tfidf,1,5,12,fake,441,1,0.8506056842406423,0.8506136706091918
tfidf,1,5,12,fake,444,0,0.06258701768468725,0.062247878137045604
tfidf,1,5,12,fake,456,0,0.12372610543980875,0.12284416788977812
tfidf,1,5,12,fake,468,0,0.04929490004043891,0.04756685228445479
tfidf,1,5,12,fake,485,0,0.12318743139423076,0.12160330675993168
tfidf,1,1,13,fake,319,1,0.8688611390906105,0.9310417799968204
tfidf,1,1,13,fake,331,0,0.5024362388081539,0.6556378368372482
tfidf,1,1,13,fake,345,1,0.8221267830247001,0.8956700957302635
tfidf,1,1,13,fake,346,1,0.865667518307896,0.9028026934787708
tfidf,1,1,13,fake,357,0,0.4514584792036497,0.4958703979988106
tfidf,1,1,13,fake,358,0,0.774365953383864,0.8632773070808226
tfidf,1,1,13,fake,362,1,0.9688073109501063,0.9858100789948759
tfidf,1,1,13,fake,363,0,0.14354953331547302,0.1342006870464766
tfidf,1,1,13,fake,364,0,0.6409905886591712,0.7642218659935207
tfidf,1,1,13,fake,369,0,0.13066730693891512,0.0928603376120576
tfidf,1,1,13,fake,372,1,0.9980367429521884,0.9986563152545377
tfidf,1,1,13,fake,391,0,0.4604474623829082,0.6419563442236479
tfidf,1,1,13,fake,400,0,0.3648969141773012,0.3721347584027054
tfidf,1,1,13,fake,402,1,0.944869953236415,0.9512876155699351
tfidf,1,1,13,fake,403,0,0.02445673212368824,0.017185473647210237
tfidf,1,1,13,fake,404,0,0.19263360417171696,0.3036073678247874
tfidf,1,1,13,fake,413,1,0.9113640313460116,0.9468514677445156
tfidf,1,1,13,fake,416,0,0.16221692130701565,0.15657022836969708
tfidf,1,1,13,fake,420,0,0.22354290351158265,0.14582725963744134
tfidf,1,1,13,fake,423,0,0.8033967888487966,0.8606564951626278
tfidf,1,1,13,fake,426,1,0.30391634725841615,0.3690310035407575
tfidf,1,1,13,fake,433,1,0.7385339814791791,0.7166460942323217
tfidf,1,1,13,fake,451,0,0.45706126393457075,0.40572819713334995
tfidf,1,1,13,fake,454,0,0.5134468823131951,0.5312157771718246
tfidf,1,1,13,fake,473,0,0.05504867927014197,0.050571157286272116
tfidf,1,1,13,fake,476,0,0.183978226327807,0.15225112794241966
tfidf,1,1,13,fake,484,0,0.16995260174769575,0.23557908093466073
tfidf,1,1,13,fake,487,0,0.28954036356943197,0.2886410709418396
tfidf,1,1,13,fake,490,0,0.16609552802701874,0.13285672118337322
tfidf,1,2,13,fake,303,0,0.0560322673099825,0.0613631794246216
tfidf,1,2,13,fake,304,0,0.06920200208016719,0.06531150698809479
tfidf,1,2,13,fake,310,0,0.4267454814257991,0.3825336520574934
tfidf,1,2,13,fake,312,0,0.3132066356193477,0.28765803438726195
tfidf,1,2,13,fake,316,0,0.523342210918695,0.5210520026686666
tfidf,1,2,13,fake,324,0,0.3698802436907117,0.39808871412334407
tfidf,1,2,13,fake,328,0,0.7021180644947356,0.6832622703467168
tfidf,1,2,13,fake,339,1,0.7577479934909681,0.7569574570947856
tfidf,1,2,13,fake,353,1,0.691164069133957,0.6933979757660051
tfidf,1,2,13,fake,355,1,0.5997037185326936,0.6280840391955388
tfidf,1,2,13,fake,366,0,0.016943480483793478,0.01498509776283797
tfidf,1,2,13,fake,375,0,0.0023261743047312123,0.0019066208357148453
tfidf,1,2,13,fake,376,1,0.9800590975214156,0.9818632561200719
tfidf,1,2,13,fake,379,0,0.5567427404061547,0.5297075030522714
tfidf,1,2,13,fake,381,1,0.9622726103850705,0.9644287261544547
tfidf,1,2,13,fake,382,0,0.33727510401112015,0.3012951054336641
tfidf,1,2,13,fake,386,1,0.9754265233368662,0.9765780955457634
tfidf,1,2,13,fake,390,0,0.9695785039158018,0.9735931509261667
tfidf,1,2,13,fake,392,0,0.1390338586198128,0.1332071822916418
tfidf,1,2,13,fake,401,0,0.7021307574890049,0.7004263101746591
tfidf,1,2,13,fake,412,1,0.770540421342452,0.7646114356321804
tfidf,1,2,13,fake,422,1,0.6125246912651688,0.5978087851123153
tfidf,1,2,13,fake,427,0,0.020358024570453184,0.017296264887639197
tfidf,1,2,13,fake,440,1,0.9010882610745746,0.9017768899522499
tfidf,1,2,13,fake,443,0,0.1875608515701413,0.17001079395033317
tfidf,1,2,13,fake,457,0,0.01197141210021175,0.010511610540850707
tfidf,1,2,13,fake,479,0,0.012315443268049415,0.010714096689374219
tfidf,1,2,13,fake,482,0,0.10509761300443334,0.09700918592737652
tfidf,1,2,13,fake,486,0,0.015312984913142752,0.013328567599716495
tfidf,1,3,13,fake,305,0,0.18462668202802962,0.527265395425747
tfidf,1,3,13,fake,307,0,0.12449360982448505,0.39819902533924356
tfidf,1,3,13,fake,313,0,0.4503039265628254,0.5800690671641578
tfidf,1,3,13,fake,315,0,0.35924240188414563,0.5359557465438674
tfidf,1,3,13,fake,317,0,0.7097508786503858,0.7086300731249505
tfidf,1,3,13,fake,320,1,0.9262957442544917,0.8342379130923278
tfidf,1,3,13,fake,338,1,0.8632921903172643,0.7335585870020284
tfidf,1,3,13,fake,344,1,0.3871739305070276,0.5763412195242055
tfidf,1,3,13,fake,352,1,0.7343792394579391,0.6029930870851007
tfidf,1,3,13,fake,356,1,0.956699195454722,0.7936625386543311
tfidf,1,3,13,fake,367,1,0.9961326194300982,0.924785614853715
tfidf,1,3,13,fake,371,0,0.16365069706455607,0.3894783860541374
tfidf,1,3,13,fake,380,1,0.9472618349202572,0.7626795702251766
tfidf,1,3,13,fake,383,0,0.32723324195494247,0.4106389367551821
tfidf,1,3,13,fake,393,0,0.1925049875912791,0.2908937467949545
tfidf,1,3,13,fake,395,0,0.4844166470221667,0.4667585890675969
tfidf,1,3,13,fake,397,0,0.25197782119525164,0.3093228666544903
tfidf,1,3,13,fake,425,0,0.5927612124480256,0.6825313266223627
tfidf,1,3,13,fake,430,0,0.09984853825046036,0.3685147352560618
tfidf,1,3,13,fake,436,0,0.03932289475196765,0.1609798679573227
tfidf,1,3,13,fake,439,0,0.7827462760157693,0.5299336861774294
tfidf,1,3,13,fake,446,0,0.06419225715033001,0.26451374140662787
tfidf,1,3,13,fake,447,0,0.3351220679669182,0.3489626911072248
tfidf,1,3,13,fake,459,1,0.8293151133314712,0.7631479084510749
tfidf,1,3,13,fake,474,0,0.035088062445948774,0.16632198275258203
tfidf,1,3,13,fake,475,0,0.007440180165851399,0.10111494002669244
tfidf,1,3,13,fake,489,0,0.15525063417562932,0.27019377383898474
tfidf,1,3,13,fake,491,0,0.14166144620786011,0.47194805957016445
tfidf,1,4,13,fake,318,0,0.3084155509201013,0.2083082088237306
tfidf,1,4,13,fake,322,0,0.7477249947155615,0.7928368349851274
tfidf,1,4,13,fake,326,0,0.3259917035740235,0.22512854660951775
tfidf,1,4,13,fake,327,0,0.7950445699362201,0.7825428061712301
tfidf,1,4,13,fake,335,1,0.5736366875583041,0.5020155477716085
tfidf,1,4,13,fake,343,0,0.7238060629474903,0.7446544289363528
tfidf,1,4,13,fake,347,1,0.763721519994732,0.7548059777624617
tfidf,1,4,13,fake,351,1,0.9243913257744317,0.9538932439614967
tfidf,1,4,13,fake,374,0,0.14348439961068538,0.15427163519481232
tfidf,1,4,13,fake,377,1,0.9978509151941515,0.9984035208484555
tfidf,1,4,13,fake,389,1,0.3549156652141861,0.4481556436628416
tfidf,1,4,13,fake,414,1,0.7972458903807318,0.7222495831077551
tfidf,1,4,13,fake,415,0,0.06195883186349087,0.05664722419446543
tfidf,1,4,13,fake,419,0,0.01426274514435008,0.010513501190711014
tfidf,1,4,13,fake,445,0,0.08469326191446996,0.0927847093164139
tfidf,1,4,13,fake,448,1,0.8577853016682169,0.8001253239337052
tfidf,1,4,13,fake,449,0,0.113674821636638,0.0996309697635402
tfidf,1,4,13,fake,455,0,0.09656291641464199,0.09664599803322525
tfidf,1,4,13,fake,458,0,0.17230698794299187,0.1808078391560022
tfidf,1,4,13,fake,463,0,0.0025482902529666736,0.0016984605047723135
tfidf,1,4,13,fake,464,0,0.05469915618183425,0.03994727841940467
tfidf,1,4,13,fake,471,0,0.12306721887169206,0.08688945699616918
tfidf,1,4,13,fake,472,0,0.049011152803234696,0.03905340392529073
tfidf,1,4,13,fake,477,0,0.8270193000817236,0.8369238581022422
tfidf,1,4,13,fake,478,0,0.8675187328468508,0.8765256999460199
tfidf,1,4,13,fake,483,1,0.6828855605769745,0.6208126240409862
tfidf,1,4,13,fake,488,0,0.25779057692833185,0.19111607966992855
tfidf,1,4,13,fake,492,0,0.03867848582455732,0.0437517320575106
tfidf,1,5,13,fake,302,0,0.0421895277950136,0.0010909765427221398
tfidf,1,5,13,fake,321,1,0.9761379432773036,0.9998730689345219
tfidf,1,5,13,fake,325,1,0.7707388325137235,0.7707341807254476
tfidf,1,5,13,fake,330,1,0.4570809315559947,0.2784462070527923
tfidf,1,5,13,fake,333,0,0.3723434213661643,0.07107313133201662
tfidf,1,5,13,fake,336,0,0.5750290546948591,0.6624733237679936
tfidf,1,5,13,fake,340,0,0.26979780659904345,0.017613565386783835
tfidf,1,5,13,fake,341,0,0.6536586687664993,0.5422779366622462
tfidf,1,5,13,fake,348,1,0.6036926598683116,0.6460865185071535
tfidf,1,5,13,fake,350,1,0.8501691872810576,0.9766508443132976
tfidf,1,5,13,fake,360,0,0.5666159219645279,0.24972260901314033
tfidf,1,5,13,fake,368,0,0.24675412137278405,0.04406978168594505
tfidf,1,5,13,fake,370,0,0.12111771998414744,0.038444890527030026
tfidf,1,5,13,fake,385,0,0.4270760363603964,0.3805792266706756
tfidf,1,5,13,fake,388,1,0.5323065299324059,0.6245808577033799
tfidf,1,5,13,fake,406,0,0.03621354343417158,0.0033840042354180287
tfidf,1,5,13,fake,409,1,0.7074853159881488,0.9428366074138114
tfidf,1,5,13,fake,417,0,0.30722220644825154,0.34279280440923515
tfidf,1,5,13,fake,418,1,0.7808585118222343,0.8361630940902895
tfidf,1,5,13,fake,428,0,0.1591417014806503,0.02805937683664398
tfidf,1,5,13,fake,429,0,0.43418315729018353,0.8060357490319646
tfidf,1,5,13,fake,434,0,0.040928565257277616,0.0010383462537284622
tfidf,1,5,13,fake,437,0,0.08819318229401425,0.017373980773262198
tfidf,1,5,13,fake,441,1,0.8507106768919452,0.9695467156860478
tfidf,1,5,13,fake,444,0,0.16196346928433916,0.07453181024783297
tfidf,1,5,13,fake,456,0,0.03231335918905871,0.001301147944169611
tfidf,1,5,13,fake,468,0,0.06821041955453046,0.0058412998926279155
tfidf,1,5,13,fake,485,0,0.03379228335370286,0.0011132805711448596
tfidf,1,1,14,fake,319,1,0.7564422033433794,0.8380865734454654
tfidf,1,1,14,fake,331,0,0.8558438213500035,0.8961712314027862
tfidf,1,1,14,fake,345,1,0.9992881292225292,0.999472608616566
tfidf,1,1,14,fake,346,1,0.7997497513649228,0.8347300576427144
tfidf,1,1,14,fake,357,0,0.4799473661484166,0.4977546777413952
tfidf,1,1,14,fake,358,0,0.8582777268605759,0.9049883929497317
tfidf,1,1,14,fake,362,1,0.969576314707821,0.9824651701996764
tfidf,1,1,14,fake,363,0,0.2933638160349609,0.27084798841390295
tfidf,1,1,14,fake,364,0,0.7022949192456259,0.7839005628100201
tfidf,1,1,14,fake,369,0,0.12893908878878982,0.1186159272587137
tfidf,1,1,14,fake,372,1,0.347181238141752,0.3390051136325444
tfidf,1,1,14,fake,391,0,0.47774300137708897,0.5934868965095236
tfidf,1,1,14,fake,400,0,0.5204964935283447,0.5421059553390498
tfidf,1,1,14,fake,402,1,0.9962770271697192,0.9970003908425024
tfidf,1,1,14,fake,403,0,0.013081898146141687,0.010806638669614732
tfidf,1,1,14,fake,404,0,0.0886753865024542,0.12176175864831637
tfidf,1,1,14,fake,413,1,0.9013506148297736,0.9298144121144615
tfidf,1,1,14,fake,416,0,0.04299748510986659,0.04565662543044614
tfidf,1,1,14,fake,420,0,0.1038655163809513,0.08085611261663692
tfidf,1,1,14,fake,423,0,0.9319246164246179,0.9534375214671788
tfidf,1,1,14,fake,426,1,0.5481139276235081,0.5949575734057491
tfidf,1,1,14,fake,433,1,0.5718681764031477,0.5862170588004962
tfidf,1,1,14,fake,451,0,0.2665129683402238,0.24202544756270444
tfidf,1,1,14,fake,454,0,0.10181022245358665,0.11600354231241228
tfidf,1,1,14,fake,473,0,0.035846194552210754,0.03588400474761849
tfidf,1,1,14,fake,476,0,0.09091632698388191,0.09137921765076855
tfidf,1,1,14,fake,484,0,0.5294014605093467,0.5653222493687357
tfidf,1,1,14,fake,487,0,0.23938588707538364,0.2394471057653382
tfidf,1,1,14,fake,490,0,0.19616995650558056,0.19144914166778962
tfidf,1,2,14,fake,303,0,0.4097089493024259,0.07882389906546847
tfidf,1,2,14,fake,304,0,0.40139607938608124,0.039918762380736064
tfidf,1,2,14,fake,310,0,0.5969869683247785,0.3018943798364456
tfidf,1,2,14,fake,312,0,0.6579354670586672,0.5294293938947061
tfidf,1,2,14,fake,316,0,0.7570110467512587,0.7238889982743483
tfidf,1,2,14,fake,324,0,0.6338176733653823,0.38572679407297755
tfidf,1,2,14,fake,328,0,0.6644318853426551,0.48989903746005536
tfidf,1,2,14,fake,339,1,0.8003244237662424,0.8041146357929067
tfidf,1,2,14,fake,353,1,0.7855095147977617,0.8831736859964222
tfidf,1,2,14,fake,355,1,0.6888220652491462,0.7419895087144235
tfidf,1,2,14,fake,366,0,0.18604648761048984,0.023484614071437336
tfidf,1,2,14,fake,375,0,0.12327275702005297,0.009098220955084465
tfidf,1,2,14,fake,376,1,0.8874752276831285,0.974645530239468
tfidf,1,2,14,fake,379,0,0.4470746520799892,0.559460708174485
tfidf,1,2,14,fake,381,1,0.7918008209806758,0.9818249875437832
tfidf,1,2,14,fake,382,0,0.3402212344266775,0.1977856053881375
tfidf,1,2,14,fake,386,1,0.4141256530393931,0.4595316694082355
tfidf,1,2,14,fake,390,0,0.8125307789720653,0.9155705029463475
tfidf,1,2,14,fake,392,0,0.26114838266333484,0.10230316030821603
tfidf,1,2,14,fake,401,0,0.5242505835651754,0.522580872960784
tfidf,1,2,14,fake,412,1,0.6030878180706625,0.8986107047236546
tfidf,1,2,14,fake,422,1,0.5389916163597536,0.6749499446054176
tfidf,1,2,14,fake,427,0,0.11445012426140107,0.007253342003528272
tfidf,1,2,14,fake,440,1,0.6741017449240602,0.8181910298598901
tfidf,1,2,14,fake,443,0,0.34577712194866167,0.26205725020353166
tfidf,1,2,14,fake,457,0,0.13403787342653026,0.011446382994478194
tfidf,1,2,14,fake,479,0,0.14972657457930033,0.023539200283137544
tfidf,1,2,14,fake,482,0,0.2537619472883889,0.07904521718407047
tfidf,1,2,14,fake,486,0,0.1665703746637081,0.03265954627454341
tfidf,1,3,14,fake,305,0,0.5417511093177485,0.2779847347208353
tfidf,1,3,14,fake,307,0,0.4668402465884252,0.2345794195735394
tfidf,1,3,14,fake,313,0,0.5038478679302779,0.27647755128949986
tfidf,1,3,14,fake,315,0,0.578776596386355,0.4475915724989783
tfidf,1,3,14,fake,317,0,0.6099069906355805,0.5432982492849612
tfidf,1,3,14,fake,320,1,0.7255895919262659,0.7683730981492134
tfidf,1,3,14,fake,338,1,0.5706269561958599,0.5815007932524945
tfidf,1,3,14,fake,344,1,0.5345550926243602,0.4020614820327047
tfidf,1,3,14,fake,352,1,0.7139563397899619,0.8242800597031111
tfidf,1,3,14,fake,356,1,0.7392464523983558,0.9168761907723558
tfidf,1,3,14,fake,367,1,0.9419496348708521,0.997550971432102
tfidf,1,3,14,fake,371,0,0.5422977014257675,0.8206438656003893
tfidf,1,3,14,fake,380,1,0.7824383418827678,0.9478413818296871
tfidf,1,3,14,fake,383,0,0.5066190199131747,0.5213135798380657
tfidf,1,3,14,fake,393,0,0.2794512752913697,0.1275821001229817
tfidf,1,3,14,fake,395,0,0.44416907655630833,0.5531538604000089
tfidf,1,3,14,fake,397,0,0.30283595796354035,0.14424289217053007
tfidf,1,3,14,fake,425,0,0.6875341525703953,0.5358676239040641
tfidf,1,3,14,fake,430,0,0.4770629946715081,0.2291248581451721
tfidf,1,3,14,fake,436,0,0.1914540517392319,0.036755236147405806
tfidf,1,3,14,fake,439,0,0.34575233157757423,0.24311661864068132
tfidf,1,3,14,fake,446,0,0.19934517110485797,0.02791592134912701
tfidf,1,3,14,fake,447,0,0.2982677860815637,0.18595925016490936
tfidf,1,3,14,fake,459,1,0.7706717082044662,0.8453457537186129
tfidf,1,3,14,fake,474,0,0.24190364430476202,0.10840397541320926
tfidf,1,3,14,fake,475,0,0.12729260760146868,0.016277422033150073
tfidf,1,3,14,fake,489,0,0.1944770144022104,0.027626605012974374
tfidf,1,3,14,fake,491,0,0.49090518914736336,0.19756133498006043
tfidf,1,4,14,fake,318,0,0.19757790330396957,0.14887359945174425
tfidf,1,4,14,fake,322,0,0.515259345700938,0.5494927984987907
tfidf,1,4,14,fake,326,0,0.53241546285642,0.42031431101368
tfidf,1,4,14,fake,327,0,0.6783605400515201,0.6490514731280859
tfidf,1,4,14,fake,335,1,0.7770058964274575,0.741625865542853
tfidf,1,4,14,fake,343,0,0.8514648239747085,0.8369355204452571
tfidf,1,4,14,fake,347,1,0.6114909892022363,0.6196310554327059
tfidf,1,4,14,fake,351,1,0.6688544729894099,0.755252376177465
tfidf,1,4,14,fake,374,0,0.15796356549677587,0.14886241316653084
tfidf,1,4,14,fake,377,1,0.9944866221128614,0.9953039208236987
tfidf,1,4,14,fake,389,1,0.7844024988451082,0.8269590744178698
tfidf,1,4,14,fake,414,1,0.6477177523737934,0.5886909823739117
tfidf,1,4,14,fake,415,0,0.04616772484936753,0.04508627658056823
tfidf,1,4,14,fake,419,0,0.056481076762518574,0.04362420263739504
tfidf,1,4,14,fake,445,0,0.18007152864640436,0.18787576466312095
tfidf,1,4,14,fake,448,1,0.8327093219075834,0.8312143382928443
tfidf,1,4,14,fake,449,0,0.3784656493013184,0.35219147487075225
tfidf,1,4,14,fake,455,0,0.0660528148305893,0.06511194220565185
tfidf,1,4,14,fake,458,0,0.13861169158364373,0.13592731659786855
tfidf,1,4,14,fake,463,0,0.004026784200587661,0.002958245956762848
tfidf,1,4,14,fake,464,0,0.14002319791291234,0.12025542362142533
tfidf,1,4,14,fake,471,0,0.13322564055022018,0.1058749620362265
tfidf,1,4,14,fake,472,0,0.01667621858640599,0.016309329089351662
tfidf,1,4,14,fake,477,0,0.45740809258530135,0.5069028412797546
tfidf,1,4,14,fake,478,0,0.7622062590172155,0.7655633701957887
tfidf,1,4,14,fake,483,1,0.5350816422362458,0.5267496631657171
tfidf,1,4,14,fake,488,0,0.20897358106444935,0.17667820161693076
tfidf,1,4,14,fake,492,0,0.09129268155625615,0.10282037145305019
tfidf,1,5,14,fake,302,0,0.18033589390471097,0.17330001860814717
tfidf,1,5,14,fake,321,1,0.512801030707184,0.5257934893293597
tfidf,1,5,14,fake,325,1,0.7624789331732809,0.7495066645636995
tfidf,1,5,14,fake,330,1,0.5151555458369518,0.5039848155446371
tfidf,1,5,14,fake,333,0,0.24717596844113537,0.24394159331155776
tfidf,1,5,14,fake,336,0,0.2568937057615596,0.22634271127822328
tfidf,1,5,14,fake,340,0,0.46934205284960684,0.4430610199089211
tfidf,1,5,14,fake,341,0,0.7114356778355249,0.6774937361821672
tfidf,1,5,14,fake,348,1,0.6920812223133007,0.6819794079819315
tfidf,1,5,14,fake,350,1,0.57066164976972,0.6229836745951437
tfidf,1,5,14,fake,360,0,0.5659550863094305,0.5903550964864307
tfidf,1,5,14,fake,368,0,0.2299577185124621,0.23152620597130677
tfidf,1,5,14,fake,370,0,0.044851372425612664,0.04854656944012548
tfidf,1,5,14,fake,385,0,0.16189143053877278,0.1685096212096094
tfidf,1,5,14,fake,388,1,0.6991592146121756,0.7193124188005493
tfidf,1,5,14,fake,406,0,0.07824388578462857,0.07865905417551515
tfidf,1,5,14,fake,409,1,0.5658778058787187,0.5934915814551771
tfidf,1,5,14,fake,417,0,0.06846842327078617,0.06127122389060634
tfidf,1,5,14,fake,418,1,0.9864768172835716,0.9881845401110305
tfidf,1,5,14,fake,428,0,0.09317999627679877,0.09422388244946178
tfidf,1,5,14,fake,429,0,0.051637608752248626,0.05653821215657108
tfidf,1,5,14,fake,434,0,0.5211650481679153,0.47485295302441666
tfidf,1,5,14,fake,437,0,0.0893508338348671,0.08572936248996582
tfidf,1,5,14,fake,441,1,0.8870669528218194,0.893054307888309
tfidf,1,5,14,fake,444,0,0.09547162349393584,0.0960774929535408
tfidf,1,5,14,fake,456,0,0.024539040649858252,0.025792720052233993
tfidf,1,5,14,fake,468,0,0.060433256212816026,0.05128957320100168
tfidf,1,5,14,fake,485,0,0.02099686843391168,0.020168473218267525
tfidf,1,1,15,fake,319,1,0.908978324982195,0.9444353939815331
tfidf,1,1,15,fake,331,0,0.44835757865542764,0.5816044861048455
tfidf,1,1,15,fake,345,1,0.9198863493492394,0.954136134485456
tfidf,1,1,15,fake,346,1,0.7986801417892884,0.8611518688082626
tfidf,1,1,15,fake,357,0,0.6291658603428563,0.6692502725790576
tfidf,1,1,15,fake,358,0,0.9688082386663917,0.9824141434083993
tfidf,1,1,15,fake,362,1,0.6364783373195746,0.7982722360643312
tfidf,1,1,15,fake,363,0,0.08810078195284188,0.09577454915423103
tfidf,1,1,15,fake,364,0,0.7188227426001066,0.8312202375955499
tfidf,1,1,15,fake,369,0,0.08746596351429796,0.08315374950550415
tfidf,1,1,15,fake,372,1,0.9060575358447891,0.9190718953316006
tfidf,1,1,15,fake,391,0,0.5168028057423714,0.6529475098433
tfidf,1,1,15,fake,400,0,0.6468334492969039,0.6590810905716159
tfidf,1,1,15,fake,402,1,0.9995341905224578,0.9996175695288929
tfidf,1,1,15,fake,403,0,0.023087866625443425,0.01868815961981325
tfidf,1,1,15,fake,404,0,0.0849509539976172,0.13125552821364686
tfidf,1,1,15,fake,413,1,0.5504768705737693,0.6697826089805365
tfidf,1,1,15,fake,416,0,0.04766980054836326,0.05056472901177941
tfidf,1,1,15,fake,420,0,0.0686103711143243,0.0606176359742301
tfidf,1,1,15,fake,423,0,0.8060901961973204,0.8676449251820306
tfidf,1,1,15,fake,426,1,0.47205038917862224,0.5388103284991492
tfidf,1,1,15,fake,433,1,0.8825445656236405,0.8917563202474774
tfidf,1,1,15,fake,451,0,0.26803611917279796,0.2283190239965755
tfidf,1,1,15,fake,454,0,0.15504555555430757,0.19755390762398453
tfidf,1,1,15,fake,473,0,0.06617988519641105,0.06869664216611687
tfidf,1,1,15,fake,476,0,0.09598355727816212,0.08879900424198862
tfidf,1,1,15,fake,484,0,0.19706301768828685,0.24761403812366695
tfidf,1,1,15,fake,487,0,0.45631881357928733,0.4199228283693529
tfidf,1,1,15,fake,490,0,0.06428185835061351,0.06501730219859735
tfidf,1,2,15,fake,303,0,0.02742350488294945,0.030591816464045275
tfidf,1,2,15,fake,304,0,0.02928818193224397,0.028238430850547017
tfidf,1,2,15,fake,310,0,0.4317782454434909,0.3761908452671061
tfidf,1,2,15,fake,312,0,0.5595125615948863,0.5229756611159857
tfidf,1,2,15,fake,316,0,0.59978795517817,0.5993233298845781
tfidf,1,2,15,fake,324,0,0.3627705546172427,0.382005689014348
tfidf,1,2,15,fake,328,0,0.7951145351816425,0.7830923379456096
tfidf,1,2,15,fake,339,1,0.8700865099185363,0.8784430749789688
tfidf,1,2,15,fake,353,1,0.8335221538664422,0.8343573303586618
tfidf,1,2,15,fake,355,1,0.6551962571230211,0.6795831920833711
tfidf,1,2,15,fake,366,0,0.030295704506777748,0.025967666306016136
tfidf,1,2,15,fake,375,0,0.009337907311855532,0.007490801870988329
tfidf,1,2,15,fake,376,1,0.9642706789103241,0.9679438913203754
tfidf,1,2,15,fake,379,0,0.4345046254762603,0.4118421733116342
tfidf,1,2,15,fake,381,1,0.997512913327687,0.9980573868601783
tfidf,1,2,15,fake,382,0,0.46529855307479523,0.4060061370400925
tfidf,1,2,15,fake,386,1,0.7478615295576921,0.7461946821555699
tfidf,1,2,15,fake,390,0,0.9725228728911313,0.9765679039334697
tfidf,1,2,15,fake,392,0,0.12095391704130785,0.11477850901879988
tfidf,1,2,15,fake,401,0,0.52202711836322,0.5094917734993863
tfidf,1,2,15,fake,412,1,0.8208226059358992,0.8134630264302578
tfidf,1,2,15,fake,422,1,0.38906720188848565,0.36522842798636257
tfidf,1,2,15,fake,427,0,0.008245572353663626,0.00678487332120245
tfidf,1,2,15,fake,440,1,0.9139783874100711,0.9180342668644595
tfidf,1,2,15,fake,443,0,0.16029361547100543,0.14430859144707384
tfidf,1,2,15,fake,457,0,0.011668833338323062,0.009953663134788302
tfidf,1,2,15,fake,479,0,0.018445295466616732,0.015785468938829667
tfidf,1,2,15,fake,482,0,0.07209207419717233,0.06399203357579941
tfidf,1,2,15,fake,486,0,0.016553452251027168,0.015424783140992975
tfidf,1,3,15,fake,305,0,0.5323130860256261,0.28129645308965706
tfidf,1,3,15,fake,307,0,0.44640978646225016,0.12753709256421966
tfidf,1,3,15,fake,313,0,0.4731035075624677,0.1403125798493443
tfidf,1,3,15,fake,315,0,0.6249070862136684,0.4406255421057756
tfidf,1,3,15,fake,317,0,0.627515887374234,0.6196334724978162
tfidf,1,3,15,fake,320,1,0.7479868123487835,0.8989976798990855
tfidf,1,3,15,fake,338,1,0.5820035528917475,0.6984037591744084
tfidf,1,3,15,fake,344,1,0.7182352481323272,0.9270869886359605
tfidf,1,3,15,fake,352,1,0.714400416039555,0.7820893414314616
tfidf,1,3,15,fake,356,1,0.736591451441172,0.9212823091529859
tfidf,1,3,15,fake,367,1,0.9051534834385939,0.9853669622457064
tfidf,1,3,15,fake,371,0,0.46513212103210316,0.5259617797567302
tfidf,1,3,15,fake,380,1,0.7973383203345932,0.9624599668865625
tfidf,1,3,15,fake,383,0,0.34994207486262024,0.23163694865367582
tfidf,1,3,15,fake,393,0,0.2575412656875536,0.09224422210144717
tfidf,1,3,15,fake,395,0,0.6275915512109779,0.9477132046373549
tfidf,1,3,15,fake,397,0,0.3278422856661449,0.3537729790505906
tfidf,1,3,15,fake,425,0,0.746352862091131,0.738239935315095
tfidf,1,3,15,fake,430,0,0.37980661561477647,0.06234783509255476
tfidf,1,3,15,fake,436,0,0.15465178796454984,0.01854533286029793
tfidf,1,3,15,fake,439,0,0.3654413328821739,0.3872881854334077
tfidf,1,3,15,fake,446,0,0.2644013742498634,0.08946324198655956
tfidf,1,3,15,fake,447,0,0.4078443989663405,0.42295404650311874
tfidf,1,3,15,fake,459,1,0.7646722810945564,0.7716760272967164
tfidf,1,3,15,fake,474,0,0.18210985768900204,0.02734727722365673
tfidf,1,3,15,fake,475,0,0.13883970099502213,0.018852538622830328
tfidf,1,3,15,fake,489,0,0.2085046401011717,0.05035499445231496
tfidf,1,3,15,fake,491,0,0.41327332346224654,0.05080558460616663
tfidf,1,4,15,fake,318,0,0.04051761413576679,0.006712230936729308
tfidf,1,4,15,fake,322,0,0.30813243850543093,0.4184284405292943
tfidf,1,4,15,fake,326,0,0.08073253091178707,0.020835842923212215
tfidf,1,4,15,fake,327,0,0.5978058684867754,0.4158631501915443
tfidf,1,4,15,fake,335,1,0.22899434863402887,0.1452036340837383
tfidf,1,4,15,fake,343,0,0.7559730627747583,0.7523786776680437
tfidf,1,4,15,fake,347,1,0.7522588535331542,0.746543235351073
tfidf,1,4,15,fake,351,1,0.9998992147344133,0.9998323301146609
tfidf,1,4,15,fake,374,0,0.29604117039178734,0.32468704507224067
tfidf,1,4,15,fake,377,1,0.9999968206161752,0.9999931760605353
tfidf,1,4,15,fake,389,1,0.9747038023890967,0.9733573080855428
tfidf,1,4,15,fake,414,1,0.5869263759241009,0.4095546203870742
tfidf,1,4,15,fake,415,0,0.013531551393758803,0.01129868315673771
tfidf,1,4,15,fake,419,0,0.0001222124320112935,6.225293205647859e-05
tfidf,1,4,15,fake,445,0,0.17456798856502578,0.22934781435894025
tfidf,1,4,15,fake,448,1,0.05249412695448908,0.07401826587684832
tfidf,1,4,15,fake,449,0,0.005007656376926458,0.0045319747351817785
tfidf,1,4,15,fake,455,0,0.0024407492568562852,0.002395366579369684
tfidf,1,4,15,fake,458,0,0.0014996072063363792,0.0014910595430622866
tfidf,1,4,15,fake,463,0,2.403194068916619e-05,9.383036084344988e-06
tfidf,1,4,15,fake,464,0,0.23546908805851413,0.1648271852425148
tfidf,1,4,15,fake,471,0,0.010141080375529991,0.003496805974024983
tfidf,1,4,15,fake,472,0,1.8351359275372735e-05,3.054020339615366e-05
tfidf,1,4,15,fake,477,0,0.908125282535359,0.931549321823517
tfidf,1,4,15,fake,478,0,0.8917534429241792,0.9192603000240457
tfidf,1,4,15,fake,483,1,0.6879268136411647,0.6931049733207096
tfidf,1,4,15,fake,488,0,0.03480615389424462,0.012958598679969107
tfidf,1,4,15,fake,492,0,0.14883168176608758,0.15502798926288128
tfidf,1,5,15,fake,302,0,0.062393640338919885,0.3518257660528941
tfidf,1,5,15,fake,321,1,0.9801135669911382,0.8753912666953155
tfidf,1,5,15,fake,325,1,0.9244074715003744,0.7901773784324252
tfidf,1,5,15,fake,330,1,0.5604694237949889,0.648898377454542
tfidf,1,5,15,fake,333,0,0.4247427410227829,0.5997396241581634
tfidf,1,5,15,fake,336,0,0.9376514806979551,0.7818253094449509
tfidf,1,5,15,fake,340,0,0.3153922301700217,0.5452309397687485
tfidf,1,5,15,fake,341,0,0.3834332256676161,0.5720805408563606
tfidf,1,5,15,fake,348,1,0.8238214126557519,0.7283800712328999
tfidf,1,5,15,fake,350,1,0.5969034835530932,0.6728598172333484
tfidf,1,5,15,fake,360,0,0.8655537726512256,0.6772805432079282
tfidf,1,5,15,fake,368,0,0.08457886402322645,0.3512385774076532
tfidf,1,5,15,fake,370,0,0.07499656530122621,0.24183574574972921
tfidf,1,5,15,fake,385,0,0.1987209878860165,0.3221412837922047
tfidf,1,5,15,fake,388,1,0.6918719979670622,0.5952750254308812
tfidf,1,5,15,fake,406,0,0.051630640474316036,0.16278619240766595
tfidf,1,5,15,fake,409,1,0.20386606584092176,0.4287536600673636
tfidf,1,5,15,fake,417,0,0.019561792498432398,0.2014264419171426
tfidf,1,5,15,fake,418,1,0.8532852419886969,0.7069477672645453
tfidf,1,5,15,fake,428,0,0.5736143739926164,0.41420250070096165
tfidf,1,5,15,fake,429,0,0.09356276203920655,0.2942587020162226
tfidf,1,5,15,fake,434,0,0.07119726452946043,0.24020996470390374
tfidf,1,5,15,fake,437,0,0.06765645414609726,0.20319778099332492
tfidf,1,5,15,fake,441,1,0.7115161224275278,0.6038064826514234
tfidf,1,5,15,fake,444,0,0.16761892450774876,0.2868124281505979
tfidf,1,5,15,fake,456,0,0.04817849995706818,0.16099019648997245
tfidf,1,5,15,fake,468,0,0.35215747493535454,0.27650847065266887
tfidf,1,5,15,fake,485,0,0.02711166299953004,0.15189937963371475
tfidf,1,1,16,fake,319,1,0.6748163048536584,0.7888744603651395
tfidf,1,1,16,fake,331,0,0.6350534139408173,0.7559095777909434
tfidf,1,1,16,fake,345,1,0.6704014461571808,0.8165343957310164
tfidf,1,1,16,fake,346,1,0.8506937682632678,0.9464607180472286
tfidf,1,1,16,fake,357,0,0.6166460949538687,0.5202162008514845
tfidf,1,1,16,fake,358,0,0.7000800581484572,0.8446444074519293
tfidf,1,1,16,fake,362,1,0.7143238733825946,0.8755181697718609
tfidf,1,1,16,fake,363,0,0.26870933349680215,0.09275343658116555
tfidf,1,1,16,fake,364,0,0.6200912066522565,0.8682441801618094
tfidf,1,1,16,fake,369,0,0.32333317854365967,0.1456171062228124
tfidf,1,1,16,fake,372,1,0.7746119215991047,0.73419199155107
tfidf,1,1,16,fake,391,0,0.5317389460567453,0.8034081832553291
tfidf,1,1,16,fake,400,0,0.5414556158471834,0.451248518705932
tfidf,1,1,16,fake,402,1,0.9504632827360734,0.9996812700497478
tfidf,1,1,16,fake,403,0,0.14477891920353686,0.023050227783617684
tfidf,1,1,16,fake,404,0,0.2816898576888656,0.07617341399617762
tfidf,1,1,16,fake,413,1,0.7180652739733884,0.9235370885002044
tfidf,1,1,16,fake,416,0,0.1641748342916467,0.0264474701480081
tfidf,1,1,16,fake,420,0,0.3399608711496606,0.1281498824335733
tfidf,1,1,16,fake,423,0,0.7494738421746495,0.9373566182550002
tfidf,1,1,16,fake,426,1,0.7303435857547353,0.8786215380101529
tfidf,1,1,16,fake,433,1,0.3065871005230275,0.32670972105458296
tfidf,1,1,16,fake,451,0,0.45355767467042496,0.2810838679595304
tfidf,1,1,16,fake,454,0,0.2735690361552943,0.06200871644366182
tfidf,1,1,16,fake,473,0,0.14163930606294786,0.027578456820109537
tfidf,1,1,16,fake,476,0,0.24026135508009286,0.12122523160504876
tfidf,1,1,16,fake,484,0,0.47139312486321716,0.38805024834391694
tfidf,1,1,16,fake,487,0,0.43984671500304334,0.4671869461717475
tfidf,1,1,16,fake,490,0,0.25897615864958956,0.0848101397401379
tfidf,1,2,16,fake,303,0,0.03803291237626953,0.03688212754223876
tfidf,1,2,16,fake,304,0,0.05023785539432681,0.05204882087874791
tfidf,1,2,16,fake,310,0,0.360936076225759,0.38232042168494806
tfidf,1,2,16,fake,312,0,0.5847654966788803,0.5988595049134198
tfidf,1,2,16,fake,316,0,0.7013962738102075,0.7043993930607888
tfidf,1,2,16,fake,324,0,0.31874748045130213,0.3143337130552702
tfidf,1,2,16,fake,328,0,0.5671969400389055,0.5737240544060116
tfidf,1,2,16,fake,339,1,0.8967887015502172,0.8960499406533445
tfidf,1,2,16,fake,353,1,0.8618351762038989,0.8625754203166949
tfidf,1,2,16,fake,355,1,0.8457898188521635,0.8413553386341242
tfidf,1,2,16,fake,366,0,0.0063165787665861485,0.0065994872765347285
tfidf,1,2,16,fake,375,0,0.0034063834891009705,0.0036621352448134485
tfidf,1,2,16,fake,376,1,0.9588011699348369,0.9573418225193451
tfidf,1,2,16,fake,379,0,0.44109083797679766,0.4505117005204806
tfidf,1,2,16,fake,381,1,0.9177032330383472,0.9133555112504531
tfidf,1,2,16,fake,382,0,0.2545833563020791,0.27446609727071625
tfidf,1,2,16,fake,386,1,0.4547773437471494,0.4456344657918026
tfidf,1,2,16,fake,390,0,0.903566372057376,0.897490125263495
tfidf,1,2,16,fake,392,0,0.08742150319845479,0.09060911240370746
tfidf,1,2,16,fake,401,0,0.6702938658466896,0.6741276479558926
tfidf,1,2,16,fake,412,1,0.7314737229079357,0.7348779179324375
tfidf,1,2,16,fake,422,1,0.5073107491598674,0.5186013224001881
tfidf,1,2,16,fake,427,0,0.00986045227502421,0.010684230453053572
tfidf,1,2,16,fake,440,1,0.9928799418661163,0.9924742286876416
tfidf,1,2,16,fake,443,0,0.2703742996727516,0.2782384207492988
tfidf,1,2,16,fake,457,0,0.006634702638022619,0.006997786604302897
tfidf,1,2,16,fake,479,0,0.01004266163476539,0.010551622308787856
tfidf,1,2,16,fake,482,0,0.09318034843309704,0.0972807394274491
tfidf,1,2,16,fake,486,0,0.0375563112536334,0.03988187871042229
tfidf,1,3,16,fake,305,0,0.14457014775006957,0.519352467586157
tfidf,1,3,16,fake,307,0,0.2940016733930823,0.46384734222622886
tfidf,1,3,16,fake,313,0,0.5051251722940595,0.5818194780200113
tfidf,1,3,16,fake,315,0,0.6459597008443262,0.6021228563134917
tfidf,1,3,16,fake,317,0,0.8718322270947239,0.7761532909312974
tfidf,1,3,16,fake,320,1,0.698534097647123,0.7572133918186276
tfidf,1,3,16,fake,338,1,0.8147630928647148,0.7221830156395252
tfidf,1,3,16,fake,344,1,0.46167537170155193,0.5875952828081354
tfidf,1,3,16,fake,352,1,0.8621280635885475,0.6916623493154721
tfidf,1,3,16,fake,356,1,0.8168772354090161,0.7307510127279734
tfidf,1,3,16,fake,367,1,0.9887808347671438,0.9093608606703584
tfidf,1,3,16,fake,371,0,0.694326751097762,0.5610395990334909
tfidf,1,3,16,fake,380,1,0.9510581273642472,0.7692623535028702
tfidf,1,3,16,fake,383,0,0.2445574400098749,0.3700592402974106
tfidf,1,3,16,fake,393,0,0.03736736900393509,0.2101292547368409
tfidf,1,3,16,fake,395,0,0.5820972837682196,0.5068117943060856
tfidf,1,3,16,fake,397,0,0.2756520552305871,0.31761981744638207
tfidf,1,3,16,fake,425,0,0.7682739849535208,0.7230345638785143
tfidf,1,3,16,fake,430,0,0.07800673739037883,0.3683215267119524
tfidf,1,3,16,fake,436,0,0.09117060272325457,0.19672763437013907
tfidf,1,3,16,fake,439,0,0.19163957814350663,0.3257273976632599
tfidf,1,3,16,fake,446,0,0.030172547359970523,0.20921269693382602
tfidf,1,3,16,fake,447,0,0.20809510732942665,0.3130326310115045
tfidf,1,3,16,fake,459,1,0.8768703622899362,0.7829653894753991
tfidf,1,3,16,fake,474,0,0.08760232790863755,0.19984216947498284
tfidf,1,3,16,fake,475,0,0.017601476759595627,0.1134403619723084
tfidf,1,3,16,fake,489,0,0.08761510021902548,0.23439475847273925
tfidf,1,3,16,fake,491,0,0.10271935527964034,0.45062877537306023
tfidf,1,4,16,fake,318,0,0.43026026665959966,0.28803116119963523
tfidf,1,4,16,fake,322,0,0.679432205918305,0.6983235647839912
tfidf,1,4,16,fake,326,0,0.26492513062934125,0.16234836668938513
tfidf,1,4,16,fake,327,0,0.8957912784394065,0.8727908828882559
tfidf,1,4,16,fake,335,1,0.8267469849962908,0.7830126352856763
tfidf,1,4,16,fake,343,0,0.7563297932725195,0.7339699389357507
tfidf,1,4,16,fake,347,1,0.4037048326234881,0.4503878144571905
tfidf,1,4,16,fake,351,1,0.8849557684606572,0.9233784295878193
tfidf,1,4,16,fake,374,0,0.40746291911659355,0.3628008619937404
tfidf,1,4,16,fake,377,1,0.9743861702845197,0.9816249308666284
tfidf,1,4,16,fake,389,1,0.8636411081969101,0.8904079235739727
tfidf,1,4,16,fake,414,1,0.5477058823518,0.4932437224957316
tfidf,1,4,16,fake,415,0,0.13300885376124683,0.11538331956848882
tfidf,1,4,16,fake,419,0,0.012754192308224468,0.009243859629595626
tfidf,1,4,16,fake,445,0,0.11608358869467084,0.12992258078570798
tfidf,1,4,16,fake,448,1,0.8019429727567456,0.7996361883172168
tfidf,1,4,16,fake,449,0,0.17499610265131352,0.16295276588491533
tfidf,1,4,16,fake,455,0,0.06235986528827865,0.06502694016261172
tfidf,1,4,16,fake,458,0,0.08324294254202648,0.09860631027737932
tfidf,1,4,16,fake,463,0,0.005706212027378705,0.003333733488628953
tfidf,1,4,16,fake,464,0,0.15852946659834552,0.12515672430315095
tfidf,1,4,16,fake,471,0,0.12306350943955702,0.08802991977406899
tfidf,1,4,16,fake,472,0,0.0073887192795332275,0.006735047077350475
tfidf,1,4,16,fake,477,0,0.4450419818687742,0.4747418403777518
tfidf,1,4,16,fake,478,0,0.4776745765432445,0.5298326117033538
tfidf,1,4,16,fake,483,1,0.591588780207365,0.5631514619069634
tfidf,1,4,16,fake,488,0,0.14922699818451146,0.11533629248526725
tfidf,1,4,16,fake,492,0,0.14951553347956262,0.1534689233654324
tfidf,1,5,16,fake,302,0,0.5914214763349169,0.3526053626368398
tfidf,1,5,16,fake,321,1,0.8540296070539936,0.9613638885193619
tfidf,1,5,16,fake,325,1,0.7850448826683374,0.9093085708267009
tfidf,1,5,16,fake,330,1,0.588926885031975,0.35198553994862786
tfidf,1,5,16,fake,333,0,0.5897790609864627,0.3519694879303186
tfidf,1,5,16,fake,336,0,0.6957782165255363,0.7609650418681514
tfidf,1,5,16,fake,340,0,0.6741613353457023,0.6835821093445248
tfidf,1,5,16,fake,341,0,0.6547781516566914,0.652311255975713
tfidf,1,5,16,fake,348,1,0.7297742572229423,0.7432947930597895
tfidf,1,5,16,fake,350,1,0.6508343324001788,0.6611845039561272
tfidf,1,5,16,fake,360,0,0.5794444896442864,0.5441426672553282
tfidf,1,5,16,fake,368,0,0.4301680017857589,0.23270085771628393
tfidf,1,5,16,fake,370,0,0.28712330733179836,0.16898863434707348
tfidf,1,5,16,fake,385,0,0.2833591819778358,0.09044187049993516
tfidf,1,5,16,fake,388,1,0.55281965993328,0.7156349578208193
tfidf,1,5,16,fake,406,0,0.1666142511811581,0.055827926298635734
tfidf,1,5,16,fake,409,1,0.5263673739492445,0.5428747108337543
tfidf,1,5,16,fake,417,0,0.2309718994763661,0.04879675847905512
tfidf,1,5,16,fake,418,1,0.6971419658696032,0.8359884584438713
tfidf,1,5,16,fake,428,0,0.280118373630052,0.07982471312728179
tfidf,1,5,16,fake,429,0,0.3267489721995223,0.1630835864048649
tfidf,1,5,16,fake,434,0,0.21444680745177488,0.024316743507871948
tfidf,1,5,16,fake,437,0,0.21355628436031882,0.055170143833862796
tfidf,1,5,16,fake,441,1,0.5816749617336796,0.6334078304480745
tfidf,1,5,16,fake,444,0,0.30822966395237594,0.09803728021878598
tfidf,1,5,16,fake,456,0,0.1419635087114425,0.02978002876691909
tfidf,1,5,16,fake,468,0,0.17090389179184762,0.0422645270804749
tfidf,1,5,16,fake,485,0,0.15241636371201023,0.022034987307651344
tfidf,1,1,17,fake,319,1,0.6820718552050693,0.9783788447250943
tfidf,1,1,17,fake,331,0,0.6185709240607108,0.5091522919229547
tfidf,1,1,17,fake,345,1,0.7857020174533009,0.9999994275633592
tfidf,1,1,17,fake,346,1,0.7129034362378326,0.0367809812124683
tfidf,1,1,17,fake,357,0,0.5582885694018126,0.21112642658089875
tfidf,1,1,17,fake,358,0,0.7129852151135474,0.9922658138054888
tfidf,1,1,17,fake,362,1,0.6350297393303771,0.43314667488609426
tfidf,1,1,17,fake,363,0,0.27362359440613365,0.006723875067160161
tfidf,1,1,17,fake,364,0,0.5815975521478357,0.9952449748327672
tfidf,1,1,17,fake,369,0,0.37280657564503306,0.032719565317597905
tfidf,1,1,17,fake,372,1,0.7943668161801473,0.003895493507641663
tfidf,1,1,17,fake,391,0,0.38182094630643554,0.03370266994562508
tfidf,1,1,17,fake,400,0,0.5862867132809257,0.428066856113381
tfidf,1,1,17,fake,402,1,0.8928584366664624,0.9999999698770361
tfidf,1,1,17,fake,403,0,0.13307149075868804,0.00011424722155359809
tfidf,1,1,17,fake,404,0,0.2862393609415809,0.0011981443198576325
tfidf,1,1,17,fake,413,1,0.8050883749669994,0.9999995863192114
tfidf,1,1,17,fake,416,0,0.2010842244180823,0.0026443576562427073
tfidf,1,1,17,fake,420,0,0.39035156911668933,1.2887288886373521e-05
tfidf,1,1,17,fake,423,0,0.7502383543133149,0.977558948855485
tfidf,1,1,17,fake,426,1,0.9127529696365578,0.9999999992428696
tfidf,1,1,17,fake,433,1,0.3424331510368803,0.9942606215653063
tfidf,1,1,17,fake,451,0,0.5849928722527467,0.8327049441941905
tfidf,1,1,17,fake,454,0,0.24579181816611084,0.006061325171989172
tfidf,1,1,17,fake,473,0,0.14327243308607532,0.00013136024216844945
tfidf,1,1,17,fake,476,0,0.1680214877663905,0.00011403829615273097
tfidf,1,1,17,fake,484,0,0.504190694798432,0.02417734211257269
tfidf,1,1,17,fake,487,0,0.42054488862709455,0.07556838922779188
tfidf,1,1,17,fake,490,0,0.34585884744021045,0.004995623874530171
tfidf,1,2,17,fake,303,0,0.06350720308170664,0.346728396480839
tfidf,1,2,17,fake,304,0,0.11339234107663432,0.4523788552187351
tfidf,1,2,17,fake,310,0,0.5748361606165397,0.6707008913854832
tfidf,1,2,17,fake,312,0,0.4169198530390864,0.6288263944774937
tfidf,1,2,17,fake,316,0,0.5834161851661814,0.7250129874932592
tfidf,1,2,17,fake,324,0,0.2794678374933446,0.6035639991528743
tfidf,1,2,17,fake,328,0,0.5120742928119296,0.6444765165482103
tfidf,1,2,17,fake,339,1,0.9292457130144941,0.8480316270079634
tfidf,1,2,17,fake,353,1,0.9885178575420096,0.8857559059852154
tfidf,1,2,17,fake,355,1,0.6882076719223069,0.6737412478057109
tfidf,1,2,17,fake,366,0,0.01318322701635199,0.15389255277994404
tfidf,1,2,17,fake,375,0,0.0035008434548771737,0.10043957660814788
tfidf,1,2,17,fake,376,1,0.9696994298584061,0.886882159972135
tfidf,1,2,17,fake,379,0,0.25110714648107807,0.4114352697657124
tfidf,1,2,17,fake,381,1,0.904670438792832,0.7243474452555863
tfidf,1,2,17,fake,382,0,0.5482715177484467,0.4225464296026539
tfidf,1,2,17,fake,386,1,0.5365618565027533,0.4507619343705079
tfidf,1,2,17,fake,390,0,0.8704631778128347,0.8212551506355434
tfidf,1,2,17,fake,392,0,0.08016514694369795,0.2557718313345097
tfidf,1,2,17,fake,401,0,0.7457101942601769,0.6130525646239993
tfidf,1,2,17,fake,412,1,0.6943862535242886,0.48730967411289555
tfidf,1,2,17,fake,422,1,0.4132428137187251,0.4698261509356726
tfidf,1,2,17,fake,427,0,0.008065144457949003,0.11565726500915013
tfidf,1,2,17,fake,440,1,0.8501245701790765,0.7271279942238238
tfidf,1,2,17,fake,443,0,0.3709067980841325,0.38360835620437816
tfidf,1,2,17,fake,457,0,0.014415955141798765,0.13710543372701128
tfidf,1,2,17,fake,479,0,0.023844159668531924,0.16170275330073797
tfidf,1,2,17,fake,482,0,0.08673346425062763,0.2586083919682716
tfidf,1,2,17,fake,486,0,0.015455537516999166,0.13596105850093526
tfidf,1,3,17,fake,305,0,0.6009100291387025,0.599927780901397
tfidf,1,3,17,fake,307,0,0.17600805828874555,0.09114333247699537
tfidf,1,3,17,fake,313,0,0.8192929350380342,0.8013282928979925
tfidf,1,3,17,fake,315,0,0.5205484989565571,0.32605188898084425
tfidf,1,3,17,fake,317,0,0.7314637476546993,0.8366150528756366
tfidf,1,3,17,fake,320,1,0.7646630038196796,0.8582557161693396
tfidf,1,3,17,fake,338,1,0.4618635544517297,0.6566371781004512
tfidf,1,3,17,fake,344,1,0.6543328829543774,0.7412482834658529
tfidf,1,3,17,fake,352,1,0.8749203916031916,0.7859890015864545
tfidf,1,3,17,fake,356,1,0.6389534335195716,0.7362555418448485
tfidf,1,3,17,fake,367,1,0.9949610724716274,0.9945076159892745
tfidf,1,3,17,fake,371,0,0.4503063089401507,0.5530370275429698
tfidf,1,3,17,fake,380,1,0.9308897372523822,0.8802235178351703
tfidf,1,3,17,fake,383,0,0.0660673228177968,0.06358430529085385
tfidf,1,3,17,fake,393,0,0.02776681000546998,0.029498317953307127
tfidf,1,3,17,fake,395,0,0.6862054005401984,0.7831462748961553
tfidf,1,3,17,fake,397,0,0.3804570789046587,0.41752587844655936
tfidf,1,3,17,fake,425,0,0.4595234185865975,0.4291237389617729
tfidf,1,3,17,fake,430,0,0.15335662071614317,0.12478853189588407
tfidf,1,3,17,fake,436,0,0.026798403430746753,0.020902000577582316
tfidf,1,3,17,fake,439,0,0.20161005414801877,0.21456554052650523
tfidf,1,3,17,fake,446,0,0.012850250447224912,0.0196335396782695
tfidf,1,3,17,fake,447,0,0.16691266372231953,0.22121188302527947
tfidf,1,3,17,fake,459,1,0.9759867453365136,0.973634169788905
tfidf,1,3,17,fake,474,0,0.08830796304270344,0.056617654724850565
tfidf,1,3,17,fake,475,0,0.022477627937974927,0.020244259162974457
tfidf,1,3,17,fake,489,0,0.0837038328743037,0.08336490493072882
tfidf,1,3,17,fake,491,0,0.1079234258931365,0.12834169796987724
tfidf,1,4,17,fake,318,0,0.4058018393727998,0.28401435359431776
tfidf,1,4,17,fake,322,0,0.5698186853474854,0.6017333106779956
tfidf,1,4,17,fake,326,0,0.5286601009449784,0.38206539377137305
tfidf,1,4,17,fake,327,0,0.6468673472317195,0.6042254302149138
tfidf,1,4,17,fake,335,1,0.796858952766618,0.7395057888593924
tfidf,1,4,17,fake,343,0,0.8610101541228578,0.8567613386192341
tfidf,1,4,17,fake,347,1,0.6327019492158754,0.6584270825739877
tfidf,1,4,17,fake,351,1,0.9565573316016136,0.9701147181198813
tfidf,1,4,17,fake,374,0,0.43991207695061824,0.437062870623436
tfidf,1,4,17,fake,377,1,0.9945973048530061,0.9971763279141586
tfidf,1,4,17,fake,389,1,0.3195707045431755,0.4143694918056803
tfidf,1,4,17,fake,414,1,0.32166550911773834,0.2961389489646233
tfidf,1,4,17,fake,415,0,0.16666150351939607,0.1504431270350541
tfidf,1,4,17,fake,419,0,0.03948787689529825,0.029495391916671505
tfidf,1,4,17,fake,445,0,0.10940816153454526,0.11444961244777233
tfidf,1,4,17,fake,448,1,0.1750662185191454,0.17325199769856695
tfidf,1,4,17,fake,449,0,0.14755283988217102,0.12479644227084434
tfidf,1,4,17,fake,455,0,0.07002161765750066,0.06789494744142234
tfidf,1,4,17,fake,458,0,0.14439160119670852,0.14834973530897325
tfidf,1,4,17,fake,463,0,0.007759476663875057,0.00480245026420074
tfidf,1,4,17,fake,464,0,0.07011363738656798,0.05618091080508049
tfidf,1,4,17,fake,471,0,0.10863319610576685,0.07173612950923126
tfidf,1,4,17,fake,472,0,0.03232957210734438,0.02848204253100212
tfidf,1,4,17,fake,477,0,0.6798847204050429,0.6918791576443435
tfidf,1,4,17,fake,478,0,0.7268607539528692,0.7340681480672481
tfidf,1,4,17,fake,483,1,0.9191450114457435,0.9076244286128625
tfidf,1,4,17,fake,488,0,0.06757238661348433,0.046813081519284386
tfidf,1,4,17,fake,492,0,0.11581783175432075,0.14268440321017273
tfidf,1,5,17,fake,302,0,0.029971969492906782,0.03002781672014366
tfidf,1,5,17,fake,321,1,0.5101147818646263,0.5162113460519845
tfidf,1,5,17,fake,325,1,0.6904678272148559,0.6846016937914665
tfidf,1,5,17,fake,330,1,0.8820179604587188,0.8801094556314392
tfidf,1,5,17,fake,333,0,0.25881545201592343,0.2576674089488563
tfidf,1,5,17,fake,336,0,0.8794946090208693,0.8769098560743352
tfidf,1,5,17,fake,340,0,0.2724532718307755,0.27141705188369125
tfidf,1,5,17,fake,341,0,0.427202629903014,0.4207108472107558
tfidf,1,5,17,fake,348,1,0.8113046718015788,0.8082631151299965
tfidf,1,5,17,fake,350,1,0.7633938742350381,0.7702815781194099
tfidf,1,5,17,fake,360,0,0.627851858867969,0.6275626533380297
tfidf,1,5,17,fake,368,0,0.6759775545702664,0.6714523912706741
tfidf,1,5,17,fake,370,0,0.07178297299041086,0.07406245896491909
tfidf,1,5,17,fake,385,0,0.09485757419978405,0.09521152149246713
tfidf,1,5,17,fake,388,1,0.63589917477171,0.6396843845888857
tfidf,1,5,17,fake,406,0,0.0510389795625446,0.05097675554856442
tfidf,1,5,17,fake,409,1,0.4636859602606953,0.46937437903487983
tfidf,1,5,17,fake,417,0,0.1410315463156897,0.13746631791823308
tfidf,1,5,17,fake,418,1,0.8884891084545579,0.8945349220459706
tfidf,1,5,17,fake,428,0,0.10272711486925695,0.10193127859646757
tfidf,1,5,17,fake,429,0,0.19762382516090105,0.1972603826657505
tfidf,1,5,17,fake,434,0,0.07526770000139808,0.07139058785453634
tfidf,1,5,17,fake,437,0,0.04492928045054021,0.044339491586021254
tfidf,1,5,17,fake,441,1,0.9064028620300384,0.9093694267611725
tfidf,1,5,17,fake,444,0,0.07230806547514426,0.07130539193624419
tfidf,1,5,17,fake,456,0,0.035958641411967626,0.03573061847997117
tfidf,1,5,17,fake,468,0,0.04612914986254625,0.04391033167580366
tfidf,1,5,17,fake,485,0,0.23628401760207496,0.23009109424678445
tfidf,1,1,18,fake,319,1,0.7510755233158876,0.7258846928611103
tfidf,1,1,18,fake,331,0,0.780101732129652,0.7293980912428121
tfidf,1,1,18,fake,345,1,0.9996772610429661,0.9855768350866452
tfidf,1,1,18,fake,346,1,0.7218719086520007,0.7500276644076953
tfidf,1,1,18,fake,357,0,0.9529900272238909,0.7922448763696279
tfidf,1,1,18,fake,358,0,0.8085589919153843,0.7958344780048209
tfidf,1,1,18,fake,362,1,0.9635074716960111,0.9307532009323755
tfidf,1,1,18,fake,363,0,0.007178705804510398,0.0908580543924177
tfidf,1,1,18,fake,364,0,0.48943231336570125,0.5430990638123618
tfidf,1,1,18,fake,369,0,0.7930627761559839,0.41970597776531143
tfidf,1,1,18,fake,372,1,0.9979294999530991,0.9960446757167515
tfidf,1,1,18,fake,391,0,0.9259200139506383,0.862462135346201
tfidf,1,1,18,fake,400,0,0.8155870007862303,0.6584622299076844
tfidf,1,1,18,fake,402,1,0.9999665998247511,0.9976910575931198
tfidf,1,1,18,fake,403,0,0.0034601981045262256,0.014159328390575408
tfidf,1,1,18,fake,404,0,0.011298421127719343,0.09784262025455288
tfidf,1,1,18,fake,413,1,0.9664254856931348,0.876045962758237
tfidf,1,1,18,fake,416,0,0.01769313597122068,0.07470641808630722
tfidf,1,1,18,fake,420,0,0.26721310411188115,0.2529766027980932
tfidf,1,1,18,fake,423,0,0.9501116832960492,0.9117856108618828
tfidf,1,1,18,fake,426,1,0.9728149478740266,0.9029891434847167
tfidf,1,1,18,fake,433,1,0.1950567746383144,0.2573330225064659
tfidf,1,1,18,fake,451,0,0.1909727310070664,0.25426166201363437
tfidf,1,1,18,fake,454,0,0.11845323531051334,0.1265240677565056
tfidf,1,1,18,fake,473,0,0.011123160495374011,0.048516333675623295
tfidf,1,1,18,fake,476,0,0.015355887589359686,0.07492208463730793
tfidf,1,1,18,fake,484,0,0.0435976050113711,0.30690395558877714
tfidf,1,1,18,fake,487,0,0.02336063292797934,0.15952080915595782
tfidf,1,1,18,fake,490,0,0.0718835644837832,0.15926796658544604
tfidf,1,2,18,fake,303,0,0.013120894844317547,0.013846870013011391
tfidf,1,2,18,fake,304,0,0.03839844968669641,0.03511997615290406
tfidf,1,2,18,fake,310,0,0.5778160158973081,0.5178064747746661
tfidf,1,2,18,fake,312,0,0.43699645721685243,0.39725806510727174
tfidf,1,2,18,fake,316,0,0.5651085777241192,0.5598723667172388
tfidf,1,2,18,fake,324,0,0.47215547970748045,0.48418562127822795
tfidf,1,2,18,fake,328,0,0.4964999201491722,0.47592877746967055
tfidf,1,2,18,fake,339,1,0.8978305874659864,0.9009644688953677
tfidf,1,2,18,fake,353,1,0.8991942510692138,0.9012470211666426
tfidf,1,2,18,fake,355,1,0.5072523781227851,0.5361833472418431
tfidf,1,2,18,fake,366,0,0.017452250845356558,0.0155650569267733
tfidf,1,2,18,fake,375,0,0.006696662506022446,0.005632783200125556
tfidf,1,2,18,fake,376,1,0.9502307193898416,0.9554408267810693
tfidf,1,2,18,fake,379,0,0.22008785913926143,0.20764125184347526
tfidf,1,2,18,fake,381,1,0.8861824115101634,0.9023174923343189
tfidf,1,2,18,fake,382,0,0.18873320449032907,0.1580532226807822
tfidf,1,2,18,fake,386,1,0.9283065216549242,0.9203372063714789
tfidf,1,2,18,fake,390,0,0.9621863600180905,0.9667671746249111
tfidf,1,2,18,fake,392,0,0.10233208482970019,0.09491207341347509
tfidf,1,2,18,fake,401,0,0.72100352272547,0.7033924440372417
tfidf,1,2,18,fake,412,1,0.8258758891759318,0.8233726769974445
tfidf,1,2,18,fake,422,1,0.6378915985592515,0.6005508135020439
tfidf,1,2,18,fake,427,0,0.006301783239550977,0.005182707475443683
tfidf,1,2,18,fake,440,1,0.9002327023509191,0.8984794258230078
tfidf,1,2,18,fake,443,0,0.21368893015787185,0.19567376215783422
tfidf,1,2,18,fake,457,0,0.014484190662431428,0.011879838165713329
tfidf,1,2,18,fake,479,0,0.021938941738039494,0.018956481981698307
tfidf,1,2,18,fake,482,0,0.18797312003608957,0.17146552418697086
tfidf,1,2,18,fake,486,0,0.009409660219686358,0.008433496620590463
tfidf,1,3,18,fake,305,0,0.21009668890399885,0.19748874454239543
tfidf,1,3,18,fake,307,0,0.5236505460619356,0.36892590594325303
tfidf,1,3,18,fake,313,0,0.4127392135187218,0.3864422523339015
tfidf,1,3,18,fake,315,0,0.3916531482383844,0.2277322658400817
tfidf,1,3,18,fake,317,0,0.4976631092781058,0.651402716196478
tfidf,1,3,18,fake,320,1,0.8921513189908703,0.9466351535736404
tfidf,1,3,18,fake,338,1,0.8779472418168874,0.9373580849451448
tfidf,1,3,18,fake,344,1,0.473531573194656,0.6068926631025676
tfidf,1,3,18,fake,352,1,0.8762837077537685,0.7483044256295391
tfidf,1,3,18,fake,356,1,0.6242743676058901,0.723516506063399
tfidf,1,3,18,fake,367,1,0.9919885259742435,0.993052682110364
tfidf,1,3,18,fake,371,0,0.6423194722336428,0.7392560817552644
tfidf,1,3,18,fake,380,1,0.9566709758956974,0.9442684372545119
tfidf,1,3,18,fake,383,0,0.31032546446369624,0.2732606393081962
tfidf,1,3,18,fake,393,0,0.07509002436097931,0.07147007606332478
tfidf,1,3,18,fake,395,0,0.46091945541858165,0.5738506759568692
tfidf,1,3,18,fake,397,0,0.19708702914174034,0.20082255744077745
tfidf,1,3,18,fake,425,0,0.4919985487563914,0.4918721611038646
tfidf,1,3,18,fake,430,0,0.1505732271944449,0.11616680949780148
tfidf,1,3,18,fake,436,0,0.02658031125129107,0.018794202052209177
tfidf,1,3,18,fake,439,0,0.11893325880259055,0.11531151928124753
tfidf,1,3,18,fake,446,0,0.021523516359077708,0.023145007658926953
tfidf,1,3,18,fake,447,0,0.05809806471665757,0.05843963444407714
tfidf,1,3,18,fake,459,1,0.8708875008997847,0.8629631150330759
tfidf,1,3,18,fake,474,0,0.11270671532561576,0.08290199663620722
tfidf,1,3,18,fake,475,0,0.02925643784403541,0.027072835838013565
tfidf,1,3,18,fake,489,0,0.02112986279545324,0.023063842417036358
tfidf,1,3,18,fake,491,0,0.13067356307762104,0.1434419000714952
tfidf,1,4,18,fake,318,0,0.4705761066061801,0.36994448466657365
tfidf,1,4,18,fake,322,0,0.5013091720561845,0.5311032531576962
tfidf,1,4,18,fake,326,0,0.32203862282465107,0.2560541362788485
tfidf,1,4,18,fake,327,0,0.7220219477351033,0.7044412058143265
tfidf,1,4,18,fake,335,1,0.3634981483161472,0.32578610314052303
tfidf,1,4,18,fake,343,0,0.6422681998015152,0.6428224503013845
tfidf,1,4,18,fake,347,1,0.747123416982417,0.7500733520900411
tfidf,1,4,18,fake,351,1,0.69931851265736,0.773325581433992
tfidf,1,4,18,fake,374,0,0.24162101230191946,0.2343864127586077
tfidf,1,4,18,fake,377,1,0.9952039270364675,0.9965313663850814
tfidf,1,4,18,fake,389,1,0.9011614633293998,0.9215226857406169
tfidf,1,4,18,fake,414,1,0.4144477234636609,0.37234032968287867
tfidf,1,4,18,fake,415,0,0.17018075013573808,0.1533705462352879
tfidf,1,4,18,fake,419,0,0.009587924412005806,0.007240394782050598
tfidf,1,4,18,fake,445,0,0.17753869520168852,0.18488162602285804
tfidf,1,4,18,fake,448,1,0.45941138805880977,0.43769981445389616
tfidf,1,4,18,fake,449,0,0.13269931875269964,0.11815459379848406
tfidf,1,4,18,fake,455,0,0.10340825912636745,0.10273805551100579
tfidf,1,4,18,fake,458,0,0.16327713421498655,0.17562330223784178
tfidf,1,4,18,fake,463,0,0.02301616710350701,0.014828057320460704
tfidf,1,4,18,fake,464,0,0.08264434670055838,0.07583615183418502
tfidf,1,4,18,fake,471,0,0.07270214383487646,0.0573338069467838
tfidf,1,4,18,fake,472,0,0.019614979198452117,0.01825805648943877
tfidf,1,4,18,fake,477,0,0.32212036960749224,0.35573894596987765
tfidf,1,4,18,fake,478,0,0.8116789723679172,0.8289168211092554
tfidf,1,4,18,fake,483,1,0.9545511921137466,0.9438563573517256
tfidf,1,4,18,fake,488,0,0.1679693005061231,0.12941849211850132
tfidf,1,4,18,fake,492,0,0.04689894905296907,0.052922640671954
tfidf,1,5,18,fake,302,0,0.052469179050335824,0.052417525737709955
tfidf,1,5,18,fake,321,1,0.5369529723210534,0.5194562470742269
tfidf,1,5,18,fake,325,1,0.8999230587883585,0.8911174838668954
tfidf,1,5,18,fake,330,1,0.49932620702403496,0.5042449712961458
tfidf,1,5,18,fake,333,0,0.3821919158791564,0.36704086024910243
tfidf,1,5,18,fake,336,0,0.23238666687096232,0.20616120111254088
tfidf,1,5,18,fake,340,0,0.5628732919056971,0.5322696782110014
tfidf,1,5,18,fake,341,0,0.3823590277942144,0.3514378158976389
tfidf,1,5,18,fake,348,1,0.6583235649736189,0.6461391763971159
tfidf,1,5,18,fake,350,1,0.9004938150269715,0.9229649394323651
tfidf,1,5,18,fake,360,0,0.5336780317690377,0.5387649622758907
tfidf,1,5,18,fake,368,0,0.1973926873980028,0.19986991919768515
tfidf,1,5,18,fake,370,0,0.5316845492627629,0.5645920414422781
tfidf,1,5,18,fake,385,0,0.1206369494206146,0.11860556533279387
tfidf,1,5,18,fake,388,1,0.7644292629126298,0.7924921943237151
tfidf,1,5,18,fake,406,0,0.06296922192527608,0.06341652372373827
tfidf,1,5,18,fake,409,1,0.3680793040680222,0.403963416628803
tfidf,1,5,18,fake,417,0,0.09751489772658427,0.08710690375622732
tfidf,1,5,18,fake,418,1,0.9939910825212539,0.9950684900870949
tfidf,1,5,18,fake,428,0,0.12139182936530417,0.12495172771813175
tfidf,1,5,18,fake,429,0,0.11942591970146516,0.13352112348533982
tfidf,1,5,18,fake,434,0,0.22801642914208375,0.19753515308718156
tfidf,1,5,18,fake,437,0,0.1028400486185411,0.09929350099180416
tfidf,1,5,18,fake,441,1,0.6146939260738681,0.6365683659199615
tfidf,1,5,18,fake,444,0,0.08401268982062503,0.0861442529806181
tfidf,1,5,18,fake,456,0,0.04720376456160762,0.04508858995671764
tfidf,1,5,18,fake,468,0,0.6169129523225377,0.5651764955936555
tfidf,1,5,18,fake,485,0,0.024574530186632974,0.021019406479083635
tfidf,1,1,19,fake,319,1,0.6143353734737521,0.7409702582131467
tfidf,1,1,19,fake,331,0,0.801338285632948,0.8691609799576542
tfidf,1,1,19,fake,345,1,0.7447954349869929,0.8428559476987555
tfidf,1,1,19,fake,346,1,0.974385261269569,0.9813085134982297
tfidf,1,1,19,fake,357,0,0.40545110003381074,0.5053218665190015
tfidf,1,1,19,fake,358,0,0.813651009049541,0.8954248632169328
tfidf,1,1,19,fake,362,1,0.9829702999966327,0.9892189416751133
tfidf,1,1,19,fake,363,0,0.2225972410120937,0.242753982096162
tfidf,1,1,19,fake,364,0,0.5406275950183085,0.6945104221544643
tfidf,1,1,19,fake,369,0,0.11143440514068868,0.09927725502674566
tfidf,1,1,19,fake,372,1,0.8473001953674348,0.8573092179445155
tfidf,1,1,19,fake,391,0,0.27146061896704277,0.40534944415004
tfidf,1,1,19,fake,400,0,0.7043425143506146,0.7174242633878645
tfidf,1,1,19,fake,402,1,0.9650558231749269,0.9742715581663227
tfidf,1,1,19,fake,403,0,0.016026541293006454,0.013118680619018941
tfidf,1,1,19,fake,404,0,0.09586434014496739,0.12942776941598216
tfidf,1,1,19,fake,413,1,0.6768122443295994,0.7496794851481314
tfidf,1,1,19,fake,416,0,0.061117240594307926,0.06468896803072159
tfidf,1,1,19,fake,420,0,0.3664550354703727,0.27970798035382644
tfidf,1,1,19,fake,423,0,0.9364426534404613,0.9618541263262754
tfidf,1,1,19,fake,426,1,0.735283876796142,0.7568093057230588
tfidf,1,1,19,fake,433,1,0.9922398362946648,0.9880801565947613
tfidf,1,1,19,fake,451,0,0.29442572601750355,0.23414953126435387
tfidf,1,1,19,fake,454,0,0.04483247536839078,0.05711761761620525
tfidf,1,1,19,fake,473,0,0.03175695114748722,0.02724144837935995
tfidf,1,1,19,fake,476,0,0.5743039255871778,0.49769829216977696
tfidf,1,1,19,fake,484,0,0.40624052156986384,0.46547388637980713
tfidf,1,1,19,fake,487,0,0.25274397929255077,0.24290084967157743
tfidf,1,1,19,fake,490,0,0.1496025326006823,0.13650193591930004
tfidf,1,2,19,fake,303,0,2.2996240632390002e-05,0.29022287401115415
tfidf,1,2,19,fake,304,0,0.00030426206786821113,0.38792186045223587
tfidf,1,2,19,fake,310,0,0.1614300492597804,0.6082144388807179
tfidf,1,2,19,fake,312,0,0.010796620774544623,0.5642226343173717
tfidf,1,2,19,fake,316,0,0.11513185504530968,0.6910799403656778
tfidf,1,2,19,fake,324,0,0.07682011311848064,0.6387830127059803
tfidf,1,2,19,fake,328,0,0.6524904924139712,0.6719460055604732
tfidf,1,2,19,fake,339,1,0.8002937318831674,0.795849984520663
tfidf,1,2,19,fake,353,1,0.5608230147465101,0.6965797606570953
tfidf,1,2,19,fake,355,1,0.6281360541046562,0.6685888901429616
tfidf,1,2,19,fake,366,0,0.0038366688373065827,0.19181191846141432
tfidf,1,2,19,fake,375,0,1.351648536907813e-06,0.08571475129477445
tfidf,1,2,19,fake,376,1,0.9996664580666725,0.9312128640059424
tfidf,1,2,19,fake,379,0,0.9518561748457736,0.42126627635055536
tfidf,1,2,19,fake,381,1,0.9972552873116716,0.7645044751855083
tfidf,1,2,19,fake,382,0,0.4155439747613584,0.3042399423922519
tfidf,1,2,19,fake,386,1,0.9999813084911012,0.6934529339707936
tfidf,1,2,19,fake,390,0,0.9927918283436875,0.8584315344025455
tfidf,1,2,19,fake,392,0,0.005277987197426439,0.24996846894879393
tfidf,1,2,19,fake,401,0,0.634299238529721,0.584043988074974
tfidf,1,2,19,fake,412,1,0.9512608742683268,0.46715649946322624
tfidf,1,2,19,fake,422,1,0.8509765001861754,0.5542861089442706
tfidf,1,2,19,fake,427,0,0.00025279432588957014,0.11508702235957621
tfidf,1,2,19,fake,440,1,0.980449942854458,0.7360039637289478
tfidf,1,2,19,fake,443,0,0.0711669771190651,0.366246818787915
tfidf,1,2,19,fake,457,0,0.00028177029853834176,0.1574665671159198
tfidf,1,2,19,fake,479,0,0.00011795277451322513,0.1537796568360679
tfidf,1,2,19,fake,482,0,0.07741250910696865,0.2957354765087565
tfidf,1,2,19,fake,486,0,8.166895850358536e-05,0.12326115446655107
tfidf,1,3,19,fake,305,0,0.5172003939089358,0.36755857459942365
tfidf,1,3,19,fake,307,0,0.6939784833249569,0.24060758801954696
tfidf,1,3,19,fake,313,0,0.008803656475639082,0.3929525239731055
tfidf,1,3,19,fake,315,0,0.002550019321739382,0.21704563523148768
tfidf,1,3,19,fake,317,0,0.9199709360055859,0.7980272240051429
tfidf,1,3,19,fake,320,1,0.9999910820704399,0.9776290821731644
tfidf,1,3,19,fake,338,1,0.05522269006139244,0.6324462287668572
tfidf,1,3,19,fake,344,1,0.9247690251557621,0.782969505486925
tfidf,1,3,19,fake,352,1,0.029831534478489928,0.38518818231848917
tfidf,1,3,19,fake,356,1,0.9982713791155696,0.903461519440077
tfidf,1,3,19,fake,367,1,0.999999314397966,0.9960233201326597
tfidf,1,3,19,fake,371,0,0.9999977044567985,0.9231730291873578
tfidf,1,3,19,fake,380,1,0.9999999996898434,0.9861621106294172
tfidf,1,3,19,fake,383,0,0.0014229655672905685,0.10285524436187655
tfidf,1,3,19,fake,393,0,0.937223643494124,0.2523971451319854
tfidf,1,3,19,fake,395,0,0.04468580049111961,0.39856015178585713
tfidf,1,3,19,fake,397,0,0.21913440619858157,0.25497039495574264
tfidf,1,3,19,fake,425,0,0.0007536787569681817,0.4040846880053942
tfidf,1,3,19,fake,430,0,0.00021923248942288477,0.09094992065524074
tfidf,1,3,19,fake,436,0,0.003459101993331302,0.03882428160978334
tfidf,1,3,19,fake,439,0,0.006232536111514792,0.20016045541944424
tfidf,1,3,19,fake,446,0,2.5199186487386528e-05,0.03982655740961095
tfidf,1,3,19,fake,447,0,0.0006522096545962662,0.19452675940504335
tfidf,1,3,19,fake,459,1,0.9938949325314749,0.8716133389880891
tfidf,1,3,19,fake,474,0,1.7329224391792805e-05,0.01973309862680822
tfidf,1,3,19,fake,475,0,1.9723667232743063e-07,0.007289361919057585
tfidf,1,3,19,fake,489,0,0.968909883469947,0.23918377502364166
tfidf,1,3,19,fake,491,0,0.9999105342508302,0.583439503590326
tfidf,1,4,19,fake,318,0,0.11803740774259804,0.5557844343401717
tfidf,1,4,19,fake,322,0,0.14365532553846844,0.6586539866473087
tfidf,1,4,19,fake,326,0,0.23080043346880144,0.5231121327945575
tfidf,1,4,19,fake,327,0,0.6257876484434551,0.715791249955262
tfidf,1,4,19,fake,335,1,0.14921560165326264,0.5647911079914877
tfidf,1,4,19,fake,343,0,0.7798457356410112,0.705366430648203
tfidf,1,4,19,fake,347,1,0.9054010636514491,0.6820935313300249
tfidf,1,4,19,fake,351,1,0.9995719334507317,0.8302172501284771
tfidf,1,4,19,fake,374,0,0.01630447222430891,0.5413349817509935
tfidf,1,4,19,fake,377,1,0.9190374888429569,0.8370451148985625
tfidf,1,4,19,fake,389,1,0.8640581085463591,0.6688708836084993
tfidf,1,4,19,fake,414,1,0.9775769082340986,0.5973193238782304
tfidf,1,4,19,fake,415,0,0.004156475126778533,0.21322384655041224
tfidf,1,4,19,fake,419,0,0.002147718526194428,0.19368175910217936
tfidf,1,4,19,fake,445,0,0.020958017278967553,0.27491678197723196
tfidf,1,4,19,fake,448,1,0.9179775761512189,0.6377029233796105
tfidf,1,4,19,fake,449,0,0.3506228063611362,0.28619489931629477
tfidf,1,4,19,fake,455,0,0.11937081234802788,0.3291568306936578
tfidf,1,4,19,fake,458,0,0.15923614470519826,0.40097778196938355
tfidf,1,4,19,fake,463,0,4.1040601313800124e-05,0.06810817292361694
tfidf,1,4,19,fake,464,0,0.18325202563727255,0.24527698606266665
tfidf,1,4,19,fake,471,0,0.036998753778621746,0.2715133576675926
tfidf,1,4,19,fake,472,0,0.004242837426906738,0.17432524981598774
tfidf,1,4,19,fake,477,0,0.009217621483317274,0.4274635930463659
tfidf,1,4,19,fake,478,0,0.48467724389045247,0.5805397524404615
tfidf,1,4,19,fake,483,1,0.9978236225580637,0.7649506696860829
tfidf,1,4,19,fake,488,0,0.01501125456962518,0.29786471793351094
tfidf,1,4,19,fake,492,0,0.00030311299092571526,0.22864778676263173
tfidf,1,5,19,fake,302,0,0.5413405315106001,0.4182379637401639
tfidf,1,5,19,fake,321,1,0.7229632828004218,0.6263220076379125
tfidf,1,5,19,fake,325,1,0.7549576764900471,0.879722456568161
tfidf,1,5,19,fake,330,1,0.6995933008532716,0.7098749492180519
tfidf,1,5,19,fake,333,0,0.5968394269581144,0.3978847674472832
tfidf,1,5,19,fake,336,0,0.5402402731321962,0.3407906301979707
tfidf,1,5,19,fake,340,0,0.5589448576255946,0.36519793736858813
tfidf,1,5,19,fake,341,0,0.5771932709278744,0.43662420580447747
tfidf,1,5,19,fake,348,1,0.7561665961684245,0.8610003971162421
tfidf,1,5,19,fake,350,1,0.8513936111348056,0.9820544421345594
tfidf,1,5,19,fake,360,0,0.5693035872347499,0.5135965701198675
tfidf,1,5,19,fake,368,0,0.46873834747847903,0.3523106895596614
tfidf,1,5,19,fake,370,0,0.270991484933218,0.1860311915031772
tfidf,1,5,19,fake,385,0,0.3154068998098337,0.18162719868607982
tfidf,1,5,19,fake,388,1,0.5681858074156383,0.7034027909082081
tfidf,1,5,19,fake,406,0,0.39071670679651926,0.6925454253431398
tfidf,1,5,19,fake,409,1,0.4035752319794999,0.1516935756540804
tfidf,1,5,19,fake,417,0,0.26787345241159666,0.08264935655748613
tfidf,1,5,19,fake,418,1,0.621237693957433,0.6272802258048498
tfidf,1,5,19,fake,428,0,0.2678950293407473,0.11291307731895639
tfidf,1,5,19,fake,429,0,0.42025409593496543,0.4727512607534497
tfidf,1,5,19,fake,434,0,0.2516842010193336,0.06810850413204159
tfidf,1,5,19,fake,437,0,0.21399726278109837,0.08061360972928024
tfidf,1,5,19,fake,441,1,0.6028945404822564,0.5785853315031421
tfidf,1,5,19,fake,444,0,0.27398124586581857,0.03822689723838291
tfidf,1,5,19,fake,456,0,0.15350581983812658,0.040023957894783635
tfidf,1,5,19,fake,468,0,0.1506238686997618,0.03339296211211887
tfidf,1,5,19,fake,485,0,0.18174964578231861,0.038362887760077125
tfidf,1,1,20,fake,319,1,0.7157492357810106,0.8433575897991784
tfidf,1,1,20,fake,331,0,0.35646532685070287,0.47930063899839775
tfidf,1,1,20,fake,345,1,0.8013391400300756,0.8948241400996344
tfidf,1,1,20,fake,346,1,0.9724805974657753,0.9819994991411759
tfidf,1,1,20,fake,357,0,0.6739618486544245,0.7322224931025957
tfidf,1,1,20,fake,358,0,0.639160987322454,0.8043051981676257
tfidf,1,1,20,fake,362,1,0.9458682569343331,0.983019619459524
tfidf,1,1,20,fake,363,0,0.1278769825342337,0.13045461060697108
tfidf,1,1,20,fake,364,0,0.6402785876905627,0.7770891472308555
tfidf,1,1,20,fake,369,0,0.17014420345826892,0.1405414402971692
tfidf,1,1,20,fake,372,1,0.4661162694306036,0.5145245170082652
tfidf,1,1,20,fake,391,0,0.7769340887457866,0.8716560919095591
tfidf,1,1,20,fake,400,0,0.7082031005996202,0.6966282180048791
tfidf,1,1,20,fake,402,1,0.90197879179774,0.9209501973724894
tfidf,1,1,20,fake,403,0,0.02517560103692405,0.018526976428784907
tfidf,1,1,20,fake,404,0,0.09555643463424228,0.16130496826802232
tfidf,1,1,20,fake,413,1,0.8833671632307024,0.917823263779751
tfidf,1,1,20,fake,416,0,0.0480348687038124,0.04696709770564389
tfidf,1,1,20,fake,420,0,0.13515326162331107,0.08481635803609132
tfidf,1,1,20,fake,423,0,0.8174122157076292,0.8821874231694605
tfidf,1,1,20,fake,426,1,0.9980618656716925,0.9989222644817943
tfidf,1,1,20,fake,433,1,0.5518287142019342,0.5684828009048968
tfidf,1,1,20,fake,451,0,0.2134118472984863,0.17321992283688278
tfidf,1,1,20,fake,454,0,0.46140841328722465,0.5294848040131959
tfidf,1,1,20,fake,473,0,0.038915105670855626,0.03855746703453403
tfidf,1,1,20,fake,476,0,0.19443051958345647,0.17473682100558321
tfidf,1,1,20,fake,484,0,0.2036036206940314,0.2578033077048642
tfidf,1,1,20,fake,487,0,0.21913232945170363,0.17853359305902897
tfidf,1,1,20,fake,490,0,0.12161007794586812,0.1087585046000264
tfidf,1,2,20,fake,303,0,0.3334914816533583,0.03847232644109319
tfidf,1,2,20,fake,304,0,0.4551428768120835,0.08404297760805896
tfidf,1,2,20,fake,310,0,0.6423143561163364,0.5356094391252686
tfidf,1,2,20,fake,312,0,0.5945295654780581,0.34689028622284773
tfidf,1,2,20,fake,316,0,0.7393253519111029,0.6765686700670006
tfidf,1,2,20,fake,324,0,0.6202374188757779,0.4489052199708586
tfidf,1,2,20,fake,328,0,0.6331565510115363,0.5109553442077491
tfidf,1,2,20,fake,339,1,0.803050205357071,0.8200349709494311
tfidf,1,2,20,fake,353,1,0.7782166071716766,0.8547582431384265
tfidf,1,2,20,fake,355,1,0.6748635576432118,0.6910645011349493
tfidf,1,2,20,fake,366,0,0.16237208342686094,0.02027308942949906
tfidf,1,2,20,fake,375,0,0.12254983142175693,0.007130363317562924
tfidf,1,2,20,fake,376,1,0.910134782188714,0.9804634672857647
tfidf,1,2,20,fake,379,0,0.4146110844878745,0.4089295438367964
tfidf,1,2,20,fake,381,1,0.8659606144666576,0.9948695557480941
tfidf,1,2,20,fake,382,0,0.3387265794351572,0.3216051265614248
tfidf,1,2,20,fake,386,1,0.46918834026852196,0.6472905432187924
tfidf,1,2,20,fake,390,0,0.8282926900035864,0.9405857396768137
tfidf,1,2,20,fake,392,0,0.26040050989009356,0.09990917384651948
tfidf,1,2,20,fake,401,0,0.5771370966747239,0.7211873235930479
tfidf,1,2,20,fake,412,1,0.46904770347046937,0.731661720038098
tfidf,1,2,20,fake,422,1,0.4712241788416904,0.4132325928231606
tfidf,1,2,20,fake,427,0,0.1392665924760571,0.017220360918689826
tfidf,1,2,20,fake,440,1,0.6851000639522643,0.8120507946662415
tfidf,1,2,20,fake,443,0,0.30975191461612606,0.17319040485333362
tfidf,1,2,20,fake,457,0,0.1655209488225637,0.018953723008794596
tfidf,1,2,20,fake,479,0,0.195437724086087,0.039965924911893366
tfidf,1,2,20,fake,482,0,0.2319399789290333,0.053194545524668235
tfidf,1,2,20,fake,486,0,0.13780547265550838,0.016092200481178275
tfidf,1,3,20,fake,305,0,0.26582491134123903,0.061032023672285544
tfidf,1,3,20,fake,307,0,0.3305568819225781,0.16591399810776256
tfidf,1,3,20,fake,313,0,0.2172638975408246,0.02275736749403863
tfidf,1,3,20,fake,315,0,0.49842340979800936,0.12045075636366304
tfidf,1,3,20,fake,317,0,0.29671945088907076,0.13869945515204318
tfidf,1,3,20,fake,320,1,0.958951926092284,0.9995087471092732
tfidf,1,3,20,fake,338,1,0.9106550475893129,0.9988747431261661
tfidf,1,3,20,fake,344,1,0.769131986513034,0.9227023654146655
tfidf,1,3,20,fake,352,1,0.5766575944389992,0.20349813916794962
tfidf,1,3,20,fake,356,1,0.8458854254624733,0.9723468944870262
tfidf,1,3,20,fake,367,1,0.9954417538379363,0.9997139569275884
tfidf,1,3,20,fake,371,0,0.5906531028662515,0.8498100255780584
tfidf,1,3,20,fake,380,1,0.651632353881619,0.24097657388606172
tfidf,1,3,20,fake,383,0,0.162564405495477,0.020620471860213346
tfidf,1,3,20,fake,393,0,0.03352273151717992,0.0024034403896053737
tfidf,1,3,20,fake,395,0,0.4030524901572604,0.5725903787091855
tfidf,1,3,20,fake,397,0,0.5461413815653376,0.7451758609855338
tfidf,1,3,20,fake,425,0,0.7962037855783597,0.8725057957981536
tfidf,1,3,20,fake,430,0,0.13119800443967405,0.01335591706270851
tfidf,1,3,20,fake,436,0,0.24100317963022047,0.5111601603387108
tfidf,1,3,20,fake,439,0,0.2577201080468753,0.058533032565166336
tfidf,1,3,20,fake,446,0,0.03750176244527165,0.0013595751824910676
tfidf,1,3,20,fake,447,0,0.13395587076026436,0.020976342810377205
tfidf,1,3,20,fake,459,1,0.7672724622432253,0.7368589048698044
tfidf,1,3,20,fake,474,0,0.06442900693022112,0.020728693114649782
tfidf,1,3,20,fake,475,0,0.03922738360325503,0.01147511111764552
tfidf,1,3,20,fake,489,0,0.170812646114659,0.3437096444413839
tfidf,1,3,20,fake,491,0,0.17517855355241474,0.022069123667074517
tfidf,1,4,20,fake,318,0,0.4924545610635499,0.3221448643028944
tfidf,1,4,20,fake,322,0,0.572218575254897,0.6309641193114898
tfidf,1,4,20,fake,326,0,0.35633826894858206,0.22540549532457962
tfidf,1,4,20,fake,327,0,0.6374714252792067,0.590941257514008
tfidf,1,4,20,fake,335,1,0.8691237990610263,0.8165627304330456
tfidf,1,4,20,fake,343,0,0.6463496747697236,0.652759203485369
tfidf,1,4,20,fake,347,1,0.4239190962003242,0.43643177085872625
tfidf,1,4,20,fake,351,1,0.7079831306553827,0.8023547839296735
tfidf,1,4,20,fake,374,0,0.2520575086530732,0.22138947496679676
tfidf,1,4,20,fake,377,1,0.9962251116031635,0.9977408861201507
tfidf,1,4,20,fake,389,1,0.6450235125488578,0.7092765426561303
tfidf,1,4,20,fake,414,1,0.7959503437411217,0.7278139289154626
tfidf,1,4,20,fake,415,0,0.06969882301471324,0.06329025143099937
tfidf,1,4,20,fake,419,0,0.02218277264540123,0.015413331151657902
tfidf,1,4,20,fake,445,0,0.06692498025342006,0.07326993453384478
tfidf,1,4,20,fake,448,1,0.21938341150948698,0.2116936994003499
tfidf,1,4,20,fake,449,0,0.21535579084524675,0.17670116976124492
tfidf,1,4,20,fake,455,0,0.24115501068339223,0.22755669980323218
tfidf,1,4,20,fake,458,0,0.23305561904408764,0.24632263600239587
tfidf,1,4,20,fake,463,0,0.005385942435029169,0.0024307879285209487
tfidf,1,4,20,fake,464,0,0.15843588198619402,0.12167136936678224
tfidf,1,4,20,fake,471,0,0.18578289727853203,0.1250607037995647
tfidf,1,4,20,fake,472,0,0.018846320199143386,0.018957215317514986
tfidf,1,4,20,fake,477,0,0.6068953918942463,0.6477616587220182
tfidf,1,4,20,fake,478,0,0.7407731409283772,0.7685119011226655
tfidf,1,4,20,fake,483,1,0.9415009475412278,0.9259261865208729
tfidf,1,4,20,fake,488,0,0.08253573581039719,0.06106951708851884
tfidf,1,4,20,fake,492,0,0.12883320518325328,0.15161273467260414
tfidf,1,5,20,fake,302,0,0.44658617304050946,0.13751900752899063
tfidf,1,5,20,fake,321,1,0.7276864631626355,0.6606211379148373
tfidf,1,5,20,fake,325,1,0.758982406430094,0.8640939876370456
tfidf,1,5,20,fake,330,1,0.6824853977557401,0.6467923874828705
tfidf,1,5,20,fake,333,0,0.5755869149495273,0.3349741678410318
tfidf,1,5,20,fake,336,0,0.795413726797918,0.9526023697084574
tfidf,1,5,20,fake,340,0,0.7010959258742507,0.7631687490957992
tfidf,1,5,20,fake,341,0,0.5943653239698516,0.48226881513338415
tfidf,1,5,20,fake,348,1,0.8564697739112246,0.9822536144657299
tfidf,1,5,20,fake,350,1,0.7902940337188397,0.9183413566555838
tfidf,1,5,20,fake,360,0,0.5758434424608443,0.38158989034693264
tfidf,1,5,20,fake,368,0,0.4624193107381067,0.3417001983813678
tfidf,1,5,20,fake,370,0,0.19784987693592587,0.02919430200982044
tfidf,1,5,20,fake,385,0,0.26010128634289176,0.07665181741395419
tfidf,1,5,20,fake,388,1,0.5501589591608393,0.6550680140613836
tfidf,1,5,20,fake,406,0,0.18388156933758895,0.06958816347323463
tfidf,1,5,20,fake,409,1,0.4292561597714983,0.18710306560915965
tfidf,1,5,20,fake,417,0,0.22535432777618067,0.04203152825808203
tfidf,1,5,20,fake,418,1,0.611008624555442,0.5905894825126641
tfidf,1,5,20,fake,428,0,0.24233769088194881,0.07271755324077894
tfidf,1,5,20,fake,429,0,0.30369042725280815,0.10090724720978561
tfidf,1,5,20,fake,434,0,0.21926064743457174,0.03730769618189344
tfidf,1,5,20,fake,437,0,0.2569416357054881,0.11063775993924825
tfidf,1,5,20,fake,441,1,0.5996677863036444,0.667446759546155
tfidf,1,5,20,fake,444,0,0.30602822441929434,0.09129894553742604
tfidf,1,5,20,fake,456,0,0.24580724335569962,0.20240226641348233
tfidf,1,5,20,fake,468,0,0.18090298236007826,0.05392604338387715
tfidf,1,5,20,fake,485,0,0.15294547575525155,0.027635365420352685
tfidf,1,1,21,fake,319,1,0.9564691467284964,0.9751883347134227
tfidf,1,1,21,fake,331,0,0.5876288644263944,0.681360036857393
tfidf,1,1,21,fake,345,1,0.6957711853309487,0.7881600332386923
tfidf,1,1,21,fake,346,1,0.9764450555223053,0.9802113559439923
tfidf,1,1,21,fake,357,0,0.261707721209424,0.31655070988602524
tfidf,1,1,21,fake,358,0,0.7913743351285595,0.8547402537233479
tfidf,1,1,21,fake,362,1,0.9986561150646471,0.9993274009888518
tfidf,1,1,21,fake,363,0,0.09496478051919102,0.10199788189301993
tfidf,1,1,21,fake,364,0,0.6464729819553063,0.742253708733917
tfidf,1,1,21,fake,369,0,0.4506158082422352,0.37639183684040833
tfidf,1,1,21,fake,372,1,0.5810165306386694,0.638662826339338
tfidf,1,1,21,fake,391,0,0.27249513671373776,0.4250225007769911
tfidf,1,1,21,fake,400,0,0.5549911979680163,0.5473090544632717
tfidf,1,1,21,fake,402,1,0.9786790455589552,0.9834562057696197
tfidf,1,1,21,fake,403,0,0.014616296744938587,0.012230718458568896
tfidf,1,1,21,fake,404,0,0.07994412713753159,0.12738911346670664
tfidf,1,1,21,fake,413,1,0.8946487221386709,0.9388380730728715
tfidf,1,1,21,fake,416,0,0.04043731460806037,0.0365225599921054
tfidf,1,1,21,fake,420,0,0.068700959480574,0.03907404183409902
tfidf,1,1,21,fake,423,0,0.951021912379479,0.9654071873811891
tfidf,1,1,21,fake,426,1,0.628237546917474,0.6632068798354768
tfidf,1,1,21,fake,433,1,0.4883178539252337,0.4900700033036052
tfidf,1,1,21,fake,451,0,0.24754549434800732,0.2170000671358468
tfidf,1,1,21,fake,454,0,0.06653048240724022,0.07865553651734468
tfidf,1,1,21,fake,473,0,0.16202244537594562,0.17081685494784937
tfidf,1,1,21,fake,476,0,0.10370844200744651,0.0994516705548706
tfidf,1,1,21,fake,484,0,0.6436220633279052,0.7132185803037269
tfidf,1,1,21,fake,487,0,0.3459277574606706,0.32765640920247047
tfidf,1,1,21,fake,490,0,0.06732862308448662,0.06619534373991703
tfidf,1,2,21,fake,303,0,0.03329302236679459,0.034536528225836874
tfidf,1,2,21,fake,304,0,0.02975711966391248,0.0271548624533072
tfidf,1,2,21,fake,310,0,0.42552914387324725,0.37438413981431823
tfidf,1,2,21,fake,312,0,0.6030413646746979,0.5706738962790168
tfidf,1,2,21,fake,316,0,0.5119182835156264,0.49730185046234493
tfidf,1,2,21,fake,324,0,0.5411124800156335,0.5462546071814136
tfidf,1,2,21,fake,328,0,0.6077437999151598,0.590758742097755
tfidf,1,2,21,fake,339,1,0.8327688341536456,0.8299615427601269
tfidf,1,2,21,fake,353,1,0.7723887709529356,0.771340677106823
tfidf,1,2,21,fake,355,1,0.40828952167263516,0.43404226276071395
tfidf,1,2,21,fake,366,0,0.02165753869306836,0.018855360897233216
tfidf,1,2,21,fake,375,0,0.004770779866190103,0.003909178744865776
tfidf,1,2,21,fake,376,1,0.9938586947164332,0.9943374477689506
tfidf,1,2,21,fake,379,0,0.3952466918267095,0.3692015718838062
tfidf,1,2,21,fake,381,1,0.9561358661457088,0.9606190174834912
tfidf,1,2,21,fake,382,0,0.15816140469323403,0.13461863495708956
tfidf,1,2,21,fake,386,1,0.5512123146698302,0.5502457052059668
tfidf,1,2,21,fake,390,0,0.9798994285510169,0.9811621122592744
tfidf,1,2,21,fake,392,0,0.0882524961926398,0.08190682616400899
tfidf,1,2,21,fake,401,0,0.6656279448890058,0.6503903192686429
tfidf,1,2,21,fake,412,1,0.7275692190327621,0.7121418559015016
tfidf,1,2,21,fake,422,1,0.981708840804982,0.9832127162235169
tfidf,1,2,21,fake,427,0,0.017621559483553415,0.014811531213609577
tfidf,1,2,21,fake,440,1,0.9547201946008642,0.956429258253301
tfidf,1,2,21,fake,443,0,0.17977170721986235,0.1593002821657566
tfidf,1,2,21,fake,457,0,0.017588477928161185,0.01519308071182769
tfidf,1,2,21,fake,479,0,0.011207012530320849,0.009276454705598021
tfidf,1,2,21,fake,482,0,0.07475892791003627,0.06451764245766929
tfidf,1,2,21,fake,486,0,0.011304666445333466,0.009928398541225576
tfidf,1,3,21,fake,305,0,0.31936125851451336,0.06689530599985416
tfidf,1,3,21,fake,307,0,0.2812123404742303,0.028200467354587186
tfidf,1,3,21,fake,313,0,0.7342813694718372,0.9590737080192462
tfidf,1,3,21,fake,315,0,0.5603664237426382,0.13843526935283745
tfidf,1,3,21,fake,317,0,0.8163298592058509,0.971509698026608
tfidf,1,3,21,fake,320,1,0.7473004514865521,0.945900678309328
tfidf,1,3,21,fake,338,1,0.634781519175974,0.8987258601485889
tfidf,1,3,21,fake,344,1,0.8108587370974576,0.9788372817942708
tfidf,1,3,21,fake,352,1,0.7295060437199231,0.5259470654613719
tfidf,1,3,21,fake,356,1,0.8106934121812779,0.8698963248556734
tfidf,1,3,21,fake,367,1,0.9944362285992272,0.9997685141133498
tfidf,1,3,21,fake,371,0,0.5623835637394634,0.773117360237233
tfidf,1,3,21,fake,380,1,0.9087054868197528,0.9257385085637624
tfidf,1,3,21,fake,383,0,0.26821001697373004,0.10317620388220546
tfidf,1,3,21,fake,393,0,0.05718256791301451,0.006486198242444481
tfidf,1,3,21,fake,395,0,0.8585569392427069,0.9935475169223413
tfidf,1,3,21,fake,397,0,0.07485298395105654,0.004461004962760251
tfidf,1,3,21,fake,425,0,0.5887191484685405,0.6181608058044832
tfidf,1,3,21,fake,430,0,0.10433096821169038,0.003678128319051529
tfidf,1,3,21,fake,436,0,0.08809576414695937,0.03342265681012827
tfidf,1,3,21,fake,439,0,0.23498820504409254,0.16146300629844582
tfidf,1,3,21,fake,446,0,0.03207617752068932,0.000959451539137295
tfidf,1,3,21,fake,447,0,0.20734673210514334,0.1790905412100387
tfidf,1,3,21,fake,459,1,0.9612793068957574,0.9934846348775506
tfidf,1,3,21,fake,474,0,0.08650432003168682,0.008099439758527529
tfidf,1,3,21,fake,475,0,0.021173222173639088,0.005262710162586201
tfidf,1,3,21,fake,489,0,0.3328821430459956,0.28668886538994887
tfidf,1,3,21,fake,491,0,0.06546004373744724,0.004291563796580296
tfidf,1,4,21,fake,318,0,0.8238057615612293,0.4150629692499461
tfidf,1,4,21,fake,322,0,0.6267384825166487,0.7796306965809541
tfidf,1,4,21,fake,326,0,0.42245705229582936,0.18605142926494417
tfidf,1,4,21,fake,327,0,0.24820815127439128,0.505758484388613
tfidf,1,4,21,fake,335,1,0.9771694337674334,0.7693886658425765
tfidf,1,4,21,fake,343,0,0.30574753836356766,0.5343986600770791
tfidf,1,4,21,fake,347,1,0.5916994580892628,0.5274665443718022
tfidf,1,4,21,fake,351,1,0.9102803663574182,0.8624010840408174
tfidf,1,4,21,fake,374,0,0.1771636833985001,0.36230335541781583
tfidf,1,4,21,fake,377,1,0.9998787400252857,0.9962408561790252
tfidf,1,4,21,fake,389,1,0.9863483441434796,0.8754536611144235
tfidf,1,4,21,fake,414,1,0.025075712325868423,0.16208871735069771
tfidf,1,4,21,fake,415,0,0.003627085416259263,0.04102774767812351
tfidf,1,4,21,fake,419,0,0.00026368979409371814,0.008451065312524429
tfidf,1,4,21,fake,445,0,0.03588764001627941,0.1850871923266659
tfidf,1,4,21,fake,448,1,0.9713667075855227,0.7280506074888717
tfidf,1,4,21,fake,449,0,0.13429608703726137,0.18931402727817645
tfidf,1,4,21,fake,455,0,0.015562905877082289,0.12702350990652914
tfidf,1,4,21,fake,458,0,0.5135908894483006,0.2771755132337749
tfidf,1,4,21,fake,463,0,0.0021605587494277663,0.014008591276115149
tfidf,1,4,21,fake,464,0,0.012403033121450456,0.04703234627944931
tfidf,1,4,21,fake,471,0,0.004474542642296474,0.08263467550847356
tfidf,1,4,21,fake,472,0,0.0010575149271774876,0.02004240294990117
tfidf,1,4,21,fake,477,0,0.1898243296102493,0.5214803705264875
tfidf,1,4,21,fake,478,0,0.7136699472833452,0.7497603551280757
tfidf,1,4,21,fake,483,1,0.9089406309576914,0.7248380079014646
tfidf,1,4,21,fake,488,0,0.00551939625932091,0.05164447062790662
tfidf,1,4,21,fake,492,0,0.0020178044531333973,0.05057067047596731
tfidf,1,5,21,fake,302,0,0.02510900211099853,0.02547026102547658
tfidf,1,5,21,fake,321,1,0.9595095008833164,0.961303850282945
tfidf,1,5,21,fake,325,1,0.8767786793377752,0.8735613031951187
tfidf,1,5,21,fake,330,1,0.23280028896953087,0.23293250631534118
tfidf,1,5,21,fake,333,0,0.284048426101719,0.2828600072576417
tfidf,1,5,21,fake,336,0,0.5088775947634959,0.5000304059256265
tfidf,1,5,21,fake,340,0,0.1601126787895899,0.1587763567695043
tfidf,1,5,21,fake,341,0,0.9205097057561001,0.9210296025664331
tfidf,1,5,21,fake,348,1,0.43024710561761964,0.4200981987336402
tfidf,1,5,21,fake,350,1,0.8286336693107629,0.8407779219502
tfidf,1,5,21,fake,360,0,0.5019658429538107,0.5126245582420201
tfidf,1,5,21,fake,368,0,0.1217226793990861,0.12179379378495528
tfidf,1,5,21,fake,370,0,0.06696181763634784,0.0691162161390342
tfidf,1,5,21,fake,385,0,0.1152348291434627,0.11582218374208955
tfidf,1,5,21,fake,388,1,0.3838756341981761,0.388299171543471
tfidf,1,5,21,fake,406,0,0.05396087662671124,0.05226627380293996
tfidf,1,5,21,fake,409,1,0.31177852974839,0.32019471935186006
tfidf,1,5,21,fake,417,0,0.3961567101170423,0.38588481600127666
tfidf,1,5,21,fake,418,1,0.891607972517571,0.8954594993631783
tfidf,1,5,21,fake,428,0,0.058154770908926366,0.056854370917643636
tfidf,1,5,21,fake,429,0,0.11334882718307394,0.1178399920697852
tfidf,1,5,21,fake,434,0,0.042730702035753604,0.040177309724189036
tfidf,1,5,21,fake,437,0,0.34662529802035025,0.35093415162021974
tfidf,1,5,21,fake,441,1,0.9230672630057298,0.9274118096855307
tfidf,1,5,21,fake,444,0,0.05710235246933325,0.056815786706043335
tfidf,1,5,21,fake,456,0,0.06751396732929804,0.06836828835272646
tfidf,1,5,21,fake,468,0,0.053900122116339114,0.0502318652217872
tfidf,1,5,21,fake,485,0,0.030666904597146806,0.02949387187023212
tfidf,1,1,22,fake,319,1,0.7366425097151704,0.7973891350177126
tfidf,1,1,22,fake,331,0,0.39401127200063096,0.4694973323049674
tfidf,1,1,22,fake,345,1,0.9716006650635945,0.979921578408155
tfidf,1,1,22,fake,346,1,0.9835556658558284,0.985214122110934
tfidf,1,1,22,fake,357,0,0.5731512023959466,0.6024494235447515
tfidf,1,1,22,fake,358,0,0.7778694206264885,0.8343451424227452
tfidf,1,1,22,fake,362,1,0.7034507176451552,0.7900696581466435
tfidf,1,1,22,fake,363,0,0.13035116922087336,0.13058672568159124
tfidf,1,1,22,fake,364,0,0.7267668798898378,0.7781540162745954
tfidf,1,1,22,fake,369,0,0.045350039447598134,0.04359154325016498
tfidf,1,1,22,fake,372,1,0.9985836034175931,0.9981986521051476
tfidf,1,1,22,fake,391,0,0.41745597403508744,0.49524833780666455
tfidf,1,1,22,fake,400,0,0.35288538457992474,0.3829352565786979
tfidf,1,1,22,fake,402,1,0.9436546548718309,0.9516606691728748
tfidf,1,1,22,fake,403,0,0.029384955924062116,0.025469439034858432
tfidf,1,1,22,fake,404,0,0.039815047688207,0.05125386585723085
tfidf,1,1,22,fake,413,1,0.6792952677640082,0.7279516320638769
tfidf,1,1,22,fake,416,0,0.02515556751269947,0.026892251656211664
tfidf,1,1,22,fake,420,0,0.1308776677567545,0.10269588940941159
tfidf,1,1,22,fake,423,0,0.7155046565940919,0.7791776509872114
tfidf,1,1,22,fake,426,1,0.8321662326794357,0.8409610625602586
tfidf,1,1,22,fake,433,1,0.713315310032833,0.6910712370847318
tfidf,1,1,22,fake,451,0,0.27206098317077315,0.241687015524873
tfidf,1,1,22,fake,454,0,0.04942368954453816,0.05230011764401556
tfidf,1,1,22,fake,473,0,0.06003522830117218,0.06014984224910062
tfidf,1,1,22,fake,476,0,0.6305608934659915,0.5924437524645132
tfidf,1,1,22,fake,484,0,0.24898053194715852,0.2955488244462201
tfidf,1,1,22,fake,487,0,0.2583480705772457,0.25108203518335476
tfidf,1,1,22,fake,490,0,0.1699124893615869,0.14977065119445615
tfidf,1,2,22,fake,303,0,0.01957892086036776,0.020121746805715098
tfidf,1,2,22,fake,304,0,0.06350705749319503,0.06287767203918466
tfidf,1,2,22,fake,310,0,0.5196238594621744,0.5091438217687316
tfidf,1,2,22,fake,312,0,0.41904305170819484,0.41214723921468355
tfidf,1,2,22,fake,316,0,0.6438341812047838,0.6409668683563999
tfidf,1,2,22,fake,324,0,0.4514434725598471,0.45453887321785214
tfidf,1,2,22,fake,328,0,0.546463091402288,0.5430830049466032
tfidf,1,2,22,fake,339,1,0.8259693868142977,0.8261489140222879
tfidf,1,2,22,fake,353,1,0.8384563031164319,0.839301183848055
tfidf,1,2,22,fake,355,1,0.7074988352796951,0.7124331674662837
tfidf,1,2,22,fake,366,0,0.018073989053975146,0.017477666785666486
tfidf,1,2,22,fake,375,0,0.0033094706958478894,0.0031722477936483215
tfidf,1,2,22,fake,376,1,0.9759167721940123,0.9763908782032669
tfidf,1,2,22,fake,379,0,0.5042850818470743,0.49813327437679344
tfidf,1,2,22,fake,381,1,0.940096623850855,0.9411942601230764
tfidf,1,2,22,fake,382,0,0.1613878277960799,0.15533282419809094
tfidf,1,2,22,fake,386,1,0.9701369584362926,0.9692276099191018
tfidf,1,2,22,fake,390,0,0.9869072043842941,0.987256624718043
tfidf,1,2,22,fake,392,0,0.14693750618704565,0.14472310107047645
tfidf,1,2,22,fake,401,0,0.8484860120516365,0.8471624916324556
tfidf,1,2,22,fake,412,1,0.6165205238416093,0.6176655439470836
tfidf,1,2,22,fake,422,1,0.7041738515030191,0.7008734851633214
tfidf,1,2,22,fake,427,0,0.005872723947566239,0.0056769232650833645
tfidf,1,2,22,fake,440,1,0.9314028446059447,0.930804446018375
tfidf,1,2,22,fake,443,0,0.2936165484375617,0.2896020576721437
tfidf,1,2,22,fake,457,0,0.027743338301004884,0.026891913446888658
tfidf,1,2,22,fake,479,0,0.036883465205891995,0.035536632612837744
tfidf,1,2,22,fake,482,0,0.10488082443225945,0.10272106070358997
tfidf,1,2,22,fake,486,0,0.008195930707283434,0.008056213327133325
tfidf,1,3,22,fake,305,0,0.5836185038333979,0.6220186958870508
tfidf,1,3,22,fake,307,0,0.1347038095210218,0.11430493090183261
tfidf,1,3,22,fake,313,0,0.4737653631900895,0.4744800107334832
tfidf,1,3,22,fake,315,0,0.8114929779217159,0.7128093044861141
tfidf,1,3,22,fake,317,0,0.30688534339743834,0.3991038614488444
tfidf,1,3,22,fake,320,1,0.9240626114444528,0.9483424901378287
tfidf,1,3,22,fake,338,1,0.8687989907122285,0.9255245107747136
tfidf,1,3,22,fake,344,1,0.30893811916616754,0.3989232365593322
tfidf,1,3,22,fake,352,1,0.6426506489597843,0.5295555336402245
tfidf,1,3,22,fake,356,1,0.8239206320233085,0.8757166167559144
tfidf,1,3,22,fake,367,1,0.9988308309188574,0.9988938991356874
tfidf,1,3,22,fake,371,0,0.2442155937580757,0.2652599324045855
tfidf,1,3,22,fake,380,1,0.896232641805614,0.8566673490397279
tfidf,1,3,22,fake,383,0,0.1515726476595782,0.1470946834056166
tfidf,1,3,22,fake,393,0,0.21105423206048896,0.21880561404128226
tfidf,1,3,22,fake,395,0,0.5112189828311204,0.5781230441415967
tfidf,1,3,22,fake,397,0,0.2955532905169711,0.256997727808768
tfidf,1,3,22,fake,425,0,0.6800836291492978,0.7085000496555401
tfidf,1,3,22,fake,430,0,0.1726949285187156,0.13792100053355377
tfidf,1,3,22,fake,436,0,0.028315411519879808,0.02220455511359904
tfidf,1,3,22,fake,439,0,0.22008127599261124,0.21736924731542615
tfidf,1,3,22,fake,446,0,0.09825480911727598,0.10118047306070559
tfidf,1,3,22,fake,447,0,0.20187346590996175,0.19980105315431576
tfidf,1,3,22,fake,459,1,0.7236855264126225,0.722483208779982
tfidf,1,3,22,fake,474,0,0.06917656030452025,0.052024335974637834
tfidf,1,3,22,fake,475,0,0.011141199758706994,0.010171943674123626
tfidf,1,3,22,fake,489,0,0.10946934074883449,0.10480344905411575
tfidf,1,3,22,fake,491,0,0.0614891624964437,0.0628369562500374
tfidf,1,4,22,fake,318,0,0.49159537786685553,0.34219296785628234
tfidf,1,4,22,fake,322,0,0.47324470359387405,0.5288365437488184
tfidf,1,4,22,fake,326,0,0.3174080861964593,0.20789671516589897
tfidf,1,4,22,fake,327,0,0.7769968693422161,0.7560425216168785
tfidf,1,4,22,fake,335,1,0.8825459547463882,0.8153643594004464
tfidf,1,4,22,fake,343,0,0.9345940007688525,0.9390578432081091
tfidf,1,4,22,fake,347,1,0.7664690768835194,0.7950380932178195
tfidf,1,4,22,fake,351,1,0.725599200440888,0.8301307784035928
tfidf,1,4,22,fake,374,0,0.2270344669789531,0.19929514246695906
tfidf,1,4,22,fake,377,1,0.943705936632681,0.9678236362405767
tfidf,1,4,22,fake,389,1,0.8702843415213843,0.8931137730855866
tfidf,1,4,22,fake,414,1,0.5199483542975536,0.46237970312021703
tfidf,1,4,22,fake,415,0,0.16147980518177493,0.1406371109933429
tfidf,1,4,22,fake,419,0,0.0066109085029475365,0.005030012988520222
tfidf,1,4,22,fake,445,0,0.1632681692802948,0.1861828335575665
tfidf,1,4,22,fake,448,1,0.3518030199148924,0.2897706371179286
tfidf,1,4,22,fake,449,0,0.1309243738122181,0.10762541493068821
tfidf,1,4,22,fake,455,0,0.06735545831360128,0.06289821211449928
tfidf,1,4,22,fake,458,0,0.27786590868102384,0.26492767630495323
tfidf,1,4,22,fake,463,0,0.014724667559451942,0.008584217828111527
tfidf,1,4,22,fake,464,0,0.21420027510974532,0.18105904389828167
tfidf,1,4,22,fake,471,0,0.23360511887745386,0.16065995402811103
tfidf,1,4,22,fake,472,0,0.02716975600324288,0.023269319627046803
tfidf,1,4,22,fake,477,0,0.40754425073272,0.45368821355273753
tfidf,1,4,22,fake,478,0,0.6530375096602316,0.6427084332652964
tfidf,1,4,22,fake,483,1,0.6062153561990594,0.513128711329745
tfidf,1,4,22,fake,488,0,0.10845183454224631,0.07471462134311771
tfidf,1,4,22,fake,492,0,0.1018450604672575,0.10294830574262553
tfidf,1,5,22,fake,302,0,0.058133577165571104,0.354107731177259
tfidf,1,5,22,fake,321,1,0.8157781374398564,0.7552692359898939
tfidf,1,5,22,fake,325,1,0.9915415305347647,0.8773522764314567
tfidf,1,5,22,fake,330,1,0.6136824578905146,0.6904416851532917
tfidf,1,5,22,fake,333,0,0.33010942004011323,0.5783633408671847
tfidf,1,5,22,fake,336,0,0.27031217127769896,0.5274125786212811
tfidf,1,5,22,fake,340,0,0.13889133181459531,0.46683589179760954
tfidf,1,5,22,fake,341,0,0.3499943184684801,0.5886976854529976
tfidf,1,5,22,fake,348,1,0.69995039254099,0.6711421652853143
tfidf,1,5,22,fake,350,1,0.6178197177115476,0.677076760261534
tfidf,1,5,22,fake,360,0,0.7141143957133388,0.6613475032975107
tfidf,1,5,22,fake,368,0,0.5313299576647186,0.5236018403210808
tfidf,1,5,22,fake,370,0,0.10634607510306338,0.24574201388856048
tfidf,1,5,22,fake,385,0,0.22181375021086452,0.298465601824777
tfidf,1,5,22,fake,388,1,0.7528113505539171,0.5590726064130218
tfidf,1,5,22,fake,406,0,0.05622131292349302,0.18502966317825856
tfidf,1,5,22,fake,409,1,0.22160169118096684,0.40959532801130555
tfidf,1,5,22,fake,417,0,0.6897497180697123,0.48196815513783037
tfidf,1,5,22,fake,418,1,0.91520632254578,0.7325595690517747
tfidf,1,5,22,fake,428,0,0.08125595195430425,0.24015298581810454
tfidf,1,5,22,fake,429,0,0.0954797484525069,0.30110500467569906
tfidf,1,5,22,fake,434,0,0.2137053633374711,0.32544652651959594
tfidf,1,5,22,fake,437,0,0.11084193443203139,0.24205443116933975
tfidf,1,5,22,fake,441,1,0.8627729969491129,0.7041547728617344
tfidf,1,5,22,fake,444,0,0.031701712661892,0.25800618502046796
tfidf,1,5,22,fake,456,0,0.04253940873269301,0.1601244647870298
tfidf,1,5,22,fake,468,0,0.049734949799171105,0.16730014425963335
tfidf,1,5,22,fake,485,0,0.038567927770828216,0.16384574546693928
tfidf,1,1,23,fake,319,1,0.6505959009446245,0.7629903255554941
tfidf,1,1,23,fake,331,0,0.8181680093220765,0.8786094173216409
tfidf,1,1,23,fake,345,1,0.7480254302319643,0.8343424562006955
tfidf,1,1,23,fake,346,1,0.9107111348928618,0.9231842187589845
tfidf,1,1,23,fake,357,0,0.5224028127031031,0.5984952935638299
tfidf,1,1,23,fake,358,0,0.7873496117673028,0.865806082274747
tfidf,1,1,23,fake,362,1,0.9593150053311591,0.9791772030532052
tfidf,1,1,23,fake,363,0,0.10297893629978695,0.1060539980936589
tfidf,1,1,23,fake,364,0,0.6494389859422766,0.7486356210434261
tfidf,1,1,23,fake,369,0,0.18924960122354495,0.17675147780654588
tfidf,1,1,23,fake,372,1,0.9970658145132204,0.9972644775955014
tfidf,1,1,23,fake,391,0,0.3662797195522262,0.48971907381032
tfidf,1,1,23,fake,400,0,0.383018756550853,0.4384258361846855
tfidf,1,1,23,fake,402,1,0.9883684046387561,0.992517004787986
tfidf,1,1,23,fake,403,0,0.014356691740731826,0.012030531155393065
tfidf,1,1,23,fake,404,0,0.08629628896854123,0.1264368156089786
tfidf,1,1,23,fake,413,1,0.7659833781486614,0.8186870488678992
tfidf,1,1,23,fake,416,0,0.0837665264673009,0.08376696115083665
tfidf,1,1,23,fake,420,0,0.2567644875020005,0.17603324906166656
tfidf,1,1,23,fake,423,0,0.8380636224503111,0.8934322826053646
tfidf,1,1,23,fake,426,1,0.2526463926861066,0.3216345669409091
tfidf,1,1,23,fake,433,1,0.6919851836317457,0.6993880698531669
tfidf,1,1,23,fake,451,0,0.13194537788339744,0.11858326747475705
tfidf,1,1,23,fake,454,0,0.08716351808242423,0.10523663852634073
tfidf,1,1,23,fake,473,0,0.11570106519316262,0.11713310405954022
tfidf,1,1,23,fake,476,0,0.19915456605475393,0.19244506591099603
tfidf,1,1,23,fake,484,0,0.26024943344875723,0.313878859076795
tfidf,1,1,23,fake,487,0,0.14017961758487454,0.14558883470483322
tfidf,1,1,23,fake,490,0,0.1300610593684762,0.11228005350595699
tfidf,1,2,23,fake,303,0,0.0725535993601223,0.08087313236584646
tfidf,1,2,23,fake,304,0,0.05186612453516657,0.045586064580497826
tfidf,1,2,23,fake,310,0,0.5895572288067276,0.5198076948763588
tfidf,1,2,23,fake,312,0,0.3493585832107296,0.30327033680153487
tfidf,1,2,23,fake,316,0,0.6835899990598412,0.6636415622512335
tfidf,1,2,23,fake,324,0,0.4383228894653442,0.46793331264165744
tfidf,1,2,23,fake,328,0,0.5131587091804853,0.4791624718709102
tfidf,1,2,23,fake,339,1,0.82436501718583,0.8222707419310218
tfidf,1,2,23,fake,353,1,0.838517095435031,0.8384966135965094
tfidf,1,2,23,fake,355,1,0.9161023644038117,0.9424615100863192
tfidf,1,2,23,fake,366,0,0.033777754599254375,0.028095568377009095
tfidf,1,2,23,fake,375,0,0.005697306208915635,0.004354297600973387
tfidf,1,2,23,fake,376,1,0.9938362076824869,0.9948070058820229
tfidf,1,2,23,fake,379,0,0.4109528777335832,0.3754551596698404
tfidf,1,2,23,fake,381,1,0.9243769239065076,0.9340320992238382
tfidf,1,2,23,fake,382,0,0.2897012126521838,0.24262380082666946
tfidf,1,2,23,fake,386,1,0.5245473591355402,0.5253995679436075
tfidf,1,2,23,fake,390,0,0.9452017658234781,0.9555844812197145
tfidf,1,2,23,fake,392,0,0.16439914564278302,0.15280407415179662
tfidf,1,2,23,fake,401,0,0.8365118160631003,0.8198542522481693
tfidf,1,2,23,fake,412,1,0.6997449843094531,0.6873482675554818
tfidf,1,2,23,fake,422,1,0.7896651807048605,0.7671726399766895
tfidf,1,2,23,fake,427,0,0.02779887468709431,0.020399739215781056
tfidf,1,2,23,fake,440,1,0.9218338085230063,0.9253811697685838
tfidf,1,2,23,fake,443,0,0.3193433175072901,0.2739878903968879
tfidf,1,2,23,fake,457,0,0.0357016567470173,0.029310844073490903
tfidf,1,2,23,fake,479,0,0.036320275162793174,0.02781418595501384
tfidf,1,2,23,fake,482,0,0.03311422937782388,0.02728658722597216
tfidf,1,2,23,fake,486,0,0.008581122695301492,0.007677146087260538
tfidf,1,3,23,fake,305,0,0.5875842289391335,0.5644263999382879
tfidf,1,3,23,fake,307,0,0.29417612061575005,0.18749977185541894
tfidf,1,3,23,fake,313,0,0.5916382664939615,0.5734427901266869
tfidf,1,3,23,fake,315,0,0.7440007203586293,0.6151191948211694
tfidf,1,3,23,fake,317,0,0.43443082077470274,0.5583640366061503
tfidf,1,3,23,fake,320,1,0.8591968205765766,0.907431663474302
tfidf,1,3,23,fake,338,1,0.8494492578715609,0.912127953129536
tfidf,1,3,23,fake,344,1,0.5982451142246898,0.6971313920777865
tfidf,1,3,23,fake,352,1,0.8871145245898364,0.8217485530692475
tfidf,1,3,23,fake,356,1,0.7028688188631846,0.7641095210551491
tfidf,1,3,23,fake,367,1,0.9946356104778272,0.9952746390638386
tfidf,1,3,23,fake,371,0,0.33596224812547854,0.380051782865754
tfidf,1,3,23,fake,380,1,0.9877041544005666,0.9848694691010812
tfidf,1,3,23,fake,383,0,0.22770872623476834,0.2207216431771262
tfidf,1,3,23,fake,393,0,0.1626189363005066,0.1686681695982146
tfidf,1,3,23,fake,395,0,0.5856323699408321,0.6810465099968539
tfidf,1,3,23,fake,397,0,0.09065037200393596,0.09116109913474715
tfidf,1,3,23,fake,425,0,0.6404936539890882,0.6565486648121169
tfidf,1,3,23,fake,430,0,0.08146243835828765,0.07283294458670114
tfidf,1,3,23,fake,436,0,0.20679408560226079,0.16308749179315746
tfidf,1,3,23,fake,439,0,0.20673681015979384,0.24332143325901934
tfidf,1,3,23,fake,446,0,0.0650674949742633,0.07601441766589316
tfidf,1,3,23,fake,447,0,0.413794989190521,0.42534590575611403
tfidf,1,3,23,fake,459,1,0.8665648165899436,0.8539655246927637
tfidf,1,3,23,fake,474,0,0.03108633991716383,0.02043459031783297
tfidf,1,3,23,fake,475,0,0.011973616719195482,0.011059198857546599
tfidf,1,3,23,fake,489,0,0.13299597877709202,0.13341020962421976
tfidf,1,3,23,fake,491,0,0.03574679295272993,0.04489957510159573
tfidf,1,4,23,fake,318,0,0.5393834883971299,0.44417952749318623
tfidf,1,4,23,fake,322,0,0.6145974066352822,0.6455368991403733
tfidf,1,4,23,fake,326,0,0.48569136464368534,0.3942637508293175
tfidf,1,4,23,fake,327,0,0.5655703696552925,0.5652971953452238
tfidf,1,4,23,fake,335,1,0.7328927781574166,0.6987404692836652
tfidf,1,4,23,fake,343,0,0.7011283699906758,0.7055972388371737
tfidf,1,4,23,fake,347,1,0.1951517222536411,0.22268866828448733
tfidf,1,4,23,fake,351,1,0.823751742989629,0.8704285860391462
tfidf,1,4,23,fake,374,0,0.7778774202279582,0.7404741095342574
tfidf,1,4,23,fake,377,1,0.9930272268793794,0.9946911831889729
tfidf,1,4,23,fake,389,1,0.4353593713696137,0.48904713466589117
tfidf,1,4,23,fake,414,1,0.7714744800208502,0.7327075795251092
tfidf,1,4,23,fake,415,0,0.15478031911101967,0.14833622862545143
tfidf,1,4,23,fake,419,0,0.007999499484361749,0.007136746020417232
tfidf,1,4,23,fake,445,0,0.263960507860437,0.2765901502208879
tfidf,1,4,23,fake,448,1,0.5762564704658472,0.5512048219965959
tfidf,1,4,23,fake,449,0,0.05764228497665219,0.05973698458621626
tfidf,1,4,23,fake,455,0,0.05467358743805924,0.05850728808378443
tfidf,1,4,23,fake,458,0,0.09451653152657478,0.0994389636469445
tfidf,1,4,23,fake,463,0,0.009917496607427445,0.006981345686432358
tfidf,1,4,23,fake,464,0,0.08729390626526433,0.07582673291110523
tfidf,1,4,23,fake,471,0,0.2099019308406592,0.16605148298046504
tfidf,1,4,23,fake,472,0,0.01022451526151445,0.009860985743772583
tfidf,1,4,23,fake,477,0,0.37508088096198755,0.39598167598448175
tfidf,1,4,23,fake,478,0,0.7913761774292334,0.7859242819193968
tfidf,1,4,23,fake,483,1,0.908744877840068,0.8980836628453256
tfidf,1,4,23,fake,488,0,0.14731016851975343,0.12125166008399532
tfidf,1,4,23,fake,492,0,0.08515955218882401,0.08966466091149874
tfidf,1,5,23,fake,302,0,0.39107105451202157,0.3940972532002205
tfidf,1,5,23,fake,321,1,0.8255460192283092,0.8307970006409099
tfidf,1,5,23,fake,325,1,0.5724226149232238,0.552865565337312
tfidf,1,5,23,fake,330,1,0.5995784536459849,0.606292353816328
tfidf,1,5,23,fake,333,0,0.46533578731540287,0.46617536180954017
tfidf,1,5,23,fake,336,0,0.7144651017315669,0.6941805181002259
tfidf,1,5,23,fake,340,0,0.2960061087614107,0.2843960611975195
tfidf,1,5,23,fake,341,0,0.43517807675844095,0.42970566536913474
tfidf,1,5,23,fake,348,1,0.9790025331027866,0.9787814052072259
tfidf,1,5,23,fake,350,1,0.6199205174736857,0.6556365576405095
tfidf,1,5,23,fake,360,0,0.891539180215565,0.8944635621842701
tfidf,1,5,23,fake,368,0,0.6834757264333167,0.6805307276565113
tfidf,1,5,23,fake,370,0,0.05628727809060226,0.06130252375623833
tfidf,1,5,23,fake,385,0,0.1144457410719842,0.12236150387365595
tfidf,1,5,23,fake,388,1,0.6264704739283348,0.6317173149097451
tfidf,1,5,23,fake,406,0,0.03234786017527291,0.031805282415162915
tfidf,1,5,23,fake,409,1,0.4526166226974412,0.46707913651206306
tfidf,1,5,23,fake,417,0,0.0745127665031569,0.0657339988171433
tfidf,1,5,23,fake,418,1,0.9408113477813099,0.9470585304565263
tfidf,1,5,23,fake,428,0,0.07473264270645273,0.07926274439380539
tfidf,1,5,23,fake,429,0,0.04076461790804597,0.043584736638157075
tfidf,1,5,23,fake,434,0,0.07023979851689381,0.06398022916211757
tfidf,1,5,23,fake,437,0,0.09705861226071216,0.09730626288638403
tfidf,1,5,23,fake,441,1,0.9483490023746495,0.9540482346527698
tfidf,1,5,23,fake,444,0,0.12673144076266452,0.12554054636965625
tfidf,1,5,23,fake,456,0,0.026337446949459074,0.026067481191874062
tfidf,1,5,23,fake,468,0,0.13237669945921274,0.11805500663981855
tfidf,1,5,23,fake,485,0,0.01857880432187988,0.017069576016803336
tfidf,1,1,24,fake,319,1,0.8517562161973081,0.75863742843827
tfidf,1,1,24,fake,331,0,0.5695854560085194,0.6551404600175644
tfidf,1,1,24,fake,345,1,0.8469424138393722,0.734366176736807
tfidf,1,1,24,fake,346,1,0.9661763709499713,0.8650255130798041
tfidf,1,1,24,fake,357,0,0.574989179516479,0.638135018338264
tfidf,1,1,24,fake,358,0,0.9539572993916609,0.8348025380251033
tfidf,1,1,24,fake,362,1,0.9121255027645031,0.8140670950790043
tfidf,1,1,24,fake,363,0,0.23033707156043967,0.3126160832132638
tfidf,1,1,24,fake,364,0,0.7964385125952809,0.6648253054225962
tfidf,1,1,24,fake,369,0,0.11723108647003233,0.3012393669342767
tfidf,1,1,24,fake,372,1,0.9967388439088926,0.9442437609136878
tfidf,1,1,24,fake,391,0,0.4398383063036329,0.4658602506793075
tfidf,1,1,24,fake,400,0,0.5838814282242082,0.5519758692246927
tfidf,1,1,24,fake,402,1,0.9158845545776855,0.7610385850662382
tfidf,1,1,24,fake,403,0,0.0333771745015028,0.12921520230768568
tfidf,1,1,24,fake,404,0,0.08419873311136312,0.32312563918154785
tfidf,1,1,24,fake,413,1,0.9555573658775929,0.7903834868012412
tfidf,1,1,24,fake,416,0,0.028493559101176447,0.17474774269491866
tfidf,1,1,24,fake,420,0,0.13532000194893204,0.3103743789065641
tfidf,1,1,24,fake,423,0,0.8950339265607377,0.7359584067137634
tfidf,1,1,24,fake,426,1,0.4999428438851716,0.5892067708581741
tfidf,1,1,24,fake,433,1,0.4732276926644413,0.34184403761869225
tfidf,1,1,24,fake,451,0,0.38627663668412787,0.48493447276897
tfidf,1,1,24,fake,454,0,0.08103652016324708,0.1908482260803329
tfidf,1,1,24,fake,473,0,0.03674921207696649,0.15615319720168738
tfidf,1,1,24,fake,476,0,0.2064946139538223,0.26834417199036253
tfidf,1,1,24,fake,484,0,0.27716408683637445,0.49165670978642556
tfidf,1,1,24,fake,487,0,0.1483832143554236,0.34432854423835185
tfidf,1,1,24,fake,490,0,0.061315250921056774,0.22984810030924996
tfidf,1,2,24,fake,303,0,0.03166802302430866,0.03347920557298113
tfidf,1,2,24,fake,304,0,0.04580217945386078,0.0396873716174637
tfidf,1,2,24,fake,310,0,0.5285742771092254,0.4714070285449527
tfidf,1,2,24,fake,312,0,0.4094783186050945,0.36919548918706363
tfidf,1,2,24,fake,316,0,0.7278673566452618,0.7270841216165892
tfidf,1,2,24,fake,324,0,0.3103191109682466,0.3392439499173111
tfidf,1,2,24,fake,328,0,0.5742188331607545,0.543472811390289
tfidf,1,2,24,fake,339,1,0.9191725409043316,0.9252194489333965
tfidf,1,2,24,fake,353,1,0.8715475627474115,0.8758534242392456
tfidf,1,2,24,fake,355,1,0.6453596583918556,0.6667821881202847
tfidf,1,2,24,fake,366,0,0.0443319726419598,0.037198348213015785
tfidf,1,2,24,fake,375,0,0.00895057072335901,0.007343243409163628
tfidf,1,2,24,fake,376,1,0.9653476874652451,0.9660103773076875
tfidf,1,2,24,fake,379,0,0.40857582422529826,0.37974894072524396
tfidf,1,2,24,fake,381,1,0.8544891834177932,0.8698794049890488
tfidf,1,2,24,fake,382,0,0.2245156192888517,0.18383100270218508
tfidf,1,2,24,fake,386,1,0.9513621576011392,0.9425087710935913
tfidf,1,2,24,fake,390,0,0.9390526195707637,0.9461801681782065
tfidf,1,2,24,fake,392,0,0.15138810530574506,0.14541454489514727
tfidf,1,2,24,fake,401,0,0.6610935399577603,0.6343499256105332
tfidf,1,2,24,fake,412,1,0.6502261613798892,0.660447877457617
tfidf,1,2,24,fake,422,1,0.5861528508778118,0.5403664682920947
tfidf,1,2,24,fake,427,0,0.013150141353611302,0.011037008420620185
tfidf,1,2,24,fake,440,1,0.8672501138789039,0.873644606893458
tfidf,1,2,24,fake,443,0,0.3373068223523081,0.3338201994296253
tfidf,1,2,24,fake,457,0,0.018144955084573696,0.015227611853850461
tfidf,1,2,24,fake,479,0,0.02027569592280838,0.016966815783090682
tfidf,1,2,24,fake,482,0,0.07753099502491802,0.06646247876536343
tfidf,1,2,24,fake,486,0,0.01988111779975728,0.01734865243057777
tfidf,1,3,24,fake,305,0,0.1581637682359906,0.4815704416064966
tfidf,1,3,24,fake,307,0,0.36323187577573307,0.4460102418501416
tfidf,1,3,24,fake,313,0,0.29144558706988083,0.5072728016055169
tfidf,1,3,24,fake,315,0,0.5862482724730016,0.5771198059600138
tfidf,1,3,24,fake,317,0,0.5540752372703092,0.6684310868034486
tfidf,1,3,24,fake,320,1,0.7601015424857618,0.7715192464752112
tfidf,1,3,24,fake,338,1,0.817733548437192,0.7158782257849737
tfidf,1,3,24,fake,344,1,0.7266975034125974,0.6927958439764242
tfidf,1,3,24,fake,352,1,0.960325294038045,0.7270535990545909
tfidf,1,3,24,fake,356,1,0.5858098481199324,0.6445967461576568
tfidf,1,3,24,fake,367,1,0.9981386601791171,0.9476571495224987
tfidf,1,3,24,fake,371,0,0.33882497211992985,0.44444024412640487
tfidf,1,3,24,fake,380,1,0.8661640906243067,0.6869630047052597
tfidf,1,3,24,fake,383,0,0.09762221297777234,0.32731737265236194
tfidf,1,3,24,fake,393,0,0.3430127057378522,0.37344403914540997
tfidf,1,3,24,fake,395,0,0.492915887683581,0.4746086012232176
tfidf,1,3,24,fake,397,0,0.4076482705565203,0.3635408327070765
tfidf,1,3,24,fake,425,0,0.715400749849976,0.7083562472893892
tfidf,1,3,24,fake,430,0,0.20733949681635885,0.42563874665942447
tfidf,1,3,24,fake,436,0,0.05382223269446715,0.18674899211398435
tfidf,1,3,24,fake,439,0,0.33183208498679884,0.35109942573395225
tfidf,1,3,24,fake,446,0,0.014293444785891203,0.2057274279338188
tfidf,1,3,24,fake,447,0,0.31745653003702906,0.32965365381226475
tfidf,1,3,24,fake,459,1,0.8415479492727473,0.7662065426055947
tfidf,1,3,24,fake,474,0,0.20139228146566454,0.22819518939694902
tfidf,1,3,24,fake,475,0,0.00649498425632066,0.10975461285882634
tfidf,1,3,24,fake,489,0,0.08203107673781723,0.24171116710149168
tfidf,1,3,24,fake,491,0,0.16911727098873366,0.4508042239955096
tfidf,1,4,24,fake,318,0,0.6093750028529106,0.07159489648015477
tfidf,1,4,24,fake,322,0,0.6760619470462303,0.3294133349349728
tfidf,1,4,24,fake,326,0,0.535874137765609,0.026153267086578724
tfidf,1,4,24,fake,327,0,0.6559125065482728,0.4584846420094689
tfidf,1,4,24,fake,335,1,0.7348492680980664,0.9665079559269649
tfidf,1,4,24,fake,343,0,0.6519521718763663,0.31410860881171004
tfidf,1,4,24,fake,347,1,0.525135703128617,0.08096931428046339
tfidf,1,4,24,fake,351,1,0.6819157849191922,0.7033825662109447
tfidf,1,4,24,fake,374,0,0.6207231075916609,0.04359579981408326
tfidf,1,4,24,fake,377,1,0.8780056962163838,0.9994427020423131
tfidf,1,4,24,fake,389,1,0.7529677371805232,0.9947013042143587
tfidf,1,4,24,fake,414,1,0.6648146372503532,0.5525176728677629
tfidf,1,4,24,fake,415,0,0.338581348186348,0.44687364769316446
tfidf,1,4,24,fake,419,0,0.14635177592415125,0.00010191389849664266
tfidf,1,4,24,fake,445,0,0.2864813731658527,0.03634354248372256
tfidf,1,4,24,fake,448,1,0.6373943536973642,0.9777381337591255
tfidf,1,4,24,fake,449,0,0.2923708506041736,0.029320686581905262
tfidf,1,4,24,fake,455,0,0.2160249240506482,0.0066755057312467645
tfidf,1,4,24,fake,458,0,0.4201322618745642,0.47208128152559736
tfidf,1,4,24,fake,463,0,0.08449906849043719,5.500461926363751e-06
tfidf,1,4,24,fake,464,0,0.23151564513444725,0.009852174983919345
tfidf,1,4,24,fake,471,0,0.2557283474557539,0.0022734005800250884
tfidf,1,4,24,fake,472,0,0.18809128061894567,0.031321180705782006
tfidf,1,4,24,fake,477,0,0.47499378359742334,0.41621767188914655
tfidf,1,4,24,fake,478,0,0.5800447062658264,0.7222636653477521
tfidf,1,4,24,fake,483,1,0.7516969290741373,0.9969666375418812
tfidf,1,4,24,fake,488,0,0.2566854674459519,0.0076614768917046315
tfidf,1,4,24,fake,492,0,0.2976259446005861,0.14577050928135252
tfidf,1,5,24,fake,302,0,0.031093626417846302,0.031095554640746124
tfidf,1,5,24,fake,321,1,0.5389744113147015,0.5385324639541443
tfidf,1,5,24,fake,325,1,0.9091188462092511,0.9082069395981928
tfidf,1,5,24,fake,330,1,0.8134199697553575,0.8158364332024662
tfidf,1,5,24,fake,333,0,0.23145283965349445,0.23244208268533267
tfidf,1,5,24,fake,336,0,0.2374052537727212,0.23092353432349821
tfidf,1,5,24,fake,340,0,0.31572517535878486,0.3154900306122689
tfidf,1,5,24,fake,341,0,0.5982746841103215,0.5972128341704408
tfidf,1,5,24,fake,348,1,0.852425574198522,0.8510426472056598
tfidf,1,5,24,fake,350,1,0.6562079837212806,0.6664448060090877
tfidf,1,5,24,fake,360,0,0.6162988515654596,0.6210248433382377
tfidf,1,5,24,fake,368,0,0.26387564927370477,0.26398259571920224
tfidf,1,5,24,fake,370,0,0.12638093168837716,0.1282978298483491
tfidf,1,5,24,fake,385,0,0.16896581436936423,0.16963893937205346
tfidf,1,5,24,fake,388,1,0.6939715075012971,0.6960251901613169
tfidf,1,5,24,fake,406,0,0.40476243953964275,0.40182078460012827
tfidf,1,5,24,fake,409,1,0.5222044340766405,0.5268747340664611
tfidf,1,5,24,fake,417,0,0.08408434304362984,0.08238195684484353
tfidf,1,5,24,fake,418,1,0.856138578498395,0.8620117813408921
tfidf,1,5,24,fake,428,0,0.1220670515592347,0.12175743956396975
tfidf,1,5,24,fake,429,0,0.17244439261317715,0.1760183757870297
tfidf,1,5,24,fake,434,0,0.48716522172586313,0.4804794704113877
tfidf,1,5,24,fake,437,0,0.08451188872098075,0.08371739855696525
tfidf,1,5,24,fake,441,1,0.6528535715457336,0.6579944444285566
tfidf,1,5,24,fake,444,0,0.04683899844377309,0.04710630041993408
tfidf,1,5,24,fake,456,0,0.028069044955646327,0.028408091751836218
tfidf,1,5,24,fake,468,0,0.10896688897599988,0.10506015869875246
tfidf,1,5,24,fake,485,0,0.023846521619964884,0.023375862559302987
tfidf,1,1,25,fake,319,1,0.9153967888622552,0.829477982280875
tfidf,1,1,25,fake,331,0,0.4620590503997826,0.6197642692066941
tfidf,1,1,25,fake,345,1,0.912743534782454,0.7971372389336355
tfidf,1,1,25,fake,346,1,0.9830580930983224,0.8781299048441156
tfidf,1,1,25,fake,357,0,0.6021569813413942,0.6419489782878826
tfidf,1,1,25,fake,358,0,0.8466828721380826,0.7667279221074803
tfidf,1,1,25,fake,362,1,0.7756679666316725,0.7573941225268556
tfidf,1,1,25,fake,363,0,0.13322048193358577,0.28996141771877953
tfidf,1,1,25,fake,364,0,0.8817838812720468,0.7047883462633783
tfidf,1,1,25,fake,369,0,0.5270483626914182,0.43684748330720524
tfidf,1,1,25,fake,372,1,0.996403557997702,0.9449997899836862
tfidf,1,1,25,fake,391,0,0.35001488809541287,0.412291469405465
tfidf,1,1,25,fake,400,0,0.6090355809144055,0.5611910329398434
tfidf,1,1,25,fake,402,1,0.9195847425856671,0.7463769404092676
tfidf,1,1,25,fake,403,0,0.014028243740393452,0.09802414870458748
tfidf,1,1,25,fake,404,0,0.046827491721004144,0.26914380940634897
tfidf,1,1,25,fake,413,1,0.7197129536815989,0.632062938484761
tfidf,1,1,25,fake,416,0,0.08443949614852933,0.21745285165183786
tfidf,1,1,25,fake,420,0,0.13915849092478338,0.30088627380623784
tfidf,1,1,25,fake,423,0,0.9764319043910161,0.8203199848214543
tfidf,1,1,25,fake,426,1,0.6341391392290472,0.6135145418917933
tfidf,1,1,25,fake,433,1,0.7434350123127547,0.4041326145198194
tfidf,1,1,25,fake,451,0,0.27963393489961713,0.45647017184202376
tfidf,1,1,25,fake,454,0,0.03976272105504741,0.1778173987035484
tfidf,1,1,25,fake,473,0,0.04444857610151057,0.14068247569694156
tfidf,1,1,25,fake,476,0,0.18103543698969826,0.24560526415203532
tfidf,1,1,25,fake,484,0,0.135909136364929,0.4547799298051518
tfidf,1,1,25,fake,487,0,0.2879416596379222,0.3955186281107244
tfidf,1,1,25,fake,490,0,0.0733967096376017,0.23122957222806548
tfidf,1,2,25,fake,303,0,0.04536340436962075,0.049172484737022196
tfidf,1,2,25,fake,304,0,0.2183514858041152,0.20480623974140066
tfidf,1,2,25,fake,310,0,0.4236489333736269,0.3208298912600311
tfidf,1,2,25,fake,312,0,0.3121533842037236,0.24103619733673423
tfidf,1,2,25,fake,316,0,0.5858394349690504,0.5535778456718546
tfidf,1,2,25,fake,324,0,0.5746258367931845,0.6165831569787383
tfidf,1,2,25,fake,328,0,0.5146132876392314,0.44449272708057413
tfidf,1,2,25,fake,339,1,0.8353349777303444,0.8334330633037534
tfidf,1,2,25,fake,353,1,0.8430703240474237,0.8393923483866742
tfidf,1,2,25,fake,355,1,0.37771080755537734,0.4218893843718193
tfidf,1,2,25,fake,366,0,0.0094656374239583,0.006449952934442515
tfidf,1,2,25,fake,375,0,0.0033912160849232332,0.0023389743252072402
tfidf,1,2,25,fake,376,1,0.990002522920204,0.9921479510975931
tfidf,1,2,25,fake,379,0,0.5038868519350672,0.43703770349370114
tfidf,1,2,25,fake,381,1,0.9021693485988916,0.9217216963860541
tfidf,1,2,25,fake,382,0,0.10423945019567765,0.06821840574854733
tfidf,1,2,25,fake,386,1,0.521462769069313,0.5315387682857894
tfidf,1,2,25,fake,390,0,0.9560522196889066,0.9636100708777346
tfidf,1,2,25,fake,392,0,0.09827542033830684,0.08642891819948903
tfidf,1,2,25,fake,401,0,0.6139758894470523,0.5708446733387369
tfidf,1,2,25,fake,412,1,0.6762803839184979,0.6670132169655857
tfidf,1,2,25,fake,422,1,0.9948182687533327,0.9928595965026762
tfidf,1,2,25,fake,427,0,0.03541509440501399,0.026903050028911094
tfidf,1,2,25,fake,440,1,0.9113962483105974,0.9154174424577849
tfidf,1,2,25,fake,443,0,0.14902530024036395,0.12563961284113614
tfidf,1,2,25,fake,457,0,0.014740448659056302,0.011579054706640952
tfidf,1,2,25,fake,479,0,0.0359007712176778,0.025104623052224644
tfidf,1,2,25,fake,482,0,0.057735323370317344,0.04285311076565309
tfidf,1,2,25,fake,486,0,0.005655624808011098,0.004800230507276562
tfidf,1,3,25,fake,305,0,0.38352727998755526,0.37605636758867705
tfidf,1,3,25,fake,307,0,0.3737949960208425,0.24505348132657184
tfidf,1,3,25,fake,313,0,0.6663320059950136,0.637400700946398
tfidf,1,3,25,fake,315,0,0.3278514248192122,0.2348365259968239
tfidf,1,3,25,fake,317,0,0.5672999036934553,0.676896701444022
tfidf,1,3,25,fake,320,1,0.9529154694808506,0.9715795570810823
tfidf,1,3,25,fake,338,1,0.8440317953004928,0.9104095242875984
tfidf,1,3,25,fake,344,1,0.5283128273357115,0.6073949233784689
tfidf,1,3,25,fake,352,1,0.9557692726923339,0.9251124500471176
tfidf,1,3,25,fake,356,1,0.6954310565726356,0.7643197399807418
tfidf,1,3,25,fake,367,1,0.9939038574786625,0.99476122565197
tfidf,1,3,25,fake,371,0,0.5390839910959278,0.5639302573957236
tfidf,1,3,25,fake,380,1,0.9574182066647438,0.936090968466126
tfidf,1,3,25,fake,383,0,0.22472721855348315,0.20286388283635143
tfidf,1,3,25,fake,393,0,0.030853142651618922,0.03178654056793563
tfidf,1,3,25,fake,395,0,0.35184442331246985,0.42904988298819274
tfidf,1,3,25,fake,397,0,0.6619010877003383,0.6346658407408703
tfidf,1,3,25,fake,425,0,0.6736444543195338,0.6778942926930466
tfidf,1,3,25,fake,430,0,0.2033657790408811,0.16736272857991508
tfidf,1,3,25,fake,436,0,0.018024310666123596,0.015544438126072386
tfidf,1,3,25,fake,439,0,0.28016275858921147,0.2798372857000175
tfidf,1,3,25,fake,446,0,0.29365055036840865,0.31929277395616024
tfidf,1,3,25,fake,447,0,0.29285875614476514,0.2998290044403111
tfidf,1,3,25,fake,459,1,0.7418682858590614,0.7272150970774246
tfidf,1,3,25,fake,474,0,0.22503294726749853,0.16613529903780322
tfidf,1,3,25,fake,475,0,0.002420839719747695,0.002616244950108921
tfidf,1,3,25,fake,489,0,0.045757245124844546,0.0420838200960334
tfidf,1,3,25,fake,491,0,0.10580320406376445,0.10421680601124304
tfidf,1,4,25,fake,318,0,0.38177106271116906,0.30743301886539404
tfidf,1,4,25,fake,322,0,0.5806902120498048,0.6119350818844864
tfidf,1,4,25,fake,326,0,0.3398347155084753,0.26250216611251836
tfidf,1,4,25,fake,327,0,0.5632387435361406,0.5513552614083624
tfidf,1,4,25,fake,335,1,0.8376478255150491,0.8088982209784273
tfidf,1,4,25,fake,343,0,0.8334547013240574,0.8348303143463829
tfidf,1,4,25,fake,347,1,0.7236418140467437,0.7155290254730886
tfidf,1,4,25,fake,351,1,0.9807321661726784,0.9835359213013369
tfidf,1,4,25,fake,374,0,0.10195886742047512,0.10143582955748652
tfidf,1,4,25,fake,377,1,0.968910220433675,0.9765251735639516
tfidf,1,4,25,fake,389,1,0.89864647607538,0.9074212347351278
tfidf,1,4,25,fake,414,1,0.6227866802782,0.5765887239033973
tfidf,1,4,25,fake,415,0,0.052161400381967135,0.051782597480859345
tfidf,1,4,25,fake,419,0,0.011934107554200922,0.009967954109134071
tfidf,1,4,25,fake,445,0,0.07235571486388691,0.07592666511426903
tfidf,1,4,25,fake,448,1,0.505249397858076,0.4963302663817924
tfidf,1,4,25,fake,449,0,0.2552788544145835,0.24918716218649822
tfidf,1,4,25,fake,455,0,0.07900097485879808,0.0791169022317617
tfidf,1,4,25,fake,458,0,0.3379289499584299,0.342181434213958
tfidf,1,4,25,fake,463,0,0.005422370160336605,0.00417699364965188
tfidf,1,4,25,fake,464,0,0.11798634378568962,0.10419238234140858
tfidf,1,4,25,fake,471,0,0.10413229934173954,0.08794705915161859
tfidf,1,4,25,fake,472,0,0.04798613891171996,0.0413725378747504
tfidf,1,4,25,fake,477,0,0.4345352693853302,0.45766301805844395
tfidf,1,4,25,fake,478,0,0.7872941795601308,0.8035374152387446
tfidf,1,4,25,fake,483,1,0.6421119025837922,0.6282742407555775
tfidf,1,4,25,fake,488,0,0.07403911383910884,0.06536271781753238
tfidf,1,4,25,fake,492,0,0.03432667911082409,0.03823541220249718
tfidf,1,5,25,fake,302,0,3.170853798767185e-08,0.00016034899569850088
tfidf,1,5,25,fake,321,1,0.0610599578378398,0.30388186891068636
tfidf,1,5,25,fake,325,1,0.9999988375707377,0.9995891386529177
tfidf,1,5,25,fake,330,1,0.0001136006101485172,0.01822554785061724
tfidf,1,5,25,fake,333,0,0.16233753754378022,0.5257706474648665
tfidf,1,5,25,fake,336,0,0.008020444855606011,0.0829802432849174
tfidf,1,5,25,fake,340,0,4.76024598085495e-05,0.011757917112126405
tfidf,1,5,25,fake,341,0,0.0005417377611441775,0.02344948823282512
tfidf,1,5,25,fake,348,1,0.999999930609282,0.9998793379877884
tfidf,1,5,25,fake,350,1,0.9951849739043287,0.9550508977776475
tfidf,1,5,25,fake,360,0,0.9999227145165362,0.9913471190027706
tfidf,1,5,25,fake,368,0,0.13411043798654312,0.17530070017694277
tfidf,1,5,25,fake,370,0,2.4830986149653358e-06,0.0028310564577756748
tfidf,1,5,25,fake,385,0,1.0695400351523043e-06,0.0008491258044604129
tfidf,1,5,25,fake,388,1,0.9979396781193564,0.9218074716985059
tfidf,1,5,25,fake,406,0,0.009665202306674264,0.03142420886247147
tfidf,1,5,25,fake,409,1,0.0004326945833402911,0.028584823882508843
tfidf,1,5,25,fake,417,0,0.0005407852842655824,0.010352542412980932
tfidf,1,5,25,fake,418,1,0.9999907318529514,0.9971289405372352
tfidf,1,5,25,fake,428,0,0.9669558039446767,0.7907098840021639
tfidf,1,5,25,fake,429,0,0.9631921889505584,0.5942284277597841
tfidf,1,5,25,fake,434,0,2.3886779388303883e-05,0.0020240784507023677
tfidf,1,5,25,fake,437,0,3.0099480172800776e-06,0.001790562846157524
tfidf,1,5,25,fake,441,1,0.697877734256778,0.7802221120521754
tfidf,1,5,25,fake,444,0,2.6676624559621174e-05,0.0026296900308850984
tfidf,1,5,25,fake,456,0,2.982488334277122e-06,0.0015201860675193503
tfidf,1,5,25,fake,468,0,0.0007941106100731533,0.00928059527455517
tfidf,1,5,25,fake,485,0,5.178605583253851e-07,0.0003022913158982414
tfidf,1,1,26,fake,319,1,0.5737494038365321,0.6769200913560759
tfidf,1,1,26,fake,331,0,0.5143309929087693,0.6149889991630902
tfidf,1,1,26,fake,345,1,0.9225574312913212,0.9504123352725279
tfidf,1,1,26,fake,346,1,0.6410949547987337,0.7185385883624058
tfidf,1,1,26,fake,357,0,0.546585832974998,0.5782884908172129
tfidf,1,1,26,fake,358,0,0.8002702062584242,0.8643452979258374
tfidf,1,1,26,fake,362,1,0.7821317175107828,0.867557282332796
tfidf,1,1,26,fake,363,0,0.16894533955787208,0.157350848764878
tfidf,1,1,26,fake,364,0,0.30281228659244935,0.40766722584443976
tfidf,1,1,26,fake,369,0,0.3106352614689927,0.2926155979541807
tfidf,1,1,26,fake,372,1,0.7693693537339568,0.7856656478120877
tfidf,1,1,26,fake,391,0,0.7894394646384624,0.8542565664829793
tfidf,1,1,26,fake,400,0,0.6498243724580709,0.6706485274090754
tfidf,1,1,26,fake,402,1,0.9621107998074199,0.9688204429292523
tfidf,1,1,26,fake,403,0,0.022920865696734988,0.019168065815135922
tfidf,1,1,26,fake,404,0,0.07141379931251582,0.10107491429071463
tfidf,1,1,26,fake,413,1,0.9629550009914226,0.9755826519237933
tfidf,1,1,26,fake,416,0,0.031722821673110094,0.03438968033585509
tfidf,1,1,26,fake,420,0,0.12039294940090395,0.09440510572806195
tfidf,1,1,26,fake,423,0,0.9004609804029066,0.928399332661223
tfidf,1,1,26,fake,426,1,0.9988588784181599,0.9987836519639605
tfidf,1,1,26,fake,433,1,0.8592742618898016,0.8581697942646013
tfidf,1,1,26,fake,451,0,0.1280106454990456,0.110543842164843
tfidf,1,1,26,fake,454,0,0.04978288167690196,0.06074427335749646
tfidf,1,1,26,fake,473,0,0.026292749670440697,0.027683522915984374
tfidf,1,1,26,fake,476,0,0.2626677662200806,0.26138827744889404
tfidf,1,1,26,fake,484,0,0.4340874191579187,0.45728554904937957
tfidf,1,1,26,fake,487,0,0.11036525058951692,0.10516573708191292
tfidf,1,1,26,fake,490,0,0.14477729133804662,0.13215537237930655
tfidf,1,2,26,fake,303,0,0.03293342667378033,0.03406391501265777
tfidf,1,2,26,fake,304,0,0.05922243873770502,0.05360935440896473
tfidf,1,2,26,fake,310,0,0.3555251810506573,0.30562186859936963
tfidf,1,2,26,fake,312,0,0.5171308582778134,0.4802790137194291
tfidf,1,2,26,fake,316,0,0.7435931219387983,0.73968227756336
tfidf,1,2,26,fake,324,0,0.41930905014530073,0.4369622584801777
tfidf,1,2,26,fake,328,0,0.5493859907752656,0.5268366435981584
tfidf,1,2,26,fake,339,1,0.7969029551771862,0.7960494700090025
tfidf,1,2,26,fake,353,1,0.8191866421212589,0.8246428984090702
tfidf,1,2,26,fake,355,1,0.6331285659082634,0.6596353237245971
tfidf,1,2,26,fake,366,0,0.016275249058889964,0.014080041462780612
tfidf,1,2,26,fake,375,0,0.0027658697730959816,0.0021895071634679348
tfidf,1,2,26,fake,376,1,0.9662212910623034,0.9698999026345673
tfidf,1,2,26,fake,379,0,0.6232117744089598,0.5953386249311267
tfidf,1,2,26,fake,381,1,0.9666008368561742,0.9706264147093218
tfidf,1,2,26,fake,382,0,0.14709899263853227,0.12688410959237365
tfidf,1,2,26,fake,386,1,0.5864455100664039,0.6035567784527213
tfidf,1,2,26,fake,390,0,0.9793681210531929,0.9820994753134549
tfidf,1,2,26,fake,392,0,0.052292215599417186,0.05062629327707048
tfidf,1,2,26,fake,401,0,0.6576545678270856,0.6596626125043529
tfidf,1,2,26,fake,412,1,0.6133787498440455,0.6063662423556582
tfidf,1,2,26,fake,422,1,0.7100869461352038,0.6857244495496293
tfidf,1,2,26,fake,427,0,0.012159943516483342,0.010337105263111929
tfidf,1,2,26,fake,440,1,0.9948926801189575,0.9948839463060517
tfidf,1,2,26,fake,443,0,0.13984483571582026,0.12407284041599845
tfidf,1,2,26,fake,457,0,0.013480760139437886,0.010752700754208177
tfidf,1,2,26,fake,479,0,0.037283721356002185,0.029084238777947292
tfidf,1,2,26,fake,482,0,0.06696934793508831,0.060613506683208265
tfidf,1,2,26,fake,486,0,0.014429964809357756,0.013156209690671194
tfidf,1,3,26,fake,305,0,0.41559630565602296,0.34364611938201883
tfidf,1,3,26,fake,307,0,0.27921004367102786,0.15057264155757896
tfidf,1,3,26,fake,313,0,0.8072913883144063,0.8001334820482372
tfidf,1,3,26,fake,315,0,0.4126689003498598,0.29697555694441413
tfidf,1,3,26,fake,317,0,0.4050068165180283,0.5236104078162267
tfidf,1,3,26,fake,320,1,0.7844508221552564,0.8613097567733218
tfidf,1,3,26,fake,338,1,0.5017861758011053,0.660580753383428
tfidf,1,3,26,fake,344,1,0.24755954679436265,0.3289028264461159
tfidf,1,3,26,fake,352,1,0.8205151671756156,0.7127028210023943
tfidf,1,3,26,fake,356,1,0.8418302802512665,0.8999237661981279
tfidf,1,3,26,fake,367,1,0.994117495756988,0.9946123265987313
tfidf,1,3,26,fake,371,0,0.38230377847937863,0.43998245368662103
tfidf,1,3,26,fake,380,1,0.9757090458600511,0.9620359204088987
tfidf,1,3,26,fake,383,0,0.08383822831776687,0.07595456021056404
tfidf,1,3,26,fake,393,0,0.08370397451694393,0.07769796909943937
tfidf,1,3,26,fake,395,0,0.8159157541760633,0.8572060221601288
tfidf,1,3,26,fake,397,0,0.2615556589988216,0.25215440669959854
tfidf,1,3,26,fake,425,0,0.5808334395007796,0.5770214631480148
tfidf,1,3,26,fake,430,0,0.06795305724255592,0.06136092449769347
tfidf,1,3,26,fake,436,0,0.04141370769769199,0.034466382237853456
tfidf,1,3,26,fake,439,0,0.19859416481257405,0.20845302494631063
tfidf,1,3,26,fake,446,0,0.10359861655233457,0.10557544923438295
tfidf,1,3,26,fake,447,0,0.3974866565211902,0.40282806105552166
tfidf,1,3,26,fake,459,1,0.9614884488821066,0.9637566833679667
tfidf,1,3,26,fake,474,0,0.09860613866475505,0.07302580837649188
tfidf,1,3,26,fake,475,0,0.0228022670102842,0.020569672722396185
tfidf,1,3,26,fake,489,0,0.11686367616291099,0.11129621886685159
tfidf,1,3,26,fake,491,0,0.20909786104333197,0.21771100354380826
tfidf,1,4,26,fake,318,0,0.685751365351883,0.5308695840578745
tfidf,1,4,26,fake,322,0,0.7191938478318792,0.7377498075402045
tfidf,1,4,26,fake,326,0,0.2416750443862412,0.15582084052818093
tfidf,1,4,26,fake,327,0,0.8379714036323996,0.814980926733562
tfidf,1,4,26,fake,335,1,0.38656857012121054,0.3212393630612296
tfidf,1,4,26,fake,343,0,0.8555548955886757,0.8494932577865494
tfidf,1,4,26,fake,347,1,0.364145911564905,0.39483851980689894
tfidf,1,4,26,fake,351,1,0.9511149437971194,0.9684292228393138
tfidf,1,4,26,fake,374,0,0.17125325024609994,0.15504015320407621
tfidf,1,4,26,fake,377,1,0.9894925322090802,0.994575784885839
tfidf,1,4,26,fake,389,1,0.819911342328622,0.8680019952043605
tfidf,1,4,26,fake,414,1,0.7207749509733684,0.6763147904734681
tfidf,1,4,26,fake,415,0,0.0981545632040537,0.09735759654480892
tfidf,1,4,26,fake,419,0,0.017216964936483628,0.011884870620599619
tfidf,1,4,26,fake,445,0,0.2368374953288211,0.2628724521785073
tfidf,1,4,26,fake,448,1,0.8038497762338636,0.7925786010740912
tfidf,1,4,26,fake,449,0,0.19313615842262774,0.16818183745910625
tfidf,1,4,26,fake,455,0,0.049252941358702104,0.05047466436955008
tfidf,1,4,26,fake,458,0,0.2340159874902571,0.21993260543964607
tfidf,1,4,26,fake,463,0,0.00976833391556132,0.005862782739853839
tfidf,1,4,26,fake,464,0,0.09025264871351002,0.07444104218506152
tfidf,1,4,26,fake,471,0,0.09546424968943226,0.06396897375450665
tfidf,1,4,26,fake,472,0,0.0442233800395311,0.03735712013034471
tfidf,1,4,26,fake,477,0,0.36861402251275993,0.40502757453123545
tfidf,1,4,26,fake,478,0,0.7625240870133267,0.7753459011600887
tfidf,1,4,26,fake,483,1,0.7723526637644358,0.775374651499332
tfidf,1,4,26,fake,488,0,0.1853354012213151,0.13723738735197477
tfidf,1,4,26,fake,492,0,0.053879562884410995,0.062467425287310696
tfidf,1,5,26,fake,302,0,0.16226368346611222,0.16242042716529778
tfidf,1,5,26,fake,321,1,0.8143375870127323,0.81304212248663
tfidf,1,5,26,fake,325,1,0.7753351586051496,0.7595400821204188
tfidf,1,5,26,fake,330,1,0.4765466467048635,0.47941735788310136
tfidf,1,5,26,fake,333,0,0.42846814646485937,0.4253683197698716
tfidf,1,5,26,fake,336,0,0.4473010189229488,0.4264222466699926
tfidf,1,5,26,fake,340,0,0.31044379999326166,0.30206473344979207
tfidf,1,5,26,fake,341,0,0.47174798814374286,0.46904260711229495
tfidf,1,5,26,fake,348,1,0.7699981933869472,0.7654403727848291
tfidf,1,5,26,fake,350,1,0.6806830750348751,0.6993839968527276
tfidf,1,5,26,fake,360,0,0.8150726317311535,0.8200414693308268
tfidf,1,5,26,fake,368,0,0.1957490091304635,0.19222703850936446
tfidf,1,5,26,fake,370,0,0.09314287192890673,0.0969818280989121
tfidf,1,5,26,fake,385,0,0.07279006602174944,0.0724389883923419
tfidf,1,5,26,fake,388,1,0.6083200147542868,0.6157035288178172
tfidf,1,5,26,fake,406,0,0.05478975102432437,0.05488010726761524
tfidf,1,5,26,fake,409,1,0.8464064520977352,0.8542841794122654
tfidf,1,5,26,fake,417,0,0.027564288793903546,0.024825249140229724
tfidf,1,5,26,fake,418,1,0.9623269650559747,0.9657734560178574
tfidf,1,5,26,fake,428,0,0.0775745128609278,0.07746100061827373
tfidf,1,5,26,fake,429,0,0.08813473292911077,0.0941507365277072
tfidf,1,5,26,fake,434,0,0.04068019790952259,0.03724424418616447
tfidf,1,5,26,fake,437,0,0.06875661381224978,0.06780519039004854
tfidf,1,5,26,fake,441,1,0.7118651080003516,0.7168022565958025
tfidf,1,5,26,fake,444,0,0.12834415233363652,0.1290973813415684
tfidf,1,5,26,fake,456,0,0.03552382394044631,0.0354627172102571
tfidf,1,5,26,fake,468,0,0.31063018479171645,0.29983024852310186
tfidf,1,5,26,fake,485,0,0.09847823356756057,0.09505379259820738
tfidf,1,1,27,fake,319,1,0.8225290408991459,0.9782952349108898
tfidf,1,1,27,fake,331,0,0.61014082093584,0.5953122638994405
tfidf,1,1,27,fake,345,1,0.8048364379756021,0.9792146562051551
tfidf,1,1,27,fake,346,1,0.722244885128465,0.7860114051318559
tfidf,1,1,27,fake,357,0,0.6304363640871822,0.6376042490907644
tfidf,1,1,27,fake,358,0,0.7080219850665583,0.8791401428120414
tfidf,1,1,27,fake,362,1,0.8532949790078074,0.9913115695858139
tfidf,1,1,27,fake,363,0,0.2803876249348569,0.09973159797511207
tfidf,1,1,27,fake,364,0,0.5443411863985174,0.5545147304302701
tfidf,1,1,27,fake,369,0,0.39822157594776847,0.2278642034214625
tfidf,1,1,27,fake,372,1,0.7354975780650022,0.6757786140023121
tfidf,1,1,27,fake,391,0,0.4408557172695571,0.5259519281849587
tfidf,1,1,27,fake,400,0,0.7266208824303662,0.9321958224697121
tfidf,1,1,27,fake,402,1,0.952617445652858,0.9997720194836557
tfidf,1,1,27,fake,403,0,0.11894620118398486,0.01341478829700898
tfidf,1,1,27,fake,404,0,0.29788967608112965,0.15760579109097594
tfidf,1,1,27,fake,413,1,0.6704287909906299,0.8542945592804991
tfidf,1,1,27,fake,416,0,0.19036050053626805,0.04024556293674007
tfidf,1,1,27,fake,420,0,0.38094741667708615,0.13412850524242984
tfidf,1,1,27,fake,423,0,0.6936627655169909,0.8651128951600833
tfidf,1,1,27,fake,426,1,0.5283466156124871,0.4456957049567797
tfidf,1,1,27,fake,433,1,0.384679248214252,0.6054025749328484
tfidf,1,1,27,fake,451,0,0.40000911341808104,0.17619007005595672
tfidf,1,1,27,fake,454,0,0.18007414903625402,0.07777361882128318
tfidf,1,1,27,fake,473,0,0.17096381079865042,0.06140878292433482
tfidf,1,1,27,fake,476,0,0.24541371354379904,0.1270609611472318
tfidf,1,1,27,fake,484,0,0.5694115529918002,0.6886667800906139
tfidf,1,1,27,fake,487,0,0.33206108723526173,0.07170204016341754
tfidf,1,1,27,fake,490,0,0.2922562272284441,0.15043255054017768
tfidf,1,2,27,fake,303,0,0.0792711728938033,0.383719898505204
tfidf,1,2,27,fake,304,0,0.051394583790900554,0.4176558739782298
tfidf,1,2,27,fake,310,0,0.5077150102279551,0.6505046308668962
tfidf,1,2,27,fake,312,0,0.3890755423598847,0.6077144541727197
tfidf,1,2,27,fake,316,0,0.481498146947134,0.7081522265990694
tfidf,1,2,27,fake,324,0,0.45831483876759815,0.6543019552738617
tfidf,1,2,27,fake,328,0,0.585070026128703,0.6712867592706562
tfidf,1,2,27,fake,339,1,0.8706074602008866,0.841420521611289
tfidf,1,2,27,fake,353,1,0.8816743872275247,0.773820420862974
tfidf,1,2,27,fake,355,1,0.6279960508692284,0.6560423050115967
tfidf,1,2,27,fake,366,0,0.008873076367149603,0.1438030373745526
tfidf,1,2,27,fake,375,0,0.0031759197066897984,0.09695990647604048
tfidf,1,2,27,fake,376,1,0.9448513702780184,0.878552003874065
tfidf,1,2,27,fake,379,0,0.4010196971614445,0.42547488573219944
tfidf,1,2,27,fake,381,1,0.9245807117762578,0.7327403854248593
tfidf,1,2,27,fake,382,0,0.31792022314792223,0.3821705204807979
tfidf,1,2,27,fake,386,1,0.6087396726738685,0.4450083478304972
tfidf,1,2,27,fake,390,0,0.9620651488356452,0.8599461316540717
tfidf,1,2,27,fake,392,0,0.10272603050266912,0.2553524611847285
tfidf,1,2,27,fake,401,0,0.7855862962294982,0.6163468118181475
tfidf,1,2,27,fake,412,1,0.7338956145037331,0.4846779746206694
tfidf,1,2,27,fake,422,1,0.6386166221617033,0.5390313161902346
tfidf,1,2,27,fake,427,0,0.00834119493169113,0.11718787772939232
tfidf,1,2,27,fake,440,1,0.9897900146221018,0.8619523880990714
tfidf,1,2,27,fake,443,0,0.14121243312335005,0.30354280930968175
tfidf,1,2,27,fake,457,0,0.009673784631361947,0.12522587610770575
tfidf,1,2,27,fake,479,0,0.031407151905590805,0.16727165155926138
tfidf,1,2,27,fake,482,0,0.0862627199902352,0.27196242698285666
tfidf,1,2,27,fake,486,0,0.01791440216481616,0.1342141865067966
tfidf,1,3,27,fake,305,0,0.38313563309625653,0.3374426473524019
tfidf,1,3,27,fake,307,0,0.2751903502111043,0.1556984036005269
tfidf,1,3,27,fake,313,0,0.5078413223723541,0.49699107948628507
tfidf,1,3,27,fake,315,0,0.6291826352594895,0.4375460951548047
tfidf,1,3,27,fake,317,0,0.430763276190495,0.5634114925648437
tfidf,1,3,27,fake,320,1,0.9520024867479658,0.9737702213922731
tfidf,1,3,27,fake,338,1,0.785639069567463,0.8893929841055179
tfidf,1,3,27,fake,344,1,0.8612826129930007,0.9163626906897147
tfidf,1,3,27,fake,352,1,0.4438885035335219,0.28264525699315896
tfidf,1,3,27,fake,356,1,0.6771732736324523,0.7745832740243956
tfidf,1,3,27,fake,367,1,0.9975001590645327,0.9976081482706542
tfidf,1,3,27,fake,371,0,0.5378837031933223,0.6250971376707223
tfidf,1,3,27,fake,380,1,0.9123310758613754,0.8556119594029312
tfidf,1,3,27,fake,383,0,0.1855928291274727,0.16645702942595886
tfidf,1,3,27,fake,393,0,0.10626668222484138,0.110699385582905
tfidf,1,3,27,fake,395,0,0.6457689181022482,0.7517765797081795
tfidf,1,3,27,fake,397,0,0.1473117270201073,0.12762866715884316
tfidf,1,3,27,fake,425,0,0.7690997054526182,0.755737659769685
tfidf,1,3,27,fake,430,0,0.05632214390010886,0.04383268641222133
tfidf,1,3,27,fake,436,0,0.07620190139865621,0.060754669438577553
tfidf,1,3,27,fake,439,0,0.19621458861108443,0.21708787338088978
tfidf,1,3,27,fake,446,0,0.255112433089523,0.29958642257889156
tfidf,1,3,27,fake,447,0,0.1525178452898252,0.15390311687359107
tfidf,1,3,27,fake,459,1,0.8300511655083919,0.8274146421651115
tfidf,1,3,27,fake,474,0,0.03772765803650933,0.02917705608440872
tfidf,1,3,27,fake,475,0,0.006724968400121265,0.0067015082127134555
tfidf,1,3,27,fake,489,0,0.0643294926676906,0.07031561324111094
tfidf,1,3,27,fake,491,0,0.2071705195751017,0.20322082903788305
tfidf,1,4,27,fake,318,0,0.5571378201196118,0.43406761218318024
tfidf,1,4,27,fake,322,0,0.5289911293278797,0.5648146043349647
tfidf,1,4,27,fake,326,0,0.6254869588259884,0.5085351405977441
tfidf,1,4,27,fake,327,0,0.7405499755899724,0.7100084354192961
tfidf,1,4,27,fake,335,1,0.7774966374527051,0.7206227320988928
tfidf,1,4,27,fake,343,0,0.7050019688625343,0.715823323536593
tfidf,1,4,27,fake,347,1,0.7160938904702693,0.7307634089040231
tfidf,1,4,27,fake,351,1,0.6559329134129859,0.7318386760492189
tfidf,1,4,27,fake,374,0,0.15634066075041184,0.14300611314322403
tfidf,1,4,27,fake,377,1,0.9620725751308175,0.974093583955917
tfidf,1,4,27,fake,389,1,0.7536607962876538,0.8159656394356797
tfidf,1,4,27,fake,414,1,0.7241355029168773,0.6846846386996577
tfidf,1,4,27,fake,415,0,0.1258709368912672,0.10930534391701098
tfidf,1,4,27,fake,419,0,0.02789937575550729,0.01958477151080372
tfidf,1,4,27,fake,445,0,0.2221022907253946,0.2333043935348332
tfidf,1,4,27,fake,448,1,0.5630047157047356,0.5564195211091832
tfidf,1,4,27,fake,449,0,0.06989614709344127,0.05897132381123768
tfidf,1,4,27,fake,455,0,0.06657699177554054,0.06813830122250102
tfidf,1,4,27,fake,458,0,0.13127367395399936,0.13479533781784828
tfidf,1,4,27,fake,463,0,0.0052068215116566185,0.003826449131305113
tfidf,1,4,27,fake,464,0,0.06348565749700756,0.05493779421421395
tfidf,1,4,27,fake,471,0,0.04810788930421597,0.0339301531446671
tfidf,1,4,27,fake,472,0,0.012454214089953872,0.011534794562428912
tfidf,1,4,27,fake,477,0,0.3824539841905665,0.4387887367878084
tfidf,1,4,27,fake,478,0,0.591374095449284,0.6233168791411986
tfidf,1,4,27,fake,483,1,0.9235623275860707,0.9130831263261495
tfidf,1,4,27,fake,488,0,0.5761605685610275,0.4923458892897962
tfidf,1,4,27,fake,492,0,0.14255470151826483,0.15254123533002606
tfidf,1,5,27,fake,302,0,0.039232426806519484,0.039310024970654354
tfidf,1,5,27,fake,321,1,0.789129406870469,0.7859532800150785
tfidf,1,5,27,fake,325,1,0.6295108805282468,0.6304017723668085
tfidf,1,5,27,fake,330,1,0.6541503827120763,0.6547965545620533
tfidf,1,5,27,fake,333,0,0.2902082623852728,0.287422261720475
tfidf,1,5,27,fake,336,0,0.3287376327581866,0.3374474242820791
tfidf,1,5,27,fake,340,0,0.4007825799057705,0.40556254582445117
tfidf,1,5,27,fake,341,0,0.9216208438601111,0.9241184536791239
tfidf,1,5,27,fake,348,1,0.9691611080996563,0.9695564593253022
tfidf,1,5,27,fake,350,1,0.821983148932489,0.8124687744468353
tfidf,1,5,27,fake,360,0,0.584588454622944,0.5883840409256056
tfidf,1,5,27,fake,368,0,0.21930783781746546,0.22409800292175272
tfidf,1,5,27,fake,370,0,0.07099706359739717,0.06966699677213686
tfidf,1,5,27,fake,385,0,0.08285817776328287,0.08358760813932672
tfidf,1,5,27,fake,388,1,0.639816933017175,0.6407846951716583
tfidf,1,5,27,fake,406,0,0.06471627128316328,0.06576589818296767
tfidf,1,5,27,fake,409,1,0.3661319030347917,0.36135771351290596
tfidf,1,5,27,fake,417,0,0.127164543223783,0.1315639747835503
tfidf,1,5,27,fake,418,1,0.817709864688149,0.8091865388230419
tfidf,1,5,27,fake,428,0,0.10078626536471173,0.09994309158587449
tfidf,1,5,27,fake,429,0,0.06886773761736821,0.0654867733653776
tfidf,1,5,27,fake,434,0,0.03034677245601862,0.031460181040684085
tfidf,1,5,27,fake,437,0,0.1959586269391204,0.19584869842447253
tfidf,1,5,27,fake,441,1,0.7672313309864088,0.767705558109016
tfidf,1,5,27,fake,444,0,0.3189583404402617,0.3245945604354816
tfidf,1,5,27,fake,456,0,0.029955524544607377,0.03039506756605728
tfidf,1,5,27,fake,468,0,0.04356307824182617,0.04564695957670405
tfidf,1,5,27,fake,485,0,0.24328939614096637,0.2534574619362145
tfidf,1,1,28,fake,319,1,0.42667532687416954,0.5884169384496994
tfidf,1,1,28,fake,331,0,0.6511945178077112,0.7589428481506016
tfidf,1,1,28,fake,345,1,0.9119442320776684,0.9545070552743147
tfidf,1,1,28,fake,346,1,0.8734296963996169,0.914602334570652
tfidf,1,1,28,fake,357,0,0.3842842630706871,0.4303078237378803
tfidf,1,1,28,fake,358,0,0.6124254294943167,0.7676219293946392
tfidf,1,1,28,fake,362,1,0.9234693370982447,0.9606962083206259
tfidf,1,1,28,fake,363,0,0.40119189645023245,0.37083072293697195
tfidf,1,1,28,fake,364,0,0.5794824796844412,0.7141713303114584
tfidf,1,1,28,fake,369,0,0.36573990215733015,0.3483582972129788
tfidf,1,1,28,fake,372,1,0.9469976616180618,0.9483750271120932
tfidf,1,1,28,fake,391,0,0.39548006585374257,0.5352927700445734
tfidf,1,1,28,fake,400,0,0.7266231515575206,0.724230893842184
tfidf,1,1,28,fake,402,1,0.9965634580360574,0.9973466101211517
tfidf,1,1,28,fake,403,0,0.020491651047304296,0.014450565121911528
tfidf,1,1,28,fake,404,0,0.05077512580245992,0.0838249589229911
tfidf,1,1,28,fake,413,1,0.7529932922250218,0.826126500233133
tfidf,1,1,28,fake,416,0,0.03203392523212596,0.03624846828494646
tfidf,1,1,28,fake,420,0,0.16515086067019505,0.10087616636074367
tfidf,1,1,28,fake,423,0,0.8831112761056408,0.9132562921704643
tfidf,1,1,28,fake,426,1,0.9970718075432645,0.9966785766771984
tfidf,1,1,28,fake,433,1,0.24942125449054578,0.2539776843766222
tfidf,1,1,28,fake,451,0,0.3796704826212511,0.33906418638120994
tfidf,1,1,28,fake,454,0,0.17920696484795265,0.20780589163946503
tfidf,1,1,28,fake,473,0,0.03585452960173026,0.03670589900825825
tfidf,1,1,28,fake,476,0,0.1387403470467546,0.13206840724078814
tfidf,1,1,28,fake,484,0,0.2004052537662148,0.2772738193803279
tfidf,1,1,28,fake,487,0,0.3372010389554851,0.32699424934029697
tfidf,1,1,28,fake,490,0,0.1298999419542144,0.12427097874147909
tfidf,1,2,28,fake,303,0,0.08370185187172091,0.08550600824833757
tfidf,1,2,28,fake,304,0,0.11150708205154254,0.1053618847253003
tfidf,1,2,28,fake,310,0,0.4203712195530051,0.39376890146215754
tfidf,1,2,28,fake,312,0,0.30789318549377914,0.2946477442164159
tfidf,1,2,28,fake,316,0,0.7092626736400617,0.7014027375228752
tfidf,1,2,28,fake,324,0,0.3019489776806246,0.3106406054125361
tfidf,1,2,28,fake,328,0,0.7003842605330115,0.6880982657481655
tfidf,1,2,28,fake,339,1,0.880010094823154,0.8814623019629009
tfidf,1,2,28,fake,353,1,0.6929732348522011,0.6979001817883514
tfidf,1,2,28,fake,355,1,0.8103659514909611,0.8244283634947708
tfidf,1,2,28,fake,366,0,0.027215218506594897,0.024873882657785524
tfidf,1,2,28,fake,375,0,0.004047876618916087,0.0035524888638099874
tfidf,1,2,28,fake,376,1,0.989530199412642,0.990014177421946
tfidf,1,2,28,fake,379,0,0.21238822061169554,0.2094748865867803
tfidf,1,2,28,fake,381,1,0.9116403502217996,0.9187464623617319
tfidf,1,2,28,fake,382,0,0.16880061034342567,0.15395509082319075
tfidf,1,2,28,fake,386,1,0.5797232629884208,0.5871421750342258
tfidf,1,2,28,fake,390,0,0.9790075813802167,0.9814070533889382
tfidf,1,2,28,fake,392,0,0.05683199471341736,0.054246942154029726
tfidf,1,2,28,fake,401,0,0.3902339661525439,0.3896918256236211
tfidf,1,2,28,fake,412,1,0.6161366947278069,0.6068379946705078
tfidf,1,2,28,fake,422,1,0.9304577731386905,0.9227120365113443
tfidf,1,2,28,fake,427,0,0.009218088041081967,0.008353628486569568
tfidf,1,2,28,fake,440,1,0.9742953441750241,0.9751776035050609
tfidf,1,2,28,fake,443,0,0.12217183656936298,0.11273964406238876
tfidf,1,2,28,fake,457,0,0.004313272236884084,0.003850062462846824
tfidf,1,2,28,fake,479,0,0.02246579079300801,0.020299077735483777
tfidf,1,2,28,fake,482,0,0.053150008134227184,0.049384869859008196
tfidf,1,2,28,fake,486,0,0.013580024152552763,0.012724839773366003
tfidf,1,3,28,fake,305,0,0.540570350792128,0.27206159511040445
tfidf,1,3,28,fake,307,0,0.3860351426221953,0.048288225471919716
tfidf,1,3,28,fake,313,0,0.5127938603121759,0.24305695420647494
tfidf,1,3,28,fake,315,0,0.5739452908691368,0.24579962415639128
tfidf,1,3,28,fake,317,0,0.752932246037282,0.9110947631671132
tfidf,1,3,28,fake,320,1,0.7559862273790836,0.9084926993143326
tfidf,1,3,28,fake,338,1,0.6731684013781272,0.8764039710281655
tfidf,1,3,28,fake,344,1,0.6576001634754047,0.7419962429843178
tfidf,1,3,28,fake,352,1,0.7061076164054156,0.7591218650041749
tfidf,1,3,28,fake,356,1,0.7497753063522576,0.9215710232906945
tfidf,1,3,28,fake,367,1,0.9070793141316342,0.9939252714658349
tfidf,1,3,28,fake,371,0,0.5543640086843983,0.7818485023867773
tfidf,1,3,28,fake,380,1,0.6896954537817792,0.8147662664311371
tfidf,1,3,28,fake,383,0,0.32685815411882196,0.06855068642981701
tfidf,1,3,28,fake,393,0,0.24586862933831202,0.08063248675717022
tfidf,1,3,28,fake,395,0,0.5117315227720293,0.7191619759154926
tfidf,1,3,28,fake,397,0,0.38560476032262064,0.5384418288954873
tfidf,1,3,28,fake,425,0,0.6562672242805324,0.39443414403036503
tfidf,1,3,28,fake,430,0,0.4880871496114563,0.40048375888425947
tfidf,1,3,28,fake,436,0,0.1537585865716262,0.02069939981306715
tfidf,1,3,28,fake,439,0,0.36036656196970285,0.2594601254252776
tfidf,1,3,28,fake,446,0,0.23492881500201462,0.049016165420505145
tfidf,1,3,28,fake,447,0,0.3353665111646373,0.297273312891344
tfidf,1,3,28,fake,459,1,0.7884120793589852,0.9260591256174373
tfidf,1,3,28,fake,474,0,0.2354397543472157,0.07270465115270121
tfidf,1,3,28,fake,475,0,0.10830548066919499,0.007417885115389688
tfidf,1,3,28,fake,489,0,0.24534144326957216,0.1283854216297917
tfidf,1,3,28,fake,491,0,0.49483094648120735,0.24675678103697857
tfidf,1,4,28,fake,318,0,0.1333556369379974,0.19102349687323655
tfidf,1,4,28,fake,322,0,0.9488955977573144,0.8998487658824675
tfidf,1,4,28,fake,326,0,0.08974711354590248,0.2614295176973132
tfidf,1,4,28,fake,327,0,0.8683095654189479,0.7700242646228674
tfidf,1,4,28,fake,335,1,0.5015759799294297,0.5861106831637903
tfidf,1,4,28,fake,343,0,0.9694554480014627,0.8163902267581455
tfidf,1,4,28,fake,347,1,0.028374084258539375,0.2711827057030758
tfidf,1,4,28,fake,351,1,0.9878240891035099,0.9759620384825245
tfidf,1,4,28,fake,374,0,0.024378272071077334,0.2880105861018451
tfidf,1,4,28,fake,377,1,0.9999578888066599,0.9982001921140083
tfidf,1,4,28,fake,389,1,0.9898143325794176,0.9437833268685811
tfidf,1,4,28,fake,414,1,0.9490179236042123,0.8445654258916133
tfidf,1,4,28,fake,415,0,0.23106868539293993,0.19641967395036525
tfidf,1,4,28,fake,419,0,0.0001290914155795575,0.009148129709574404
tfidf,1,4,28,fake,445,0,0.007010318770071908,0.09949681824696596
tfidf,1,4,28,fake,448,1,0.003792779499498529,0.12480379302384215
tfidf,1,4,28,fake,449,0,0.020981908645112974,0.06170004008062666
tfidf,1,4,28,fake,455,0,0.00031895389340140463,0.026019324847818003
tfidf,1,4,28,fake,458,0,0.032334348035557084,0.08795848302280512
tfidf,1,4,28,fake,463,0,0.0006548613574665698,0.007336746893684732
tfidf,1,4,28,fake,464,0,0.005395785998512235,0.047795425432706845
tfidf,1,4,28,fake,471,0,0.010372299659908957,0.07467090236932762
tfidf,1,4,28,fake,472,0,2.8498920031480238e-05,0.007362282011158204
tfidf,1,4,28,fake,477,0,0.08767645627193596,0.33512941795812634
tfidf,1,4,28,fake,478,0,0.2255398589768546,0.5519147350711999
tfidf,1,4,28,fake,483,1,0.7310482113514036,0.7237897443402305
tfidf,1,4,28,fake,488,0,0.008917096831909938,0.08178502600579829
tfidf,1,4,28,fake,492,0,0.006172741130031507,0.08970863216250377
tfidf,1,5,28,fake,302,0,0.058857413590298766,0.05841786379124524
tfidf,1,5,28,fake,321,1,0.689003656903473,0.6881984305784417
tfidf,1,5,28,fake,325,1,0.8189443375776617,0.8222379866249903
tfidf,1,5,28,fake,330,1,0.7023240456921602,0.7005893434288331
tfidf,1,5,28,fake,333,0,0.3721317457720258,0.3728380272093681
tfidf,1,5,28,fake,336,0,0.320829672767715,0.3255885195877166
tfidf,1,5,28,fake,340,0,0.22351226475812022,0.22513522312895717
tfidf,1,5,28,fake,341,0,0.5943460084149571,0.5969384605632658
tfidf,1,5,28,fake,348,1,0.5092338934006586,0.510229812996268
tfidf,1,5,28,fake,350,1,0.9909018918367034,0.9905111577070267
tfidf,1,5,28,fake,360,0,0.3196212433223532,0.31587566768805875
tfidf,1,5,28,fake,368,0,0.20652824753962185,0.20779759531020178
tfidf,1,5,28,fake,370,0,0.06106024039293474,0.059187603296850175
tfidf,1,5,28,fake,385,0,0.09856535232619998,0.09744417211140195
tfidf,1,5,28,fake,388,1,0.7744745007148162,0.773265217238153
tfidf,1,5,28,fake,406,0,0.020319626518522465,0.020554270015980414
tfidf,1,5,28,fake,409,1,0.6148496604474045,0.6110498998951553
tfidf,1,5,28,fake,417,0,0.651033056344253,0.6569239645717554
tfidf,1,5,28,fake,418,1,0.8071632838137742,0.7992449688513691
tfidf,1,5,28,fake,428,0,0.155221825068742,0.1564316117122459
tfidf,1,5,28,fake,429,0,0.07014217876138758,0.0692801496630805
tfidf,1,5,28,fake,434,0,0.28098378518292716,0.28942671905862943
tfidf,1,5,28,fake,437,0,0.05925628235813272,0.05947981514163605
tfidf,1,5,28,fake,441,1,0.9122171766622824,0.9093829644925928
tfidf,1,5,28,fake,444,0,0.3830272596299794,0.38461719593617366
tfidf,1,5,28,fake,456,0,0.015230072105012527,0.01515443680642226
tfidf,1,5,28,fake,468,0,0.026631184238098276,0.02775677857988956
tfidf,1,5,28,fake,485,0,0.09085730166879916,0.09226305238076529
tfidf,1,1,29,fake,319,1,0.9895378519779449,0.8061627060599069
tfidf,1,1,29,fake,331,0,0.23225640745062004,0.5010514338930637
tfidf,1,1,29,fake,345,1,0.997032201412217,0.8103324539530389
tfidf,1,1,29,fake,346,1,0.9999883768958278,0.8547681106014852
tfidf,1,1,29,fake,357,0,0.9992257024430873,0.9051802385237165
tfidf,1,1,29,fake,358,0,0.9350687898133575,0.7886027578982628
tfidf,1,1,29,fake,362,1,0.9999999999615428,0.9990452387005804
tfidf,1,1,29,fake,363,0,0.00027390901665131886,0.09762599233763875
tfidf,1,1,29,fake,364,0,0.9993848687507791,0.689428013339397
tfidf,1,1,29,fake,369,0,0.9728440255174802,0.47749054282181563
tfidf,1,1,29,fake,372,1,0.9996558978371526,0.9156195619690519
tfidf,1,1,29,fake,391,0,0.015874771200540153,0.3746484253861823
tfidf,1,1,29,fake,400,0,0.6745894977311852,0.6996613094772678
tfidf,1,1,29,fake,402,1,0.9999999699294362,0.9959086048481606
tfidf,1,1,29,fake,403,0,0.01350211411350133,0.04086210670980796
tfidf,1,1,29,fake,404,0,0.0011097037182891567,0.07718858627624685
tfidf,1,1,29,fake,413,1,0.9999999839888725,0.9884096241118857
tfidf,1,1,29,fake,416,0,0.0001707808142335446,0.03079793619456619
tfidf,1,1,29,fake,420,0,1.5173789577579116e-05,0.06417910185253238
tfidf,1,1,29,fake,423,0,0.6990366310230192,0.8802986685866374
tfidf,1,1,29,fake,426,1,0.622012948343026,0.6536766828788634
tfidf,1,1,29,fake,433,1,0.2298307353574178,0.3432978676036669
tfidf,1,1,29,fake,451,0,0.005262703404586811,0.3139969838550191
tfidf,1,1,29,fake,454,0,1.7131655491621918e-06,0.018243956636512664
tfidf,1,1,29,fake,473,0,0.2975664412879112,0.15596924910987164
tfidf,1,1,29,fake,476,0,0.015009171724755611,0.1609295857938436
tfidf,1,1,29,fake,484,0,0.003596402991244071,0.3565607868145042
tfidf,1,1,29,fake,487,0,0.33272427401095483,0.33061145671885694
tfidf,1,1,29,fake,490,0,0.00032900829705339923,0.0946234203258365
tfidf,1,2,29,fake,303,0,0.05002624254102756,0.05383745944773132
tfidf,1,2,29,fake,304,0,0.05332224557966433,0.05125627779583175
tfidf,1,2,29,fake,310,0,0.5227340392696513,0.493957350761997
tfidf,1,2,29,fake,312,0,0.49302618769041706,0.46707905495751445
tfidf,1,2,29,fake,316,0,0.5093771952681295,0.5016561223865378
tfidf,1,2,29,fake,324,0,0.6484390580938751,0.6552331870952599
tfidf,1,2,29,fake,328,0,0.6573255525004394,0.6521533925185878
tfidf,1,2,29,fake,339,1,0.9671414688593739,0.9673249179484941
tfidf,1,2,29,fake,353,1,0.8206021539505141,0.8231253989198515
tfidf,1,2,29,fake,355,1,0.7066722758529402,0.728538408415216
tfidf,1,2,29,fake,366,0,0.04902567843776549,0.04412824521187601
tfidf,1,2,29,fake,375,0,0.0040901461964728495,0.0035483774146180757
tfidf,1,2,29,fake,376,1,0.9773204957496386,0.9783639140523694
tfidf,1,2,29,fake,379,0,0.20376057781424314,0.19650474318827807
tfidf,1,2,29,fake,381,1,0.9317246357263637,0.9355708520993312
tfidf,1,2,29,fake,382,0,0.18260017236690074,0.16679930568072837
tfidf,1,2,29,fake,386,1,0.5450116657775819,0.544717682321722
tfidf,1,2,29,fake,390,0,0.9662827152661827,0.968882693119598
tfidf,1,2,29,fake,392,0,0.07118472310958633,0.06743909502169461
tfidf,1,2,29,fake,401,0,0.6155848395619657,0.6096650442976281
tfidf,1,2,29,fake,412,1,0.9784367281328964,0.9771408636351585
tfidf,1,2,29,fake,422,1,0.8169265203592319,0.8049229348784018
tfidf,1,2,29,fake,427,0,0.015051715414899356,0.013037165382625606
tfidf,1,2,29,fake,440,1,0.8488820051106638,0.8511274182524399
tfidf,1,2,29,fake,443,0,0.16121452421609742,0.15059321196400607
tfidf,1,2,29,fake,457,0,0.014222674528731783,0.012525289052262295
tfidf,1,2,29,fake,479,0,0.010743407561392688,0.009575684339422528
tfidf,1,2,29,fake,482,0,0.04019481501536165,0.03818045883494276
tfidf,1,2,29,fake,486,0,0.008084388712611858,0.0076523026341720896
tfidf,1,3,29,fake,305,0,0.5159116827707911,0.5100635946017474
tfidf,1,3,29,fake,307,0,0.4551030873790741,0.41316699331047224
tfidf,1,3,29,fake,313,0,0.5361306771292844,0.5317146169720154
tfidf,1,3,29,fake,315,0,0.5961578157214256,0.5444202487663984
tfidf,1,3,29,fake,317,0,0.6272789296189583,0.6584950771701645
tfidf,1,3,29,fake,320,1,0.7556023137346198,0.7873050323919656
tfidf,1,3,29,fake,338,1,0.7170703967493005,0.7569081160920678
tfidf,1,3,29,fake,344,1,0.7018287560839468,0.7285561530444177
tfidf,1,3,29,fake,352,1,0.7205691047209131,0.6894078150671251
tfidf,1,3,29,fake,356,1,0.6438919934471452,0.6722944921124829
tfidf,1,3,29,fake,367,1,0.9174308377306863,0.921433946063532
tfidf,1,3,29,fake,371,0,0.457006790967185,0.4660372882908005
tfidf,1,3,29,fake,380,1,0.7319472056132953,0.7124955352859119
tfidf,1,3,29,fake,383,0,0.3090986659799374,0.3061282542921605
tfidf,1,3,29,fake,393,0,0.20973518464610927,0.20916629125184927
tfidf,1,3,29,fake,395,0,0.45744454635259113,0.4715611100572765
tfidf,1,3,29,fake,397,0,0.3364961098810622,0.33012864415468035
tfidf,1,3,29,fake,425,0,0.7359209398165673,0.7374015506024916
tfidf,1,3,29,fake,430,0,0.44062211924096567,0.4336721024861586
tfidf,1,3,29,fake,436,0,0.19482273232760106,0.1842400924863921
tfidf,1,3,29,fake,439,0,0.35527481746646683,0.3543742063127707
tfidf,1,3,29,fake,446,0,0.2578284982658209,0.2612910538336872
tfidf,1,3,29,fake,447,0,0.3512012694555397,0.3470553545962667
tfidf,1,3,29,fake,459,1,0.7449989815424262,0.7494190547504426
tfidf,1,3,29,fake,474,0,0.1614931293302796,0.15021689926032689
tfidf,1,3,29,fake,475,0,0.10932545395622584,0.10401784229966347
tfidf,1,3,29,fake,489,0,0.35485796358347693,0.355484597589686
tfidf,1,3,29,fake,491,0,0.4383814285818303,0.4413310608100542
tfidf,1,4,29,fake,318,0,0.05420425386607098,0.24695150760387954
tfidf,1,4,29,fake,322,0,0.34908797522049456,0.654752155363771
tfidf,1,4,29,fake,326,0,0.16420507614624644,0.2851198144609121
tfidf,1,4,29,fake,327,0,0.3190264192920539,0.5880254112417875
tfidf,1,4,29,fake,335,1,0.9543354865411565,0.7660116814399506
tfidf,1,4,29,fake,343,0,0.3007058766301303,0.5525864093185173
tfidf,1,4,29,fake,347,1,0.9116284202450547,0.7882168921043734
tfidf,1,4,29,fake,351,1,0.5500072140449068,0.7376044352018707
tfidf,1,4,29,fake,374,0,0.025671606764748577,0.17569173354773573
tfidf,1,4,29,fake,377,1,0.9999108149565641,0.9967035466827927
tfidf,1,4,29,fake,389,1,0.7604163080786867,0.790271977983761
tfidf,1,4,29,fake,414,1,0.9052784445402186,0.7567511267457477
tfidf,1,4,29,fake,415,0,0.04924528945568272,0.1358364239375323
tfidf,1,4,29,fake,419,0,6.645012711906701e-05,0.005674845844650265
tfidf,1,4,29,fake,445,0,0.0056820579257367285,0.10695319246989701
tfidf,1,4,29,fake,448,1,0.9866773132067568,0.7931489013322028
tfidf,1,4,29,fake,449,0,0.0031465705304980556,0.06043037410653329
tfidf,1,4,29,fake,455,0,0.006142224603272985,0.0763460012078541
tfidf,1,4,29,fake,458,0,0.2657017567875873,0.2955184435091716
tfidf,1,4,29,fake,463,0,8.039998702013235e-05,0.0038810835389729626
tfidf,1,4,29,fake,464,0,0.0075286475483765354,0.03247455900627569
tfidf,1,4,29,fake,471,0,0.0018956072763358111,0.033777543229652825
tfidf,1,4,29,fake,472,0,0.0009991872785582471,0.024153653381486465
tfidf,1,4,29,fake,477,0,0.17501989518420102,0.42378219228758246
tfidf,1,4,29,fake,478,0,0.9936708341065741,0.8762495718054166
tfidf,1,4,29,fake,483,1,0.46193315016668707,0.5082775714443231
tfidf,1,4,29,fake,488,0,0.44631485575803137,0.30971549616287597
tfidf,1,4,29,fake,492,0,0.0009546686990215485,0.038923567011610455
tfidf,1,5,29,fake,302,0,0.28773202935375713,0.006738679292636263
tfidf,1,5,29,fake,321,1,0.8711041888584006,0.9991014487617533
tfidf,1,5,29,fake,325,1,0.7272950864540642,0.9918465196837642
tfidf,1,5,29,fake,330,1,0.2725033505694102,1.5030881052087597e-05
tfidf,1,5,29,fake,333,0,0.6373805988207345,0.6160803434304272
tfidf,1,5,29,fake,336,0,0.32683422446661253,0.011170976476400155
tfidf,1,5,29,fake,340,0,0.2905732033962938,0.0018322465042753542
tfidf,1,5,29,fake,341,0,0.4412878556870731,0.09837815071389851
tfidf,1,5,29,fake,348,1,0.9807685928563082,0.9999963824866627
tfidf,1,5,29,fake,350,1,0.9269545972509586,0.9999840106742388
tfidf,1,5,29,fake,360,0,0.4580736668547748,0.5700442417423431
tfidf,1,5,29,fake,368,0,0.08237922857576863,3.932222223957148e-05
tfidf,1,5,29,fake,370,0,0.5730043943671297,0.8493294553709712
tfidf,1,5,29,fake,385,0,0.0961174475734806,8.868930722610463e-05
tfidf,1,5,29,fake,388,1,0.6392113087312268,0.21772311328850505
tfidf,1,5,29,fake,406,0,0.03883207386260611,1.0601123695651872e-05
tfidf,1,5,29,fake,409,1,0.14938767431071423,0.00020119634471028557
tfidf,1,5,29,fake,417,0,0.03996717410578705,1.3423509061072426e-05
tfidf,1,5,29,fake,418,1,0.9447236701943387,0.9995239988143471
tfidf,1,5,29,fake,428,0,0.6828311466582647,0.9546978085055844
tfidf,1,5,29,fake,429,0,0.10593050781698028,0.00016688688921810503
tfidf,1,5,29,fake,434,0,0.035647127719168455,0.0010183059354568144
tfidf,1,5,29,fake,437,0,0.09027458378778658,0.00019052951142400833
tfidf,1,5,29,fake,441,1,0.9104907821490373,0.9991144598804235
tfidf,1,5,29,fake,444,0,0.0921508278502983,0.0001705533458044798
tfidf,1,5,29,fake,456,0,0.024708178911804785,1.4216893829707124e-05
tfidf,1,5,29,fake,468,0,0.05470712816065288,0.00032815783593579436
tfidf,1,5,29,fake,485,0,0.012444223840936094,3.054928549969344e-05
tfidf,1,1,30,fake,319,1,0.6480579658137458,0.7441409808570849
tfidf,1,1,30,fake,331,0,0.6400163658235778,0.725196120317605
tfidf,1,1,30,fake,345,1,0.951925417254385,0.9697550244216483
tfidf,1,1,30,fake,346,1,0.7355064937474641,0.7863132884841101
tfidf,1,1,30,fake,357,0,0.5332077393109904,0.6001656712548847
tfidf,1,1,30,fake,358,0,0.9436871762971889,0.9635890419491869
tfidf,1,1,30,fake,362,1,0.8350558843568322,0.9092560175788946
tfidf,1,1,30,fake,363,0,0.15462991275142254,0.15447582325067563
tfidf,1,1,30,fake,364,0,0.8623569263898191,0.8882221277829057
tfidf,1,1,30,fake,369,0,0.22376402873439502,0.18708242860324412
tfidf,1,1,30,fake,372,1,0.5047979567096414,0.5474354864512401
tfidf,1,1,30,fake,391,0,0.34979154767640785,0.44792041273259237
tfidf,1,1,30,fake,400,0,0.9439324250664819,0.9403808780728864
tfidf,1,1,30,fake,402,1,0.9972677589867592,0.9975830138295884
tfidf,1,1,30,fake,403,0,0.014858898703949627,0.012396403066772269
tfidf,1,1,30,fake,404,0,0.11124858747140384,0.1371771690659537
tfidf,1,1,30,fake,413,1,0.960615248282484,0.9669932035436352
tfidf,1,1,30,fake,416,0,0.03130178776115669,0.03235220465922978
tfidf,1,1,30,fake,420,0,0.04610896157546653,0.03788395445311528
tfidf,1,1,30,fake,423,0,0.7267771865271279,0.7701026125288394
tfidf,1,1,30,fake,426,1,0.9961434421692289,0.9958907337056224
tfidf,1,1,30,fake,433,1,0.6045398539852258,0.6250946896724167
tfidf,1,1,30,fake,451,0,0.4015475046829228,0.37270767152477086
tfidf,1,1,30,fake,454,0,0.05674388952568703,0.063298774370933
tfidf,1,1,30,fake,473,0,0.0334354466688899,0.032857268250067594
tfidf,1,1,30,fake,476,0,0.054321714775916886,0.04787391442395408
tfidf,1,1,30,fake,484,0,0.21812871601951112,0.25234481243832
tfidf,1,1,30,fake,487,0,0.3394633433791935,0.3226200587692272
tfidf,1,1,30,fake,490,0,0.03725394594179229,0.038900892852050804
tfidf,1,2,30,fake,303,0,0.08980305219659726,0.08815263235839771
tfidf,1,2,30,fake,304,0,0.05064522748933681,0.05466427655045011
tfidf,1,2,30,fake,310,0,0.47443516677741504,0.5092656917368109
tfidf,1,2,30,fake,312,0,0.3604855844379832,0.3896417332060585
tfidf,1,2,30,fake,316,0,0.6234471222597396,0.6269742487318161
tfidf,1,2,30,fake,324,0,0.44045124269413094,0.4143335106883288
tfidf,1,2,30,fake,328,0,0.7314522419986855,0.7470767864987274
tfidf,1,2,30,fake,339,1,0.783932911853867,0.7768668210602008
tfidf,1,2,30,fake,353,1,0.7830991078292229,0.7764720366366878
tfidf,1,2,30,fake,355,1,0.9924646088796341,0.9909350021812006
tfidf,1,2,30,fake,366,0,0.01779776992549629,0.019189214916517414
tfidf,1,2,30,fake,375,0,0.008711368737395015,0.010788635001334533
tfidf,1,2,30,fake,376,1,0.9885598317323765,0.9872783832408459
tfidf,1,2,30,fake,379,0,0.5450363327290465,0.5698079707363608
tfidf,1,2,30,fake,381,1,0.9178994973131356,0.9089558078961966
tfidf,1,2,30,fake,382,0,0.11894548863410269,0.13068110772173355
tfidf,1,2,30,fake,386,1,0.7923106772707014,0.7889780011537912
tfidf,1,2,30,fake,390,0,0.9007106269489312,0.8807447163055507
tfidf,1,2,30,fake,392,0,0.17743078339827828,0.19012789262620564
tfidf,1,2,30,fake,401,0,0.7117210872427187,0.7134640445048289
tfidf,1,2,30,fake,412,1,0.8967064659195499,0.8954227760193758
tfidf,1,2,30,fake,422,1,0.6450432204996004,0.6718307596909513
tfidf,1,2,30,fake,427,0,0.015758187961823888,0.018635731007070364
tfidf,1,2,30,fake,440,1,0.8128694872218556,0.807141350054436
tfidf,1,2,30,fake,443,0,0.2025178210952753,0.21206774691422492
tfidf,1,2,30,fake,457,0,0.018467775060731873,0.02250152123292218
tfidf,1,2,30,fake,479,0,0.03410901676939132,0.041384991658978486
tfidf,1,2,30,fake,482,0,0.28495291707810927,0.3201109148989197
tfidf,1,2,30,fake,486,0,0.017262563566183796,0.01946249088030948
tfidf,1,3,30,fake,305,0,0.22865495039341177,0.226447784797485
tfidf,1,3,30,fake,307,0,0.30287903113829695,0.22455003270642254
tfidf,1,3,30,fake,313,0,0.577926966140979,0.577482820072866
tfidf,1,3,30,fake,315,0,0.3143323870950026,0.22619214111532954
tfidf,1,3,30,fake,317,0,0.5679966465395312,0.6557596795527548
tfidf,1,3,30,fake,320,1,0.9289365017475679,0.9485591768996323
tfidf,1,3,30,fake,338,1,0.8620726079094652,0.9072265006515883
tfidf,1,3,30,fake,344,1,0.4211472142784681,0.5143404539434767
tfidf,1,3,30,fake,352,1,0.9598618190892668,0.9416157657431552
tfidf,1,3,30,fake,356,1,0.6259708941184018,0.7025945250523011
tfidf,1,3,30,fake,367,1,0.99327207480202,0.9932025547629161
tfidf,1,3,30,fake,371,0,0.32019658943742785,0.3706279492416526
tfidf,1,3,30,fake,380,1,0.6160142678756607,0.6002519162018617
tfidf,1,3,30,fake,383,0,0.07380299810150669,0.07307465867083694
tfidf,1,3,30,fake,393,0,0.09993867899058016,0.09869069862873697
tfidf,1,3,30,fake,395,0,0.5750762201746592,0.6507706344321623
tfidf,1,3,30,fake,397,0,0.12126501256561245,0.11307934072633014
tfidf,1,3,30,fake,425,0,0.9328726307407104,0.9332556744561982
tfidf,1,3,30,fake,430,0,0.1956107531876841,0.16681517970669005
tfidf,1,3,30,fake,436,0,0.0581945877714214,0.04938539031100471
tfidf,1,3,30,fake,439,0,0.3185054965347257,0.3309138771719644
tfidf,1,3,30,fake,446,0,0.02199189293821042,0.02579043293459809
tfidf,1,3,30,fake,447,0,0.14047105120909212,0.14800978378699683
tfidf,1,3,30,fake,459,1,0.9317435708749404,0.9324170121377061
tfidf,1,3,30,fake,474,0,0.18562510223810988,0.15276577022417753
tfidf,1,3,30,fake,475,0,0.005200092530151808,0.005008892788035625
tfidf,1,3,30,fake,489,0,0.17856985373325265,0.18470131132570697
tfidf,1,3,30,fake,491,0,0.21121933055147862,0.2106803078493976
tfidf,1,4,30,fake,318,0,0.3158792152813191,0.16830951884217166
tfidf,1,4,30,fake,322,0,0.48654740149674885,0.5281248924792847
tfidf,1,4,30,fake,326,0,0.5052122557473088,0.3225858950840765
tfidf,1,4,30,fake,327,0,0.8091414409771348,0.7776685435868813
tfidf,1,4,30,fake,335,1,0.3311514811265152,0.24906100046194732
tfidf,1,4,30,fake,343,0,0.7612376165669238,0.7824837877947867
tfidf,1,4,30,fake,347,1,0.7072564876390356,0.7811494134697767
tfidf,1,4,30,fake,351,1,0.9337214404194442,0.9708099913332823
tfidf,1,4,30,fake,374,0,0.16800477094406743,0.18027455858567626
tfidf,1,4,30,fake,377,1,0.9828034941857406,0.9941277155168371
tfidf,1,4,30,fake,389,1,0.9170866138974979,0.9636491355924225
tfidf,1,4,30,fake,414,1,0.2590179852200904,0.20773584919576318
tfidf,1,4,30,fake,415,0,0.08226416906653782,0.06909796292630252
tfidf,1,4,30,fake,419,0,0.007489034571703571,0.004504452095402546
tfidf,1,4,30,fake,445,0,0.1672419006442595,0.17348097672119428
tfidf,1,4,30,fake,448,1,0.37314511742139767,0.37111414802509296
tfidf,1,4,30,fake,449,0,0.10990664699825688,0.07910973657013738
tfidf,1,4,30,fake,455,0,0.0658224079499825,0.05906958292505774
tfidf,1,4,30,fake,458,0,0.19369412673641065,0.17887851222999543
tfidf,1,4,30,fake,463,0,0.008799336014195053,0.004161672814825916
tfidf,1,4,30,fake,464,0,0.2268087506999023,0.14053890000330463
tfidf,1,4,30,fake,471,0,0.13561085240827747,0.07782873205596821
tfidf,1,4,30,fake,472,0,0.02334467235370945,0.019169676462220436
tfidf,1,4,30,fake,477,0,0.5082635304351283,0.5253078758248942
tfidf,1,4,30,fake,478,0,0.7523922103223456,0.7986584979782801
tfidf,1,4,30,fake,483,1,0.8674962774897829,0.8742896913963414
tfidf,1,4,30,fake,488,0,0.13986252361799234,0.08841682483951918
tfidf,1,4,30,fake,492,0,0.204025688967522,0.23176217142504793
tfidf,1,5,30,fake,302,0,0.06940790822331776,0.06977098067018114
tfidf,1,5,30,fake,321,1,0.9785885940027668,0.9786748450868972
tfidf,1,5,30,fake,325,1,0.921579481667072,0.9220510535191719
tfidf,1,5,30,fake,330,1,0.28940723556229964,0.2893324010366144
tfidf,1,5,30,fake,333,0,0.3175905930250041,0.31694755951504183
tfidf,1,5,30,fake,336,0,0.2943388292932938,0.2967044120677403
tfidf,1,5,30,fake,340,0,0.24934842028315227,0.24975525020935582
tfidf,1,5,30,fake,341,0,0.22968618993552517,0.2299752511303119
tfidf,1,5,30,fake,348,1,0.8022498175431035,0.8022776920478579
tfidf,1,5,30,fake,350,1,0.7802365023710861,0.77743239830392
tfidf,1,5,30,fake,360,0,0.4978557463657392,0.4973564233868199
tfidf,1,5,30,fake,368,0,0.34814502221824795,0.34832450879058796
tfidf,1,5,30,fake,370,0,0.7667528612417922,0.7666527305641901
tfidf,1,5,30,fake,385,0,0.17609084620253365,0.17556085034450436
tfidf,1,5,30,fake,388,1,0.5939908977056755,0.593482922398532
tfidf,1,5,30,fake,406,0,0.06411277789767598,0.06406354466574826
tfidf,1,5,30,fake,409,1,0.5364511562449885,0.53457898585761
tfidf,1,5,30,fake,417,0,0.07725226143918655,0.07764875537559808
tfidf,1,5,30,fake,418,1,0.6420224026244683,0.6392024079797117
tfidf,1,5,30,fake,428,0,0.5541730629603088,0.5566761937911697
tfidf,1,5,30,fake,429,0,0.06978684502588364,0.06946083477040361
tfidf,1,5,30,fake,434,0,0.06423642134788238,0.06491339133173776
tfidf,1,5,30,fake,437,0,0.31590540381452836,0.3165080833657296
tfidf,1,5,30,fake,441,1,0.8970828539868612,0.8966632168318148
tfidf,1,5,30,fake,444,0,0.21595471023682816,0.2163320480705561
tfidf,1,5,30,fake,456,0,0.03236192000332104,0.032274927192277106
tfidf,1,5,30,fake,468,0,0.05555475656412613,0.056089760811142385
tfidf,1,5,30,fake,485,0,0.022007965937580247,0.022215723332866033
tfidf,1,1,31,fake,319,1,0.9666524682544474,0.9755119053727451
tfidf,1,1,31,fake,331,0,0.4968071476063242,0.5821576010232253
tfidf,1,1,31,fake,345,1,0.8568564248664838,0.8977302085710327
tfidf,1,1,31,fake,346,1,0.5849867195362524,0.6640320567741347
tfidf,1,1,31,fake,357,0,0.5155486886861609,0.5607702677706368
tfidf,1,1,31,fake,358,0,0.7960076931345481,0.8514785480907169
tfidf,1,1,31,fake,362,1,0.9050749100528561,0.9353090553962372
tfidf,1,1,31,fake,363,0,0.17901764147976765,0.1727815110831825
tfidf,1,1,31,fake,364,0,0.75592289225839,0.8204057223041727
tfidf,1,1,31,fake,369,0,0.13309210157648177,0.1328271532505211
tfidf,1,1,31,fake,372,1,0.994519377022428,0.9938853934715832
tfidf,1,1,31,fake,391,0,0.6086715976409007,0.6990737532977477
tfidf,1,1,31,fake,400,0,0.6090994776663732,0.5991641238998738
tfidf,1,1,31,fake,402,1,0.996248814895097,0.9964132808296347
tfidf,1,1,31,fake,403,0,0.05744610038091303,0.04323359907605358
tfidf,1,1,31,fake,404,0,0.0854779245019717,0.126481831717373
tfidf,1,1,31,fake,413,1,0.7295598659381225,0.7692928183839108
tfidf,1,1,31,fake,416,0,0.03354729168689801,0.034395091949797243
tfidf,1,1,31,fake,420,0,0.32068782820176495,0.2511105247247136
tfidf,1,1,31,fake,423,0,0.8389809549457867,0.8811366107720479
tfidf,1,1,31,fake,426,1,0.8200801559191886,0.8392111296030775
tfidf,1,1,31,fake,433,1,0.2999307757372052,0.33620060836202553
tfidf,1,1,31,fake,451,0,0.38061233688916,0.3455400761089261
tfidf,1,1,31,fake,454,0,0.3469874875958328,0.3645014485716865
tfidf,1,1,31,fake,473,0,0.04098666297858297,0.039001641289547744
tfidf,1,1,31,fake,476,0,0.03534875034016549,0.036648556312940665
tfidf,1,1,31,fake,484,0,0.17079986939365627,0.21462690451879265
tfidf,1,1,31,fake,487,0,0.2623778380396995,0.2664398196826545
tfidf,1,1,31,fake,490,0,0.041327264686161165,0.04157763949734668
tfidf,1,2,31,fake,303,0,0.025655438661055824,0.02639701059649131
tfidf,1,2,31,fake,304,0,0.03546871817286553,0.03433761051958917
tfidf,1,2,31,fake,310,0,0.35494815476055946,0.3386107098096489
tfidf,1,2,31,fake,312,0,0.43248831877307603,0.42147412722374916
tfidf,1,2,31,fake,316,0,0.5593795906174631,0.5570461284659853
tfidf,1,2,31,fake,324,0,0.33054235080298894,0.3370541687912459
tfidf,1,2,31,fake,328,0,0.5197292273176383,0.513944613806943
tfidf,1,2,31,fake,339,1,0.8826712564812733,0.8823534102745304
tfidf,1,2,31,fake,353,1,0.8210189741691079,0.8238826674474818
tfidf,1,2,31,fake,355,1,0.5953517050606912,0.6056676072669424
tfidf,1,2,31,fake,366,0,0.028482165426154553,0.02714708219691872
tfidf,1,2,31,fake,375,0,0.010726890601225158,0.010037726545564623
tfidf,1,2,31,fake,376,1,0.9747317093807434,0.974778588646614
tfidf,1,2,31,fake,379,0,0.5189907785610879,0.5113828471133081
tfidf,1,2,31,fake,381,1,0.9618357324908381,0.963634405472562
tfidf,1,2,31,fake,382,0,0.2924813502942869,0.276002455492564
tfidf,1,2,31,fake,386,1,0.5673115684142168,0.5670002331459875
tfidf,1,2,31,fake,390,0,0.9756444902051724,0.9762771159396089
tfidf,1,2,31,fake,392,0,0.09146968314544052,0.08971194936943813
tfidf,1,2,31,fake,401,0,0.6945121673626468,0.6896214537504718
tfidf,1,2,31,fake,412,1,0.9161809196274705,0.915488883990769
tfidf,1,2,31,fake,422,1,0.9903589991672149,0.9892301612893551
tfidf,1,2,31,fake,427,0,0.007305301491771689,0.006795300786667817
tfidf,1,2,31,fake,440,1,0.8825598390987885,0.8809920337014373
tfidf,1,2,31,fake,443,0,0.18768153976439259,0.18415488568036992
tfidf,1,2,31,fake,457,0,0.03353518131729087,0.031356558565397145
tfidf,1,2,31,fake,479,0,0.024165283331440433,0.022728855447685697
tfidf,1,2,31,fake,482,0,0.13499531053752983,0.13141495942334638
tfidf,1,2,31,fake,486,0,0.03935429028669286,0.03749524364594782
tfidf,1,3,31,fake,305,0,0.004703282447278064,0.005752732762129418
tfidf,1,3,31,fake,307,0,0.010364925130050332,0.004532585638877308
tfidf,1,3,31,fake,313,0,0.04891991271063515,0.059882864707669806
tfidf,1,3,31,fake,315,0,0.03135910788503333,0.008872968614365062
tfidf,1,3,31,fake,317,0,0.37830704807744925,0.5905779698028124
tfidf,1,3,31,fake,320,1,0.8857205348915047,0.9662833697099219
tfidf,1,3,31,fake,338,1,0.7494457718721667,0.9129496908768966
tfidf,1,3,31,fake,344,1,0.2333169700895926,0.5544594660953295
tfidf,1,3,31,fake,352,1,0.9975090600079414,0.9917574190977789
tfidf,1,3,31,fake,356,1,0.9022060282190711,0.9592026236183019
tfidf,1,3,31,fake,367,1,0.9943703515871638,0.9965628630208071
tfidf,1,3,31,fake,371,0,0.679603992097452,0.8604956219384521
tfidf,1,3,31,fake,380,1,0.9957953142266591,0.9859875741185729
tfidf,1,3,31,fake,383,0,0.015813308439605447,0.024783844211913417
tfidf,1,3,31,fake,393,0,0.0013608544487085585,0.00267825135195982
tfidf,1,3,31,fake,395,0,0.7551019363610009,0.9381268565737159
tfidf,1,3,31,fake,397,0,0.2839637917472994,0.2682964477784659
tfidf,1,3,31,fake,425,0,0.019369567384960696,0.022427855928902268
tfidf,1,3,31,fake,430,0,0.33378838202069316,0.3242655377187681
tfidf,1,3,31,fake,436,0,0.07771372562907937,0.036303259211519896
tfidf,1,3,31,fake,439,0,0.690852342005971,0.7137607404380687
tfidf,1,3,31,fake,446,0,1.9620255459085833e-05,6.0691868019979725e-05
tfidf,1,3,31,fake,447,0,0.14213550276984832,0.19045459775527115
tfidf,1,3,31,fake,459,1,0.9261446420754381,0.9458952473834307
tfidf,1,3,31,fake,474,0,0.03216749269806487,0.014195289028260845
tfidf,1,3,31,fake,475,0,0.26748116378944353,0.3013568565911649
tfidf,1,3,31,fake,489,0,0.03884268931836142,0.040198576634651775
tfidf,1,3,31,fake,491,0,0.22936298835317215,0.09805078559910528
tfidf,1,4,31,fake,318,0,0.1759462321968737,0.3162753916265601
tfidf,1,4,31,fake,322,0,0.34341841556114666,0.6914806317984152
tfidf,1,4,31,fake,326,0,0.5416954847409428,0.37615621372050057
tfidf,1,4,31,fake,327,0,0.20496182980169572,0.5867176959284456
tfidf,1,4,31,fake,335,1,0.2520141823936261,0.3356072605906174
tfidf,1,4,31,fake,343,0,0.6107644949278621,0.5714315940985407
tfidf,1,4,31,fake,347,1,0.5605760420394972,0.6331566168371778
tfidf,1,4,31,fake,351,1,0.7950368019019296,0.8375005002068338
tfidf,1,4,31,fake,374,0,0.16531123809907,0.3630615242810003
tfidf,1,4,31,fake,377,1,0.9986746748825085,0.9938555945630182
tfidf,1,4,31,fake,389,1,0.8593261436340707,0.8837822504902197
tfidf,1,4,31,fake,414,1,0.8121965612179111,0.6377160865016016
tfidf,1,4,31,fake,415,0,0.06290292879801848,0.11897349029912727
tfidf,1,4,31,fake,419,0,3.216619110428312e-05,0.007369157076948723
tfidf,1,4,31,fake,445,0,0.11888898734173212,0.24824528052843706
tfidf,1,4,31,fake,448,1,0.0974968227152632,0.25986043475177717
tfidf,1,4,31,fake,449,0,0.026696513497788437,0.16468393470362913
tfidf,1,4,31,fake,455,0,0.0025669459173186648,0.06198310206666202
tfidf,1,4,31,fake,458,0,0.013901532355571252,0.08655640222476843
tfidf,1,4,31,fake,463,0,7.040994634594982e-05,0.003039576981378063
tfidf,1,4,31,fake,464,0,0.09191258938451555,0.14169365244477444
tfidf,1,4,31,fake,471,0,0.03597166762857519,0.08298682574768111
tfidf,1,4,31,fake,472,0,0.000993018741343186,0.01735781326856027
tfidf,1,4,31,fake,477,0,0.41678252737565163,0.48117621647829806
tfidf,1,4,31,fake,478,0,0.9424179801494076,0.85473202481807
tfidf,1,4,31,fake,483,1,0.998134552929646,0.9456909029539987
tfidf,1,4,31,fake,488,0,0.021150074666751062,0.12860123768890727
tfidf,1,4,31,fake,492,0,0.19128492313022294,0.25603183861702955
tfidf,1,5,31,fake,302,0,0.12113400359609051,0.12108992019051859
tfidf,1,5,31,fake,321,1,0.609828843333787,0.6082646878562538
tfidf,1,5,31,fake,325,1,0.8898588566195459,0.8924737017841954
tfidf,1,5,31,fake,330,1,0.1933824121293897,0.18303782109682268
tfidf,1,5,31,fake,333,0,0.40108117863379444,0.3990886467853738
tfidf,1,5,31,fake,336,0,0.3206187119641801,0.3378178911719283
tfidf,1,5,31,fake,340,0,0.2631282633708858,0.26695792092235276
tfidf,1,5,31,fake,341,0,0.35562323232144416,0.3601432202530599
tfidf,1,5,31,fake,348,1,0.9636708956251517,0.9656405123561876
tfidf,1,5,31,fake,350,1,0.8084243404714453,0.7888074715067823
tfidf,1,5,31,fake,360,0,0.8984215843484585,0.8958408775760606
tfidf,1,5,31,fake,368,0,0.18081987830146462,0.17641708855288848
tfidf,1,5,31,fake,370,0,0.11085438778604567,0.10369671582214814
tfidf,1,5,31,fake,385,0,0.15460215029340676,0.1517270641067928
tfidf,1,5,31,fake,388,1,0.839992237705653,0.8365374724070715
tfidf,1,5,31,fake,406,0,0.21854797476756516,0.22022700805250403
tfidf,1,5,31,fake,409,1,0.511617758057901,0.5022874228281107
tfidf,1,5,31,fake,417,0,0.10034027596872899,0.10501985823407728
tfidf,1,5,31,fake,418,1,0.9191297294933436,0.9148425930975693
tfidf,1,5,31,fake,428,0,0.13305339208127512,0.13544996761639125
tfidf,1,5,31,fake,429,0,0.07638377723857968,0.07142730493647129
tfidf,1,5,31,fake,434,0,0.030176854679347078,0.03318209773553206
tfidf,1,5,31,fake,437,0,0.1710657637534942,0.17507644975531625
tfidf,1,5,31,fake,441,1,0.8009842165647282,0.7854536745585294
tfidf,1,5,31,fake,444,0,0.03511752955043958,0.03538125549548898
tfidf,1,5,31,fake,456,0,0.017758828294674425,0.018171879234152245
tfidf,1,5,31,fake,468,0,0.1091498042181474,0.1250929654300224
tfidf,1,5,31,fake,485,0,0.14836370479988492,0.15577688935289238
tfidf,1,1,32,fake,319,1,0.7944785947233576,0.8619643036014026
tfidf,1,1,32,fake,331,0,0.4360167638426086,0.5443585260910034
tfidf,1,1,32,fake,345,1,0.7806987038812016,0.8554301625401914
tfidf,1,1,32,fake,346,1,0.9301858462764316,0.9536295288267351
tfidf,1,1,32,fake,357,0,0.5201020476851834,0.5427578021634166
tfidf,1,1,32,fake,358,0,0.8746250120052371,0.9136767727342323
tfidf,1,1,32,fake,362,1,0.9363313938897542,0.9657823814856994
tfidf,1,1,32,fake,363,0,0.11016943067733304,0.11038223609283364
tfidf,1,1,32,fake,364,0,0.6038515586328349,0.7047660598656952
tfidf,1,1,32,fake,369,0,0.5183812783175413,0.4949379233560595
tfidf,1,1,32,fake,372,1,0.5636869980530752,0.601328286345437
tfidf,1,1,32,fake,391,0,0.5534919765132184,0.6584127273525398
tfidf,1,1,32,fake,400,0,0.5237233770414186,0.5393727008568493
tfidf,1,1,32,fake,402,1,0.9994319293745896,0.9995710442479064
tfidf,1,1,32,fake,403,0,0.01870638623725931,0.015311849517813418
tfidf,1,1,32,fake,404,0,0.07699067377709096,0.11335947820307155
tfidf,1,1,32,fake,413,1,0.595362653659216,0.6789990040660604
tfidf,1,1,32,fake,416,0,0.11000892152968203,0.10876466163693041
tfidf,1,1,32,fake,420,0,0.09823516098810113,0.07001552058323152
tfidf,1,1,32,fake,423,0,0.7906189201307966,0.8482310472635993
tfidf,1,1,32,fake,426,1,0.8780531727044671,0.8937234882564506
tfidf,1,1,32,fake,433,1,0.41333870801348416,0.42819677629044156
tfidf,1,1,32,fake,451,0,0.10381331665065699,0.09032686507413591
tfidf,1,1,32,fake,454,0,0.09958511078421468,0.12368477376819258
tfidf,1,1,32,fake,473,0,0.04407443351684681,0.045962993280488335
tfidf,1,1,32,fake,476,0,0.11153856859212269,0.09942545639945007
tfidf,1,1,32,fake,484,0,0.310578602943339,0.3617841135407277
tfidf,1,1,32,fake,487,0,0.24255169544229893,0.2416122660485526
tfidf,1,1,32,fake,490,0,0.11566004402541873,0.11044588181539561
tfidf,1,2,32,fake,303,0,0.11650624476752075,0.11774532225831896
tfidf,1,2,32,fake,304,0,0.10825291488709383,0.10153064906925661
tfidf,1,2,32,fake,310,0,0.47213079154250587,0.4375466802849872
tfidf,1,2,32,fake,312,0,0.4030219794541338,0.37947258409823376
tfidf,1,2,32,fake,316,0,0.6384267376601088,0.6353039742717749
tfidf,1,2,32,fake,324,0,0.25963287217273845,0.2687949637586888
tfidf,1,2,32,fake,328,0,0.6175940142141628,0.605350221714866
tfidf,1,2,32,fake,339,1,0.9004745244249777,0.9023820810999261
tfidf,1,2,32,fake,353,1,0.797782333427663,0.797184396745954
tfidf,1,2,32,fake,355,1,0.9934607315128664,0.994117442866817
tfidf,1,2,32,fake,366,0,0.0122135029069176,0.010865941603701275
tfidf,1,2,32,fake,375,0,0.00987628673735345,0.008222973002715328
tfidf,1,2,32,fake,376,1,0.9798715981077384,0.9813435406245795
tfidf,1,2,32,fake,379,0,0.5260108209003184,0.5125637074126898
tfidf,1,2,32,fake,381,1,0.9676012367901985,0.9683700225951308
tfidf,1,2,32,fake,382,0,0.17678256613532764,0.16008068570104103
tfidf,1,2,32,fake,386,1,0.6879729512271323,0.6930707798908399
tfidf,1,2,32,fake,390,0,0.9469810956113551,0.9533040154479914
tfidf,1,2,32,fake,392,0,0.06267586054146272,0.06025167693151766
tfidf,1,2,32,fake,401,0,0.8116920368314415,0.8082855457016381
tfidf,1,2,32,fake,412,1,0.8546022243034928,0.8538300368159306
tfidf,1,2,32,fake,422,1,0.596253714270945,0.5803064011437944
tfidf,1,2,32,fake,427,0,0.01961560620027866,0.016854514895954086
tfidf,1,2,32,fake,440,1,0.8132386156608088,0.8180495120659285
tfidf,1,2,32,fake,443,0,0.28165906198459745,0.26669919247391455
tfidf,1,2,32,fake,457,0,0.022421102524003082,0.019861551472233945
tfidf,1,2,32,fake,479,0,0.02797813553630508,0.024648338047327713
tfidf,1,2,32,fake,482,0,0.06483932225703398,0.060315082006019836
tfidf,1,2,32,fake,486,0,0.018213606954002017,0.016577261003424066
tfidf,1,3,32,fake,305,0,0.14825171432685666,0.14278245751525745
tfidf,1,3,32,fake,307,0,0.06427230137160447,0.05401372155183023
tfidf,1,3,32,fake,313,0,0.019035403104919083,0.018859718249989568
tfidf,1,3,32,fake,315,0,0.39780357683565765,0.36130834383372884
tfidf,1,3,32,fake,317,0,0.814285725256809,0.8320300895405435
tfidf,1,3,32,fake,320,1,0.9942065794376488,0.9946736533226884
tfidf,1,3,32,fake,338,1,0.32320593373148376,0.36689451597669975
tfidf,1,3,32,fake,344,1,0.5385779122381725,0.5558199047250089
tfidf,1,3,32,fake,352,1,0.5878226274617824,0.5611623516474068
tfidf,1,3,32,fake,356,1,0.23372688181015805,0.2605786232837432
tfidf,1,3,32,fake,367,1,0.9999985865781835,0.9999985432903066
tfidf,1,3,32,fake,371,0,0.6703925537648061,0.6820906880498364
tfidf,1,3,32,fake,380,1,0.8762477669030444,0.8575982095704194
tfidf,1,3,32,fake,383,0,0.06002590461394305,0.05727638412800122
tfidf,1,3,32,fake,393,0,0.001726930876200928,0.0018693272438983183
tfidf,1,3,32,fake,395,0,0.6188695489919857,0.6407242887410336
tfidf,1,3,32,fake,397,0,0.7874490046929843,0.7832368201205765
tfidf,1,3,32,fake,425,0,0.616932095707753,0.6308274517375407
tfidf,1,3,32,fake,430,0,0.0377224394331631,0.036543750806985215
tfidf,1,3,32,fake,436,0,0.04368383024287796,0.0401795263950777
tfidf,1,3,32,fake,439,0,0.1015977888574872,0.09992382705837445
tfidf,1,3,32,fake,446,0,0.01895856966622836,0.019004686372567255
tfidf,1,3,32,fake,447,0,0.06822487380830718,0.0690731520635476
tfidf,1,3,32,fake,459,1,0.9997991753173201,0.9997871607582222
tfidf,1,3,32,fake,474,0,0.001621648825450819,0.0014531383005653906
tfidf,1,3,32,fake,475,0,0.0002632005762575626,0.0002620790661274673
tfidf,1,3,32,fake,489,0,0.38227460702620647,0.38641334965090113
tfidf,1,3,32,fake,491,0,0.015861828397012515,0.01673416306795954
tfidf,1,4,32,fake,318,0,0.34571434844522747,0.22507275519212866
tfidf,1,4,32,fake,322,0,0.5363767644865922,0.5638528118935164
tfidf,1,4,32,fake,326,0,0.22225780199642764,0.14559237967443728
tfidf,1,4,32,fake,327,0,0.6981470883772897,0.6515009438005441
tfidf,1,4,32,fake,335,1,0.7686890682467634,0.6989313851188353
tfidf,1,4,32,fake,343,0,0.5860391182124322,0.5840121779850747
tfidf,1,4,32,fake,347,1,0.5691202665460274,0.6451772217459146
tfidf,1,4,32,fake,351,1,0.9555433567301537,0.9707013797941567
tfidf,1,4,32,fake,374,0,0.21601374278974272,0.21908657593123781
tfidf,1,4,32,fake,377,1,0.9543315104091505,0.9723434612672098
tfidf,1,4,32,fake,389,1,0.8365634685843046,0.8615641672339224
tfidf,1,4,32,fake,414,1,0.6051914858446207,0.555703729479032
tfidf,1,4,32,fake,415,0,0.21139623704115287,0.206328190468752
tfidf,1,4,32,fake,419,0,0.01831265411621868,0.01418336761195487
tfidf,1,4,32,fake,445,0,0.2147515488317335,0.23799526223293713
tfidf,1,4,32,fake,448,1,0.9481194012658101,0.9360712788846927
tfidf,1,4,32,fake,449,0,0.2552534457474269,0.2314694638846199
tfidf,1,4,32,fake,455,0,0.06983717401423148,0.0710319765843378
tfidf,1,4,32,fake,458,0,0.12685139153739117,0.15760910483445623
tfidf,1,4,32,fake,463,0,0.007947057250634368,0.004867452657327167
tfidf,1,4,32,fake,464,0,0.137845951725348,0.10281454550538262
tfidf,1,4,32,fake,471,0,0.18029788965424082,0.11892984780139364
tfidf,1,4,32,fake,472,0,0.01794593038290491,0.0177520089741188
tfidf,1,4,32,fake,477,0,0.7096160042065862,0.7002577442396093
tfidf,1,4,32,fake,478,0,0.7037292897447607,0.7638950583160213
tfidf,1,4,32,fake,483,1,0.5888008975457742,0.535522564829559
tfidf,1,4,32,fake,488,0,0.13474294207638565,0.1142471513330922
tfidf,1,4,32,fake,492,0,0.04594391788792234,0.05201181401697044
tfidf,1,5,32,fake,302,0,0.3113702323575433,0.026560689996478808
tfidf,1,5,32,fake,321,1,0.8756150958511331,0.9556942374719337
tfidf,1,5,32,fake,325,1,0.9653895816266214,0.9982359539586603
tfidf,1,5,32,fake,330,1,0.4041572417124909,0.06643677695251883
tfidf,1,5,32,fake,333,0,0.4500111484856908,0.13251205913642233
tfidf,1,5,32,fake,336,0,0.32434055550533164,0.04862156594055052
tfidf,1,5,32,fake,340,0,0.2709292698283495,0.03803750627394237
tfidf,1,5,32,fake,341,0,0.25092032268130177,0.026597977943997445
tfidf,1,5,32,fake,348,1,0.8733963921955231,0.9502666573511689
tfidf,1,5,32,fake,350,1,0.7412183783269272,0.9017835741766003
tfidf,1,5,32,fake,360,0,0.8253989235238827,0.9782813952712456
tfidf,1,5,32,fake,368,0,0.48194447021181597,0.36954779119884645
tfidf,1,5,32,fake,370,0,0.40531419800516466,0.6124314998464973
tfidf,1,5,32,fake,385,0,0.15592264090934982,0.0402606353039815
tfidf,1,5,32,fake,388,1,0.6142666755552451,0.6797424649508004
tfidf,1,5,32,fake,406,0,0.058229472322992554,0.00399663881623509
tfidf,1,5,32,fake,409,1,0.19772502082553117,0.20414269521002826
tfidf,1,5,32,fake,417,0,0.15811556644590538,0.12600163576303872
tfidf,1,5,32,fake,418,1,0.9958010315368592,0.9999940381327469
tfidf,1,5,32,fake,428,0,0.09107232960969962,0.0054889073466128585
tfidf,1,5,32,fake,429,0,0.06920833268603178,0.004228478270000358
tfidf,1,5,32,fake,434,0,0.03663968687348905,0.0024336660612265786
tfidf,1,5,32,fake,437,0,0.04611227494102767,0.0016010492574216842
tfidf,1,5,32,fake,441,1,0.7174021145275883,0.6654907862809772
tfidf,1,5,32,fake,444,0,0.05502064446487526,0.0019889545056056683
tfidf,1,5,32,fake,456,0,0.015170708758225215,0.0011038457205513525
tfidf,1,5,32,fake,468,0,0.029281625575350554,0.0016831460518501025
tfidf,1,5,32,fake,485,0,0.02099105336584479,0.0008381394022001007
tfidf,1,1,33,fake,319,1,0.814126852226202,0.864542171386909
tfidf,1,1,33,fake,331,0,0.48490216022332444,0.5721057393450931
tfidf,1,1,33,fake,345,1,0.7631325449172902,0.8260029266923398
tfidf,1,1,33,fake,346,1,0.5365129981840338,0.6077107209388994
tfidf,1,1,33,fake,357,0,0.6979399480245736,0.7249512497384757
tfidf,1,1,33,fake,358,0,0.7100056254961411,0.7941183945011404
tfidf,1,1,33,fake,362,1,0.9987483506224761,0.9990193766889293
tfidf,1,1,33,fake,363,0,0.25901836331264877,0.234022270409066
tfidf,1,1,33,fake,364,0,0.5257095679562144,0.6285299335472428
tfidf,1,1,33,fake,369,0,0.07935506621804464,0.07346117850508749
tfidf,1,1,33,fake,372,1,0.5763752109079481,0.6058939406457138
tfidf,1,1,33,fake,391,0,0.422870036590124,0.5156612846700834
tfidf,1,1,33,fake,400,0,0.6035852442822881,0.5972332312969836
tfidf,1,1,33,fake,402,1,0.9537237876201973,0.9609841892905868
tfidf,1,1,33,fake,403,0,0.0857788931357268,0.06115531205073563
tfidf,1,1,33,fake,404,0,0.03710703584058976,0.05378595967172091
tfidf,1,1,33,fake,413,1,0.9891300445286901,0.9891635756744639
tfidf,1,1,33,fake,416,0,0.13428592070108752,0.12226297245942201
tfidf,1,1,33,fake,420,0,0.12856234259361962,0.10732133298120611
tfidf,1,1,33,fake,423,0,0.836054817589902,0.8780477987428165
tfidf,1,1,33,fake,426,1,0.88219181328694,0.8910722363717297
tfidf,1,1,33,fake,433,1,0.7394563174015039,0.7401258667931526
tfidf,1,1,33,fake,451,0,0.26026115144155143,0.2439099619906778
tfidf,1,1,33,fake,454,0,0.044506364639614986,0.050932544773907094
tfidf,1,1,33,fake,473,0,0.07819687025841725,0.07274210685524259
tfidf,1,1,33,fake,476,0,0.5297790413243598,0.4766896267342107
tfidf,1,1,33,fake,484,0,0.1490852708878825,0.174960336648363
tfidf,1,1,33,fake,487,0,0.3793961759506177,0.346999465030711
tfidf,1,1,33,fake,490,0,0.0951326205900641,0.08808475760424109
tfidf,1,2,33,fake,303,0,0.02330613780552336,0.02414635156435683
tfidf,1,2,33,fake,304,0,0.06803681266481375,0.060552222890599736
tfidf,1,2,33,fake,310,0,0.35903580077915753,0.31082686440798696
tfidf,1,2,33,fake,312,0,0.47342354121440317,0.4197313344277518
tfidf,1,2,33,fake,316,0,0.5111818197733998,0.5009192494416741
tfidf,1,2,33,fake,324,0,0.43497293655480845,0.4357113921590706
tfidf,1,2,33,fake,328,0,0.6082270492594724,0.5749374447711951
tfidf,1,2,33,fake,339,1,0.7232233390005058,0.7254691063226494
tfidf,1,2,33,fake,353,1,0.8284571045940341,0.8302961391403658
tfidf,1,2,33,fake,355,1,0.7562254623765267,0.7773022213789765
tfidf,1,2,33,fake,366,0,0.025952040071405506,0.023036685383581015
tfidf,1,2,33,fake,375,0,0.016175093897945792,0.01273343958192847
tfidf,1,2,33,fake,376,1,0.9828499473992306,0.9833952591876618
tfidf,1,2,33,fake,379,0,0.6249727445872265,0.6246531898156142
tfidf,1,2,33,fake,381,1,0.9134922991845968,0.9241187605886139
tfidf,1,2,33,fake,382,0,0.38179669549989537,0.31270977657565424
tfidf,1,2,33,fake,386,1,0.818078952814858,0.8230903692525413
tfidf,1,2,33,fake,390,0,0.9829919948767686,0.9846204512837061
tfidf,1,2,33,fake,392,0,0.18973354945577903,0.18335768790047344
tfidf,1,2,33,fake,401,0,0.7503901354546474,0.7321397726557654
tfidf,1,2,33,fake,412,1,0.9524022867295286,0.9575431674023462
tfidf,1,2,33,fake,422,1,0.5220341851343739,0.5055210933722207
tfidf,1,2,33,fake,427,0,0.009190588621496458,0.007909421317347627
tfidf,1,2,33,fake,440,1,0.8820139978351903,0.8802035715411243
tfidf,1,2,33,fake,443,0,0.17641271557380594,0.1558037199740144
tfidf,1,2,33,fake,457,0,0.008549335800569649,0.0073513728647465635
tfidf,1,2,33,fake,479,0,0.010070571823007765,0.00787911084909353
tfidf,1,2,33,fake,482,0,0.07202536716748686,0.06305476865828002
tfidf,1,2,33,fake,486,0,0.011659721825553037,0.010506680222302826
tfidf,1,3,33,fake,305,0,0.5642650330181128,0.5648525898087663
tfidf,1,3,33,fake,307,0,0.5371704589569826,0.4960694795724828
tfidf,1,3,33,fake,313,0,0.5238539376254581,0.5185664193828136
tfidf,1,3,33,fake,315,0,0.58357791833007,0.5289675867351299
tfidf,1,3,33,fake,317,0,0.6585929741249485,0.6938601169609674
tfidf,1,3,33,fake,320,1,0.8165429970979163,0.8464481851397034
tfidf,1,3,33,fake,338,1,0.596484876562117,0.6427927876929392
tfidf,1,3,33,fake,344,1,0.6769167864445623,0.6978979164656742
tfidf,1,3,33,fake,352,1,0.7164169505103755,0.6725800910826599
tfidf,1,3,33,fake,356,1,0.639553657173405,0.6694700202275821
tfidf,1,3,33,fake,367,1,0.9201215025800735,0.925872975071275
tfidf,1,3,33,fake,371,0,0.45086853911414265,0.4653552831835885
tfidf,1,3,33,fake,380,1,0.6159032393538589,0.5883993280655984
tfidf,1,3,33,fake,383,0,0.30279835937074895,0.2950770022601357
tfidf,1,3,33,fake,393,0,0.2053746043502794,0.2033742020474454
tfidf,1,3,33,fake,395,0,0.48697426929110504,0.5051142476932667
tfidf,1,3,33,fake,397,0,0.4174380484566569,0.4118326842399478
tfidf,1,3,33,fake,425,0,0.6575706445029653,0.6706403630346185
tfidf,1,3,33,fake,430,0,0.3936260986732097,0.38645153356754985
tfidf,1,3,33,fake,436,0,0.19258216848520068,0.18143374172919852
tfidf,1,3,33,fake,439,0,0.42970649645356024,0.4328876068920383
tfidf,1,3,33,fake,446,0,0.19518671984911207,0.199953019824644
tfidf,1,3,33,fake,447,0,0.3239798822167232,0.32211596302860224
tfidf,1,3,33,fake,459,1,0.869321043156715,0.8732580553083727
tfidf,1,3,33,fake,474,0,0.3134636021023693,0.2905243094464805
tfidf,1,3,33,fake,475,0,0.14820675586327042,0.14478691149350745
tfidf,1,3,33,fake,489,0,0.20143461410685998,0.19842333354712133
tfidf,1,3,33,fake,491,0,0.36936636654089644,0.3712771650647337
tfidf,1,4,33,fake,318,0,0.3824984311811422,0.18743651553929208
tfidf,1,4,33,fake,322,0,0.5557256979773789,0.6206073216214277
tfidf,1,4,33,fake,326,0,0.5547467143285822,0.3365983911838316
tfidf,1,4,33,fake,327,0,0.6943972858412987,0.6484724333551836
tfidf,1,4,33,fake,335,1,0.43525748850714047,0.33590146779695
tfidf,1,4,33,fake,343,0,0.6385012947168931,0.6348703632789048
tfidf,1,4,33,fake,347,1,0.3657910944625771,0.3931885548673483
tfidf,1,4,33,fake,351,1,0.9343346446196749,0.96735189301931
tfidf,1,4,33,fake,374,0,0.2359723950249765,0.23539395318805323
tfidf,1,4,33,fake,377,1,0.9962433743622404,0.9981402828275513
tfidf,1,4,33,fake,389,1,0.5614127775698504,0.7062832651301395
tfidf,1,4,33,fake,414,1,0.7230975964223729,0.6291366172546365
tfidf,1,4,33,fake,415,0,0.15075402208679914,0.13044675608107945
tfidf,1,4,33,fake,419,0,0.01918859612828638,0.012503282886273706
tfidf,1,4,33,fake,445,0,0.13008206165760117,0.15145987540707712
tfidf,1,4,33,fake,448,1,0.5584599108110258,0.5324517470451735
tfidf,1,4,33,fake,449,0,0.2036660277067812,0.15314742103502285
tfidf,1,4,33,fake,455,0,0.0637849578666146,0.0614827470642182
tfidf,1,4,33,fake,458,0,0.18584258191770128,0.1621779749815023
tfidf,1,4,33,fake,463,0,0.011521658159353272,0.005539764771829741
tfidf,1,4,33,fake,464,0,0.06877492436552525,0.055724733565509846
tfidf,1,4,33,fake,471,0,0.1970057389125411,0.12114863516270365
tfidf,1,4,33,fake,472,0,0.019464448633392587,0.015435014723362525
tfidf,1,4,33,fake,477,0,0.7681768633963665,0.7788189656169154
tfidf,1,4,33,fake,478,0,0.5889589204431818,0.6491629102348669
tfidf,1,4,33,fake,483,1,0.8924789745264414,0.8712539005141312
tfidf,1,4,33,fake,488,0,0.1463707678262114,0.08372941206469035
tfidf,1,4,33,fake,492,0,0.11509719327690603,0.1293754378786072
tfidf,1,5,33,fake,302,0,0.21274457169396457,0.40385510394411234
tfidf,1,5,33,fake,321,1,0.9685085155768899,0.8192846660030718
tfidf,1,5,33,fake,325,1,0.9974923097402645,0.9275431728114664
tfidf,1,5,33,fake,330,1,0.010277631366531495,0.21200696702871438
tfidf,1,5,33,fake,333,0,0.3909638076906499,0.44076058024207154
tfidf,1,5,33,fake,336,0,0.05730178533783255,0.2749115858380045
tfidf,1,5,33,fake,340,0,0.055535548529893064,0.30662723152106136
tfidf,1,5,33,fake,341,0,0.6903295794705914,0.5626194266620147
tfidf,1,5,33,fake,348,1,0.9996956571752196,0.9846126752881962
tfidf,1,5,33,fake,350,1,0.8702697399373162,0.7680686940576713
tfidf,1,5,33,fake,360,0,0.4258193768237343,0.5781116757464589
tfidf,1,5,33,fake,368,0,0.5105199878174957,0.48740877659787196
tfidf,1,5,33,fake,370,0,0.008564069920930223,0.07770262481675201
tfidf,1,5,33,fake,385,0,0.0007615514045025563,0.05620704095480891
tfidf,1,5,33,fake,388,1,0.9918111626780594,0.8988985870008543
tfidf,1,5,33,fake,406,0,0.0010739564922870202,0.03177650823595898
tfidf,1,5,33,fake,409,1,0.5486651456062964,0.508982412260661
tfidf,1,5,33,fake,417,0,0.24683013357290332,0.47267370710399614
tfidf,1,5,33,fake,418,1,0.9647918988995747,0.8969873399677684
tfidf,1,5,33,fake,428,0,0.013712602461772137,0.12121663716208926
tfidf,1,5,33,fake,429,0,0.005228867974657273,0.0610347790567076
tfidf,1,5,33,fake,434,0,0.1307409737974026,0.2804899343400637
tfidf,1,5,33,fake,437,0,0.000685555695912264,0.026380160576756816
tfidf,1,5,33,fake,441,1,0.9893845245828806,0.9422391478397588
tfidf,1,5,33,fake,444,0,0.012220651908964406,0.08934211283229881
tfidf,1,5,33,fake,456,0,0.0003374837292757841,0.014117635275636678
tfidf,1,5,33,fake,468,0,0.0016623958972574397,0.028249421085470097
tfidf,1,5,33,fake,485,0,0.0008877883279759788,0.017063569232060087
tfidf,1,1,34,fake,319,1,0.9392955589308515,0.9655881168412649
tfidf,1,1,34,fake,331,0,0.4526187504129512,0.5737677469783536
tfidf,1,1,34,fake,345,1,0.8283812661609885,0.8979276072707693
tfidf,1,1,34,fake,346,1,0.9655360333916606,0.9712876995493979
tfidf,1,1,34,fake,357,0,0.35045594341566433,0.43171028606250844
tfidf,1,1,34,fake,358,0,0.7794836415163773,0.8670150869988803
tfidf,1,1,34,fake,362,1,0.5362670133415025,0.7296651390775397
tfidf,1,1,34,fake,363,0,0.12766941574618904,0.1399105536586575
tfidf,1,1,34,fake,364,0,0.715380580548941,0.807493656538043
tfidf,1,1,34,fake,369,0,0.6014720763224968,0.547196184967555
tfidf,1,1,34,fake,372,1,0.903249662186801,0.8885500302088659
tfidf,1,1,34,fake,391,0,0.34150696159324956,0.4899232681550788
tfidf,1,1,34,fake,400,0,0.4668100307674182,0.4456705044359103
tfidf,1,1,34,fake,402,1,0.9998658705885334,0.999881560331288
tfidf,1,1,34,fake,403,0,0.048288928181403214,0.03506904087177284
tfidf,1,1,34,fake,404,0,0.050565918341991166,0.07833060810263384
tfidf,1,1,34,fake,413,1,0.8263274107582645,0.8822305080946602
tfidf,1,1,34,fake,416,0,0.04112624210176177,0.040954240001014094
tfidf,1,1,34,fake,420,0,0.23094546898357923,0.16444567509052901
tfidf,1,1,34,fake,423,0,0.7709449412728547,0.8380747101588493
tfidf,1,1,34,fake,426,1,0.643560736489456,0.6830700175807476
tfidf,1,1,34,fake,433,1,0.6070960494226267,0.6139018589059082
tfidf,1,1,34,fake,451,0,0.33381379251814397,0.304511808438529
tfidf,1,1,34,fake,454,0,0.04144539393875794,0.04633256010574226
tfidf,1,1,34,fake,473,0,0.04548665252091816,0.04230911188803367
tfidf,1,1,34,fake,476,0,0.12451243011777213,0.10971459043068262
tfidf,1,1,34,fake,484,0,0.11978386749494624,0.15553301113848345
tfidf,1,1,34,fake,487,0,0.6926027535586493,0.6313089564079774
tfidf,1,1,34,fake,490,0,0.11248570699804489,0.09680476374459115
tfidf,1,2,34,fake,303,0,0.044647345628052955,0.04560999296024792
tfidf,1,2,34,fake,304,0,0.06573802048435598,0.06154827337588017
tfidf,1,2,34,fake,310,0,0.5376397069373842,0.5090855379153099
tfidf,1,2,34,fake,312,0,0.4923718312960971,0.47242387804534475
tfidf,1,2,34,fake,316,0,0.530402088402717,0.5295792564082231
tfidf,1,2,34,fake,324,0,0.5998092272398734,0.608510569573438
tfidf,1,2,34,fake,328,0,0.5835529243884169,0.5763947661312954
tfidf,1,2,34,fake,339,1,0.9066188946791238,0.9060601167958571
tfidf,1,2,34,fake,353,1,0.8415167148241155,0.8440181605817607
tfidf,1,2,34,fake,355,1,0.9944222841982872,0.9947349618031818
tfidf,1,2,34,fake,366,0,0.009685614974562357,0.008958019841782204
tfidf,1,2,34,fake,375,0,0.0037525539050302825,0.0032902441517153403
tfidf,1,2,34,fake,376,1,0.9625112966818292,0.9647019244037134
tfidf,1,2,34,fake,379,0,0.20562197490818349,0.20003317501046503
tfidf,1,2,34,fake,381,1,0.7453371061279461,0.7619849803764858
tfidf,1,2,34,fake,382,0,0.3489128316676708,0.3239562080517057
tfidf,1,2,34,fake,386,1,0.6343356184790468,0.6411696423090611
tfidf,1,2,34,fake,390,0,0.9699817742714767,0.9718128518815132
tfidf,1,2,34,fake,392,0,0.19096060162914866,0.18027381071656526
tfidf,1,2,34,fake,401,0,0.6001163007353656,0.5895106261903847
tfidf,1,2,34,fake,412,1,0.7363150079701736,0.7298072540410997
tfidf,1,2,34,fake,422,1,0.536613200566364,0.5196214727267026
tfidf,1,2,34,fake,427,0,0.00876280265559725,0.007921474634894883
tfidf,1,2,34,fake,440,1,0.9089425179517528,0.9079999432635393
tfidf,1,2,34,fake,443,0,0.23251108776874435,0.22381783125794208
tfidf,1,2,34,fake,457,0,0.014146174228301498,0.012907706856103759
tfidf,1,2,34,fake,479,0,0.03556384539804282,0.031346345149107696
tfidf,1,2,34,fake,482,0,0.0833951157433092,0.07799456346658576
tfidf,1,2,34,fake,486,0,0.01697476677565609,0.015726608402820794
tfidf,1,3,34,fake,305,0,0.4956846528888724,0.001299551646620388
tfidf,1,3,34,fake,307,0,0.5150230935079941,0.008674015331431268
tfidf,1,3,34,fake,313,0,0.6336056616674893,0.6826178617949453
tfidf,1,3,34,fake,315,0,0.5589710992058868,0.0034294318609995726
tfidf,1,3,34,fake,317,0,0.7547537060474263,0.9685275969871205
tfidf,1,3,34,fake,320,1,0.7232314167197412,0.9748578125825915
tfidf,1,3,34,fake,338,1,0.7198498992071674,0.9967230696765788
tfidf,1,3,34,fake,344,1,0.5768020581301743,0.8887994558779692
tfidf,1,3,34,fake,352,1,0.7142464670371369,0.2835077785589573
tfidf,1,3,34,fake,356,1,0.7368963566538075,0.9772041501141003
tfidf,1,3,34,fake,367,1,0.9204912684543562,0.9999103249257464
tfidf,1,3,34,fake,371,0,0.4810240919297278,0.8393224635853144
tfidf,1,3,34,fake,380,1,0.7924610272732,0.8590828502877144
tfidf,1,3,34,fake,383,0,0.360992002202269,0.005814185533000968
tfidf,1,3,34,fake,393,0,0.22131052496645223,0.028246510260221312
tfidf,1,3,34,fake,395,0,0.46785674548627243,0.8199830015203511
tfidf,1,3,34,fake,397,0,0.29377237089939984,0.0795654805615316
tfidf,1,3,34,fake,425,0,0.6729996687374027,0.04326374287784715
tfidf,1,3,34,fake,430,0,0.490215151540878,0.034658500730123734
tfidf,1,3,34,fake,436,0,0.17575712564716672,0.002717184227634517
tfidf,1,3,34,fake,439,0,0.35463170572909103,0.008009151861020917
tfidf,1,3,34,fake,446,0,0.19275254683863507,0.00048573444379018964
tfidf,1,3,34,fake,447,0,0.3468650021512703,0.2502559483975017
tfidf,1,3,34,fake,459,1,0.733145176901826,0.8768358334143421
tfidf,1,3,34,fake,474,0,0.21888426048935283,0.01146304949532702
tfidf,1,3,34,fake,475,0,0.10304153656780747,0.00030081978488903687
tfidf,1,3,34,fake,489,0,0.21318487181702203,0.06666828560899132
tfidf,1,3,34,fake,491,0,0.41285571698918516,0.006009725167676247
tfidf,1,4,34,fake,318,0,0.4665437898676817,0.3358235477457806
tfidf,1,4,34,fake,322,0,0.5626696107296791,0.6003833663908154
tfidf,1,4,34,fake,326,0,0.3109600564666364,0.21797502222491585
tfidf,1,4,34,fake,327,0,0.6788847675390436,0.6557565416804623
tfidf,1,4,34,fake,335,1,0.7895984724823285,0.7414684954865919
tfidf,1,4,34,fake,343,0,0.8128644928689779,0.797228205251738
tfidf,1,4,34,fake,347,1,0.6107223264012321,0.6728009301756207
tfidf,1,4,34,fake,351,1,0.9679631479607272,0.9785605208385905
tfidf,1,4,34,fake,374,0,0.3704091579353277,0.3167247351229649
tfidf,1,4,34,fake,377,1,0.9564699607447653,0.9703172778997696
tfidf,1,4,34,fake,389,1,0.8471367764611951,0.8609062320578239
tfidf,1,4,34,fake,414,1,0.26175590048022823,0.23009964294425683
tfidf,1,4,34,fake,415,0,0.16691506515999419,0.1447800255448003
tfidf,1,4,34,fake,419,0,0.024451139188368415,0.01599209255700708
tfidf,1,4,34,fake,445,0,0.2716307806466007,0.2634814101166647
tfidf,1,4,34,fake,448,1,0.42500718919477826,0.42248810079869054
tfidf,1,4,34,fake,449,0,0.10328892065507672,0.09180448188779917
tfidf,1,4,34,fake,455,0,0.20440995589488825,0.20549130320541587
tfidf,1,4,34,fake,458,0,0.2039711551530507,0.22562031395424292
tfidf,1,4,34,fake,463,0,0.007273319697781385,0.004311819089886846
tfidf,1,4,34,fake,464,0,0.13566873643869898,0.10059110270837077
tfidf,1,4,34,fake,471,0,0.17770534459585302,0.11360614239029382
tfidf,1,4,34,fake,472,0,0.021880949861342463,0.020025233481377618
tfidf,1,4,34,fake,477,0,0.3020249138994525,0.30778652895430353
tfidf,1,4,34,fake,478,0,0.6572137192079234,0.6540517843199731
tfidf,1,4,34,fake,483,1,0.9474513077478804,0.9393544434972889
tfidf,1,4,34,fake,488,0,0.1399921269200555,0.11528910377570961
tfidf,1,4,34,fake,492,0,0.07850344747911858,0.07464879100330216
tfidf,1,5,34,fake,302,0,0.0006929449975041975,0.04071491295228631
tfidf,1,5,34,fake,321,1,0.8978830151462234,0.8412354941427574
tfidf,1,5,34,fake,325,1,0.8307358209198468,0.8225502555705606
tfidf,1,5,34,fake,330,1,0.9863265614732187,0.917283441621176
tfidf,1,5,34,fake,333,0,0.10258792660405999,0.33700599884253013
tfidf,1,5,34,fake,336,0,0.15271172625833213,0.331471011117035
tfidf,1,5,34,fake,340,0,0.8306387860131206,0.7709536570420508
tfidf,1,5,34,fake,341,0,0.05315166020599705,0.35588842632251777
tfidf,1,5,34,fake,348,1,0.8826416246634309,0.8392661363963958
tfidf,1,5,34,fake,350,1,0.9817770641263958,0.8908015845336115
tfidf,1,5,34,fake,360,0,0.9996956544888186,0.97701218192978
tfidf,1,5,34,fake,368,0,0.29099701696169455,0.2718429606487277
tfidf,1,5,34,fake,370,0,0.02900083331462363,0.16576343050808687
tfidf,1,5,34,fake,385,0,0.0063413879251985284,0.1053370218079114
tfidf,1,5,34,fake,388,1,0.7717653544828774,0.6001892304746348
tfidf,1,5,34,fake,406,0,0.0011754781198595203,0.04100353352971122
tfidf,1,5,34,fake,409,1,0.13506007266995118,0.28562819210971035
tfidf,1,5,34,fake,417,0,0.20500337614072855,0.12766241250686416
tfidf,1,5,34,fake,418,1,0.8273312910709959,0.734954510097696
tfidf,1,5,34,fake,428,0,0.006559865013570735,0.09625694995587228
tfidf,1,5,34,fake,429,0,0.0008206982550232561,0.04393831103499023
tfidf,1,5,34,fake,434,0,0.0034825746803686256,0.03216030695005103
tfidf,1,5,34,fake,437,0,0.0023771144845230866,0.04092435699246969
tfidf,1,5,34,fake,441,1,0.779322531150765,0.747387922073428
tfidf,1,5,34,fake,444,0,0.0002322057320608736,0.03202618326811338
tfidf,1,5,34,fake,456,0,0.13438633271183842,0.22136309010207328
tfidf,1,5,34,fake,468,0,0.0022815645514590167,0.035762469934852936
tfidf,1,5,34,fake,485,0,0.09264537581504055,0.11547024802313875
tfidf,1,1,35,fake,319,1,0.9068278751450748,0.8771448097445987
tfidf,1,1,35,fake,331,0,0.7551140699136943,0.7024234455784376
tfidf,1,1,35,fake,345,1,0.9845660497538608,0.9165944495281805
tfidf,1,1,35,fake,346,1,0.9991260646766276,0.9663311074092948
tfidf,1,1,35,fake,357,0,0.9258084404671317,0.7423576801914803
tfidf,1,1,35,fake,358,0,0.7021169227818037,0.7750866673423269
tfidf,1,1,35,fake,362,1,0.9840973326571645,0.9867634051244634
tfidf,1,1,35,fake,363,0,0.7732453770873495,0.36250016955847125
tfidf,1,1,35,fake,364,0,0.8734705743011066,0.655892610947518
tfidf,1,1,35,fake,369,0,0.3033867892046854,0.26853215358320115
tfidf,1,1,35,fake,372,1,0.02045582032250031,0.4887253155510298
tfidf,1,1,35,fake,391,0,0.7643092236040293,0.6550336825882381
tfidf,1,1,35,fake,400,0,0.01774949803474986,0.26308029036805314
tfidf,1,1,35,fake,402,1,0.9999696779719743,0.9964447689329191
tfidf,1,1,35,fake,403,0,0.004693209383616212,0.021093350831304838
tfidf,1,1,35,fake,404,0,0.0065525221254782474,0.09844697883204778
tfidf,1,1,35,fake,413,1,0.8772214975748345,0.7768744742587279
tfidf,1,1,35,fake,416,0,0.0009712569822997886,0.023030890687779762
tfidf,1,1,35,fake,420,0,0.002926055263109712,0.10371346076975593
tfidf,1,1,35,fake,423,0,0.9805242793441961,0.9268471593610997
tfidf,1,1,35,fake,426,1,0.4749764657485774,0.6635380931070566
tfidf,1,1,35,fake,433,1,0.9682359305112779,0.5957560131296786
tfidf,1,1,35,fake,451,0,0.02890979801425905,0.2746047202113704
tfidf,1,1,35,fake,454,0,0.002932293623166531,0.04455853058790676
tfidf,1,1,35,fake,473,0,0.0027789822147891823,0.0376489435839971
tfidf,1,1,35,fake,476,0,0.9150467279401522,0.58043111875776
tfidf,1,1,35,fake,484,0,0.10023463037161612,0.38888811487055647
tfidf,1,1,35,fake,487,0,0.3477975706971463,0.39592516842365216
tfidf,1,1,35,fake,490,0,0.0017755670845595324,0.07917911766954104
tfidf,1,2,35,fake,303,0,0.08736906636861838,0.08961349580183971
tfidf,1,2,35,fake,304,0,0.06873524115093149,0.06487394438857237
tfidf,1,2,35,fake,310,0,0.4314246840904444,0.39869356680191587
tfidf,1,2,35,fake,312,0,0.4368914880039676,0.4169246525944097
tfidf,1,2,35,fake,316,0,0.4972013849784217,0.48608095066946977
tfidf,1,2,35,fake,324,0,0.2563114944739344,0.26955482909969813
tfidf,1,2,35,fake,328,0,0.7035663653111746,0.6937635280207269
tfidf,1,2,35,fake,339,1,0.7484128573307288,0.7509660594043406
tfidf,1,2,35,fake,353,1,0.6917712367389994,0.6900110012804325
tfidf,1,2,35,fake,355,1,0.6837380406660856,0.6944177410219021
tfidf,1,2,35,fake,366,0,0.018102383951544496,0.016734168074319492
tfidf,1,2,35,fake,375,0,0.003680977358267859,0.0033160241338982674
tfidf,1,2,35,fake,376,1,0.9951462415891691,0.9954084345850538
tfidf,1,2,35,fake,379,0,0.2564141335985119,0.2495388596349934
tfidf,1,2,35,fake,381,1,0.804035163099804,0.8177406359541898
tfidf,1,2,35,fake,382,0,0.10064416432981754,0.09256147072545391
tfidf,1,2,35,fake,386,1,0.44174969824259946,0.44574959599961367
tfidf,1,2,35,fake,390,0,0.969938014545164,0.9709822752800286
tfidf,1,2,35,fake,392,0,0.1366100854756287,0.13316218810139166
tfidf,1,2,35,fake,401,0,0.5444253803696174,0.5372401309749335
tfidf,1,2,35,fake,412,1,0.7685868672651958,0.7637946945205463
tfidf,1,2,35,fake,422,1,0.5174606988070368,0.49868051260259666
tfidf,1,2,35,fake,427,0,0.024098010415716655,0.02192862684491859
tfidf,1,2,35,fake,440,1,0.9894138288754155,0.9895424442930203
tfidf,1,2,35,fake,443,0,0.29821369229519523,0.28776734367535245
tfidf,1,2,35,fake,457,0,0.024962181333428982,0.023171556071109694
tfidf,1,2,35,fake,479,0,0.024378526238163018,0.022626361984636578
tfidf,1,2,35,fake,482,0,0.03957719006398948,0.03741412910188987
tfidf,1,2,35,fake,486,0,0.039286772273587914,0.03646576732333155
tfidf,1,3,35,fake,305,0,0.5644405529138843,0.5612602641278011
tfidf,1,3,35,fake,307,0,0.28930171224170476,0.21364836513264357
tfidf,1,3,35,fake,313,0,0.39856966102238967,0.39788867617575785
tfidf,1,3,35,fake,315,0,0.6764522769900472,0.5734833848037151
tfidf,1,3,35,fake,317,0,0.631321058699189,0.7127881686631666
tfidf,1,3,35,fake,320,1,0.9490824868822351,0.9645023237856437
tfidf,1,3,35,fake,338,1,0.6352567338203623,0.7409394086069881
tfidf,1,3,35,fake,344,1,0.9170902507502731,0.9368888714648541
tfidf,1,3,35,fake,352,1,0.7215047584989285,0.6313495677549668
tfidf,1,3,35,fake,356,1,0.5377125985292627,0.6232210841084139
tfidf,1,3,35,fake,367,1,0.9973130652182576,0.9972344210192547
tfidf,1,3,35,fake,371,0,0.3042647733214415,0.3373885483912865
tfidf,1,3,35,fake,380,1,0.9155592370735229,0.8899305054376583
tfidf,1,3,35,fake,383,0,0.070093893918612,0.06540673702547085
tfidf,1,3,35,fake,393,0,0.05129806765289451,0.0554084915395221
tfidf,1,3,35,fake,395,0,0.37437075678703347,0.424092385189039
tfidf,1,3,35,fake,397,0,0.2925109930894652,0.27673442493492645
tfidf,1,3,35,fake,425,0,0.529960541253158,0.5524388326897424
tfidf,1,3,35,fake,430,0,0.03724235469832381,0.03210830582451152
tfidf,1,3,35,fake,436,0,0.020193953832812396,0.017043275604076997
tfidf,1,3,35,fake,439,0,0.29892504413198406,0.31764043622971116
tfidf,1,3,35,fake,446,0,0.025772329266430066,0.03181690687849258
tfidf,1,3,35,fake,447,0,0.7352483133374264,0.7141932500022502
tfidf,1,3,35,fake,459,1,0.9595448821742618,0.9602976525909975
tfidf,1,3,35,fake,474,0,0.06970281663580609,0.05825849497216627
tfidf,1,3,35,fake,475,0,0.006558483470042485,0.006821114987946374
tfidf,1,3,35,fake,489,0,0.11948684318763868,0.11125575493712081
tfidf,1,3,35,fake,491,0,0.26479482100212065,0.25065073690224116
tfidf,1,4,35,fake,318,0,0.0525053595776619,0.13770385680498642
tfidf,1,4,35,fake,322,0,0.5801673388366908,0.7629657395309613
tfidf,1,4,35,fake,326,0,0.4477601676638416,0.3560914838984106
tfidf,1,4,35,fake,327,0,0.9014813439042809,0.7662519719642253
tfidf,1,4,35,fake,335,1,0.9453206781626807,0.7599733352148798
tfidf,1,4,35,fake,343,0,0.9444356894550632,0.8407617344572479
tfidf,1,4,35,fake,347,1,0.45878540846451665,0.5345496172975782
tfidf,1,4,35,fake,351,1,0.8609239325835538,0.8352399839078911
tfidf,1,4,35,fake,374,0,0.017700631467027134,0.2792996327581887
tfidf,1,4,35,fake,377,1,0.9998769949085763,0.9954296414665238
tfidf,1,4,35,fake,389,1,0.9815340352927832,0.8814655534439367
tfidf,1,4,35,fake,414,1,0.8201564553491737,0.6772472366785657
tfidf,1,4,35,fake,415,0,0.004857845205012925,0.056879719827677554
tfidf,1,4,35,fake,419,0,0.0001288064423383309,0.00813673588336041
tfidf,1,4,35,fake,445,0,0.006626390390349143,0.06967307460777622
tfidf,1,4,35,fake,448,1,0.021428188617549436,0.23183866492138358
tfidf,1,4,35,fake,449,0,0.060572530491900964,0.10116650834307786
tfidf,1,4,35,fake,455,0,0.009116839089055388,0.05405581879061873
tfidf,1,4,35,fake,458,0,0.0753009765771056,0.17013965709812598
tfidf,1,4,35,fake,463,0,0.0028026779992843852,0.008880864135445603
tfidf,1,4,35,fake,464,0,0.003271028739502237,0.035394023494644905
tfidf,1,4,35,fake,471,0,0.046678342140343866,0.085914555169649
tfidf,1,4,35,fake,472,0,0.0023723307987004428,0.024232914414193975
tfidf,1,4,35,fake,477,0,0.7975913218317306,0.6358354242422388
tfidf,1,4,35,fake,478,0,0.12416990977675976,0.42383155747934187
tfidf,1,4,35,fake,483,1,0.9896347016776371,0.9500090134512427
tfidf,1,4,35,fake,488,0,0.14804936283572478,0.13396697002744437
tfidf,1,4,35,fake,492,0,0.2562797758906471,0.33131135748758866
tfidf,1,5,35,fake,302,0,0.0615266197247225,0.06102519291132946
tfidf,1,5,35,fake,321,1,0.9739791878202834,0.9746111194135904
tfidf,1,5,35,fake,325,1,0.707497764293443,0.6879954503459953
tfidf,1,5,35,fake,330,1,0.36322297376077073,0.362081363845664
tfidf,1,5,35,fake,333,0,0.5721808192340342,0.5663652825552128
tfidf,1,5,35,fake,336,0,0.4487684663798152,0.4251707205662025
tfidf,1,5,35,fake,340,0,0.3125292116101033,0.3038547298578091
tfidf,1,5,35,fake,341,0,0.5606540708358595,0.5489320289513913
tfidf,1,5,35,fake,348,1,0.7760123358115403,0.7642635062191828
tfidf,1,5,35,fake,350,1,0.8392595710989849,0.8660242385557515
tfidf,1,5,35,fake,360,0,0.49569136200149333,0.506797163228127
tfidf,1,5,35,fake,368,0,0.09895797977827527,0.09169058958298773
tfidf,1,5,35,fake,370,0,0.07644156382676662,0.08087110028779015
tfidf,1,5,35,fake,385,0,0.11783476507894419,0.11729339216633362
tfidf,1,5,35,fake,388,1,0.5564652024897117,0.5795273908117954
tfidf,1,5,35,fake,406,0,0.04642058143368759,0.04643261229940821
tfidf,1,5,35,fake,409,1,0.17690996721206023,0.18545815560804715
tfidf,1,5,35,fake,417,0,0.04759353059531692,0.03974275014080343
tfidf,1,5,35,fake,418,1,0.8833641664283565,0.902859167983371
tfidf,1,5,35,fake,428,0,0.0861142529474269,0.08667218794686533
tfidf,1,5,35,fake,429,0,0.5331195015906821,0.5737158604953526
tfidf,1,5,35,fake,434,0,0.4392981034563639,0.42005694610957894
tfidf,1,5,35,fake,437,0,0.06319581167382442,0.060431360614254935
tfidf,1,5,35,fake,441,1,0.892065597159765,0.9003519600030945
tfidf,1,5,35,fake,444,0,0.05960245832947532,0.06039478564970705
tfidf,1,5,35,fake,456,0,0.10444577326706522,0.10513332104241349
tfidf,1,5,35,fake,468,0,0.20194471069419873,0.17462351234307957
tfidf,1,5,35,fake,485,0,0.017661016710573848,0.016011595211971198
tfidf,1,1,36,fake,319,1,0.9576321952350474,0.9830822373635523
tfidf,1,1,36,fake,331,0,0.3706774097357544,0.5198974759505061
tfidf,1,1,36,fake,345,1,0.789238109987998,0.8859940596715796
tfidf,1,1,36,fake,346,1,0.8182507417106158,0.859496893031956
tfidf,1,1,36,fake,357,0,0.43433820546235913,0.5045599569462994
tfidf,1,1,36,fake,358,0,0.7854583957019418,0.8928570644107717
tfidf,1,1,36,fake,362,1,0.997149995304176,0.9992711167631234
tfidf,1,1,36,fake,363,0,0.37433939289264123,0.4214026140826235
tfidf,1,1,36,fake,364,0,0.6946712434981605,0.8457499023373759
tfidf,1,1,36,fake,369,0,0.3431944708822425,0.3106024963156373
tfidf,1,1,36,fake,372,1,0.7705022485746119,0.8062113430196122
tfidf,1,1,36,fake,391,0,0.4099458978510216,0.5382319367757428
tfidf,1,1,36,fake,400,0,0.5158099304326075,0.5358455289647399
tfidf,1,1,36,fake,402,1,0.9713139831439886,0.9747041652869487
tfidf,1,1,36,fake,403,0,0.009562482301208515,0.006465515114384698
tfidf,1,1,36,fake,404,0,0.09843586309523379,0.21594582876997573
tfidf,1,1,36,fake,413,1,0.7277898149428591,0.8020598368550105
tfidf,1,1,36,fake,416,0,0.07186884678194326,0.058787977522437765
tfidf,1,1,36,fake,420,0,0.12266283097332988,0.0731668170808967
tfidf,1,1,36,fake,423,0,0.8500514175331475,0.9189637230919772
tfidf,1,1,36,fake,426,1,0.5280827185179976,0.6312154336029906
tfidf,1,1,36,fake,433,1,0.8747488710205392,0.8898947079577455
tfidf,1,1,36,fake,451,0,0.26966351127098415,0.22204280061860446
tfidf,1,1,36,fake,454,0,0.08393959225158017,0.09147456509115325
tfidf,1,1,36,fake,473,0,0.03521031342882555,0.032421223439125055
tfidf,1,1,36,fake,476,0,0.10438619231449733,0.07947639432319047
tfidf,1,1,36,fake,484,0,0.23313289409629354,0.2973353230881135
tfidf,1,1,36,fake,487,0,0.1477014847865311,0.12452871422248185
tfidf,1,1,36,fake,490,0,0.27477589728907004,0.25181465784963564
tfidf,1,2,36,fake,303,0,0.021079448965345405,0.022979072308248534
tfidf,1,2,36,fake,304,0,0.07189386570320629,0.06457131461649623
tfidf,1,2,36,fake,310,0,0.3918063621608973,0.3318966988518277
tfidf,1,2,36,fake,312,0,0.5276579104086911,0.4847808087738739
tfidf,1,2,36,fake,316,0,0.5460961615907883,0.5405346192966124
tfidf,1,2,36,fake,324,0,0.38023959629131404,0.3920821738546754
tfidf,1,2,36,fake,328,0,0.6630823678613427,0.6299763338799045
tfidf,1,2,36,fake,339,1,0.833741697749165,0.83279827161907
tfidf,1,2,36,fake,353,1,0.857410613322582,0.8612757298370581
tfidf,1,2,36,fake,355,1,0.41225797753158094,0.4449330889789191
tfidf,1,2,36,fake,366,0,0.009705836316703086,0.008022009832157385
tfidf,1,2,36,fake,375,0,0.0038487469923324624,0.003158722596993204
tfidf,1,2,36,fake,376,1,0.9898405419136782,0.9913982950468068
tfidf,1,2,36,fake,379,0,0.6422449082831762,0.613341134125604
tfidf,1,2,36,fake,381,1,0.9760315894024667,0.9797260593812669
tfidf,1,2,36,fake,382,0,0.42641305558230835,0.373705289504613
tfidf,1,2,36,fake,386,1,0.607759854293482,0.6169684729625574
tfidf,1,2,36,fake,390,0,0.9756417454319132,0.9786137933648356
tfidf,1,2,36,fake,392,0,0.108880508267172,0.10123655377397911
tfidf,1,2,36,fake,401,0,0.7913227886815285,0.7719745121547195
tfidf,1,2,36,fake,412,1,0.7791209287220107,0.7628301339257373
tfidf,1,2,36,fake,422,1,0.6716623041805228,0.6482815821427858
tfidf,1,2,36,fake,427,0,0.00986602250575505,0.007967835332343584
tfidf,1,2,36,fake,440,1,0.9309135000534526,0.9273730893887075
tfidf,1,2,36,fake,443,0,0.21834003901956278,0.1916187506949671
tfidf,1,2,36,fake,457,0,0.008692588457407127,0.00697322943726091
tfidf,1,2,36,fake,479,0,0.027556401868345282,0.022486930335818632
tfidf,1,2,36,fake,482,0,0.050282969600576405,0.04471762139228472
tfidf,1,2,36,fake,486,0,0.027114832619231064,0.025132629562852258
tfidf,1,3,36,fake,305,0,0.14418690068044399,0.14182180125957078
tfidf,1,3,36,fake,307,0,0.6416639344291224,0.5380132472898174
tfidf,1,3,36,fake,313,0,0.17321469528055777,0.16750894183189555
tfidf,1,3,36,fake,315,0,0.3309184097649957,0.24354676720886867
tfidf,1,3,36,fake,317,0,0.38539114820119574,0.49054916301017865
tfidf,1,3,36,fake,320,1,0.7060736888655228,0.7792727254686056
tfidf,1,3,36,fake,338,1,0.698230048366582,0.7727971885889855
tfidf,1,3,36,fake,344,1,0.885367734084838,0.9194718103746935
tfidf,1,3,36,fake,352,1,0.7571433163418847,0.6542971777069023
tfidf,1,3,36,fake,356,1,0.6926564111566363,0.7565774408159487
tfidf,1,3,36,fake,367,1,0.9986317956250472,0.9987351155095775
tfidf,1,3,36,fake,371,0,0.7754604976587838,0.7941736611067891
tfidf,1,3,36,fake,380,1,0.8929145475365607,0.8665252339575293
tfidf,1,3,36,fake,383,0,0.1343508962845908,0.12761236334095818
tfidf,1,3,36,fake,393,0,0.1388441886696975,0.14706113157118547
tfidf,1,3,36,fake,395,0,0.39248577007889296,0.4689508785198325
tfidf,1,3,36,fake,397,0,0.26932920876678,0.25613595607282036
tfidf,1,3,36,fake,425,0,0.6830407510783059,0.6978259382767978
tfidf,1,3,36,fake,430,0,0.10492721343671631,0.09571537671737423
tfidf,1,3,36,fake,436,0,0.040606116164012086,0.034364209499668626
tfidf,1,3,36,fake,439,0,0.2628794541162774,0.2666897625806774
tfidf,1,3,36,fake,446,0,0.05405932853084984,0.05591505385960404
tfidf,1,3,36,fake,447,0,0.1305042163570339,0.13732914662169043
tfidf,1,3,36,fake,459,1,0.8917516877711383,0.8809991758533781
tfidf,1,3,36,fake,474,0,0.12641089532136457,0.10167321683673498
tfidf,1,3,36,fake,475,0,0.019062675319258444,0.018886844176891505
tfidf,1,3,36,fake,489,0,0.16743434434886872,0.17068011493437696
tfidf,1,3,36,fake,491,0,0.1486541329916592,0.14299255683720752
tfidf,1,4,36,fake,318,0,0.4392672004099233,0.33994249503988705
tfidf,1,4,36,fake,322,0,0.47052855637882585,0.5327738559561089
tfidf,1,4,36,fake,326,0,0.1959233595516197,0.13736954404250215
tfidf,1,4,36,fake,327,0,0.9000344035994163,0.8870642851254789
tfidf,1,4,36,fake,335,1,0.7785977784986682,0.7454011872821749
tfidf,1,4,36,fake,343,0,0.45716713922159863,0.47331169680182816
tfidf,1,4,36,fake,347,1,0.6856897717822791,0.715435771764957
tfidf,1,4,36,fake,351,1,0.853194892376449,0.8841857550968315
tfidf,1,4,36,fake,374,0,0.2358910720841893,0.2167310625703389
tfidf,1,4,36,fake,377,1,0.9972056892295935,0.9978808610078936
tfidf,1,4,36,fake,389,1,0.6486587368804521,0.6826842866216707
tfidf,1,4,36,fake,414,1,0.40160656912923665,0.36040995792884595
tfidf,1,4,36,fake,415,0,0.054069213533938155,0.04806843777809562
tfidf,1,4,36,fake,419,0,0.025305316967679115,0.018641496684299676
tfidf,1,4,36,fake,445,0,0.105197454116466,0.11695979379103039
tfidf,1,4,36,fake,448,1,0.148379608887028,0.1434381354561417
tfidf,1,4,36,fake,449,0,0.07450872350026776,0.0665467438804622
tfidf,1,4,36,fake,455,0,0.08862878730988924,0.09167540078021623
tfidf,1,4,36,fake,458,0,0.22061998890904982,0.23231170170514776
tfidf,1,4,36,fake,463,0,0.00904746723423911,0.005894996599605682
tfidf,1,4,36,fake,464,0,0.12548974266720703,0.10169007913819594
tfidf,1,4,36,fake,471,0,0.22575510569925972,0.16992575414515804
tfidf,1,4,36,fake,472,0,0.04220762245946113,0.03819236301152797
tfidf,1,4,36,fake,477,0,0.34808725479364355,0.3764323937763981
tfidf,1,4,36,fake,478,0,0.7740934667216505,0.7659807592927413
tfidf,1,4,36,fake,483,1,0.9117288164551796,0.9116318464118751
tfidf,1,4,36,fake,488,0,0.1897580940589422,0.15069026655036846
tfidf,1,4,36,fake,492,0,0.05849568773551816,0.05979148964286931
tfidf,1,5,36,fake,302,0,0.10534535048731639,0.44908664017994326
tfidf,1,5,36,fake,321,1,0.5251481631039598,0.673392489236409
tfidf,1,5,36,fake,325,1,0.9023033785179776,0.7896234269788779
tfidf,1,5,36,fake,330,1,0.8301005319256299,0.7817317402686123
tfidf,1,5,36,fake,333,0,0.376423885035892,0.5992643250337518
tfidf,1,5,36,fake,336,0,0.4948608565266173,0.5956585427082748
tfidf,1,5,36,fake,340,0,0.26211639418169824,0.5454121693398234
tfidf,1,5,36,fake,341,0,0.3357187164914337,0.5499763347394077
tfidf,1,5,36,fake,348,1,0.5280312217830232,0.6430259288876697
tfidf,1,5,36,fake,350,1,0.9020413751384249,0.7826890764910505
tfidf,1,5,36,fake,360,0,0.8754821015986082,0.7330137433883132
tfidf,1,5,36,fake,368,0,0.22082797722930295,0.38787575198680546
tfidf,1,5,36,fake,370,0,0.1029292295987318,0.22969971064666214
tfidf,1,5,36,fake,385,0,0.6172287954834415,0.4993193182472886
tfidf,1,5,36,fake,388,1,0.6538699037642014,0.5566188095072443
tfidf,1,5,36,fake,406,0,0.059796790238819224,0.18600119056358277
tfidf,1,5,36,fake,409,1,0.3828780686337647,0.45787048868057434
tfidf,1,5,36,fake,417,0,0.09946772797836384,0.27313170153150035
tfidf,1,5,36,fake,418,1,0.875816632684661,0.7184820919256953
tfidf,1,5,36,fake,428,0,0.2085381393350019,0.31866766444158584
tfidf,1,5,36,fake,429,0,0.1744958745181752,0.30581770694707316
tfidf,1,5,36,fake,434,0,0.05415759787567267,0.2246876205417548
tfidf,1,5,36,fake,437,0,0.2507124010552262,0.32236747966838963
tfidf,1,5,36,fake,441,1,0.7212501996500876,0.6534459846016386
tfidf,1,5,36,fake,444,0,0.08985286156250792,0.2793223895705273
tfidf,1,5,36,fake,456,0,0.03646499228824528,0.1555470840033839
tfidf,1,5,36,fake,468,0,0.04104758062419828,0.14848820067461932
tfidf,1,5,36,fake,485,0,0.02079548251326085,0.1480720522080967
tfidf,1,1,37,fake,319,1,0.7125429786340621,0.7169427660637097
tfidf,1,1,37,fake,331,0,0.5256827494612873,0.6382924911586871
tfidf,1,1,37,fake,345,1,0.9515186668382495,0.8121031720962166
tfidf,1,1,37,fake,346,1,0.8639734249111646,0.7846201605519948
tfidf,1,1,37,fake,357,0,0.41543848069941336,0.6103535481465141
tfidf,1,1,37,fake,358,0,0.7195067555710328,0.720231677914477
tfidf,1,1,37,fake,362,1,0.9327061595876329,0.8413116424341507
tfidf,1,1,37,fake,363,0,0.11141683179968401,0.28537416793728426
tfidf,1,1,37,fake,364,0,0.7102696346130576,0.6240638125631695
tfidf,1,1,37,fake,369,0,0.20308365516085633,0.36008309510376824
tfidf,1,1,37,fake,372,1,0.6085198234576684,0.719518616980577
tfidf,1,1,37,fake,391,0,0.6927941286709187,0.5490492863513162
tfidf,1,1,37,fake,400,0,0.8423337240970936,0.7094001935813177
tfidf,1,1,37,fake,402,1,0.9932135004293791,0.8873701318660323
tfidf,1,1,37,fake,403,0,0.013606650014063687,0.1090994076606959
tfidf,1,1,37,fake,404,0,0.09738662071330305,0.3052953321291713
tfidf,1,1,37,fake,413,1,0.9991348738442773,0.9220266307840619
tfidf,1,1,37,fake,416,0,0.06393212857212853,0.206972896734412
tfidf,1,1,37,fake,420,0,0.12501596476381477,0.29853201387195993
tfidf,1,1,37,fake,423,0,0.7213278168692703,0.6650162777231517
tfidf,1,1,37,fake,426,1,0.46368396468545964,0.5549945481048769
tfidf,1,1,37,fake,433,1,0.4977586676111424,0.331327301091809
tfidf,1,1,37,fake,451,0,0.2518660840916449,0.452148633477192
tfidf,1,1,37,fake,454,0,0.030864168978612275,0.1729959372711471
tfidf,1,1,37,fake,473,0,0.042045716123130066,0.15450624891260895
tfidf,1,1,37,fake,476,0,0.1351528428384024,0.23500686140676683
tfidf,1,1,37,fake,484,0,0.2525677551553014,0.47858813218788826
tfidf,1,1,37,fake,487,0,0.5841294111945814,0.47348931954000606
tfidf,1,1,37,fake,490,0,0.10170230860069107,0.25949432193404903
tfidf,1,2,37,fake,303,0,0.05040894387478489,0.05109706011606418
tfidf,1,2,37,fake,304,0,0.14447349005180288,0.13997868176593445
tfidf,1,2,37,fake,310,0,0.3889573340499886,0.3707101530244066
tfidf,1,2,37,fake,312,0,0.5476044669530332,0.5326085866774032
tfidf,1,2,37,fake,316,0,0.5362282498729513,0.5324701224829532
tfidf,1,2,37,fake,324,0,0.4425649174414774,0.4497235770474847
tfidf,1,2,37,fake,328,0,0.7225441830103576,0.7171344347695782
tfidf,1,2,37,fake,339,1,0.8301811915452991,0.8305206241558067
tfidf,1,2,37,fake,353,1,0.7298837538809302,0.7314550030935969
tfidf,1,2,37,fake,355,1,0.7335068527897608,0.741917581188221
tfidf,1,2,37,fake,366,0,0.011186689726224464,0.010506638670905217
tfidf,1,2,37,fake,375,0,0.004154515462612474,0.003817017399978466
tfidf,1,2,37,fake,376,1,0.9752181826077715,0.9759922382639314
tfidf,1,2,37,fake,379,0,0.3981800734749425,0.3920625214724661
tfidf,1,2,37,fake,381,1,0.6904529174268362,0.7021335717779168
tfidf,1,2,37,fake,382,0,0.4227019985490132,0.3988413681635932
tfidf,1,2,37,fake,386,1,0.9725248601995352,0.9726652553917221
tfidf,1,2,37,fake,390,0,0.9752457972021493,0.9767585967436634
tfidf,1,2,37,fake,392,0,0.10598349381123438,0.10270352981611836
tfidf,1,2,37,fake,401,0,0.7339961258951638,0.7297890230197389
tfidf,1,2,37,fake,412,1,0.7400382614304866,0.7372702562490618
tfidf,1,2,37,fake,422,1,0.831213094270284,0.8249426742480396
tfidf,1,2,37,fake,427,0,0.01499022430101176,0.0138871114759729
tfidf,1,2,37,fake,440,1,0.8752689192399635,0.8765782655562891
tfidf,1,2,37,fake,443,0,0.21127028564652153,0.20485549964497918
tfidf,1,2,37,fake,457,0,0.02653179363971901,0.024765751131092778
tfidf,1,2,37,fake,479,0,0.01888321861085274,0.017596740040342486
tfidf,1,2,37,fake,482,0,0.049958699810195344,0.0477666938731166
tfidf,1,2,37,fake,486,0,0.01281082175225902,0.012401714557273461
tfidf,1,3,37,fake,305,0,0.5857643783270576,0.39854808699635397
tfidf,1,3,37,fake,307,0,0.44248138719149244,0.09718801436127114
tfidf,1,3,37,fake,313,0,0.5563246758089447,0.4121619115239952
tfidf,1,3,37,fake,315,0,0.606853847449713,0.26372037383703045
tfidf,1,3,37,fake,317,0,0.6019933409473501,0.5998130913702766
tfidf,1,3,37,fake,320,1,0.8149290844895386,0.9704750159272121
tfidf,1,3,37,fake,338,1,0.586715466089663,0.7413484596022434
tfidf,1,3,37,fake,344,1,0.6713088765740322,0.8018668283566104
tfidf,1,3,37,fake,352,1,0.7041709847002476,0.7221070856566476
tfidf,1,3,37,fake,356,1,0.635990996949333,0.7270393101111076
tfidf,1,3,37,fake,367,1,0.9489708925201111,0.9990798212216667
tfidf,1,3,37,fake,371,0,0.4470353395618155,0.40162600660964143
tfidf,1,3,37,fake,380,1,0.6874133266900809,0.6755225995773351
tfidf,1,3,37,fake,383,0,0.3502866991338397,0.12702524187495104
tfidf,1,3,37,fake,393,0,0.2863204729566854,0.10413415524405173
tfidf,1,3,37,fake,395,0,0.4621822068308011,0.6297434142179064
tfidf,1,3,37,fake,397,0,0.3151771125937611,0.2144205741205024
tfidf,1,3,37,fake,425,0,0.6585614968220155,0.5751836873716554
tfidf,1,3,37,fake,430,0,0.35507694586572247,0.08284314716570432
tfidf,1,3,37,fake,436,0,0.18610687245091004,0.03823648869991256
tfidf,1,3,37,fake,439,0,0.38205595907966766,0.35481242227927856
tfidf,1,3,37,fake,446,0,0.19132432516480782,0.02188272091316117
tfidf,1,3,37,fake,447,0,0.3748683405460784,0.4035654385862277
tfidf,1,3,37,fake,459,1,0.7532651585055079,0.8119076886035657
tfidf,1,3,37,fake,474,0,0.23665341909522733,0.054751712657712726
tfidf,1,3,37,fake,475,0,0.11249399081945288,0.008608471482805035
tfidf,1,3,37,fake,489,0,0.33618142433822756,0.18641434071756413
tfidf,1,3,37,fake,491,0,0.4220298987826008,0.07172424277506503
tfidf,1,4,37,fake,318,0,0.29927164682581675,0.00358782363599185
tfidf,1,4,37,fake,322,0,0.7085222410861916,0.8026898364951228
tfidf,1,4,37,fake,326,0,0.3715272004986536,0.017288018126170975
tfidf,1,4,37,fake,327,0,0.8550231804749937,0.8474106164632255
tfidf,1,4,37,fake,335,1,0.9132652862572734,0.974171938702886
tfidf,1,4,37,fake,343,0,0.7894458803739599,0.8625503851348912
tfidf,1,4,37,fake,347,1,0.4201759727748795,0.06945439118709835
tfidf,1,4,37,fake,351,1,0.9317322935713073,0.9908976409794619
tfidf,1,4,37,fake,374,0,0.16914351658662866,0.034810272618957035
tfidf,1,4,37,fake,377,1,0.9962642972773686,0.9999913295507451
tfidf,1,4,37,fake,389,1,0.9522549596736365,0.9995529782158334
tfidf,1,4,37,fake,414,1,0.7586096430291808,0.5264848309413577
tfidf,1,4,37,fake,415,0,0.1407054609171095,0.021597791277690546
tfidf,1,4,37,fake,419,0,0.006026875857010526,1.6107577053684642e-05
tfidf,1,4,37,fake,445,0,0.10347902057602151,0.01945203824193915
tfidf,1,4,37,fake,448,1,0.2891012952746886,0.21738692569191825
tfidf,1,4,37,fake,449,0,0.04673066755938784,0.004965952724055809
tfidf,1,4,37,fake,455,0,0.04143757714604138,0.001796709787805623
tfidf,1,4,37,fake,458,0,0.07667165815473581,0.004147349576637048
tfidf,1,4,37,fake,463,0,0.009003400077342082,7.53577323489081e-05
tfidf,1,4,37,fake,464,0,0.10161892175476278,0.014265610681895309
tfidf,1,4,37,fake,471,0,0.13846935695273804,0.022370303759395915
tfidf,1,4,37,fake,472,0,0.007394337748078249,3.808145776416103e-05
tfidf,1,4,37,fake,477,0,0.5522734440928807,0.7735765515080423
tfidf,1,4,37,fake,478,0,0.8542935439800867,0.9904846654250838
tfidf,1,4,37,fake,483,1,0.5065398082885176,0.5052513562857557
tfidf,1,4,37,fake,488,0,0.19338242757014942,0.02568702636854279
tfidf,1,4,37,fake,492,0,0.21486144287487888,0.07889632895594803
tfidf,1,5,37,fake,302,0,0.36869887962009235,0.3652100942381422
tfidf,1,5,37,fake,321,1,0.6600932844489067,0.6636104842456071
tfidf,1,5,37,fake,325,1,0.7378973588857995,0.736638790873177
tfidf,1,5,37,fake,330,1,0.6131635965476215,0.614191439610662
tfidf,1,5,37,fake,333,0,0.6309330944229806,0.6298765249670539
tfidf,1,5,37,fake,336,0,0.7738196558933075,0.7669129164425521
tfidf,1,5,37,fake,340,0,0.5021839982430251,0.49557123291851257
tfidf,1,5,37,fake,341,0,0.5866502268254148,0.58194398597536
tfidf,1,5,37,fake,348,1,0.7365302692462251,0.7342712816277244
tfidf,1,5,37,fake,350,1,0.7776942276994914,0.7881195341315369
tfidf,1,5,37,fake,360,0,0.6623309591386959,0.6656965443199213
tfidf,1,5,37,fake,368,0,0.41524547775672666,0.4159243853711364
tfidf,1,5,37,fake,370,0,0.22403064626250174,0.2266006481047344
tfidf,1,5,37,fake,385,0,0.2558485274119712,0.25554583577181933
tfidf,1,5,37,fake,388,1,0.5175458793034846,0.5177209786865445
tfidf,1,5,37,fake,406,0,0.29720152469450956,0.2944157454193639
tfidf,1,5,37,fake,409,1,0.41750949159238815,0.4211776671472301
tfidf,1,5,37,fake,417,0,0.2680932962926841,0.26422572561925234
tfidf,1,5,37,fake,418,1,0.8709378007399079,0.8758843571432682
tfidf,1,5,37,fake,428,0,0.2583509911549447,0.2569398495662259
tfidf,1,5,37,fake,429,0,0.315087595286872,0.32143347424346913
tfidf,1,5,37,fake,434,0,0.21238576991631805,0.2058660809822813
tfidf,1,5,37,fake,437,0,0.20588150066730207,0.20479914888226133
tfidf,1,5,37,fake,441,1,0.6343287031178977,0.6376478780356553
tfidf,1,5,37,fake,444,0,0.3315493319047342,0.333419414582002
tfidf,1,5,37,fake,456,0,0.14287156930673675,0.14172341789205778
tfidf,1,5,37,fake,468,0,0.1415524229278926,0.13621104537718268
tfidf,1,5,37,fake,485,0,0.253376097163139,0.24891393365077455
tfidf,1,1,38,fake,319,1,0.9423061577832125,0.9698407823247983
tfidf,1,1,38,fake,331,0,0.8111846711444872,0.8888994715334576
tfidf,1,1,38,fake,345,1,0.9994978678846899,0.9998553552834286
tfidf,1,1,38,fake,346,1,0.9573286201196435,0.9733538629947119
tfidf,1,1,38,fake,357,0,0.5423468278057285,0.5817422128737967
tfidf,1,1,38,fake,358,0,0.8847709338773485,0.9383029708924245
tfidf,1,1,38,fake,362,1,0.6055449509444346,0.8096440737662842
tfidf,1,1,38,fake,363,0,0.15189751481091332,0.15614584994013722
tfidf,1,1,38,fake,364,0,0.4913982515427965,0.6869071639382439
tfidf,1,1,38,fake,369,0,0.17833939479513483,0.14237746421430608
tfidf,1,1,38,fake,372,1,0.5935940672305586,0.6715166235200382
tfidf,1,1,38,fake,391,0,0.4384581672210163,0.6239219302449877
tfidf,1,1,38,fake,400,0,0.5030297428708962,0.5594916861942696
tfidf,1,1,38,fake,402,1,0.9954455643780092,0.9965616974352292
tfidf,1,1,38,fake,403,0,0.01285898022481558,0.008308464488747013
tfidf,1,1,38,fake,404,0,0.07636091396408082,0.1515149303243116
tfidf,1,1,38,fake,413,1,0.7390453969650386,0.8204973660369144
tfidf,1,1,38,fake,416,0,0.02438654242147973,0.0226711339106283
tfidf,1,1,38,fake,420,0,0.11395817781157634,0.09579996027246955
tfidf,1,1,38,fake,423,0,0.8689294893003203,0.9203137155067048
tfidf,1,1,38,fake,426,1,0.535997289366193,0.6293548009006918
tfidf,1,1,38,fake,433,1,0.38401322707731256,0.3955430223528786
tfidf,1,1,38,fake,451,0,0.3834611065950623,0.3123122014370053
tfidf,1,1,38,fake,454,0,0.036295198883070305,0.05497911596201537
tfidf,1,1,38,fake,473,0,0.17078506150049963,0.1835056516094711
tfidf,1,1,38,fake,476,0,0.19594629859908017,0.16091081097113386
tfidf,1,1,38,fake,484,0,0.2040738242318474,0.26294862676100517
tfidf,1,1,38,fake,487,0,0.23495513193148823,0.19665012472775525
tfidf,1,1,38,fake,490,0,0.1971474890193885,0.17155495187263595
tfidf,1,2,38,fake,303,0,0.025897856027498244,0.03993227765271014
tfidf,1,2,38,fake,304,0,0.09356989744762488,0.10395264844604846
tfidf,1,2,38,fake,310,0,0.6954996060043696,0.6016451751152879
tfidf,1,2,38,fake,312,0,0.5094275386151059,0.4366562212844374
tfidf,1,2,38,fake,316,0,0.7128421286614364,0.7022389458852452
tfidf,1,2,38,fake,324,0,0.4422031264527282,0.4771130588137382
tfidf,1,2,38,fake,328,0,0.47104268679985417,0.4229366507736178
tfidf,1,2,38,fake,339,1,0.7637941698538733,0.7522817121740548
tfidf,1,2,38,fake,353,1,0.8029681791972483,0.8003153660563656
tfidf,1,2,38,fake,355,1,0.6580579756024246,0.7076194683415324
tfidf,1,2,38,fake,366,0,0.025239897251138094,0.022147691316586497
tfidf,1,2,38,fake,375,0,0.0014152036376006755,0.001032386288432598
tfidf,1,2,38,fake,376,1,0.9934506949530361,0.9939590548577893
tfidf,1,2,38,fake,379,0,0.2740159165273933,0.23338382919657308
tfidf,1,2,38,fake,381,1,0.8897641829094658,0.909281060652565
tfidf,1,2,38,fake,382,0,0.46324875878123206,0.39705852679870546
tfidf,1,2,38,fake,386,1,0.6794946060639638,0.698226097219529
tfidf,1,2,38,fake,390,0,0.9786101388693332,0.9829638567450986
tfidf,1,2,38,fake,392,0,0.15878809943032976,0.14245134102743703
tfidf,1,2,38,fake,401,0,0.615902282357044,0.587788843366567
tfidf,1,2,38,fake,412,1,0.6641398646692588,0.6504609150769995
tfidf,1,2,38,fake,422,1,0.6825404069014328,0.6958166698605541
tfidf,1,2,38,fake,427,0,0.011106274020836825,0.008002537776753974
tfidf,1,2,38,fake,440,1,0.9957707807386705,0.9977099598887412
tfidf,1,2,38,fake,443,0,0.11693623553014428,0.09630507454792837
tfidf,1,2,38,fake,457,0,0.005287850297701104,0.003928740381722053
tfidf,1,2,38,fake,479,0,0.01218243996927287,0.00855364631439756
tfidf,1,2,38,fake,482,0,0.05708895757078318,0.04965817398302091
tfidf,1,2,38,fake,486,0,0.026804753092151065,0.024218849593348208
tfidf,1,3,38,fake,305,0,0.2631967766034183,0.263940186289102
tfidf,1,3,38,fake,307,0,0.15191080517160163,0.11267899106520207
tfidf,1,3,38,fake,313,0,0.4360342657971427,0.4335934090967026
tfidf,1,3,38,fake,315,0,0.619618738736247,0.5021946224783876
tfidf,1,3,38,fake,317,0,0.2595437247763023,0.3465032750985794
tfidf,1,3,38,fake,320,1,0.7464808912349229,0.820239630764065
tfidf,1,3,38,fake,338,1,0.5970434817835953,0.7006730181812797
tfidf,1,3,38,fake,344,1,0.8787490865096543,0.9018907618149806
tfidf,1,3,38,fake,352,1,0.9115159112036352,0.8717801501982494
tfidf,1,3,38,fake,356,1,0.5643701731750133,0.6437004960693025
tfidf,1,3,38,fake,367,1,0.9934264262444877,0.9937665926479298
tfidf,1,3,38,fake,371,0,0.6291867874197619,0.6527744006810191
tfidf,1,3,38,fake,380,1,0.9390264509778583,0.9210706420888319
tfidf,1,3,38,fake,383,0,0.12225350426224905,0.11124452250042238
tfidf,1,3,38,fake,393,0,0.05580110079392605,0.055751158011143116
tfidf,1,3,38,fake,395,0,0.39712906934179815,0.46917096663282903
tfidf,1,3,38,fake,397,0,0.4057728850936961,0.3956054084942243
tfidf,1,3,38,fake,425,0,0.8325326357871606,0.8278529973465121
tfidf,1,3,38,fake,430,0,0.08147130637191767,0.0731794842038206
tfidf,1,3,38,fake,436,0,0.023987809991922314,0.01960589986601363
tfidf,1,3,38,fake,439,0,0.7486577043964899,0.7299481769585491
tfidf,1,3,38,fake,446,0,0.0419424093751461,0.04468836423446103
tfidf,1,3,38,fake,447,0,0.18659168765901682,0.19215274415872532
tfidf,1,3,38,fake,459,1,0.9806542010148835,0.9795337828462003
tfidf,1,3,38,fake,474,0,0.11940043369279578,0.09494801265061424
tfidf,1,3,38,fake,475,0,0.019454439826393787,0.017658864385763615
tfidf,1,3,38,fake,489,0,0.07658477618353074,0.07314515329108033
tfidf,1,3,38,fake,491,0,0.18882787579202637,0.1874813582573468
tfidf,1,4,38,fake,318,0,0.30316692581957244,0.3819763322775898
tfidf,1,4,38,fake,322,0,0.8118816666307231,0.8135634168715361
tfidf,1,4,38,fake,326,0,0.0626723616750674,0.2194341232214311
tfidf,1,4,38,fake,327,0,0.4935911722189438,0.5867002453147411
tfidf,1,4,38,fake,335,1,0.9582674709055761,0.8228412483416158
tfidf,1,4,38,fake,343,0,0.9727095627618502,0.9028984469380198
tfidf,1,4,38,fake,347,1,0.3648350787638616,0.59073769925459
tfidf,1,4,38,fake,351,1,0.7885544085801732,0.8832565904550852
tfidf,1,4,38,fake,374,0,0.05272746038722389,0.28534317236744255
tfidf,1,4,38,fake,377,1,0.9912940819097886,0.9691774902207086
tfidf,1,4,38,fake,389,1,0.3680402567732782,0.6313891157489128
tfidf,1,4,38,fake,414,1,0.20444753080038217,0.37427048533696167
tfidf,1,4,38,fake,415,0,0.012076388535961578,0.0690681873835595
tfidf,1,4,38,fake,419,0,4.002928107808452e-05,0.0068673706067757245
tfidf,1,4,38,fake,445,0,0.004265632538355471,0.09990640671757815
tfidf,1,4,38,fake,448,1,0.9998385151179405,0.9399905758105314
tfidf,1,4,38,fake,449,0,0.6330917317869925,0.27726214748249767
tfidf,1,4,38,fake,455,0,0.026419753892372853,0.11342638053629064
tfidf,1,4,38,fake,458,0,0.002218770650337724,0.0964055766077841
tfidf,1,4,38,fake,463,0,0.0003642679442738484,0.004502732322839732
tfidf,1,4,38,fake,464,0,0.021380436680491454,0.07035222521472749
tfidf,1,4,38,fake,471,0,0.059140837336129314,0.10573076158038525
tfidf,1,4,38,fake,472,0,6.0565863073109414e-05,0.013453318577819312
tfidf,1,4,38,fake,477,0,0.2826139453184666,0.510445280344641
tfidf,1,4,38,fake,478,0,0.939781296685191,0.7480675655623521
tfidf,1,4,38,fake,483,1,0.9971437064792315,0.9360423824487277
tfidf,1,4,38,fake,488,0,0.09115682637384656,0.2053844357906727
tfidf,1,4,38,fake,492,0,0.005044047450807096,0.08893059629277897
tfidf,1,5,38,fake,302,0,0.055865628266227325,0.05364293795564552
tfidf,1,5,38,fake,321,1,0.807470901439565,0.8080225962960629
tfidf,1,5,38,fake,325,1,0.5386841588947048,0.5195512740096666
tfidf,1,5,38,fake,330,1,0.9608894366616882,0.9646577807403685
tfidf,1,5,38,fake,333,0,0.2569175384347896,0.2575574533138969
tfidf,1,5,38,fake,336,0,0.2367699291588531,0.21789524895331994
tfidf,1,5,38,fake,340,0,0.8483628335072192,0.8427596917552187
tfidf,1,5,38,fake,341,0,0.36554866476414927,0.34833092143607686
tfidf,1,5,38,fake,348,1,0.7854138724646533,0.7868193914788679
tfidf,1,5,38,fake,350,1,0.9070525130193416,0.9194551985508274
tfidf,1,5,38,fake,360,0,0.4325147143738916,0.4254672831289182
tfidf,1,5,38,fake,368,0,0.16186958918332367,0.16228803211082507
tfidf,1,5,38,fake,370,0,0.08308866851233214,0.08471459787089147
tfidf,1,5,38,fake,385,0,0.10860211382653283,0.10088667104810599
tfidf,1,5,38,fake,388,1,0.6823607566391295,0.7043714944146104
tfidf,1,5,38,fake,406,0,0.03716452590283546,0.03702102471310776
tfidf,1,5,38,fake,409,1,0.6052449572443155,0.6357303142332987
tfidf,1,5,38,fake,417,0,0.04731230132269565,0.04263305360115173
tfidf,1,5,38,fake,418,1,0.7527855975437381,0.7809018284382769
tfidf,1,5,38,fake,428,0,0.43473062219542424,0.4291799329296052
tfidf,1,5,38,fake,429,0,0.04786444658716386,0.05282509945420523
tfidf,1,5,38,fake,434,0,0.02784067333982832,0.02372017618143522
tfidf,1,5,38,fake,437,0,0.08615987557724755,0.08421679996935892
tfidf,1,5,38,fake,441,1,0.7304367383505956,0.747938665526056
tfidf,1,5,38,fake,444,0,0.7484581400969412,0.7612246923078054
tfidf,1,5,38,fake,456,0,0.16754697445965153,0.1724854820739055
tfidf,1,5,38,fake,468,0,0.05385282704709083,0.047140264178169494
tfidf,1,5,38,fake,485,0,0.025901181820375055,0.024432940074845377
tfidf,1,1,39,fake,319,1,0.8519675532654072,0.9015452110967005
tfidf,1,1,39,fake,331,0,0.21400368239311793,0.3187455258567675
tfidf,1,1,39,fake,345,1,0.800895129310725,0.868710598764869
tfidf,1,1,39,fake,346,1,0.3723762527654381,0.47948314888717797
tfidf,1,1,39,fake,357,0,0.5666358793361695,0.6198016435001985
tfidf,1,1,39,fake,358,0,0.8243051393916302,0.8722220680057303
tfidf,1,1,39,fake,362,1,0.948316922668041,0.9707153334066492
tfidf,1,1,39,fake,363,0,0.21588196627062528,0.21256962833885623
tfidf,1,1,39,fake,364,0,0.5667379970640603,0.7120094356557324
tfidf,1,1,39,fake,369,0,0.3118995575873483,0.30077348819436434
tfidf,1,1,39,fake,372,1,0.5167075093736846,0.5536920623294884
tfidf,1,1,39,fake,391,0,0.34120944514230256,0.45515460281583064
tfidf,1,1,39,fake,400,0,0.7217687931841197,0.7153709744837977
tfidf,1,1,39,fake,402,1,0.9723579065122568,0.9769937910772709
tfidf,1,1,39,fake,403,0,0.023840269822957564,0.021035033894771262
tfidf,1,1,39,fake,404,0,0.1101554641476641,0.1555759774171393
tfidf,1,1,39,fake,413,1,0.9992519017667637,0.9993503098233806
tfidf,1,1,39,fake,416,0,0.023689175365876003,0.02206373718978798
tfidf,1,1,39,fake,420,0,0.11437228011593867,0.08090746457699734
tfidf,1,1,39,fake,423,0,0.8582866035706025,0.8926292082112648
tfidf,1,1,39,fake,426,1,0.9479829940951525,0.9655173624141261
tfidf,1,1,39,fake,433,1,0.8648544709770183,0.8524301984013092
tfidf,1,1,39,fake,451,0,0.07362791685737911,0.07322482964344253
tfidf,1,1,39,fake,454,0,0.4207854504862686,0.46664062112083904
tfidf,1,1,39,fake,473,0,0.16393773228286954,0.15390408718177367
tfidf,1,1,39,fake,476,0,0.19033170935502072,0.17889560494052287
tfidf,1,1,39,fake,484,0,0.5478732399002395,0.609154932232851
tfidf,1,1,39,fake,487,0,0.3509916588661923,0.333605091925587
tfidf,1,1,39,fake,490,0,0.18690683303342787,0.16555861478044365
tfidf,1,2,39,fake,303,0,0.10130464869660351,0.36532110442653576
tfidf,1,2,39,fake,304,0,0.08642924093958292,0.42653567389833186
tfidf,1,2,39,fake,310,0,0.5070687104657785,0.6318417634771237
tfidf,1,2,39,fake,312,0,0.45547722078581454,0.6144547735613518
tfidf,1,2,39,fake,316,0,0.7264192513452915,0.7758511970917716
tfidf,1,2,39,fake,324,0,0.43526451104456937,0.6617725520810168
tfidf,1,2,39,fake,328,0,0.6253756997556188,0.6605911217932336
tfidf,1,2,39,fake,339,1,0.7271761723425196,0.7743466369200498
tfidf,1,2,39,fake,353,1,0.8172576133220972,0.7556966030539506
tfidf,1,2,39,fake,355,1,0.5658632731599296,0.6580625120684346
tfidf,1,2,39,fake,366,0,0.02073968782256093,0.15617794761127868
tfidf,1,2,39,fake,375,0,0.006135367967371425,0.11708997611124296
tfidf,1,2,39,fake,376,1,0.9789523679362245,0.894576761727626
tfidf,1,2,39,fake,379,0,0.20490997587436044,0.38096717769445904
tfidf,1,2,39,fake,381,1,0.8576624864970045,0.7106289908703725
tfidf,1,2,39,fake,382,0,0.25409663013962197,0.33590879777370586
tfidf,1,2,39,fake,386,1,0.967488148019935,0.6878967906213321
tfidf,1,2,39,fake,390,0,0.9367686122656027,0.8297859407948756
tfidf,1,2,39,fake,392,0,0.19473179861589912,0.30712569575960463
tfidf,1,2,39,fake,401,0,0.7261155908547672,0.5797836394753494
tfidf,1,2,39,fake,412,1,0.8309192579493961,0.5435949935551646
tfidf,1,2,39,fake,422,1,0.62696299094201,0.5428208209134973
tfidf,1,2,39,fake,427,0,0.016918855740741943,0.15637719737704667
tfidf,1,2,39,fake,440,1,0.8620135712510065,0.7181719960590831
tfidf,1,2,39,fake,443,0,0.21826740677457301,0.33280932490237364
tfidf,1,2,39,fake,457,0,0.027235376698014166,0.14961109747002765
tfidf,1,2,39,fake,479,0,0.021359166487343623,0.14848121374705858
tfidf,1,2,39,fake,482,0,0.07443329897281675,0.2545290085971022
tfidf,1,2,39,fake,486,0,0.02708211849276918,0.14878685888614268
tfidf,1,3,39,fake,305,0,0.28960187288596023,0.5588916035078275
tfidf,1,3,39,fake,307,0,0.3264357050436864,0.45797437001220487
tfidf,1,3,39,fake,313,0,0.5313613289934956,0.6069528489526517
tfidf,1,3,39,fake,315,0,0.32227088163185835,0.5135866238619164
tfidf,1,3,39,fake,317,0,0.8918347065908581,0.7872733065416525
tfidf,1,3,39,fake,320,1,0.9434024510688428,0.8446906904287235
tfidf,1,3,39,fake,338,1,0.8134176148629508,0.7372435991486004
tfidf,1,3,39,fake,344,1,0.6662019139612821,0.701754054139344
tfidf,1,3,39,fake,352,1,0.9600768263524619,0.7319168772008907
tfidf,1,3,39,fake,356,1,0.6490303420402149,0.6754172761820357
tfidf,1,3,39,fake,367,1,0.9918647684784635,0.9116269767977048
tfidf,1,3,39,fake,371,0,0.3060555782633963,0.4089152604735836
tfidf,1,3,39,fake,380,1,0.7362533358237003,0.6295444774200499
tfidf,1,3,39,fake,383,0,0.13294967697071364,0.3453517630231197
tfidf,1,3,39,fake,393,0,0.03284998179727199,0.21941620313871768
tfidf,1,3,39,fake,395,0,0.8352523405830282,0.5737291147086528
tfidf,1,3,39,fake,397,0,0.11163574168975025,0.264971217215738
tfidf,1,3,39,fake,425,0,0.5860673199511969,0.6800555294270136
tfidf,1,3,39,fake,430,0,0.21234061388433614,0.44216008617100805
tfidf,1,3,39,fake,436,0,0.0577615734758761,0.179290957735105
tfidf,1,3,39,fake,439,0,0.23567262749358273,0.3567185911036539
tfidf,1,3,39,fake,446,0,0.06685969988335524,0.2699554362746863
tfidf,1,3,39,fake,447,0,0.13784706413355652,0.2800852129818002
tfidf,1,3,39,fake,459,1,0.743958770495691,0.742561648689569
tfidf,1,3,39,fake,474,0,0.06454548873329265,0.1712844861100232
tfidf,1,3,39,fake,475,0,0.00864269320128018,0.10674790249137679
tfidf,1,3,39,fake,489,0,0.10269248131223392,0.22852903911325717
tfidf,1,3,39,fake,491,0,0.11095034801728418,0.43218727583662925
tfidf,1,4,39,fake,318,0,0.02091691157488986,0.007775419049620076
tfidf,1,4,39,fake,322,0,0.3438841299638094,0.4602345207906502
tfidf,1,4,39,fake,326,0,0.022541844706299042,0.01092771049554998
tfidf,1,4,39,fake,327,0,0.6896466596920464,0.49689165771748417
tfidf,1,4,39,fake,335,1,0.9692178325122917,0.9239914035399683
tfidf,1,4,39,fake,343,0,0.7971911033569052,0.7214343410866297
tfidf,1,4,39,fake,347,1,0.981318483176825,0.9613528663828352
tfidf,1,4,39,fake,351,1,0.6763766879851363,0.8647216285267935
tfidf,1,4,39,fake,374,0,0.09666370853155118,0.057857610654733396
tfidf,1,4,39,fake,377,1,0.9990430992446809,0.9993650267071582
tfidf,1,4,39,fake,389,1,0.996660954223053,0.9964243308237835
tfidf,1,4,39,fake,414,1,0.3328069822333261,0.1424943483761796
tfidf,1,4,39,fake,415,0,0.03435619659472551,0.029444259129183047
tfidf,1,4,39,fake,419,0,0.0002447189254119647,0.000136220358985591
tfidf,1,4,39,fake,445,0,0.013613348948470374,0.017683986067653056
tfidf,1,4,39,fake,448,1,0.978750256758466,0.9548958848705986
tfidf,1,4,39,fake,449,0,0.13868807572325284,0.090922040332718
tfidf,1,4,39,fake,455,0,0.1041561744756447,0.09135214161965984
tfidf,1,4,39,fake,458,0,0.021567502618354027,0.020838338144631267
tfidf,1,4,39,fake,463,0,0.0022196384984463527,0.000765824069373025
tfidf,1,4,39,fake,464,0,0.00044088486190895117,0.0004524589715895927
tfidf,1,4,39,fake,471,0,0.11569273017849259,0.04080149613563523
tfidf,1,4,39,fake,472,0,0.0006783781601670814,0.0005683402711748622
tfidf,1,4,39,fake,477,0,0.5489900221044618,0.5569045153854041
tfidf,1,4,39,fake,478,0,0.9394898591600285,0.9018124988447328
tfidf,1,4,39,fake,483,1,0.9825102241452598,0.9701541045041054
tfidf,1,4,39,fake,488,0,0.08430756171485328,0.042246905930181045
tfidf,1,4,39,fake,492,0,0.0008824961787103091,0.0010397833685422023
tfidf,1,5,39,fake,302,0,0.10767931209211036,0.1065394999117408
tfidf,1,5,39,fake,321,1,0.6179774387362569,0.6272629343157663
tfidf,1,5,39,fake,325,1,0.7479959635419043,0.7464330391629475
tfidf,1,5,39,fake,330,1,0.3842453907674469,0.3879168282911642
tfidf,1,5,39,fake,333,0,0.3075041856077178,0.310966041793411
tfidf,1,5,39,fake,336,0,0.25425247225191305,0.2432390597788954
tfidf,1,5,39,fake,340,0,0.25886219100080676,0.2522182022525802
tfidf,1,5,39,fake,341,0,0.5545550166649866,0.5504110339485923
tfidf,1,5,39,fake,348,1,0.9692504428971428,0.9692320441612539
tfidf,1,5,39,fake,350,1,0.839317226661374,0.8559668724749055
tfidf,1,5,39,fake,360,0,0.41183237674842926,0.41099948697054667
tfidf,1,5,39,fake,368,0,0.2000352786510493,0.2019864662035124
tfidf,1,5,39,fake,370,0,0.477879466745606,0.4961319825567662
tfidf,1,5,39,fake,385,0,0.3537708188473564,0.35564426347431816
tfidf,1,5,39,fake,388,1,0.9088639642101739,0.9117925325303516
tfidf,1,5,39,fake,406,0,0.2540200881387613,0.24661806225505284
tfidf,1,5,39,fake,409,1,0.34831596780447943,0.36297816262505045
tfidf,1,5,39,fake,417,0,0.03894194973809742,0.03680904188827383
tfidf,1,5,39,fake,418,1,0.9060630815224422,0.9149481216592728
tfidf,1,5,39,fake,428,0,0.15521614137202688,0.15263334995706798
tfidf,1,5,39,fake,429,0,0.5277965914280869,0.5202295474765086
tfidf,1,5,39,fake,434,0,0.057785054394510996,0.054239869978209954
tfidf,1,5,39,fake,437,0,0.08500851086438939,0.08139489660528346
tfidf,1,5,39,fake,441,1,0.7125976637566289,0.714978764636794
tfidf,1,5,39,fake,444,0,0.09989078879758295,0.10059722112620914
tfidf,1,5,39,fake,456,0,0.034312967755994024,0.03283235990211304
tfidf,1,5,39,fake,468,0,0.04850779515043786,0.04428688614891966
tfidf,1,5,39,fake,485,0,0.025216402600207268,0.023248686039580538
tfidf,1,1,40,fake,319,1,0.6506788661623262,0.7583734387265006
tfidf,1,1,40,fake,331,0,0.5306113849579005,0.6273373045349324
tfidf,1,1,40,fake,345,1,0.9832262752444665,0.9909562769500994
tfidf,1,1,40,fake,346,1,0.8155331856073644,0.8434987813161432
tfidf,1,1,40,fake,357,0,0.5431501324511991,0.6028803887072665
tfidf,1,1,40,fake,358,0,0.7399745679092647,0.8523421169401805
tfidf,1,1,40,fake,362,1,0.6596230570983603,0.8068632420266201
tfidf,1,1,40,fake,363,0,0.1691541834287705,0.14662680243405662
tfidf,1,1,40,fake,364,0,0.5204822527857006,0.625552167691087
tfidf,1,1,40,fake,369,0,0.3799979424801452,0.34137321956356276
tfidf,1,1,40,fake,372,1,0.305971257358057,0.3387346259131868
tfidf,1,1,40,fake,391,0,0.2460575850113294,0.3589006677134995
tfidf,1,1,40,fake,400,0,0.46966060812072974,0.49998708397576075
tfidf,1,1,40,fake,402,1,0.995180384113062,0.996425944699881
tfidf,1,1,40,fake,403,0,0.02057011719378661,0.015143549847205976
tfidf,1,1,40,fake,404,0,0.08821291127345895,0.1501552455531178
tfidf,1,1,40,fake,413,1,0.9984736362664873,0.9991432806336288
tfidf,1,1,40,fake,416,0,0.02726425757991287,0.024027410363020578
tfidf,1,1,40,fake,420,0,0.14296914434144153,0.09653258527726531
tfidf,1,1,40,fake,423,0,0.7075385365893618,0.7937700696153172
tfidf,1,1,40,fake,426,1,0.7203073336089769,0.7683567445972278
tfidf,1,1,40,fake,433,1,0.7706958681488506,0.750311160447749
tfidf,1,1,40,fake,451,0,0.8022573238896931,0.7609301340098314
tfidf,1,1,40,fake,454,0,0.10864157175486108,0.12767197104919256
tfidf,1,1,40,fake,473,0,0.0565692200686941,0.05384503126838635
tfidf,1,1,40,fake,476,0,0.0867238127738122,0.07515601379136044
tfidf,1,1,40,fake,484,0,0.5222375342886408,0.5984773371834599
tfidf,1,1,40,fake,487,0,0.3257358661187562,0.287941516833727
tfidf,1,1,40,fake,490,0,0.06549554924019214,0.06617001435753503
tfidf,1,2,40,fake,303,0,0.02958932872872991,0.029168389927512313
tfidf,1,2,40,fake,304,0,0.07680463384023872,0.07469864094891325
tfidf,1,2,40,fake,310,0,0.5087618867252217,0.5041759352909636
tfidf,1,2,40,fake,312,0,0.41581953970812396,0.4128102354550849
tfidf,1,2,40,fake,316,0,0.5537869722484515,0.5540766905501459
tfidf,1,2,40,fake,324,0,0.3176710398126588,0.32012924632271617
tfidf,1,2,40,fake,328,0,0.5347142940624966,0.5330021914101886
tfidf,1,2,40,fake,339,1,0.815858603298427,0.8163016438317986
tfidf,1,2,40,fake,353,1,0.721678746759683,0.722543940175538
tfidf,1,2,40,fake,355,1,0.6027358587479915,0.6053310190543344
tfidf,1,2,40,fake,366,0,0.02478029405737934,0.0244049125521433
tfidf,1,2,40,fake,375,0,0.0057057711150446935,0.005602359220625564
tfidf,1,2,40,fake,376,1,0.9918218632120812,0.991904714964646
tfidf,1,2,40,fake,379,0,0.39534272972491336,0.39254338916393655
tfidf,1,2,40,fake,381,1,0.8983462118881331,0.8989939588100534
tfidf,1,2,40,fake,382,0,0.3996844353162424,0.39742007539134044
tfidf,1,2,40,fake,386,1,0.6142128884493653,0.6141682172052607
tfidf,1,2,40,fake,390,0,0.9347339901742086,0.9355891870807599
tfidf,1,2,40,fake,392,0,0.10339406389719129,0.10328555517768531
tfidf,1,2,40,fake,401,0,0.7121673412888153,0.7108085812072523
tfidf,1,2,40,fake,412,1,0.7195582814002581,0.7189698136148062
tfidf,1,2,40,fake,422,1,0.9790436892255968,0.9791344076516338
tfidf,1,2,40,fake,427,0,0.03715342457478435,0.036477149936673225
tfidf,1,2,40,fake,440,1,0.9539553648211021,0.9540971137338901
tfidf,1,2,40,fake,443,0,0.13848749347923997,0.13799704404200666
tfidf,1,2,40,fake,457,0,0.011430230036259105,0.011248827606250525
tfidf,1,2,40,fake,479,0,0.021793014823207422,0.021518649947652735
tfidf,1,2,40,fake,482,0,0.17905307776586277,0.17774988288730753
tfidf,1,2,40,fake,486,0,0.009415504358467936,0.009382251714418132
tfidf,1,3,40,fake,305,0,0.5932708673159717,0.08884117135487025
tfidf,1,3,40,fake,307,0,0.45008683926699367,0.009884610381639472
tfidf,1,3,40,fake,313,0,0.6157925483211857,0.5439710540580035
tfidf,1,3,40,fake,315,0,0.5996587623176906,0.08588160275703809
tfidf,1,3,40,fake,317,0,0.5992916215111672,0.4172333551743762
tfidf,1,3,40,fake,320,1,0.7369455737072234,0.9528171066150541
tfidf,1,3,40,fake,338,1,0.6751183644961909,0.9939221169854903
tfidf,1,3,40,fake,344,1,0.6952425915145758,0.9989402825361395
tfidf,1,3,40,fake,352,1,0.7148543051795586,0.7896828046476109
tfidf,1,3,40,fake,356,1,0.610060755978379,0.4445874275940468
tfidf,1,3,40,fake,367,1,0.9175670282721778,0.999041421119556
tfidf,1,3,40,fake,371,0,0.5285376133937855,0.993333366921959
tfidf,1,3,40,fake,380,1,0.7938348054111718,0.9574139318212714
tfidf,1,3,40,fake,383,0,0.2986415911117668,0.0006818885036389148
tfidf,1,3,40,fake,393,0,0.2234116317714757,0.0029104462658309117
tfidf,1,3,40,fake,395,0,0.424434586132064,0.4307736037532957
tfidf,1,3,40,fake,397,0,0.36898291125391613,0.501985777628993
tfidf,1,3,40,fake,425,0,0.6746848874194947,0.4054849982689532
tfidf,1,3,40,fake,430,0,0.37391318938763474,0.0037417397958169497
tfidf,1,3,40,fake,436,0,0.16203579327253312,0.0036829343204457386
tfidf,1,3,40,fake,439,0,0.3749500098450892,0.2989339052817085
tfidf,1,3,40,fake,446,0,0.1987503329653745,0.0007328168056840531
tfidf,1,3,40,fake,447,0,0.47836849332703196,0.9208368740349678
tfidf,1,3,40,fake,459,1,0.7666061829039627,0.9756174999606213
tfidf,1,3,40,fake,474,0,0.1830706080848505,0.002666749851357075
tfidf,1,3,40,fake,475,0,0.11354048724383145,0.0001452946666128233
tfidf,1,3,40,fake,489,0,0.19977905201241328,0.0006294349153617768
tfidf,1,3,40,fake,491,0,0.4831811467116468,0.01953268365860649
tfidf,1,4,40,fake,318,0,0.6027141796003396,0.48631449943490157
tfidf,1,4,40,fake,322,0,0.6681041704949254,0.6935230669058956
tfidf,1,4,40,fake,326,0,0.6655944275160214,0.5686720599705005
tfidf,1,4,40,fake,327,0,0.8205507944771202,0.7921429184277351
tfidf,1,4,40,fake,335,1,0.8855246612906728,0.8613666805079166
tfidf,1,4,40,fake,343,0,0.897859804540015,0.8984444328414964
tfidf,1,4,40,fake,347,1,0.8950920230458723,0.9004442479062157
tfidf,1,4,40,fake,351,1,0.9314961835609088,0.94892348633792
tfidf,1,4,40,fake,374,0,0.3732790512111666,0.33968485872471427
tfidf,1,4,40,fake,377,1,0.9944206125046999,0.9954861607354866
tfidf,1,4,40,fake,389,1,0.5100412272390574,0.5775229880766223
tfidf,1,4,40,fake,414,1,0.46769876522689185,0.4313163785151945
tfidf,1,4,40,fake,415,0,0.06261609303883235,0.06136261006061609
tfidf,1,4,40,fake,419,0,0.020391528322944042,0.016097770124549937
tfidf,1,4,40,fake,445,0,0.1587309028585663,0.17045382225448674
tfidf,1,4,40,fake,448,1,0.28448479926038683,0.2593830463098504
tfidf,1,4,40,fake,449,0,0.11034373226654513,0.10553647548991414
tfidf,1,4,40,fake,455,0,0.06324580932361384,0.06483365466155297
tfidf,1,4,40,fake,458,0,0.07914627901597858,0.09279351006232915
tfidf,1,4,40,fake,463,0,0.007353408541936343,0.004718256852963175
tfidf,1,4,40,fake,464,0,0.11479359089027344,0.08958135563019382
tfidf,1,4,40,fake,471,0,0.20419869124070733,0.15992376857235985
tfidf,1,4,40,fake,472,0,0.011161732394369841,0.01163441689276841
tfidf,1,4,40,fake,477,0,0.2757436977750623,0.29671007515022413
tfidf,1,4,40,fake,478,0,0.7112841438319126,0.726439462250665
tfidf,1,4,40,fake,483,1,0.9367035963793142,0.9282895405292736
tfidf,1,4,40,fake,488,0,0.08418837274282959,0.0703583406826115
tfidf,1,4,40,fake,492,0,0.03925067491964475,0.04296799158499555
tfidf,1,5,40,fake,302,0,0.17452301928823516,0.17108422160730624
tfidf,1,5,40,fake,321,1,0.8486498463336721,0.8526411616004869
tfidf,1,5,40,fake,325,1,0.9697518727076236,0.9682697944835491
tfidf,1,5,40,fake,330,1,0.5432235240149293,0.5414284965260493
tfidf,1,5,40,fake,333,0,0.54834701121671,0.553143261891813
tfidf,1,5,40,fake,336,0,0.34656696698585737,0.3040240303158205
tfidf,1,5,40,fake,340,0,0.4328306532488474,0.40978458990804373
tfidf,1,5,40,fake,341,0,0.3177238295792974,0.30084569730765365
tfidf,1,5,40,fake,348,1,0.5653271165476633,0.5436991814945923
tfidf,1,5,40,fake,350,1,0.8072810995101863,0.8349840146155376
tfidf,1,5,40,fake,360,0,0.5751113429978812,0.5862039979701689
tfidf,1,5,40,fake,368,0,0.4147912162695923,0.41137787390240693
tfidf,1,5,40,fake,370,0,0.036087485432083975,0.03928237513138805
tfidf,1,5,40,fake,385,0,0.21024624056408275,0.2095031785932678
tfidf,1,5,40,fake,388,1,0.7016194302323709,0.7096621490857855
tfidf,1,5,40,fake,406,0,0.05702302810693385,0.05732917299439495
tfidf,1,5,40,fake,409,1,0.19412922980845998,0.2124992526713436
tfidf,1,5,40,fake,417,0,0.07842369265372379,0.06470347197203885
tfidf,1,5,40,fake,418,1,0.9937242378349813,0.9948348068182875
tfidf,1,5,40,fake,428,0,0.08428265754723761,0.07920616896490024
tfidf,1,5,40,fake,429,0,0.05440448188705919,0.06007451982832585
tfidf,1,5,40,fake,434,0,0.0960981684682105,0.0830153508793105
tfidf,1,5,40,fake,437,0,0.3494808729126639,0.35063741316880065
tfidf,1,5,40,fake,441,1,0.8248704193685046,0.8298232769437198
tfidf,1,5,40,fake,444,0,0.056896794143539264,0.05628494226948024
tfidf,1,5,40,fake,456,0,0.3982045310253525,0.4101098225133559
tfidf,1,5,40,fake,468,0,0.04699776188475162,0.03782433184913143
tfidf,1,5,40,fake,485,0,0.022649247719385958,0.019287576890587133
tfidf,1,1,41,fake,319,1,0.9077974761727804,0.9349150750369186
tfidf,1,1,41,fake,331,0,0.5374183172333786,0.624887038248513
tfidf,1,1,41,fake,345,1,0.821820053584106,0.8727607672252795
tfidf,1,1,41,fake,346,1,0.8986236600602547,0.913602146023806
tfidf,1,1,41,fake,357,0,0.38159797011533636,0.44949482654302675
tfidf,1,1,41,fake,358,0,0.828426758498329,0.8905148446337604
tfidf,1,1,41,fake,362,1,0.9537312148090993,0.9778714477825249
tfidf,1,1,41,fake,363,0,0.12657283989713125,0.13189068204287263
tfidf,1,1,41,fake,364,0,0.7463509031855633,0.8387929134692431
tfidf,1,1,41,fake,369,0,0.4156935380787283,0.3801993843568097
tfidf,1,1,41,fake,372,1,0.9781132540233669,0.9845629534889241
tfidf,1,1,41,fake,391,0,0.36790788987104384,0.5176295425260233
tfidf,1,1,41,fake,400,0,0.5686489559549066,0.6023262050332332
tfidf,1,1,41,fake,402,1,0.9285958833315427,0.933589269328374
tfidf,1,1,41,fake,403,0,0.019602047750564254,0.01580609350055894
tfidf,1,1,41,fake,404,0,0.10509562283204854,0.16676446760266928
tfidf,1,1,41,fake,413,1,0.9390463284162351,0.958428096334585
tfidf,1,1,41,fake,416,0,0.027738874575286492,0.027997943949793026
tfidf,1,1,41,fake,420,0,0.5577642394372239,0.5122395417171532
tfidf,1,1,41,fake,423,0,0.8365535203019236,0.8954999558189747
tfidf,1,1,41,fake,426,1,0.5310562888063167,0.5854864337401438
tfidf,1,1,41,fake,433,1,0.5326874672637114,0.5547263310394859
tfidf,1,1,41,fake,451,0,0.14142769829538662,0.1299723607209272
tfidf,1,1,41,fake,454,0,0.0779901384124061,0.09753946548998234
tfidf,1,1,41,fake,473,0,0.03392412681607651,0.033728628201726334
tfidf,1,1,41,fake,476,0,0.15535010588127074,0.15220257479424937
tfidf,1,1,41,fake,484,0,0.13046420213154689,0.20332777759594275
tfidf,1,1,41,fake,487,0,0.2579924657346363,0.24524526588780604
tfidf,1,1,41,fake,490,0,0.17730449295748252,0.1609244458783991
tfidf,1,2,41,fake,303,0,0.03895783000614642,0.04228578151064934
tfidf,1,2,41,fake,304,0,0.05049887108619512,0.046566449310780626
tfidf,1,2,41,fake,310,0,0.45458685043347186,0.3848796810117175
tfidf,1,2,41,fake,312,0,0.5967633568100683,0.5492004476428843
tfidf,1,2,41,fake,316,0,0.5841217580641764,0.5615672262853424
tfidf,1,2,41,fake,324,0,0.28307125778327724,0.31197219893683525
tfidf,1,2,41,fake,328,0,0.7547466181425054,0.7320945858161312
tfidf,1,2,41,fake,339,1,0.7414270834544585,0.7352500165468048
tfidf,1,2,41,fake,353,1,0.8660588411158546,0.8632151554445445
tfidf,1,2,41,fake,355,1,0.9162055588009785,0.9392565339023908
tfidf,1,2,41,fake,366,0,0.01450987437790155,0.012615121537113635
tfidf,1,2,41,fake,375,0,0.003459790633997952,0.002721457357015784
tfidf,1,2,41,fake,376,1,0.9814250788641763,0.9825856247962408
tfidf,1,2,41,fake,379,0,0.44143388823406116,0.4282145837489644
tfidf,1,2,41,fake,381,1,0.9003099201008112,0.9111737783352233
tfidf,1,2,41,fake,382,0,0.17079143575950434,0.14028418835106324
tfidf,1,2,41,fake,386,1,0.673501500954713,0.66886381632118
tfidf,1,2,41,fake,390,0,0.9371222338653823,0.9421280691160483
tfidf,1,2,41,fake,392,0,0.10277936845746045,0.09351688876726616
tfidf,1,2,41,fake,401,0,0.7404171029876889,0.7244242412934534
tfidf,1,2,41,fake,412,1,0.7675913080076229,0.7542859418577924
tfidf,1,2,41,fake,422,1,0.5374274460280731,0.5254230130120793
tfidf,1,2,41,fake,427,0,0.014038668752350231,0.010998597109658455
tfidf,1,2,41,fake,440,1,0.7862766084124083,0.7839284011802994
tfidf,1,2,41,fake,443,0,0.3974713581405477,0.36557881488844063
tfidf,1,2,41,fake,457,0,0.024051316783797707,0.019346308488966547
tfidf,1,2,41,fake,479,0,0.024988685712804343,0.020251896238678752
tfidf,1,2,41,fake,482,0,0.043541523072458295,0.03869235814648748
tfidf,1,2,41,fake,486,0,0.038067338719149975,0.033230332271539494
tfidf,1,3,41,fake,305,0,0.49116887947131566,0.10895757100788754
tfidf,1,3,41,fake,307,0,0.49092075621108955,0.21555830529471212
tfidf,1,3,41,fake,313,0,0.5667784475321035,0.4630238687823749
tfidf,1,3,41,fake,315,0,0.566533366989117,0.2077901040546456
tfidf,1,3,41,fake,317,0,0.6321136521648052,0.6038193989284361
tfidf,1,3,41,fake,320,1,0.832321388657488,0.9736336114007249
tfidf,1,3,41,fake,338,1,0.6032839949408169,0.7333218717013409
tfidf,1,3,41,fake,344,1,0.580237021582094,0.6252061273345929
tfidf,1,3,41,fake,352,1,0.6265453436213284,0.4620452277650338
tfidf,1,3,41,fake,356,1,0.7336204165827107,0.9005458102694908
tfidf,1,3,41,fake,367,1,0.9494352677052301,0.998904297092108
tfidf,1,3,41,fake,371,0,0.444485949115544,0.5096053689608674
tfidf,1,3,41,fake,380,1,0.6378630998847261,0.5871178080905772
tfidf,1,3,41,fake,383,0,0.39511982995003575,0.3036065504258927
tfidf,1,3,41,fake,393,0,0.256337043651433,0.09104829916784458
tfidf,1,3,41,fake,395,0,0.5034581225001818,0.7407671277567803
tfidf,1,3,41,fake,397,0,0.27198374512363827,0.15808908596448917
tfidf,1,3,41,fake,425,0,0.68630898465429,0.6677306820736613
tfidf,1,3,41,fake,430,0,0.42209411650401235,0.15900646098592106
tfidf,1,3,41,fake,436,0,0.20831281145255687,0.051138922179651033
tfidf,1,3,41,fake,439,0,0.3475789444148994,0.22177907394539192
tfidf,1,3,41,fake,446,0,0.1939821984094708,0.05045485200657621
tfidf,1,3,41,fake,447,0,0.3909415669664757,0.46183474877334485
tfidf,1,3,41,fake,459,1,0.8317544622861858,0.9437537869250935
tfidf,1,3,41,fake,474,0,0.20121376220916776,0.046475977227319616
tfidf,1,3,41,fake,475,0,0.18964402907523387,0.04948957407168309
tfidf,1,3,41,fake,489,0,0.22675535435666977,0.08232437445005471
tfidf,1,3,41,fake,491,0,0.4750701759398899,0.2503596306356734
tfidf,1,4,41,fake,318,0,0.5377945093549016,0.39333069561543105
tfidf,1,4,41,fake,322,0,0.7105469934464573,0.7337116722221262
tfidf,1,4,41,fake,326,0,0.25703145982284137,0.15746309191117946
tfidf,1,4,41,fake,327,0,0.7184237896475407,0.6608649958084594
tfidf,1,4,41,fake,335,1,0.7135077510642546,0.6581718727638394
tfidf,1,4,41,fake,343,0,0.601887877005778,0.6225669668749813
tfidf,1,4,41,fake,347,1,0.8031674889344258,0.8256875568534906
tfidf,1,4,41,fake,351,1,0.6893884950611942,0.7948205451381172
tfidf,1,4,41,fake,374,0,0.17944990044870357,0.1730775621125448
tfidf,1,4,41,fake,377,1,0.9767935655463623,0.9855321893763125
tfidf,1,4,41,fake,389,1,0.7132453956720345,0.7783786142648782
tfidf,1,4,41,fake,414,1,0.7255809570437755,0.6628020075356207
tfidf,1,4,41,fake,415,0,0.05460510314537832,0.05191645997301696
tfidf,1,4,41,fake,419,0,0.011317954272986633,0.008266387255792308
tfidf,1,4,41,fake,445,0,0.20779726862920278,0.21702341039815984
tfidf,1,4,41,fake,448,1,0.35685011022590996,0.3479275291553396
tfidf,1,4,41,fake,449,0,0.1427030418897988,0.11581044957174762
tfidf,1,4,41,fake,455,0,0.12468449793846263,0.12362780027135951
tfidf,1,4,41,fake,458,0,0.21085887199920877,0.24745945650909995
tfidf,1,4,41,fake,463,0,0.002821990283676122,0.001764449300700066
tfidf,1,4,41,fake,464,0,0.1280702591056544,0.09454455098808173
tfidf,1,4,41,fake,471,0,0.1256540116042311,0.08258141673218658
tfidf,1,4,41,fake,472,0,0.006708549407036925,0.00635566777194022
tfidf,1,4,41,fake,477,0,0.5514352205966963,0.6045693275716464
tfidf,1,4,41,fake,478,0,0.7530443320145455,0.7708636912819741
tfidf,1,4,41,fake,483,1,0.9438398702304014,0.9261337318433037
tfidf,1,4,41,fake,488,0,0.22588180701818544,0.1659370398463422
tfidf,1,4,41,fake,492,0,0.27225303946001556,0.24186225851641335
tfidf,1,5,41,fake,302,0,0.04066348890844544,0.36448768058344716
tfidf,1,5,41,fake,321,1,0.8398413983593153,0.7603224233656355
tfidf,1,5,41,fake,325,1,0.9099563253764779,0.7713710155732159
tfidf,1,5,41,fake,330,1,0.3374765755308183,0.5834585571040076
tfidf,1,5,41,fake,333,0,0.7879449364738708,0.7341266012281296
tfidf,1,5,41,fake,336,0,0.41045592331632974,0.5926422287219489
tfidf,1,5,41,fake,340,0,0.12677911606725953,0.4727109643344799
tfidf,1,5,41,fake,341,0,0.4720514218284493,0.6187986178825615
tfidf,1,5,41,fake,348,1,0.5453106501715353,0.6508305073783373
tfidf,1,5,41,fake,350,1,0.9850834908617806,0.870166156221068
tfidf,1,5,41,fake,360,0,0.4911731941245242,0.5858801271852595
tfidf,1,5,41,fake,368,0,0.5384534549321545,0.4862187979476939
tfidf,1,5,41,fake,370,0,0.387979183908409,0.35640516590777105
tfidf,1,5,41,fake,385,0,0.12091919993412449,0.2740789876909955
tfidf,1,5,41,fake,388,1,0.6834613224077695,0.5959045795632963
tfidf,1,5,41,fake,406,0,0.05431220120568343,0.18097709671135206
tfidf,1,5,41,fake,409,1,0.6645772995641174,0.5843767757799302
tfidf,1,5,41,fake,417,0,0.0515574413075721,0.23206876150533343
tfidf,1,5,41,fake,418,1,0.7937049569017884,0.644569239472879
tfidf,1,5,41,fake,428,0,0.1901719135519349,0.27215649433818934
tfidf,1,5,41,fake,429,0,0.10281305317639226,0.29360035783300176
tfidf,1,5,41,fake,434,0,0.06036859108606673,0.23129475365880073
tfidf,1,5,41,fake,437,0,0.6538662977662836,0.4130382453011059
tfidf,1,5,41,fake,441,1,0.7962957094686448,0.6470811831209121
tfidf,1,5,41,fake,444,0,0.07538335030615635,0.2779668602705861
tfidf,1,5,41,fake,456,0,0.026015430373856802,0.14090122844018454
tfidf,1,5,41,fake,468,0,0.0838844754895084,0.18873846497250232
tfidf,1,5,41,fake,485,0,0.03003944255593465,0.15843801250875056
tfidf,1,1,42,fake,319,1,0.9975362431050842,0.9984355330512228
tfidf,1,1,42,fake,331,0,0.3156263006063378,0.42605568303123237
tfidf,1,1,42,fake,345,1,0.8474062902031535,0.8957140957058095
tfidf,1,1,42,fake,346,1,0.9414746275335679,0.9507192047525045
tfidf,1,1,42,fake,357,0,0.623459638649534,0.6365504775536773
tfidf,1,1,42,fake,358,0,0.5370535362272632,0.660097100253361
tfidf,1,1,42,fake,362,1,0.4974677694731704,0.6530719464320104
tfidf,1,1,42,fake,363,0,0.14074730488392473,0.12965894537048886
tfidf,1,1,42,fake,364,0,0.7041303178981274,0.8032771427370521
tfidf,1,1,42,fake,369,0,0.07645564236514962,0.06969722201417777
tfidf,1,1,42,fake,372,1,0.7870521778395186,0.8197110639929094
tfidf,1,1,42,fake,391,0,0.5110358416483024,0.6508461613698231
tfidf,1,1,42,fake,400,0,0.6978104129837175,0.675918043163145
tfidf,1,1,42,fake,402,1,0.9957708578716318,0.996649510730382
tfidf,1,1,42,fake,403,0,0.06980040678241851,0.06116552713100895
tfidf,1,1,42,fake,404,0,0.09104357940371352,0.12646870398661056
tfidf,1,1,42,fake,413,1,0.6921914709734093,0.762580609405669
tfidf,1,1,42,fake,416,0,0.028573846263238695,0.0294259994051424
tfidf,1,1,42,fake,420,0,0.3769377146383241,0.30892705696075423
tfidf,1,1,42,fake,423,0,0.8872053161259885,0.9268268181942445
tfidf,1,1,42,fake,426,1,0.4695200940694654,0.5290682152418267
tfidf,1,1,42,fake,433,1,0.7708167957751931,0.7962313555020156
tfidf,1,1,42,fake,451,0,0.2013712905756196,0.1737865531514225
tfidf,1,1,42,fake,454,0,0.14423645095880305,0.17873499343530644
tfidf,1,1,42,fake,473,0,0.0420726659077458,0.040613984773482756
tfidf,1,1,42,fake,476,0,0.1125232140450969,0.10787044552565601
tfidf,1,1,42,fake,484,0,0.5995089825641451,0.656949247479079
tfidf,1,1,42,fake,487,0,0.38854433173295355,0.3773555533720484
tfidf,1,1,42,fake,490,0,0.10105877965858928,0.09873909202204123
tfidf,1,2,42,fake,303,0,0.040418931808739594,0.3416572869224732
tfidf,1,2,42,fake,304,0,0.037989106640771604,0.3886739399347571
tfidf,1,2,42,fake,310,0,0.5030832962582417,0.6213169324239503
tfidf,1,2,42,fake,312,0,0.5020124701166354,0.6420233802032433
tfidf,1,2,42,fake,316,0,0.4763408276627963,0.6909974985462445
tfidf,1,2,42,fake,324,0,0.5373318569161094,0.6856089178103113
tfidf,1,2,42,fake,328,0,0.48749286103017614,0.6186781792294546
tfidf,1,2,42,fake,339,1,0.8845261800303157,0.8090836404630873
tfidf,1,2,42,fake,353,1,0.8421920863348531,0.7585620162060768
tfidf,1,2,42,fake,355,1,0.9946252540029147,0.8445045365905209
tfidf,1,2,42,fake,366,0,0.022518022413621157,0.16568139242437038
tfidf,1,2,42,fake,375,0,0.0037186624026410435,0.10496388433147473
tfidf,1,2,42,fake,376,1,0.9929240364623607,0.9180923621431812
tfidf,1,2,42,fake,379,0,0.1565614296575576,0.3548650064466302
tfidf,1,2,42,fake,381,1,0.9711910451600835,0.7756512181992559
tfidf,1,2,42,fake,382,0,0.19303013921592543,0.2978331896939568
tfidf,1,2,42,fake,386,1,0.6676917553829975,0.4751304498233202
tfidf,1,2,42,fake,390,0,0.94248893050987,0.842323328627757
tfidf,1,2,42,fake,392,0,0.14086887343840632,0.2834590051891413
tfidf,1,2,42,fake,401,0,0.8417596353847886,0.6129526596020053
tfidf,1,2,42,fake,412,1,0.7076000362348762,0.4559300848729576
tfidf,1,2,42,fake,422,1,0.5909112206265081,0.5132154453846124
tfidf,1,2,42,fake,427,0,0.007573901560610672,0.11396046581515383
tfidf,1,2,42,fake,440,1,0.8257189455488693,0.700389820345767
tfidf,1,2,42,fake,443,0,0.28242584644601604,0.3450266653349305
tfidf,1,2,42,fake,457,0,0.016548907457673987,0.14007464585311252
tfidf,1,2,42,fake,479,0,0.025639702099970726,0.15149672008293794
tfidf,1,2,42,fake,482,0,0.08267846927533548,0.2422089626079306
tfidf,1,2,42,fake,486,0,0.01843856603721519,0.14991115547243355
tfidf,1,3,42,fake,305,0,0.31525391351191795,0.2997721000670402
tfidf,1,3,42,fake,307,0,0.38517994382797016,0.2677135255024079
tfidf,1,3,42,fake,313,0,0.3915222571282401,0.38653544326434996
tfidf,1,3,42,fake,315,0,0.37691567234363443,0.2595432469271904
tfidf,1,3,42,fake,317,0,0.39491194894097603,0.5155809020136735
tfidf,1,3,42,fake,320,1,0.8532471442642512,0.9083889741557208
tfidf,1,3,42,fake,338,1,0.6161081162221212,0.7566707778678943
tfidf,1,3,42,fake,344,1,0.3341371645723377,0.45894321727147824
tfidf,1,3,42,fake,352,1,0.9208986025167878,0.861702294995495
tfidf,1,3,42,fake,356,1,0.8847355243250089,0.9164180558316476
tfidf,1,3,42,fake,367,1,0.9946842811191005,0.9956897685314895
tfidf,1,3,42,fake,371,0,0.3615366517708704,0.4401012602748473
tfidf,1,3,42,fake,380,1,0.9563841238238229,0.936980749674245
tfidf,1,3,42,fake,383,0,0.16145200818495595,0.14734300085093804
tfidf,1,3,42,fake,393,0,0.47092766628860594,0.4551060154320874
tfidf,1,3,42,fake,395,0,0.4121692408109909,0.5113331005670494
tfidf,1,3,42,fake,397,0,0.41772623930755554,0.40988981122220974
tfidf,1,3,42,fake,425,0,0.763026110960449,0.7690408188200732
tfidf,1,3,42,fake,430,0,0.16489040794639,0.13767472026050534
tfidf,1,3,42,fake,436,0,0.012745482658088909,0.009840319701963987
tfidf,1,3,42,fake,439,0,0.39788404040400926,0.4281060336132222
tfidf,1,3,42,fake,446,0,0.029869234884677413,0.03643432895366277
tfidf,1,3,42,fake,447,0,0.5733273768495009,0.5702168913832313
tfidf,1,3,42,fake,459,1,0.9718202837702016,0.9703003110215307
tfidf,1,3,42,fake,474,0,0.0857963590545466,0.06307591268451734
tfidf,1,3,42,fake,475,0,0.0020290144797409097,0.0021172990570392384
tfidf,1,3,42,fake,489,0,0.12605317966270005,0.11235501364417837
tfidf,1,3,42,fake,491,0,0.10162957138579745,0.10802785643544385
tfidf,1,4,42,fake,318,0,0.016227460528531305,0.14302984250434478
tfidf,1,4,42,fake,322,0,0.5227310748360083,0.7525919370938045
tfidf,1,4,42,fake,326,0,0.0016461029219858212,0.06928932889207322
tfidf,1,4,42,fake,327,0,0.4904207316056763,0.5300571534091748
tfidf,1,4,42,fake,335,1,0.5346798580275931,0.5640594144804909
tfidf,1,4,42,fake,343,0,0.9882490208028878,0.917882423169536
tfidf,1,4,42,fake,347,1,0.9683184008506404,0.8044076194720912
tfidf,1,4,42,fake,351,1,0.99869021192063,0.9759080176301644
tfidf,1,4,42,fake,374,0,0.358087303208857,0.467306727868466
tfidf,1,4,42,fake,377,1,0.9655559562216411,0.968583695106211
tfidf,1,4,42,fake,389,1,0.9725423801156323,0.8855029094836523
tfidf,1,4,42,fake,414,1,0.11174729441878632,0.22663677155244724
tfidf,1,4,42,fake,415,0,0.03676847880361996,0.0932391009182806
tfidf,1,4,42,fake,419,0,0.000992068333310306,0.012783821926896357
tfidf,1,4,42,fake,445,0,0.3859183455929053,0.3456191282180295
tfidf,1,4,42,fake,448,1,0.6524463273733282,0.5089189878849338
tfidf,1,4,42,fake,449,0,0.07303735617014316,0.08363302745620718
tfidf,1,4,42,fake,455,0,0.009847831721658845,0.09442060893244315
tfidf,1,4,42,fake,458,0,0.7714265493699338,0.3904572648820159
tfidf,1,4,42,fake,463,0,0.0010703290316551367,0.008103874609569888
tfidf,1,4,42,fake,464,0,0.006987856859742781,0.05764434704127364
tfidf,1,4,42,fake,471,0,0.044625312797384235,0.07522318416116001
tfidf,1,4,42,fake,472,0,3.384075673677213e-05,0.007456566086562164
tfidf,1,4,42,fake,477,0,0.7936097083567993,0.7065038177017693
tfidf,1,4,42,fake,478,0,0.9376474518327914,0.7576803342111278
tfidf,1,4,42,fake,483,1,0.9729363842433815,0.8965244374585205
tfidf,1,4,42,fake,488,0,0.031437816334363065,0.08265548037689907
tfidf,1,4,42,fake,492,0,0.01796383152866453,0.14753410930866648
tfidf,1,5,42,fake,302,0,0.05568661627109705,0.05727881564681131
tfidf,1,5,42,fake,321,1,0.8771233506409671,0.8737106070330323
tfidf,1,5,42,fake,325,1,0.9243534537046881,0.9244742534676538
tfidf,1,5,42,fake,330,1,0.4265462303671228,0.4192940433308291
tfidf,1,5,42,fake,333,0,0.2839163213166738,0.2842358201132731
tfidf,1,5,42,fake,336,0,0.334361052860127,0.3525136651744702
tfidf,1,5,42,fake,340,0,0.17577477924409463,0.1749685437010499
tfidf,1,5,42,fake,341,0,0.2897015727150267,0.2978799833934063
tfidf,1,5,42,fake,348,1,0.5923378480620207,0.6011544734217688
tfidf,1,5,42,fake,350,1,0.7455838705006673,0.7095212417739012
tfidf,1,5,42,fake,360,0,0.40056307966584587,0.3822297086774771
tfidf,1,5,42,fake,368,0,0.1873181076656373,0.19496803793789255
tfidf,1,5,42,fake,370,0,0.20419429874589967,0.19723163335817376
tfidf,1,5,42,fake,385,0,0.09387791870703398,0.09463443384047132
tfidf,1,5,42,fake,388,1,0.9646548880675255,0.9650687682882143
tfidf,1,5,42,fake,406,0,0.044563417780343194,0.04518746858927013
tfidf,1,5,42,fake,409,1,0.1697907515726021,0.1592996650581373
tfidf,1,5,42,fake,417,0,0.2669526066195448,0.2876507134444318
tfidf,1,5,42,fake,418,1,0.7797328417671119,0.7540770290219848
tfidf,1,5,42,fake,428,0,0.17208021386119535,0.1667860016059885
tfidf,1,5,42,fake,429,0,0.5203674788598791,0.5043820007213288
tfidf,1,5,42,fake,434,0,0.03559143674314719,0.04006404935615539
tfidf,1,5,42,fake,437,0,0.21772367561647377,0.22073103777644085
tfidf,1,5,42,fake,441,1,0.8762533760722468,0.8765255087991162
tfidf,1,5,42,fake,444,0,0.4434796482322565,0.45328717700237803
tfidf,1,5,42,fake,456,0,0.13599237685757282,0.13480986193055158
tfidf,1,5,42,fake,468,0,0.0847484842146839,0.0945616708382836
tfidf,1,5,42,fake,485,0,0.022088344311481066,0.023999958644414864
tfidf,1,1,43,fake,319,1,0.9234588206128641,0.9399628745951973
tfidf,1,1,43,fake,331,0,0.4734046676139554,0.5433144759571025
tfidf,1,1,43,fake,345,1,0.868608136631813,0.9002639291215129
tfidf,1,1,43,fake,346,1,0.6311338004071204,0.671626432477189
tfidf,1,1,43,fake,357,0,0.5520286458130212,0.5885639610188504
tfidf,1,1,43,fake,358,0,0.75999901328536,0.8209023183683442
tfidf,1,1,43,fake,362,1,0.997793325130141,0.9984007395087363
tfidf,1,1,43,fake,363,0,0.18338736940487116,0.18279584862292292
tfidf,1,1,43,fake,364,0,0.6502960039694569,0.7143591788626429
tfidf,1,1,43,fake,369,0,0.2342132668784693,0.2244728551108555
tfidf,1,1,43,fake,372,1,0.25780993826804527,0.272794781823886
tfidf,1,1,43,fake,391,0,0.23900377748869145,0.3159605197242679
tfidf,1,1,43,fake,400,0,0.5905908460671444,0.6006787025631716
tfidf,1,1,43,fake,402,1,0.956623440321176,0.9635992448873396
tfidf,1,1,43,fake,403,0,0.04776354697667594,0.039573408090467284
tfidf,1,1,43,fake,404,0,0.05585268388201653,0.07518403762852109
tfidf,1,1,43,fake,413,1,0.7061241117795856,0.7573557503431492
tfidf,1,1,43,fake,416,0,0.02945179855582603,0.030243387951452424
tfidf,1,1,43,fake,420,0,0.07693425908945205,0.06306107402724259
tfidf,1,1,43,fake,423,0,0.9245724576590759,0.9430971153409352
tfidf,1,1,43,fake,426,1,0.9614644566930162,0.9642798411167219
tfidf,1,1,43,fake,433,1,0.6943344764888271,0.692876958517165
tfidf,1,1,43,fake,451,0,0.10869645406538501,0.10074431940399807
tfidf,1,1,43,fake,454,0,0.09186612019151101,0.09555605292564899
tfidf,1,1,43,fake,473,0,0.09329826018308218,0.09194989044403594
tfidf,1,1,43,fake,476,0,0.22014617895462976,0.19667604082772205
tfidf,1,1,43,fake,484,0,0.7791788930832722,0.7944802774893004
tfidf,1,1,43,fake,487,0,0.3599885370443608,0.35368199230267955
tfidf,1,1,43,fake,490,0,0.07500350949112353,0.07056206926684712
tfidf,1,2,43,fake,303,0,0.11247211881590814,0.37903869485246633
tfidf,1,2,43,fake,304,0,0.06609400499035922,0.39535474228396544
tfidf,1,2,43,fake,310,0,0.3957285352703217,0.596857951583381
tfidf,1,2,43,fake,312,0,0.4806250230090609,0.619578989326022
tfidf,1,2,43,fake,316,0,0.5759986687964513,0.7062242744158471
tfidf,1,2,43,fake,324,0,0.39997913632140714,0.6346365532791103
tfidf,1,2,43,fake,328,0,0.49837336528449927,0.6383624155583246
tfidf,1,2,43,fake,339,1,0.8755421795924219,0.8164338224578606
tfidf,1,2,43,fake,353,1,0.8567434583836357,0.7625700498786817
tfidf,1,2,43,fake,355,1,0.6626871229288314,0.6832331054868557
tfidf,1,2,43,fake,366,0,0.008610679847545512,0.14648511542553572
tfidf,1,2,43,fake,375,0,0.0044964452367894795,0.10109096378096642
tfidf,1,2,43,fake,376,1,0.9952936705861795,0.9245186359178443
tfidf,1,2,43,fake,379,0,0.4765907345531358,0.4229138769490426
tfidf,1,2,43,fake,381,1,0.9853884498711784,0.8716982768975385
tfidf,1,2,43,fake,382,0,0.31533978634603327,0.3395464892265764
tfidf,1,2,43,fake,386,1,0.623718262613026,0.4418679085123948
tfidf,1,2,43,fake,390,0,0.9874694216207065,0.8805862979752493
tfidf,1,2,43,fake,392,0,0.10395501569472985,0.2578516513233607
tfidf,1,2,43,fake,401,0,0.7027909778838304,0.56276610396987
tfidf,1,2,43,fake,412,1,0.5560419917563576,0.43785341413527956
tfidf,1,2,43,fake,422,1,0.7148089916606263,0.5370636659329571
tfidf,1,2,43,fake,427,0,0.014067966060645823,0.13728735294826916
tfidf,1,2,43,fake,440,1,0.8101035694791642,0.7079974998813201
tfidf,1,2,43,fake,443,0,0.2805252363436945,0.368106899034807
tfidf,1,2,43,fake,457,0,0.030210662928393767,0.16932472716422853
tfidf,1,2,43,fake,479,0,0.0433412411894488,0.18026237658957264
tfidf,1,2,43,fake,482,0,0.04740179798168498,0.22530090777794767
tfidf,1,2,43,fake,486,0,0.020850505805726817,0.1502969454681079
tfidf,1,3,43,fake,305,0,0.2574507211394827,0.24631177478591565
tfidf,1,3,43,fake,307,0,0.5944484465829001,0.5099168482696828
tfidf,1,3,43,fake,313,0,0.6154210603865764,0.615018545476462
tfidf,1,3,43,fake,315,0,0.404458546682566,0.3285132559475958
tfidf,1,3,43,fake,317,0,0.5118019224954717,0.581888332262058
tfidf,1,3,43,fake,320,1,0.8256242884051592,0.867320476187299
tfidf,1,3,43,fake,338,1,0.8686354006782547,0.8984684386279086
tfidf,1,3,43,fake,344,1,0.5428678575742923,0.6026866127100238
tfidf,1,3,43,fake,352,1,0.8976706083996696,0.8674974015507477
tfidf,1,3,43,fake,356,1,0.9339984635992435,0.9434014067522061
tfidf,1,3,43,fake,367,1,0.9873002549514556,0.9881674697123181
tfidf,1,3,43,fake,371,0,0.6166630804593634,0.6218805171738099
tfidf,1,3,43,fake,380,1,0.8645807897668393,0.8394849309129031
tfidf,1,3,43,fake,383,0,0.08412308794517549,0.0910436582121743
tfidf,1,3,43,fake,393,0,0.043244588671929325,0.04662544367025878
tfidf,1,3,43,fake,395,0,0.7379084550648088,0.7675997045073761
tfidf,1,3,43,fake,397,0,0.42932010714552865,0.42420825666053663
tfidf,1,3,43,fake,425,0,0.7533668660060487,0.75168354746095
tfidf,1,3,43,fake,430,0,0.26616052069357254,0.23826961855311318
tfidf,1,3,43,fake,436,0,0.03226435770134675,0.02827618224397152
tfidf,1,3,43,fake,439,0,0.33689342756833424,0.35275261223735316
tfidf,1,3,43,fake,446,0,0.03774200990290718,0.040202635547633696
tfidf,1,3,43,fake,447,0,0.2877287921714233,0.29284341279612097
tfidf,1,3,43,fake,459,1,0.9322119051627548,0.9344894687542212
tfidf,1,3,43,fake,474,0,0.03794523110276576,0.032125565364649535
tfidf,1,3,43,fake,475,0,0.08197415385240454,0.07268755220874247
tfidf,1,3,43,fake,489,0,0.04883666222749639,0.04893210739369013
tfidf,1,3,43,fake,491,0,0.09840017663711917,0.0966468791013889
tfidf,1,4,43,fake,318,0,0.3594514781015876,0.24620742209876745
tfidf,1,4,43,fake,322,0,0.6423993630674456,0.6901227238437401
tfidf,1,4,43,fake,326,0,0.2883611179833682,0.2119538400437635
tfidf,1,4,43,fake,327,0,0.661733652396147,0.6231831460168161
tfidf,1,4,43,fake,335,1,0.8439032519419785,0.8002490366744076
tfidf,1,4,43,fake,343,0,0.9077581188345182,0.9073563794492321
tfidf,1,4,43,fake,347,1,0.7403354972160815,0.7673876618763477
tfidf,1,4,43,fake,351,1,0.7343214964385507,0.8084322959831759
tfidf,1,4,43,fake,374,0,0.4814206759203688,0.4702651109353135
tfidf,1,4,43,fake,377,1,0.9863178498526992,0.9903678960261987
tfidf,1,4,43,fake,389,1,0.8165010406655889,0.8578755216243021
tfidf,1,4,43,fake,414,1,0.5603415113587424,0.525215844003251
tfidf,1,4,43,fake,415,0,0.09015168764682711,0.07806260091802046
tfidf,1,4,43,fake,419,0,0.008978269175342115,0.006512262168295395
tfidf,1,4,43,fake,445,0,0.07257707730215304,0.07834189516207407
tfidf,1,4,43,fake,448,1,0.34676830071820197,0.33579163757072306
tfidf,1,4,43,fake,449,0,0.285835339252187,0.2549668399162858
tfidf,1,4,43,fake,455,0,0.0747487494188459,0.07932211067403344
tfidf,1,4,43,fake,458,0,0.37746170663983053,0.3723796048002001
tfidf,1,4,43,fake,463,0,0.007284560942388956,0.00401545684380353
tfidf,1,4,43,fake,464,0,0.09953741285413571,0.09138488028533816
tfidf,1,4,43,fake,471,0,0.20261747296247845,0.13794885552038685
tfidf,1,4,43,fake,472,0,0.02094448864615939,0.01800415093169561
tfidf,1,4,43,fake,477,0,0.35470486982246874,0.39745226641487047
tfidf,1,4,43,fake,478,0,0.6824765509383145,0.6944369118855012
tfidf,1,4,43,fake,483,1,0.9081641516341726,0.8900308032698909
tfidf,1,4,43,fake,488,0,0.08612231910677177,0.06327680288890632
tfidf,1,4,43,fake,492,0,0.06005632242741646,0.06830623068603187
tfidf,1,5,43,fake,302,0,0.02754381894586273,0.026673235939674998
tfidf,1,5,43,fake,321,1,0.5567251883504967,0.5687967792680815
tfidf,1,5,43,fake,325,1,0.993933818037668,0.9938579705540943
tfidf,1,5,43,fake,330,1,0.3205691741628053,0.3264094076097141
tfidf,1,5,43,fake,333,0,0.7233453890101817,0.7209173961501781
tfidf,1,5,43,fake,336,0,0.30061906685924866,0.2760477466182431
tfidf,1,5,43,fake,340,0,0.29404290014763296,0.2841033306536358
tfidf,1,5,43,fake,341,0,0.42713459154533057,0.4131758476770041
tfidf,1,5,43,fake,348,1,0.38063405159765473,0.3662582347974697
tfidf,1,5,43,fake,350,1,0.8858889179991216,0.8988574398036624
tfidf,1,5,43,fake,360,0,0.5383120115785486,0.541400021847518
tfidf,1,5,43,fake,368,0,0.2670696538017827,0.2547772280602321
tfidf,1,5,43,fake,370,0,0.7564883886008321,0.7791259392999254
tfidf,1,5,43,fake,385,0,0.4736530659069211,0.4895833436174346
tfidf,1,5,43,fake,388,1,0.7375800163162228,0.7479370315677116
tfidf,1,5,43,fake,406,0,0.03348746658401288,0.031511749206797994
tfidf,1,5,43,fake,409,1,0.7615014711732523,0.7804410106495913
tfidf,1,5,43,fake,417,0,0.19090011990130157,0.1787529720809853
tfidf,1,5,43,fake,418,1,0.8605532036263913,0.8726842541692191
tfidf,1,5,43,fake,428,0,0.14216822555183964,0.134906035279326
tfidf,1,5,43,fake,429,0,0.12728938388189512,0.13734948117405332
tfidf,1,5,43,fake,434,0,0.08079570215985026,0.0704789043740522
tfidf,1,5,43,fake,437,0,0.09098489657312865,0.08706166949548441
tfidf,1,5,43,fake,441,1,0.8632736467524356,0.8711990115547891
tfidf,1,5,43,fake,444,0,0.06745531374195522,0.06522670958566766
tfidf,1,5,43,fake,456,0,0.013161136656044455,0.013067746171709563
tfidf,1,5,43,fake,468,0,0.05088947142381086,0.04340501211793873
tfidf,1,5,43,fake,485,0,0.0956430822891941,0.09579598633047384
tfidf,1,1,44,fake,319,1,0.9361753561153062,0.9449107781233325
tfidf,1,1,44,fake,331,0,0.5727228409206228,0.6432822890794659
tfidf,1,1,44,fake,345,1,0.9853746291022767,0.9881309569289483
tfidf,1,1,44,fake,346,1,0.8447310789162651,0.8656762740832767
tfidf,1,1,44,fake,357,0,0.19022064444515335,0.2291625683752025
tfidf,1,1,44,fake,358,0,0.5111638515366884,0.6064581946584633
tfidf,1,1,44,fake,362,1,0.9985535401739697,0.9989006365346338
tfidf,1,1,44,fake,363,0,0.05517059842743989,0.059256580100606325
tfidf,1,1,44,fake,364,0,0.6820479770468746,0.74811124828929
tfidf,1,1,44,fake,369,0,0.16901955105335278,0.16099941932637624
tfidf,1,1,44,fake,372,1,0.7577413965532059,0.7611984807438316
tfidf,1,1,44,fake,391,0,0.3647532126845436,0.4506728378819872
tfidf,1,1,44,fake,400,0,0.7636841872662932,0.7551137760609568
tfidf,1,1,44,fake,402,1,0.9600546031333889,0.9647518077139948
tfidf,1,1,44,fake,403,0,0.02534398687420449,0.021654155573410414
tfidf,1,1,44,fake,404,0,0.12464009751441348,0.1572793160777971
tfidf,1,1,44,fake,413,1,0.8853506503366977,0.8991921802317836
tfidf,1,1,44,fake,416,0,0.02436274142401038,0.024302608827154303
tfidf,1,1,44,fake,420,0,0.1287237973630375,0.10873089610544154
tfidf,1,1,44,fake,423,0,0.876106674557397,0.9000630436032578
tfidf,1,1,44,fake,426,1,0.3795945481047628,0.4157322702680877
tfidf,1,1,44,fake,433,1,0.2878763920431109,0.30048976975319214
tfidf,1,1,44,fake,451,0,0.6210823259198088,0.5659292531991424
tfidf,1,1,44,fake,454,0,0.1590951898430037,0.18511238493211643
tfidf,1,1,44,fake,473,0,0.10259114947487019,0.09966974031571359
tfidf,1,1,44,fake,476,0,0.14121233349630133,0.12994994374402583
tfidf,1,1,44,fake,484,0,0.31034024111933617,0.33529892353744734
tfidf,1,1,44,fake,487,0,0.268458282486692,0.2622311451639521
tfidf,1,1,44,fake,490,0,0.07796425547691184,0.07802193759890402
tfidf,1,2,44,fake,303,0,0.10190900667375793,0.1013096052857896
tfidf,1,2,44,fake,304,0,0.06124531581748192,0.06030787660141158
tfidf,1,2,44,fake,310,0,0.34791688447645275,0.33313153970436493
tfidf,1,2,44,fake,312,0,0.41035575699784405,0.40261115531784863
tfidf,1,2,44,fake,316,0,0.5680872666979794,0.5625029823441823
tfidf,1,2,44,fake,324,0,0.39097784777261985,0.39847405183498125
tfidf,1,2,44,fake,328,0,0.6823981653700992,0.6784946047514072
tfidf,1,2,44,fake,339,1,0.881606780350002,0.8811929273528925
tfidf,1,2,44,fake,353,1,0.6478180204875174,0.6514495924304227
tfidf,1,2,44,fake,355,1,0.8293790549700836,0.8368579234118738
tfidf,1,2,44,fake,366,0,0.03263511098401442,0.030591830414961763
tfidf,1,2,44,fake,375,0,0.0049538226859562485,0.004589900907503983
tfidf,1,2,44,fake,376,1,0.9848671952022473,0.9855138407224794
tfidf,1,2,44,fake,379,0,0.5556356005496401,0.5434161555031982
tfidf,1,2,44,fake,381,1,0.9357896464404809,0.9386382302950259
tfidf,1,2,44,fake,382,0,0.22237542939342997,0.20833318497625858
tfidf,1,2,44,fake,386,1,0.570364129212407,0.5777629265381141
tfidf,1,2,44,fake,390,0,0.9802754096204574,0.9812826851301835
tfidf,1,2,44,fake,392,0,0.05795212285635177,0.05649642699761369
tfidf,1,2,44,fake,401,0,0.6798391184977086,0.6775044776858884
tfidf,1,2,44,fake,412,1,0.9960588480285515,0.9959540205629979
tfidf,1,2,44,fake,422,1,0.7101152068149937,0.6980931665666458
tfidf,1,2,44,fake,427,0,0.012848064274877167,0.012003826182671758
tfidf,1,2,44,fake,440,1,0.9734266788737055,0.9728479919118884
tfidf,1,2,44,fake,443,0,0.12428080766780888,0.12268443459193962
tfidf,1,2,44,fake,457,0,0.009879424901143304,0.009212369973399054
tfidf,1,2,44,fake,479,0,0.006842153829702277,0.006366332923832829
tfidf,1,2,44,fake,482,0,0.04672377380135006,0.045325598248478524
tfidf,1,2,44,fake,486,0,0.023008015971974254,0.021926687530539203
tfidf,1,3,44,fake,305,0,0.3889161425566333,0.5685360657501509
tfidf,1,3,44,fake,307,0,0.21879610155288615,0.43972650548397746
tfidf,1,3,44,fake,313,0,0.3892997870453001,0.5595257986002645
tfidf,1,3,44,fake,315,0,0.2237602257218094,0.5145315069098985
tfidf,1,3,44,fake,317,0,0.7228225393694426,0.7270729650077977
tfidf,1,3,44,fake,320,1,0.955226452578451,0.864741226314513
tfidf,1,3,44,fake,338,1,0.5880458548911617,0.6254754905464945
tfidf,1,3,44,fake,344,1,0.5625223343917095,0.6935164748372972
tfidf,1,3,44,fake,352,1,0.5801310578123982,0.5835398384610186
tfidf,1,3,44,fake,356,1,0.8526797695452903,0.7519970940897068
tfidf,1,3,44,fake,367,1,0.9982674575707409,0.947994218148111
tfidf,1,3,44,fake,371,0,0.45644806067258836,0.4680771464798687
tfidf,1,3,44,fake,380,1,0.688094172290846,0.6390878304708271
tfidf,1,3,44,fake,383,0,0.3910678330779521,0.4850722720106511
tfidf,1,3,44,fake,393,0,0.02310696304010849,0.20960539564232397
tfidf,1,3,44,fake,395,0,0.47664522705980933,0.47307647754918236
tfidf,1,3,44,fake,397,0,0.5224603655311382,0.38844142755870936
tfidf,1,3,44,fake,425,0,0.722347892992101,0.681092002214039
tfidf,1,3,44,fake,430,0,0.30697958810451403,0.45382743805111425
tfidf,1,3,44,fake,436,0,0.01637094092696001,0.13255025452220856
tfidf,1,3,44,fake,439,0,0.1326936186005711,0.32223335739380427
tfidf,1,3,44,fake,446,0,0.03407569855836411,0.20907843479199062
tfidf,1,3,44,fake,447,0,0.29345058498275445,0.32712304178059937
tfidf,1,3,44,fake,459,1,0.8397125856530937,0.7673784750549321
tfidf,1,3,44,fake,474,0,0.07639560745778817,0.20373348513295694
tfidf,1,3,44,fake,475,0,0.0167333467647962,0.12451370055818037
tfidf,1,3,44,fake,489,0,0.020814345019441828,0.17491085841849469
tfidf,1,3,44,fake,491,0,0.3817046412114137,0.5459314965292238
tfidf,1,4,44,fake,318,0,0.45352306695441497,0.29248240995247926
tfidf,1,4,44,fake,322,0,0.3932339474105107,0.6485447489869682
tfidf,1,4,44,fake,326,0,0.5073087611097491,0.3424635511957531
tfidf,1,4,44,fake,327,0,0.5200983090213517,0.5780164531368772
tfidf,1,4,44,fake,335,1,0.0425541255394666,0.2759197281651204
tfidf,1,4,44,fake,343,0,0.4272843707134409,0.5764297571870391
tfidf,1,4,44,fake,347,1,0.8936305948536825,0.7702205781207115
tfidf,1,4,44,fake,351,1,0.9928398227871789,0.9566916419900827
tfidf,1,4,44,fake,374,0,0.04914435246500146,0.2888709037681042
tfidf,1,4,44,fake,377,1,0.9998851913831546,0.9955963442994669
tfidf,1,4,44,fake,389,1,0.8377842257657062,0.7098978089471923
tfidf,1,4,44,fake,414,1,0.14535519598027605,0.2427722594548036
tfidf,1,4,44,fake,415,0,0.038965872157834876,0.1100960997991101
tfidf,1,4,44,fake,419,0,0.000426396239460175,0.015111381768563201
tfidf,1,4,44,fake,445,0,0.16637381383523656,0.1948293793319028
tfidf,1,4,44,fake,448,1,0.9769083171784164,0.8110519315471655
tfidf,1,4,44,fake,449,0,0.8972979831862544,0.5014728112409854
tfidf,1,4,44,fake,455,0,0.00435617447908875,0.04753033193629166
tfidf,1,4,44,fake,458,0,0.14991514661366087,0.2247974396311968
tfidf,1,4,44,fake,463,0,6.311138044770071e-05,0.0025307260776001725
tfidf,1,4,44,fake,464,0,0.003232223694566917,0.05579775564937651
tfidf,1,4,44,fake,471,0,0.06979043607234119,0.07991006770846165
tfidf,1,4,44,fake,472,0,0.00013151574466582547,0.010692638042025339
tfidf,1,4,44,fake,477,0,0.46300103509072865,0.48851447912215906
tfidf,1,4,44,fake,478,0,0.49356418830206034,0.7673956012819272
tfidf,1,4,44,fake,483,1,0.9779014842853295,0.8790919191394122
tfidf,1,4,44,fake,488,0,0.018613109142425123,0.07497970848895319
tfidf,1,4,44,fake,492,0,0.0009176789845215034,0.03632068800359465
tfidf,1,5,44,fake,302,0,0.2458663390870944,0.2467905214367203
tfidf,1,5,44,fake,321,1,0.98507581420535,0.9864852282384272
tfidf,1,5,44,fake,325,1,0.9093906623999645,0.9112675179029346
tfidf,1,5,44,fake,330,1,0.6541196480557662,0.6652282382273967
tfidf,1,5,44,fake,333,0,0.38044639956719967,0.3822380471600306
tfidf,1,5,44,fake,336,0,0.2879986002955436,0.2669464680389244
tfidf,1,5,44,fake,340,0,0.8840187067804705,0.8843334888349901
tfidf,1,5,44,fake,341,0,0.2953084426155054,0.28225655516320075
tfidf,1,5,44,fake,348,1,0.6393053822359147,0.6348888462187242
tfidf,1,5,44,fake,350,1,0.6578494123303097,0.6919124727087332
tfidf,1,5,44,fake,360,0,0.5399545041035149,0.5553494233544607
tfidf,1,5,44,fake,368,0,0.2701168489318313,0.25757096061843443
tfidf,1,5,44,fake,370,0,0.13279113525826844,0.14208377980867268
tfidf,1,5,44,fake,385,0,0.23092046369039265,0.23478850715337773
tfidf,1,5,44,fake,388,1,0.8512260764074729,0.8551305434975144
tfidf,1,5,44,fake,406,0,0.021880356718694968,0.021960413678690803
tfidf,1,5,44,fake,409,1,0.583818746195493,0.6092469213447247
tfidf,1,5,44,fake,417,0,0.2489976808827238,0.2363151215253714
tfidf,1,5,44,fake,418,1,0.831712642723764,0.8475400633214032
tfidf,1,5,44,fake,428,0,0.1679770646757954,0.17431775472474237
tfidf,1,5,44,fake,429,0,0.08132902753477585,0.08965376928367065
tfidf,1,5,44,fake,434,0,0.05156360809634887,0.046677527088265044
tfidf,1,5,44,fake,437,0,0.07084353223707388,0.07148144598307798
tfidf,1,5,44,fake,441,1,0.908409289297666,0.9135707302631313
tfidf,1,5,44,fake,444,0,0.0461246441735388,0.046173155109140676
tfidf,1,5,44,fake,456,0,0.015336568053446244,0.015503016044351135
tfidf,1,5,44,fake,468,0,0.04411687046118106,0.03885277037067622
tfidf,1,5,44,fake,485,0,0.08799302497701328,0.08457327101551584
tfidf,1,1,45,fake,319,1,0.7185418998437448,0.8158150838217321
tfidf,1,1,45,fake,331,0,0.48485262114939087,0.6087822892273486
tfidf,1,1,45,fake,345,1,0.8586639679476326,0.9156551416408133
tfidf,1,1,45,fake,346,1,0.5495149748169421,0.6355086948018562
tfidf,1,1,45,fake,357,0,0.5294218668786257,0.587199540102815
tfidf,1,1,45,fake,358,0,0.7723234382581169,0.8680404114351865
tfidf,1,1,45,fake,362,1,0.8584287315257961,0.9319714339205849
tfidf,1,1,45,fake,363,0,0.33544493667679126,0.30117415081059745
tfidf,1,1,45,fake,364,0,0.7128067339608408,0.8131096635757312
tfidf,1,1,45,fake,369,0,0.31135088023040486,0.2680976269413706
tfidf,1,1,45,fake,372,1,0.4723926226730683,0.5248857306789309
tfidf,1,1,45,fake,391,0,0.8426694904211295,0.88365385115867
tfidf,1,1,45,fake,400,0,0.6270925988714208,0.6170187755191369
tfidf,1,1,45,fake,402,1,0.9905869412461193,0.9919543851181422
tfidf,1,1,45,fake,403,0,0.035716979656240835,0.025625878680049487
tfidf,1,1,45,fake,404,0,0.1263001095326112,0.18614316421580834
tfidf,1,1,45,fake,413,1,0.9755227568710994,0.9805240741614485
tfidf,1,1,45,fake,416,0,0.030060920200536488,0.02925366291050544
tfidf,1,1,45,fake,420,0,0.13464168734561524,0.08494856429962747
tfidf,1,1,45,fake,423,0,0.8530839787791392,0.8944310712358535
tfidf,1,1,45,fake,426,1,0.8812418878650591,0.9024457206582738
tfidf,1,1,45,fake,433,1,0.9933823008404056,0.993064696444643
tfidf,1,1,45,fake,451,0,0.28145251634887447,0.23959803907393198
tfidf,1,1,45,fake,454,0,0.08997161400922672,0.1027876606941058
tfidf,1,1,45,fake,473,0,0.052065568569049314,0.049261861434224834
tfidf,1,1,45,fake,476,0,0.08134606034279364,0.06878517232428943
tfidf,1,1,45,fake,484,0,0.33955295831300736,0.4253477318443144
tfidf,1,1,45,fake,487,0,0.35615295656419454,0.3561456071559885
tfidf,1,1,45,fake,490,0,0.027769943701182496,0.025210650170611946
tfidf,1,2,45,fake,303,0,0.03538472366242757,0.03311123741356005
tfidf,1,2,45,fake,304,0,0.04358752870860827,0.034335619139661266
tfidf,1,2,45,fake,310,0,0.5693785729865499,0.4970171554315522
tfidf,1,2,45,fake,312,0,0.4709873630236218,0.4175823213078747
tfidf,1,2,45,fake,316,0,0.603988652088562,0.5825023722203728
tfidf,1,2,45,fake,324,0,0.3717158671710103,0.40358975101641614
tfidf,1,2,45,fake,328,0,0.4477706772665881,0.42132741565208887
tfidf,1,2,45,fake,339,1,0.9613141692601643,0.959110262861142
tfidf,1,2,45,fake,353,1,0.9889016423775816,0.9906397097689206
tfidf,1,2,45,fake,355,1,0.6832879982478548,0.7227900828046687
tfidf,1,2,45,fake,366,0,0.020903512893299725,0.01642350038398498
tfidf,1,2,45,fake,375,0,0.003843050767515699,0.0028986638178511706
tfidf,1,2,45,fake,376,1,0.9978297646940747,0.9978215298541073
tfidf,1,2,45,fake,379,0,0.33915494756446896,0.2894219744937882
tfidf,1,2,45,fake,381,1,0.8854668885506386,0.895585863393031
tfidf,1,2,45,fake,382,0,0.3383284012620553,0.26394517331305967
tfidf,1,2,45,fake,386,1,0.5849849834131666,0.5848879751137361
tfidf,1,2,45,fake,390,0,0.9881916757551626,0.9900676187213852
tfidf,1,2,45,fake,392,0,0.06019710533806034,0.05355181376669574
tfidf,1,2,45,fake,401,0,0.6720138493346581,0.6433447822424587
tfidf,1,2,45,fake,412,1,0.6676937045487313,0.6529063338988834
tfidf,1,2,45,fake,422,1,0.7148168638546383,0.65676735685548
tfidf,1,2,45,fake,427,0,0.0439263511948389,0.03278722852715836
tfidf,1,2,45,fake,440,1,0.8013903121216789,0.8011697532121941
tfidf,1,2,45,fake,443,0,0.15004182173179345,0.1352557581862947
tfidf,1,2,45,fake,457,0,0.010761421612311552,0.00866907012806352
tfidf,1,2,45,fake,479,0,0.006399521729417857,0.005240795990346399
tfidf,1,2,45,fake,482,0,0.04920489824140953,0.04053647959440587
tfidf,1,2,45,fake,486,0,0.013288642199296088,0.012746121533943715
tfidf,1,3,45,fake,305,0,0.4579150746654553,0.3995104281813543
tfidf,1,3,45,fake,307,0,0.3795881525722084,0.2164256692397497
tfidf,1,3,45,fake,313,0,0.4174111317898283,0.42542611561192617
tfidf,1,3,45,fake,315,0,0.47170457619132744,0.2996642241499601
tfidf,1,3,45,fake,317,0,0.42933694571282033,0.5676055975854086
tfidf,1,3,45,fake,320,1,0.8492380289251746,0.9135660174458308
tfidf,1,3,45,fake,338,1,0.4990356194753619,0.6807755399449889
tfidf,1,3,45,fake,344,1,0.6297263199116782,0.7440006493234551
tfidf,1,3,45,fake,352,1,0.5351761564927977,0.3514005971073794
tfidf,1,3,45,fake,356,1,0.9482630440891804,0.9693810986001381
tfidf,1,3,45,fake,367,1,0.9986655499888798,0.9986845478870604
tfidf,1,3,45,fake,371,0,0.2962870850140843,0.3292881608796994
tfidf,1,3,45,fake,380,1,0.8870175944131752,0.8270165953334148
tfidf,1,3,45,fake,383,0,0.06800353417542944,0.056737588293789075
tfidf,1,3,45,fake,393,0,0.06929712939078718,0.06535808617512044
tfidf,1,3,45,fake,395,0,0.5965394468023181,0.6871914877847622
tfidf,1,3,45,fake,397,0,0.07804305645109734,0.06219981920735005
tfidf,1,3,45,fake,425,0,0.6932038296973926,0.7075520443584085
tfidf,1,3,45,fake,430,0,0.19987221880602107,0.1693230270650986
tfidf,1,3,45,fake,436,0,0.026365617648162577,0.017819600995909114
tfidf,1,3,45,fake,439,0,0.4236834724116528,0.3972162287382284
tfidf,1,3,45,fake,446,0,0.07241262570818185,0.08456464808128045
tfidf,1,3,45,fake,447,0,0.16195020288329307,0.15675600115388288
tfidf,1,3,45,fake,459,1,0.8624762328263427,0.8463904317286235
tfidf,1,3,45,fake,474,0,0.07976215257395831,0.05412358325722314
tfidf,1,3,45,fake,475,0,0.09808033851212924,0.08963905038792681
tfidf,1,3,45,fake,489,0,0.1445903386216696,0.13717300342915575
tfidf,1,3,45,fake,491,0,0.07901214963223901,0.07194943863429978
tfidf,1,4,45,fake,318,0,0.48191059354816157,0.30746042594350526
tfidf,1,4,45,fake,322,0,0.6587539086223045,0.700727849067567
tfidf,1,4,45,fake,326,0,0.32307922103794995,0.18194406226665555
tfidf,1,4,45,fake,327,0,0.8012358002563602,0.749116342586382
tfidf,1,4,45,fake,335,1,0.6943079152612949,0.6161201284630347
tfidf,1,4,45,fake,343,0,0.687638159331183,0.6780225879742869
tfidf,1,4,45,fake,347,1,0.36383079465729373,0.3823984399553304
tfidf,1,4,45,fake,351,1,0.9141969358873899,0.9455135548537043
tfidf,1,4,45,fake,374,0,0.38670133938516665,0.3611222586132612
tfidf,1,4,45,fake,377,1,0.9982100409177137,0.9987557019073234
tfidf,1,4,45,fake,389,1,0.6167884903076485,0.6879663575366876
tfidf,1,4,45,fake,414,1,0.838937878178311,0.7895217423157167
tfidf,1,4,45,fake,415,0,0.11163199672468578,0.10157738681113293
tfidf,1,4,45,fake,419,0,0.010311405594863004,0.006437623525981469
tfidf,1,4,45,fake,445,0,0.17866315016110185,0.20605402378316096
tfidf,1,4,45,fake,448,1,0.819674172383475,0.786004230117218
tfidf,1,4,45,fake,449,0,0.3132602346381698,0.2654834397680427
tfidf,1,4,45,fake,455,0,0.048057217153527794,0.0526835917949939
tfidf,1,4,45,fake,458,0,0.12854522665208218,0.16388658309652157
tfidf,1,4,45,fake,463,0,0.009828416920091428,0.005492931065504395
tfidf,1,4,45,fake,464,0,0.05333243269431721,0.042241611013363656
tfidf,1,4,45,fake,471,0,0.1678839431792442,0.11189961732087439
tfidf,1,4,45,fake,472,0,0.013378320320786086,0.010713588315075706
tfidf,1,4,45,fake,477,0,0.42130921659728665,0.45584645702077853
tfidf,1,4,45,fake,478,0,0.7880746901173589,0.8150200503106225
tfidf,1,4,45,fake,483,1,0.5191222521013611,0.4678338653567781
tfidf,1,4,45,fake,488,0,0.06661865146554759,0.04399822074755434
tfidf,1,4,45,fake,492,0,0.14554173249373703,0.14611591473260627
tfidf,1,5,45,fake,302,0,0.4754053963695909,0.6102073619926665
tfidf,1,5,45,fake,321,1,0.6495930177186778,0.7235831361615923
tfidf,1,5,45,fake,325,1,0.7712591647529277,0.7208829064233993
tfidf,1,5,45,fake,330,1,0.6470011125544014,0.7026316129059256
tfidf,1,5,45,fake,333,0,0.32411764182527036,0.578832274666975
tfidf,1,5,45,fake,336,0,0.3744170170008742,0.5672012314394099
tfidf,1,5,45,fake,340,0,0.26759924389172157,0.562279614388798
tfidf,1,5,45,fake,341,0,0.6351550451638658,0.6627924202785715
tfidf,1,5,45,fake,348,1,0.9739966685308388,0.8541322551349305
tfidf,1,5,45,fake,350,1,0.8610780536174629,0.7536226604575829
tfidf,1,5,45,fake,360,0,0.612176937052248,0.5946065118286649
tfidf,1,5,45,fake,368,0,0.536612790565958,0.5154374474893225
tfidf,1,5,45,fake,370,0,0.1488473222570105,0.2736189138247028
tfidf,1,5,45,fake,385,0,0.09277515234214156,0.26849356586590956
tfidf,1,5,45,fake,388,1,0.7857258750805916,0.5921694357126939
tfidf,1,5,45,fake,406,0,0.08569042595216583,0.2027351936204622
tfidf,1,5,45,fake,409,1,0.15202689324083837,0.3886259819151703
tfidf,1,5,45,fake,417,0,0.09234978670444387,0.2673615145239537
tfidf,1,5,45,fake,418,1,0.9075020581934863,0.7352451604193418
tfidf,1,5,45,fake,428,0,0.0779623949193381,0.22945424133111303
tfidf,1,5,45,fake,429,0,0.09135115446258799,0.27716883940767084
tfidf,1,5,45,fake,434,0,0.041447242072675514,0.21129611112379634
tfidf,1,5,45,fake,437,0,0.1437398869044976,0.24053372925429914
tfidf,1,5,45,fake,441,1,0.7125057425408388,0.6598917979593457
tfidf,1,5,45,fake,444,0,0.08195111427991066,0.2717254880144597
tfidf,1,5,45,fake,456,0,0.2623160819117815,0.24002561136859354
tfidf,1,5,45,fake,468,0,0.05584956533490577,0.15696370196855786
tfidf,1,5,45,fake,485,0,0.0417335133589676,0.18093724595593594
tfidf,1,1,46,fake,319,1,0.7538168254030009,0.8497531689877765
tfidf,1,1,46,fake,331,0,0.38338820956911707,0.5223137823913655
tfidf,1,1,46,fake,345,1,0.9042986532586879,0.9441149755230055
tfidf,1,1,46,fake,346,1,0.9002131701930736,0.9271735198357829
tfidf,1,1,46,fake,357,0,0.5603469923364935,0.6060951303685597
tfidf,1,1,46,fake,358,0,0.9537352739104314,0.9743905744937222
tfidf,1,1,46,fake,362,1,0.9957420693196409,0.9980291161292736
tfidf,1,1,46,fake,363,0,0.19318586636127635,0.1789271177921724
tfidf,1,1,46,fake,364,0,0.44186944028495817,0.6003664118569917
tfidf,1,1,46,fake,369,0,0.12850377344187455,0.13746351247800295
tfidf,1,1,46,fake,372,1,0.38160854166261204,0.39528921013274504
tfidf,1,1,46,fake,391,0,0.4063115710313441,0.5242749926874858
tfidf,1,1,46,fake,400,0,0.7044456764522529,0.7125970594425354
tfidf,1,1,46,fake,402,1,0.9938821058758093,0.9948358018529215
tfidf,1,1,46,fake,403,0,0.015013078722023215,0.01182105914125041
tfidf,1,1,46,fake,404,0,0.06459841290178177,0.09504654524904725
tfidf,1,1,46,fake,413,1,0.7251573415911855,0.7981361431393718
tfidf,1,1,46,fake,416,0,0.03997819020384955,0.03946095556799767
tfidf,1,1,46,fake,420,0,0.1279828155306669,0.10028828460006423
tfidf,1,1,46,fake,423,0,0.8654869461572476,0.9044470027204807
tfidf,1,1,46,fake,426,1,0.9358861869860868,0.9440785203586913
tfidf,1,1,46,fake,433,1,0.3366711257334357,0.31874479027723546
tfidf,1,1,46,fake,451,0,0.43818219210565534,0.3425983211167605
tfidf,1,1,46,fake,454,0,0.05587262427817608,0.06893727155847272
tfidf,1,1,46,fake,473,0,0.053233884246227804,0.054898182746385964
tfidf,1,1,46,fake,476,0,0.443319884955107,0.3918101305652002
tfidf,1,1,46,fake,484,0,0.30156558257328253,0.39272506399671425
tfidf,1,1,46,fake,487,0,0.2615790693284239,0.2363616535840592
tfidf,1,1,46,fake,490,0,0.1028958289600317,0.1034303143039844
tfidf,1,2,46,fake,303,0,0.04306131707821083,0.04224066493970468
tfidf,1,2,46,fake,304,0,0.13212872559954864,0.11288844280869634
tfidf,1,2,46,fake,310,0,0.44443654934947047,0.3845918952239605
tfidf,1,2,46,fake,312,0,0.3932130515516784,0.3388779947301347
tfidf,1,2,46,fake,316,0,0.535529089714826,0.5307501284235865
tfidf,1,2,46,fake,324,0,0.3436724075701097,0.370116947337618
tfidf,1,2,46,fake,328,0,0.7154618550568661,0.696955726232653
tfidf,1,2,46,fake,339,1,0.8143972532516004,0.8003466878288307
tfidf,1,2,46,fake,353,1,0.9593971837233228,0.9540493748034552
tfidf,1,2,46,fake,355,1,0.7100084489793639,0.7194821009669553
tfidf,1,2,46,fake,366,0,0.02950394648064383,0.024683203709051048
tfidf,1,2,46,fake,375,0,0.004012104572225745,0.0032206544269941005
tfidf,1,2,46,fake,376,1,0.9625777532401079,0.9673455963096551
tfidf,1,2,46,fake,379,0,0.4428089740059582,0.4114333032228971
tfidf,1,2,46,fake,381,1,0.9280579416773129,0.94273987240459
tfidf,1,2,46,fake,382,0,0.4748122381059591,0.41985310867282366
tfidf,1,2,46,fake,386,1,0.790858341002931,0.7831989520008181
tfidf,1,2,46,fake,390,0,0.9061793690012805,0.9240992585906265
tfidf,1,2,46,fake,392,0,0.13379565885098949,0.1275007141168631
tfidf,1,2,46,fake,401,0,0.6331118021967675,0.6251450439574446
tfidf,1,2,46,fake,412,1,0.6978810106062808,0.6891516038297627
tfidf,1,2,46,fake,422,1,0.6978539465876291,0.6746011472533766
tfidf,1,2,46,fake,427,0,0.00838779707165662,0.0067447370762597925
tfidf,1,2,46,fake,440,1,0.8605471361506616,0.8734546809439503
tfidf,1,2,46,fake,443,0,0.10250114711211843,0.09505476291918012
tfidf,1,2,46,fake,457,0,0.005505724797495979,0.004488902421040537
tfidf,1,2,46,fake,479,0,0.009638591724817482,0.008097443651508239
tfidf,1,2,46,fake,482,0,0.03797795422510161,0.03591167076812877
tfidf,1,2,46,fake,486,0,0.009328082925780717,0.008106024797893087
tfidf,1,3,46,fake,305,0,0.24221369107809024,0.20262185884979236
tfidf,1,3,46,fake,307,0,0.12370924638425217,0.0618595920479863
tfidf,1,3,46,fake,313,0,0.5397382264078545,0.520038836008823
tfidf,1,3,46,fake,315,0,0.3965295163340919,0.23812785089439498
tfidf,1,3,46,fake,317,0,0.6133236047080581,0.7474198779643166
tfidf,1,3,46,fake,320,1,0.9369485016348019,0.9683566954541871
tfidf,1,3,46,fake,338,1,0.9221931621338068,0.9577540283061775
tfidf,1,3,46,fake,344,1,0.40168100731761136,0.508136794922097
tfidf,1,3,46,fake,352,1,0.6159389131567071,0.454512806701797
tfidf,1,3,46,fake,356,1,0.680388393766108,0.7719173630466022
tfidf,1,3,46,fake,367,1,0.9981908414290247,0.9983278312977668
tfidf,1,3,46,fake,371,0,0.6916996300701413,0.730528587596396
tfidf,1,3,46,fake,380,1,0.9120457433132011,0.8626969145211816
tfidf,1,3,46,fake,383,0,0.059484974237445934,0.05123498047425389
tfidf,1,3,46,fake,393,0,0.13537792804837429,0.13700979355585954
tfidf,1,3,46,fake,395,0,0.7234465138908156,0.7789289221488048
tfidf,1,3,46,fake,397,0,0.15579193928903792,0.14628818573456265
tfidf,1,3,46,fake,425,0,0.5703508415103673,0.5731549221596638
tfidf,1,3,46,fake,430,0,0.3613957719745463,0.31182532763241544
tfidf,1,3,46,fake,436,0,0.03052754793175371,0.02308360307432709
tfidf,1,3,46,fake,439,0,0.6887212695538315,0.7005725465856273
tfidf,1,3,46,fake,446,0,0.010994102176123306,0.01273505192696733
tfidf,1,3,46,fake,447,0,0.5868609285831886,0.5631374550245706
tfidf,1,3,46,fake,459,1,0.5959290435137685,0.5930390068976926
tfidf,1,3,46,fake,474,0,0.039870674578972636,0.027788251723208913
tfidf,1,3,46,fake,475,0,0.015271261651348095,0.013737348670699243
tfidf,1,3,46,fake,489,0,0.02959416527156269,0.02810405922755759
tfidf,1,3,46,fake,491,0,0.18588061821006785,0.18264737547027796
tfidf,1,4,46,fake,318,0,0.2775127945432764,0.2081345421082725
tfidf,1,4,46,fake,322,0,0.6723621855666466,0.7211309143836941
tfidf,1,4,46,fake,326,0,0.322301614780955,0.22764212603585904
tfidf,1,4,46,fake,327,0,0.7049567871969412,0.6588578614674199
tfidf,1,4,46,fake,335,1,0.8201715522266984,0.7846705416575088
tfidf,1,4,46,fake,343,0,0.7572014552193224,0.7587209279607857
tfidf,1,4,46,fake,347,1,0.781475958722116,0.8060673583008127
tfidf,1,4,46,fake,351,1,0.6947372463015233,0.7821056644420354
tfidf,1,4,46,fake,374,0,0.3081146129943733,0.2721230414462739
tfidf,1,4,46,fake,377,1,0.9854409978964852,0.9890423509447457
tfidf,1,4,46,fake,389,1,0.8367121526166754,0.84447716387283
tfidf,1,4,46,fake,414,1,0.36505218145390445,0.31014444555764487
tfidf,1,4,46,fake,415,0,0.09427584518438105,0.09274344413745375
tfidf,1,4,46,fake,419,0,0.035899979643211816,0.028337408197292083
tfidf,1,4,46,fake,445,0,0.13311223729523955,0.14295030171774978
tfidf,1,4,46,fake,448,1,0.5505542050449503,0.5186576357226295
tfidf,1,4,46,fake,449,0,0.271604065295681,0.25058616179366255
tfidf,1,4,46,fake,455,0,0.07217934609908125,0.07491746002136727
tfidf,1,4,46,fake,458,0,0.06517271303310294,0.07579172538246552
tfidf,1,4,46,fake,463,0,0.0026309263125654063,0.0017867697242720739
tfidf,1,4,46,fake,464,0,0.06687131380511699,0.058694248898971575
tfidf,1,4,46,fake,471,0,0.07553937334329794,0.05814358792695658
tfidf,1,4,46,fake,472,0,0.03769050123356604,0.03553714606362517
tfidf,1,4,46,fake,477,0,0.3808458166629201,0.4067485169331233
tfidf,1,4,46,fake,478,0,0.7700576754317807,0.7766689783103581
tfidf,1,4,46,fake,483,1,0.9331455121430307,0.9249406811156592
tfidf,1,4,46,fake,488,0,0.4898785759336099,0.4048613049382571
tfidf,1,4,46,fake,492,0,0.04856012951907893,0.05809396040215839
tfidf,1,5,46,fake,302,0,0.059554082635890716,0.08508761139114175
tfidf,1,5,46,fake,321,1,0.6910433555300485,0.6739878041811855
tfidf,1,5,46,fake,325,1,0.7240412478411278,0.7410319127782408
tfidf,1,5,46,fake,330,1,0.4586978166475516,0.4479543228020707
tfidf,1,5,46,fake,333,0,0.48517816660607904,0.5011669672781557
tfidf,1,5,46,fake,336,0,0.3458989081084226,0.3636988975270732
tfidf,1,5,46,fake,340,0,0.31737178874622163,0.33752030574157216
tfidf,1,5,46,fake,341,0,0.5750806439151526,0.5973317080585213
tfidf,1,5,46,fake,348,1,0.8639666472651729,0.8741109479100398
tfidf,1,5,46,fake,350,1,0.8303592598800262,0.8169393993690844
tfidf,1,5,46,fake,360,0,0.3487891853665609,0.33883749299017324
tfidf,1,5,46,fake,368,0,0.23723739456070336,0.248682629063678
tfidf,1,5,46,fake,370,0,0.1217098802108196,0.11902971371361812
tfidf,1,5,46,fake,385,0,0.24034601967603633,0.2308180492573535
tfidf,1,5,46,fake,388,1,0.5489531847509506,0.5197702035547179
tfidf,1,5,46,fake,406,0,0.1465717792892942,0.15631224504704608
tfidf,1,5,46,fake,409,1,0.2900157414393035,0.27728447115265414
tfidf,1,5,46,fake,417,0,0.5057916773599288,0.5315391763273524
tfidf,1,5,46,fake,418,1,0.9713395137759234,0.9679102837840227
tfidf,1,5,46,fake,428,0,0.07914373342138066,0.07935740112623874
tfidf,1,5,46,fake,429,0,0.1342289732493719,0.1253705673783104
tfidf,1,5,46,fake,434,0,0.02988947106554676,0.03353200032673572
tfidf,1,5,46,fake,437,0,0.057197077935587336,0.05713964931202336
tfidf,1,5,46,fake,441,1,0.8889146630595649,0.8883447522092426
tfidf,1,5,46,fake,444,0,0.06837403742136106,0.06798791520781285
tfidf,1,5,46,fake,456,0,0.0179783394695144,0.018895490761394445
tfidf,1,5,46,fake,468,0,0.07042463292269642,0.07855617266054382
tfidf,1,5,46,fake,485,0,0.08266833233391187,0.08934605900156409
tfidf,1,1,47,fake,319,1,0.8728051932547565,0.9231021925791258
tfidf,1,1,47,fake,331,0,0.8851535932503866,0.9223505131320359
tfidf,1,1,47,fake,345,1,0.9984872413229611,0.9989357564606042
tfidf,1,1,47,fake,346,1,0.8222130854576782,0.8757498200714267
tfidf,1,1,47,fake,357,0,0.30933714349021857,0.3661118204268736
tfidf,1,1,47,fake,358,0,0.6243072956984645,0.7754239665721456
tfidf,1,1,47,fake,362,1,0.9369511360535207,0.970527966374095
tfidf,1,1,47,fake,363,0,0.4946962041658623,0.46664186367548965
tfidf,1,1,47,fake,364,0,0.6516258059722255,0.7555396948298833
tfidf,1,1,47,fake,369,0,0.32155572526456566,0.2917071185916393
tfidf,1,1,47,fake,372,1,0.8001797299729793,0.8163056487735562
tfidf,1,1,47,fake,391,0,0.5961881784038644,0.7069954915060649
tfidf,1,1,47,fake,400,0,0.645246611394199,0.6693352398820831
tfidf,1,1,47,fake,402,1,0.9460371552566222,0.9575653866721653
tfidf,1,1,47,fake,403,0,0.03821672977588054,0.029404180601990123
tfidf,1,1,47,fake,404,0,0.061665206473570676,0.09014266788112882
tfidf,1,1,47,fake,413,1,0.9663124467579175,0.9759077268154996
tfidf,1,1,47,fake,416,0,0.058654627010592056,0.055859102050201476
tfidf,1,1,47,fake,420,0,0.23580475753097174,0.1855142562759516
tfidf,1,1,47,fake,423,0,0.8160786367214157,0.8703263987587035
tfidf,1,1,47,fake,426,1,0.2890378306666583,0.349700606575347
tfidf,1,1,47,fake,433,1,0.7710947276566095,0.7825480293973205
tfidf,1,1,47,fake,451,0,0.2751812530001994,0.22488964729439448
tfidf,1,1,47,fake,454,0,0.028926746530602874,0.03720587700164749
tfidf,1,1,47,fake,473,0,0.03839363323979874,0.03777364767959796
tfidf,1,1,47,fake,476,0,0.1162037781311539,0.10683996626837741
tfidf,1,1,47,fake,484,0,0.12776326399683904,0.14248455157871281
tfidf,1,1,47,fake,487,0,0.42322357610748507,0.41307059651368316
tfidf,1,1,47,fake,490,0,0.12598035407905847,0.12013242437569896
tfidf,1,2,47,fake,303,0,0.08321856491416829,0.09239527980005985
tfidf,1,2,47,fake,304,0,0.13775603459339153,0.1241425134775042
tfidf,1,2,47,fake,310,0,0.487699689780381,0.40529108410556064
tfidf,1,2,47,fake,312,0,0.45800185129238696,0.39684492646692
tfidf,1,2,47,fake,316,0,0.6278128727135873,0.6011937977865361
tfidf,1,2,47,fake,324,0,0.5775444763004353,0.5895050068193376
tfidf,1,2,47,fake,328,0,0.7955124044183238,0.7688703623523875
tfidf,1,2,47,fake,339,1,0.9761409623349958,0.9759344734452965
tfidf,1,2,47,fake,353,1,0.711747658696279,0.7038043750159275
tfidf,1,2,47,fake,355,1,0.7616402608011695,0.7943819311256559
tfidf,1,2,47,fake,366,0,0.023240673885601748,0.019030689802389783
tfidf,1,2,47,fake,375,0,0.008744438427532298,0.006764571438022949
tfidf,1,2,47,fake,376,1,0.9346537947823577,0.9417809445958055
tfidf,1,2,47,fake,379,0,0.4774659584692756,0.4313767839784301
tfidf,1,2,47,fake,381,1,0.8228900541839544,0.8525566342182711
tfidf,1,2,47,fake,382,0,0.1010044806140381,0.08551043726852413
tfidf,1,2,47,fake,386,1,0.6927574221792714,0.6984645489678707
tfidf,1,2,47,fake,390,0,0.9695528786938241,0.9737189998236397
tfidf,1,2,47,fake,392,0,0.23483136880854835,0.21281659240652603
tfidf,1,2,47,fake,401,0,0.3710733308268191,0.3557981448749443
tfidf,1,2,47,fake,412,1,0.5320125268771713,0.5309777290759394
tfidf,1,2,47,fake,422,1,0.897431580814915,0.8896452634119489
tfidf,1,2,47,fake,427,0,0.0053144121157827654,0.004147272125659172
tfidf,1,2,47,fake,440,1,0.8540958717866372,0.8563077413209425
tfidf,1,2,47,fake,443,0,0.2262328433348424,0.19763113598686124
tfidf,1,2,47,fake,457,0,0.010935146318138116,0.008575401344379912
tfidf,1,2,47,fake,479,0,0.018391404773438598,0.014980564189245708
tfidf,1,2,47,fake,482,0,0.062461799976730376,0.05549107498856794
tfidf,1,2,47,fake,486,0,0.008415788149231964,0.007452514782090165
tfidf,1,3,47,fake,305,0,0.59819514495356,0.5941856326148844
tfidf,1,3,47,fake,307,0,0.4977208394422928,0.46843337400749996
tfidf,1,3,47,fake,313,0,0.6239828018822385,0.6202868343289222
tfidf,1,3,47,fake,315,0,0.5836387955853474,0.5492209187157111
tfidf,1,3,47,fake,317,0,0.6647348934715773,0.6849937546879807
tfidf,1,3,47,fake,320,1,0.8047047190119485,0.8237806151307594
tfidf,1,3,47,fake,338,1,0.595488867911365,0.6240071523383122
tfidf,1,3,47,fake,344,1,0.5518332774003647,0.5695371767288093
tfidf,1,3,47,fake,352,1,0.7232942991653293,0.6977669160703505
tfidf,1,3,47,fake,356,1,0.7386372729510297,0.7536283363914434
tfidf,1,3,47,fake,367,1,0.9155484679976029,0.9180242337052668
tfidf,1,3,47,fake,371,0,0.46136613563617174,0.4727565027318463
tfidf,1,3,47,fake,380,1,0.6971622595142056,0.6817988538238494
tfidf,1,3,47,fake,383,0,0.38369791677066206,0.3780412831060174
tfidf,1,3,47,fake,393,0,0.22859987789400663,0.22718796413797657
tfidf,1,3,47,fake,395,0,0.474974397477045,0.4853423483406336
tfidf,1,3,47,fake,397,0,0.2704828855758126,0.2675409435246173
tfidf,1,3,47,fake,425,0,0.6424418755431847,0.651660074902064
tfidf,1,3,47,fake,430,0,0.4048012927440476,0.39895414100446475
tfidf,1,3,47,fake,436,0,0.2520808483685541,0.24139917157796403
tfidf,1,3,47,fake,439,0,0.35301414321085367,0.352673591252845
tfidf,1,3,47,fake,446,0,0.258591570490202,0.2603781644419523
tfidf,1,3,47,fake,447,0,0.39420455543521116,0.39242137743819194
tfidf,1,3,47,fake,459,1,0.8393522207384277,0.8414195641895007
tfidf,1,3,47,fake,474,0,0.16886944584602231,0.1612795572480273
tfidf,1,3,47,fake,475,0,0.13909458055671572,0.1357519624888655
tfidf,1,3,47,fake,489,0,0.19474389714577417,0.19456817601318666
tfidf,1,3,47,fake,491,0,0.4609952610869294,0.46106738592502056
tfidf,1,4,47,fake,318,0,0.4893322331663102,0.3199011850970958
tfidf,1,4,47,fake,322,0,0.6178770837265962,0.6534361831170471
tfidf,1,4,47,fake,326,0,0.26472901900416484,0.15920673102892663
tfidf,1,4,47,fake,327,0,0.6707191767286826,0.6267492984422223
tfidf,1,4,47,fake,335,1,0.851965603020576,0.7809058334612857
tfidf,1,4,47,fake,343,0,0.6048955254944909,0.6086451684851276
tfidf,1,4,47,fake,347,1,0.6045598906276044,0.664015602341849
tfidf,1,4,47,fake,351,1,0.9310085586603524,0.963631197977824
tfidf,1,4,47,fake,374,0,0.3435798939610961,0.31219379171769535
tfidf,1,4,47,fake,377,1,0.9698351197393865,0.9810277993883777
tfidf,1,4,47,fake,389,1,0.8408590165656473,0.8706863005775421
tfidf,1,4,47,fake,414,1,0.4147666443347582,0.3324151097510046
tfidf,1,4,47,fake,415,0,0.07259400869056094,0.06323601128372333
tfidf,1,4,47,fake,419,0,0.011348381938624969,0.007597682879194807
tfidf,1,4,47,fake,445,0,0.18085946521679305,0.2030494016417121
tfidf,1,4,47,fake,448,1,0.8625704328544088,0.8438080680934565
tfidf,1,4,47,fake,449,0,0.29229950317070824,0.2660108950987427
tfidf,1,4,47,fake,455,0,0.05169788574597503,0.05289142431475092
tfidf,1,4,47,fake,458,0,0.19847488513619946,0.1685268884734526
tfidf,1,4,47,fake,463,0,0.003609820810803595,0.0020974547563602872
tfidf,1,4,47,fake,464,0,0.11252146316432823,0.09033157117299939
tfidf,1,4,47,fake,471,0,0.36279560345486517,0.2724992113601965
tfidf,1,4,47,fake,472,0,0.0133785303343825,0.012562244982724369
tfidf,1,4,47,fake,477,0,0.6154174344722024,0.658422350114078
tfidf,1,4,47,fake,478,0,0.7387492795497,0.7510133337661625
tfidf,1,4,47,fake,483,1,0.816401762311274,0.7935524015976232
tfidf,1,4,47,fake,488,0,0.3249231673789267,0.24807038575539356
tfidf,1,4,47,fake,492,0,0.05754563999398325,0.06204704372337056
tfidf,1,5,47,fake,302,0,0.10979476864235023,0.10939480903719731
tfidf,1,5,47,fake,321,1,0.5072120889549356,0.5068583970755278
tfidf,1,5,47,fake,325,1,0.7996854309857437,0.7939408896842977
tfidf,1,5,47,fake,330,1,0.4287220613780171,0.43937192323846613
tfidf,1,5,47,fake,333,0,0.47996745710820354,0.48939563809213465
tfidf,1,5,47,fake,336,0,0.4842620371844192,0.46335673169992936
tfidf,1,5,47,fake,340,0,0.3123926047068577,0.3064781352307652
tfidf,1,5,47,fake,341,0,0.42999977827071384,0.4251839159483903
tfidf,1,5,47,fake,348,1,0.7930683160719921,0.7929045575097344
tfidf,1,5,47,fake,350,1,0.7892281435964831,0.8113761451254013
tfidf,1,5,47,fake,360,0,0.3413669518957155,0.34435223362839773
tfidf,1,5,47,fake,368,0,0.47213592410471394,0.4658945283316103
tfidf,1,5,47,fake,370,0,0.06819546516724333,0.07060504415690694
tfidf,1,5,47,fake,385,0,0.6851604899626534,0.6834310144084451
tfidf,1,5,47,fake,388,1,0.740149078537974,0.7413300045050374
tfidf,1,5,47,fake,406,0,0.061413896551505816,0.05955514054194427
tfidf,1,5,47,fake,409,1,0.7144230155617638,0.7245848128274356
tfidf,1,5,47,fake,417,0,0.04434508436834482,0.040861208734773245
tfidf,1,5,47,fake,418,1,0.9862233952150299,0.9877098447136761
tfidf,1,5,47,fake,428,0,0.06971906034598052,0.07145074660603266
tfidf,1,5,47,fake,429,0,0.06993067827146456,0.07544284456312068
tfidf,1,5,47,fake,434,0,0.20382547844241114,0.18448646467902913
tfidf,1,5,47,fake,437,0,0.22252007732566614,0.20862076017516712
tfidf,1,5,47,fake,441,1,0.5966269525111558,0.596258349383161
tfidf,1,5,47,fake,444,0,0.2068610226369349,0.20475999336667708
tfidf,1,5,47,fake,456,0,0.02513427669291136,0.025294250848227895
tfidf,1,5,47,fake,468,0,0.027392312630446846,0.024453158765171068
tfidf,1,5,47,fake,485,0,0.04144280791552065,0.03922736148342491
tfidf,1,1,48,fake,319,1,0.9270285806683234,0.9524632466963234
tfidf,1,1,48,fake,331,0,0.3733480185755847,0.47962025974621836
tfidf,1,1,48,fake,345,1,0.7897567899988929,0.853060811724598
tfidf,1,1,48,fake,346,1,0.9766383582444179,0.9807313542198103
tfidf,1,1,48,fake,357,0,0.6907933574559612,0.7129364841861322
tfidf,1,1,48,fake,358,0,0.9217723157037252,0.947050188289992
tfidf,1,1,48,fake,362,1,0.996722552136718,0.997932885709307
tfidf,1,1,48,fake,363,0,0.4930267102738027,0.4572087793711522
tfidf,1,1,48,fake,364,0,0.45927877762096503,0.5963273566742547
tfidf,1,1,48,fake,369,0,0.1754309368844975,0.16789090534874357
tfidf,1,1,48,fake,372,1,0.3539483045393697,0.3986749403273245
tfidf,1,1,48,fake,391,0,0.5234962578465167,0.6297250918815235
tfidf,1,1,48,fake,400,0,0.7383535015161425,0.7457837048592693
tfidf,1,1,48,fake,402,1,0.9622624255389302,0.9684375062582055
tfidf,1,1,48,fake,403,0,0.03388357321190073,0.02618160643974066
tfidf,1,1,48,fake,404,0,0.11156941488933891,0.15538352710105374
tfidf,1,1,48,fake,413,1,0.7533174692526617,0.8167837555472254
tfidf,1,1,48,fake,416,0,0.03460765107670007,0.03421197747609086
tfidf,1,1,48,fake,420,0,0.22672065659871293,0.18010092806433764
tfidf,1,1,48,fake,423,0,0.8242632208009949,0.8592918554759481
tfidf,1,1,48,fake,426,1,0.6957263886043682,0.7471092333426
tfidf,1,1,48,fake,433,1,0.6969467364882518,0.7080240459300317
tfidf,1,1,48,fake,451,0,0.29812661561900206,0.26191717285391397
tfidf,1,1,48,fake,454,0,0.11136583525352055,0.13373043606043972
tfidf,1,1,48,fake,473,0,0.01598153985812291,0.01650088329203767
tfidf,1,1,48,fake,476,0,0.161575469556175,0.15122975892704088
tfidf,1,1,48,fake,484,0,0.2719893454600958,0.3547827854653107
tfidf,1,1,48,fake,487,0,0.31588864530452776,0.29073798829692693
tfidf,1,1,48,fake,490,0,0.08309574038576358,0.0771446810924537
tfidf,1,2,48,fake,303,0,0.04273619060847494,0.043734102663376496
tfidf,1,2,48,fake,304,0,0.10688164944584645,0.09582881418982209
tfidf,1,2,48,fake,310,0,0.4451572903640501,0.3692273289596875
tfidf,1,2,48,fake,312,0,0.547733392749356,0.5003344363786358
tfidf,1,2,48,fake,316,0,0.6656599665782961,0.6563459135634175
tfidf,1,2,48,fake,324,0,0.5433550139871894,0.5697344755018996
tfidf,1,2,48,fake,328,0,0.6728378519294462,0.6433993675548347
tfidf,1,2,48,fake,339,1,0.8846741187704004,0.8955932512249407
tfidf,1,2,48,fake,353,1,0.8619228515943865,0.8639763390995575
tfidf,1,2,48,fake,355,1,0.4961995670215166,0.5325950394091837
tfidf,1,2,48,fake,366,0,0.03222723589283399,0.027276249374750216
tfidf,1,2,48,fake,375,0,0.009200478658700372,0.007018148318364452
tfidf,1,2,48,fake,376,1,0.959779455801348,0.9631897413493457
tfidf,1,2,48,fake,379,0,0.5481859377389328,0.516892569266251
tfidf,1,2,48,fake,381,1,0.9970206694078904,0.9970146452588048
tfidf,1,2,48,fake,382,0,0.4000604217915634,0.3411368065318739
tfidf,1,2,48,fake,386,1,0.6576668026457367,0.670150170375304
tfidf,1,2,48,fake,390,0,0.9300286241454863,0.9384315691742108
tfidf,1,2,48,fake,392,0,0.10251041726760375,0.09045582321463821
tfidf,1,2,48,fake,401,0,0.6232661098996539,0.5946476508636556
tfidf,1,2,48,fake,412,1,0.6118791757103237,0.6114492371488992
tfidf,1,2,48,fake,422,1,0.5300895572679669,0.4909398042025443
tfidf,1,2,48,fake,427,0,0.02000953226552357,0.015719430760329906
tfidf,1,2,48,fake,440,1,0.8583737482732604,0.8529668121134357
tfidf,1,2,48,fake,443,0,0.2045525733302757,0.18211761251696182
tfidf,1,2,48,fake,457,0,0.017223861406612376,0.013850603810330021
tfidf,1,2,48,fake,479,0,0.015742681178567423,0.011860516337184518
tfidf,1,2,48,fake,482,0,0.11681973415689996,0.10400092252134231
tfidf,1,2,48,fake,486,0,0.03759640845776406,0.03198232885656828
tfidf,1,3,48,fake,305,0,0.2596606953378509,0.23925618707930166
tfidf,1,3,48,fake,307,0,0.21908099903611317,0.13205155916006492
tfidf,1,3,48,fake,313,0,0.61253545520675,0.6115835639896064
tfidf,1,3,48,fake,315,0,0.28154511483519584,0.18817126661806002
tfidf,1,3,48,fake,317,0,0.7677084072067955,0.8334253843370131
tfidf,1,3,48,fake,320,1,0.8601598885503201,0.9209210029414523
tfidf,1,3,48,fake,338,1,0.5753200150586817,0.7218794892504473
tfidf,1,3,48,fake,344,1,0.3386502440398204,0.46505467913578447
tfidf,1,3,48,fake,352,1,0.9440227969101077,0.8940348496057432
tfidf,1,3,48,fake,356,1,0.6305068070180528,0.7210629351963418
tfidf,1,3,48,fake,367,1,0.9896128347615211,0.9898346120752786
tfidf,1,3,48,fake,371,0,0.35977212179007895,0.4361576715576993
tfidf,1,3,48,fake,380,1,0.9476876346378347,0.9187773492968005
tfidf,1,3,48,fake,383,0,0.24687739350750723,0.20386032527470235
tfidf,1,3,48,fake,393,0,0.03196280654799315,0.03677545138607518
tfidf,1,3,48,fake,395,0,0.7819383029907806,0.8323485584414378
tfidf,1,3,48,fake,397,0,0.17204131554990343,0.15792290288347988
tfidf,1,3,48,fake,425,0,0.6613228367584956,0.6583060155411737
tfidf,1,3,48,fake,430,0,0.07567076122942547,0.0564066533542442
tfidf,1,3,48,fake,436,0,0.034800166014337414,0.025599892948969517
tfidf,1,3,48,fake,439,0,0.27424684227846036,0.2592090546160592
tfidf,1,3,48,fake,446,0,0.06312921880856012,0.06900826887089528
tfidf,1,3,48,fake,447,0,0.4420947033325855,0.43886442800919745
tfidf,1,3,48,fake,459,1,0.9707574761026011,0.9746921384428638
tfidf,1,3,48,fake,474,0,0.15879693413242038,0.1149147206029757
tfidf,1,3,48,fake,475,0,0.07586793819962481,0.07308457453510823
tfidf,1,3,48,fake,489,0,0.139233118119936,0.13753558777842262
tfidf,1,3,48,fake,491,0,0.1089812941549164,0.10873590490035799
tfidf,1,4,48,fake,318,0,0.512356935352524,0.3562653783180665
tfidf,1,4,48,fake,322,0,0.8783971052210565,0.885557939719893
tfidf,1,4,48,fake,326,0,0.28503036601033477,0.19204511676786493
tfidf,1,4,48,fake,327,0,0.781708901836469,0.7479596903283237
tfidf,1,4,48,fake,335,1,0.7827487598597918,0.7418272365966626
tfidf,1,4,48,fake,343,0,0.6167687984531728,0.6328174218692597
tfidf,1,4,48,fake,347,1,0.7902831747823451,0.810010510706143
tfidf,1,4,48,fake,351,1,0.8651840710242416,0.9190577246914382
tfidf,1,4,48,fake,374,0,0.21924389141188558,0.22779288382062127
tfidf,1,4,48,fake,377,1,0.9955321596019249,0.9972894241226367
tfidf,1,4,48,fake,389,1,0.865614740194822,0.920332277395362
tfidf,1,4,48,fake,414,1,0.42819102031692274,0.41254066465493683
tfidf,1,4,48,fake,415,0,0.0796872009030266,0.07082959047421603
tfidf,1,4,48,fake,419,0,0.019687044809375543,0.013526327380634761
tfidf,1,4,48,fake,445,0,0.18370126903776474,0.1981361439232353
tfidf,1,4,48,fake,448,1,0.7526730393721521,0.7388855522022989
tfidf,1,4,48,fake,449,0,0.1754234004633449,0.14716074800333442
tfidf,1,4,48,fake,455,0,0.1079903274221907,0.0982592938996374
tfidf,1,4,48,fake,458,0,0.19403946975900727,0.21527065806416557
tfidf,1,4,48,fake,463,0,0.006699639701550156,0.003504471020329104
tfidf,1,4,48,fake,464,0,0.09247215051575365,0.06202125037021105
tfidf,1,4,48,fake,471,0,0.08940742937535674,0.0509363221746689
tfidf,1,4,48,fake,472,0,0.006149621149302411,0.005551571919609911
tfidf,1,4,48,fake,477,0,0.3962498793919936,0.4438338503071685
tfidf,1,4,48,fake,478,0,0.6275173610665146,0.6734722816826985
tfidf,1,4,48,fake,483,1,0.7133688923601377,0.704072478283513
tfidf,1,4,48,fake,488,0,0.11802705216918177,0.09039113005057742
tfidf,1,4,48,fake,492,0,0.1010756779466346,0.10694743132002639
tfidf,1,5,48,fake,302,0,0.04283365266319178,0.04064388740556173
tfidf,1,5,48,fake,321,1,0.9875353007258234,0.9893398736127651
tfidf,1,5,48,fake,325,1,0.9677288894588941,0.9643862507088448
tfidf,1,5,48,fake,330,1,0.4454526664125507,0.46469887513529107
tfidf,1,5,48,fake,333,0,0.4159978150216273,0.4150710641280542
tfidf,1,5,48,fake,336,0,0.21678787923323994,0.18314452759573074
tfidf,1,5,48,fake,340,0,0.25657803030841436,0.2303524508848588
tfidf,1,5,48,fake,341,0,0.4528573749877593,0.4303749335035812
tfidf,1,5,48,fake,348,1,0.6301706697244515,0.6125005547792078
tfidf,1,5,48,fake,350,1,0.8949863009493094,0.9263817473673225
tfidf,1,5,48,fake,360,0,0.4307264558906952,0.4206354349224191
tfidf,1,5,48,fake,368,0,0.3510730197055973,0.3469186274766635
tfidf,1,5,48,fake,370,0,0.09643118013823423,0.10776212641884786
tfidf,1,5,48,fake,385,0,0.08980586845358755,0.0834245555905316
tfidf,1,5,48,fake,388,1,0.740235921026066,0.7529947967805488
tfidf,1,5,48,fake,406,0,0.24311971651420297,0.24901639798974243
tfidf,1,5,48,fake,409,1,0.1992155251745201,0.22255812362494384
tfidf,1,5,48,fake,417,0,0.09503322110209314,0.07560064026384766
tfidf,1,5,48,fake,418,1,0.8880321178102647,0.9082923791647033
tfidf,1,5,48,fake,428,0,0.15870549285727395,0.1452443399889803
tfidf,1,5,48,fake,429,0,0.09865034290114365,0.10525911164743777
tfidf,1,5,48,fake,434,0,0.5487387954625091,0.4933108538784831
tfidf,1,5,48,fake,437,0,0.09358767728652222,0.08346911976122777
tfidf,1,5,48,fake,441,1,0.6839814897214606,0.7010185931448478
tfidf,1,5,48,fake,444,0,0.4064632817995622,0.4203868095985318
tfidf,1,5,48,fake,456,0,0.016714140574635755,0.015475261125599426
tfidf,1,5,48,fake,468,0,0.03939503355837545,0.029282273407894667
tfidf,1,5,48,fake,485,0,0.0509185746930706,0.040290847454409064
tfidf,1,1,49,fake,319,1,0.9156964372249347,0.9259081939528198
tfidf,1,1,49,fake,331,0,0.6043621521025496,0.6527870360569352
tfidf,1,1,49,fake,345,1,0.7424956727891178,0.7919103045289266
tfidf,1,1,49,fake,346,1,0.7271416939708161,0.7548512374567103
tfidf,1,1,49,fake,357,0,0.8442609950318327,0.8543942383046946
tfidf,1,1,49,fake,358,0,0.6662223513187931,0.7296676004215993
tfidf,1,1,49,fake,362,1,0.9151145390977891,0.935151263223869
tfidf,1,1,49,fake,363,0,0.10399070318571232,0.10302708746549269
tfidf,1,1,49,fake,364,0,0.6452577504908822,0.7021010460794775
tfidf,1,1,49,fake,369,0,0.17888057344657918,0.17353114201616757
tfidf,1,1,49,fake,372,1,0.6893048616766652,0.6967165480114401
tfidf,1,1,49,fake,391,0,0.3502212792017549,0.4045092123590801
tfidf,1,1,49,fake,400,0,0.404462218239138,0.4214691059345548
tfidf,1,1,49,fake,402,1,0.9673836632453477,0.9701539118877449
tfidf,1,1,49,fake,403,0,0.12831030740164553,0.11193264225549958
tfidf,1,1,49,fake,404,0,0.03442794620942148,0.04096558294782089
tfidf,1,1,49,fake,413,1,0.9992025627760648,0.999148951341496
tfidf,1,1,49,fake,416,0,0.06123619429058736,0.057195829726118044
tfidf,1,1,49,fake,420,0,0.45934034930287443,0.40291733658289175
tfidf,1,1,49,fake,423,0,0.8929124188828215,0.9084074836212174
tfidf,1,1,49,fake,426,1,0.941635606297051,0.9465030268387696
tfidf,1,1,49,fake,433,1,0.9497844065149446,0.9463398605008776
tfidf,1,1,49,fake,451,0,0.0778023023752355,0.07250201361898018
tfidf,1,1,49,fake,454,0,0.07920251974286407,0.08198533335162939
tfidf,1,1,49,fake,473,0,0.07160514936487712,0.06813965268467541
tfidf,1,1,49,fake,476,0,0.15642449252801394,0.1440487180600988
tfidf,1,1,49,fake,484,0,0.25956239321386315,0.2876798684406508
tfidf,1,1,49,fake,487,0,0.3020007525211565,0.3046472256838085
tfidf,1,1,49,fake,490,0,0.09839285290606975,0.09160909269343787
tfidf,1,2,49,fake,303,0,0.3626803939074332,0.07424858939698754
tfidf,1,2,49,fake,304,0,0.4211975969883453,0.0855999704064708
tfidf,1,2,49,fake,310,0,0.6344200966921719,0.5572875594195055
tfidf,1,2,49,fake,312,0,0.6129034102329526,0.4031284716600841
tfidf,1,2,49,fake,316,0,0.7410532981064453,0.7152142372350088
tfidf,1,2,49,fake,324,0,0.6808011065664697,0.4607021057155732
tfidf,1,2,49,fake,328,0,0.6559817406146674,0.6840299809612989
tfidf,1,2,49,fake,339,1,0.8212526668323357,0.8897407117742865
tfidf,1,2,49,fake,353,1,0.7553224526816026,0.8144640711233561
tfidf,1,2,49,fake,355,1,0.5985647819621113,0.43707955042082597
tfidf,1,2,49,fake,366,0,0.1795777712696041,0.02529190015846077
tfidf,1,2,49,fake,375,0,0.13247221358092073,0.010384441657987548
tfidf,1,2,49,fake,376,1,0.9098269642688293,0.9896756120091015
tfidf,1,2,49,fake,379,0,0.41185687914604396,0.49857541241702164
tfidf,1,2,49,fake,381,1,0.6751584693543324,0.8116327408009295
tfidf,1,2,49,fake,382,0,0.29701678979628654,0.16601132827238724
tfidf,1,2,49,fake,386,1,0.4708969065277427,0.7135385978345746
tfidf,1,2,49,fake,390,0,0.8729695726177972,0.9723809018327736
tfidf,1,2,49,fake,392,0,0.2824714316675427,0.16386463421104758
tfidf,1,2,49,fake,401,0,0.5231863908426567,0.5665834820592524
tfidf,1,2,49,fake,412,1,0.44107403250331406,0.6162045393856436
tfidf,1,2,49,fake,422,1,0.7359261176641559,0.9838885379138946
tfidf,1,2,49,fake,427,0,0.12980293973953178,0.014828044808557279
tfidf,1,2,49,fake,440,1,0.7576542959599752,0.9201017909918532
tfidf,1,2,49,fake,443,0,0.33694851477884014,0.25077649925201984
tfidf,1,2,49,fake,457,0,0.12337951377270229,0.00934979844801475
tfidf,1,2,49,fake,479,0,0.16794007631224575,0.023521520997407994
tfidf,1,2,49,fake,482,0,0.2505436743196909,0.07585418699651086
tfidf,1,2,49,fake,486,0,0.13344016683934792,0.013898967055853575
tfidf,1,3,49,fake,305,0,0.5594215168397945,0.2752364028216304
tfidf,1,3,49,fake,307,0,0.4589635309699728,0.11418848316547435
tfidf,1,3,49,fake,313,0,0.5425064915916182,0.32681550854315117
tfidf,1,3,49,fake,315,0,0.575884529061957,0.3091619043320411
tfidf,1,3,49,fake,317,0,0.6716591621184858,0.7985489654814041
tfidf,1,3,49,fake,320,1,0.8233154691810788,0.9607282587102359
tfidf,1,3,49,fake,338,1,0.5979572766514687,0.7440604939338686
tfidf,1,3,49,fake,344,1,0.5766002009353747,0.6057856427444724
tfidf,1,3,49,fake,352,1,0.6017346993620213,0.44065208146455825
tfidf,1,3,49,fake,356,1,0.7181878620791332,0.8840499330064842
tfidf,1,3,49,fake,367,1,0.9179478241606234,0.9938585430169944
tfidf,1,3,49,fake,371,0,0.45014536221536794,0.5009559499059157
tfidf,1,3,49,fake,380,1,0.7528100647103647,0.8275185358518546
tfidf,1,3,49,fake,383,0,0.3996899110475333,0.2665059410741944
tfidf,1,3,49,fake,393,0,0.2491921643123038,0.078197055892369
tfidf,1,3,49,fake,395,0,0.4722853774816827,0.6716320221802994
tfidf,1,3,49,fake,397,0,0.3129002626624119,0.2018132608957974
tfidf,1,3,49,fake,425,0,0.769684604380051,0.8983039357754627
tfidf,1,3,49,fake,430,0,0.48772707604281207,0.33109504958585745
tfidf,1,3,49,fake,436,0,0.15536387031684862,0.0251239875894894
tfidf,1,3,49,fake,439,0,0.44946924184866055,0.4616751686711497
tfidf,1,3,49,fake,446,0,0.16552997381512477,0.013434322677857135
tfidf,1,3,49,fake,447,0,0.3577550481065606,0.36109023457729444
tfidf,1,3,49,fake,459,1,0.8527782994102798,0.9785168856829073
tfidf,1,3,49,fake,474,0,0.21191444901160378,0.06937191683074975
tfidf,1,3,49,fake,475,0,0.15862424517518114,0.03661976432916925
tfidf,1,3,49,fake,489,0,0.21708524918006644,0.0844766421719113
tfidf,1,3,49,fake,491,0,0.46432250144413784,0.16254366204734236
tfidf,1,4,49,fake,318,0,0.33302004907611304,0.2131624663558119
tfidf,1,4,49,fake,322,0,0.7024327079731901,0.7462880986018839
tfidf,1,4,49,fake,326,0,0.4098833831602196,0.2887691661536524
tfidf,1,4,49,fake,327,0,0.44641740307538547,0.44419543323806104
tfidf,1,4,49,fake,335,1,0.8165577822600829,0.7617095936368399
tfidf,1,4,49,fake,343,0,0.7305335707481805,0.7481343491327395
tfidf,1,4,49,fake,347,1,0.7153057061785004,0.7233252676482532
tfidf,1,4,49,fake,351,1,0.9618376410349765,0.9735739532600562
tfidf,1,4,49,fake,374,0,0.25864952487067916,0.2365408755995718
tfidf,1,4,49,fake,377,1,0.8414751938938679,0.9012878858438301
tfidf,1,4,49,fake,389,1,0.613248024983575,0.648795707273334
tfidf,1,4,49,fake,414,1,0.4854866987352055,0.4145648407635653
tfidf,1,4,49,fake,415,0,0.07405423051251663,0.0732319229600395
tfidf,1,4,49,fake,419,0,0.10604465634171048,0.07455213425036193
tfidf,1,4,49,fake,445,0,0.1322171068409078,0.14005835603833222
tfidf,1,4,49,fake,448,1,0.8094284054309477,0.7644023525730944
tfidf,1,4,49,fake,449,0,0.18519429360421244,0.15800373378052007
tfidf,1,4,49,fake,455,0,0.14209299468513012,0.1386530218168315
tfidf,1,4,49,fake,458,0,0.16192487830710756,0.1591775521290221
tfidf,1,4,49,fake,463,0,0.00992315033089459,0.005272342822898029
tfidf,1,4,49,fake,464,0,0.10552072135553622,0.09746130338917798
tfidf,1,4,49,fake,471,0,0.10337974504043901,0.05922215419642846
tfidf,1,4,49,fake,472,0,0.05593350163053592,0.04651503047968446
tfidf,1,4,49,fake,477,0,0.591863408474736,0.5930104504635823
tfidf,1,4,49,fake,478,0,0.6440053788881029,0.6766129124577817
tfidf,1,4,49,fake,483,1,0.794023699469413,0.8023437020728756
tfidf,1,4,49,fake,488,0,0.14194373805896524,0.0950829321950512
tfidf,1,4,49,fake,492,0,0.09882825152452142,0.11624496901280339
tfidf,1,5,49,fake,302,0,0.048575800574557196,0.05074812443205608
tfidf,1,5,49,fake,321,1,0.6432142886328672,0.6385232580626823
tfidf,1,5,49,fake,325,1,0.9569383668075054,0.9583028821884675
tfidf,1,5,49,fake,330,1,0.4559418524251561,0.4527964272512185
tfidf,1,5,49,fake,333,0,0.6309321649487706,0.632331771063403
tfidf,1,5,49,fake,336,0,0.8112225376949728,0.8159483355329109
tfidf,1,5,49,fake,340,0,0.22515293242847012,0.22755396092959904
tfidf,1,5,49,fake,341,0,0.8706839019791575,0.8725103218479533
tfidf,1,5,49,fake,348,1,0.8747002681295823,0.8746659246483007
tfidf,1,5,49,fake,350,1,0.7113795273505926,0.701320781874969
tfidf,1,5,49,fake,360,0,0.5274568284107893,0.5280979543241305
tfidf,1,5,49,fake,368,0,0.308190360859479,0.31086450816632755
tfidf,1,5,49,fake,370,0,0.12094406807012655,0.11995747614304643
tfidf,1,5,49,fake,385,0,0.520013896281743,0.520855045773696
tfidf,1,5,49,fake,388,1,0.5412371091100296,0.5363079959158294
tfidf,1,5,49,fake,406,0,0.0290030463228666,0.02929367728742747
tfidf,1,5,49,fake,409,1,0.8989317260507226,0.8981232914837105
tfidf,1,5,49,fake,417,0,0.12943900881325426,0.13458990870057388
tfidf,1,5,49,fake,418,1,0.8687492912059316,0.8625051527721571
tfidf,1,5,49,fake,428,0,0.13602364527451327,0.13581758893736964
tfidf,1,5,49,fake,429,0,0.04529359367996057,0.04433250135663364
tfidf,1,5,49,fake,434,0,0.05435976860533159,0.05661052641676957
tfidf,1,5,49,fake,437,0,0.1825407436003533,0.18382818437823115
tfidf,1,5,49,fake,441,1,0.6277908832816409,0.6169491532052801
tfidf,1,5,49,fake,444,0,0.11251315516218394,0.11204609373455135
tfidf,1,5,49,fake,456,0,0.025088831556345736,0.025175882990447047
tfidf,1,5,49,fake,468,0,0.033637776315904346,0.03531642762350311
tfidf,1,5,49,fake,485,0,0.01489348944841204,0.015320148528875517
tfidf,1,1,50,fake,319,1,0.9014508681960836,0.9307111779859463
tfidf,1,1,50,fake,331,0,0.3918597957466334,0.5153911827030945
tfidf,1,1,50,fake,345,1,0.7358350100116966,0.8204432498011134
tfidf,1,1,50,fake,346,1,0.6776517947728263,0.7301459612390878
tfidf,1,1,50,fake,357,0,0.5962299045787532,0.638537984093347
tfidf,1,1,50,fake,358,0,0.8747505869725464,0.9219115294191702
tfidf,1,1,50,fake,362,1,0.835688339604318,0.8979190569452183
tfidf,1,1,50,fake,363,0,0.23952236123593093,0.23789321960042728
tfidf,1,1,50,fake,364,0,0.3996066641615195,0.5108638209240057
tfidf,1,1,50,fake,369,0,0.17900625923291677,0.1754214126854831
tfidf,1,1,50,fake,372,1,0.6804365620326689,0.7031946185612374
tfidf,1,1,50,fake,391,0,0.5042959235203919,0.5945466504211872
tfidf,1,1,50,fake,400,0,0.484204833603341,0.505240531509996
tfidf,1,1,50,fake,402,1,0.9954449194096793,0.9956242175344457
tfidf,1,1,50,fake,403,0,0.02945433985190745,0.0247489869639439
tfidf,1,1,50,fake,404,0,0.060500632087478065,0.08840716345995654
tfidf,1,1,50,fake,413,1,0.586394413648897,0.6647861075504014
tfidf,1,1,50,fake,416,0,0.053607024939684854,0.0552895726022789
tfidf,1,1,50,fake,420,0,0.2759704718415485,0.21390230610476887
tfidf,1,1,50,fake,423,0,0.8644124301520756,0.9070091771974352
tfidf,1,1,50,fake,426,1,0.8883299666715111,0.8900422526517345
tfidf,1,1,50,fake,433,1,0.9955708034947659,0.9945527267041572
tfidf,1,1,50,fake,451,0,0.6005667902714136,0.5466394186936204
tfidf,1,1,50,fake,454,0,0.08879066434024999,0.09458409195714249
tfidf,1,1,50,fake,473,0,0.13800955604617168,0.1288052011932779
tfidf,1,1,50,fake,476,0,0.0321988695745024,0.032935485671254476
tfidf,1,1,50,fake,484,0,0.20876036565784525,0.25358466778656646
tfidf,1,1,50,fake,487,0,0.42700570426189005,0.4159210471209481
tfidf,1,1,50,fake,490,0,0.0855722717230589,0.09409270029390188
tfidf,1,2,50,fake,303,0,0.03748171192532118,0.038377153282754824
tfidf,1,2,50,fake,304,0,0.05031054724880125,0.04149399337251905
tfidf,1,2,50,fake,310,0,0.5069097993642031,0.43537574552013664
tfidf,1,2,50,fake,312,0,0.5396792699198739,0.47990732384598234
tfidf,1,2,50,fake,316,0,0.6972233897815192,0.6840574246641624
tfidf,1,2,50,fake,324,0,0.5242262620163842,0.5378097860797871
tfidf,1,2,50,fake,328,0,0.49378852723886074,0.4376543314647687
tfidf,1,2,50,fake,339,1,0.8700632321640541,0.8720598622950426
tfidf,1,2,50,fake,353,1,0.9910791895005387,0.991176356502633
tfidf,1,2,50,fake,355,1,0.3699882032208644,0.4041668177911311
tfidf,1,2,50,fake,366,0,0.031544445805354225,0.026878714206772326
tfidf,1,2,50,fake,375,0,0.004881329476292036,0.004195777458730182
tfidf,1,2,50,fake,376,1,0.9859917158222089,0.9877886535290007
tfidf,1,2,50,fake,379,0,0.4297602134142922,0.40367879184989675
tfidf,1,2,50,fake,381,1,0.8392483368329209,0.8560843789422282
tfidf,1,2,50,fake,382,0,0.2990299783799506,0.24184829313168693
tfidf,1,2,50,fake,386,1,0.6764717949075095,0.697382471258982
tfidf,1,2,50,fake,390,0,0.9024445152832388,0.918482458091462
tfidf,1,2,50,fake,392,0,0.08651359324017001,0.0806333400345687
tfidf,1,2,50,fake,401,0,0.6005852602002268,0.5627077062398711
tfidf,1,2,50,fake,412,1,0.6369169197055835,0.6198355815085961
tfidf,1,2,50,fake,422,1,0.8510425355340487,0.8398956016215319
tfidf,1,2,50,fake,427,0,0.015367970208181739,0.012546907595959179
tfidf,1,2,50,fake,440,1,0.8789893388267974,0.8825267335955785
tfidf,1,2,50,fake,443,0,0.2523168387852353,0.21627545499844394
tfidf,1,2,50,fake,457,0,0.015636307465217242,0.012821580422571916
tfidf,1,2,50,fake,479,0,0.02386392454958729,0.01811309341176483
tfidf,1,2,50,fake,482,0,0.17576094633296854,0.1515509544734261
tfidf,1,2,50,fake,486,0,0.006729822317213646,0.005765368977416481
tfidf,1,3,50,fake,305,0,0.3242432542109352,0.33268398688026346
tfidf,1,3,50,fake,307,0,0.37229360736943,0.23421649552382895
tfidf,1,3,50,fake,313,0,0.3696958561544379,0.35999618727480054
tfidf,1,3,50,fake,315,0,0.2692690478312227,0.13053335650749343
tfidf,1,3,50,fake,317,0,0.7134497525300018,0.8256699222263794
tfidf,1,3,50,fake,320,1,0.8220206796808671,0.9102371830232857
tfidf,1,3,50,fake,338,1,0.5850009725096367,0.7468875464547837
tfidf,1,3,50,fake,344,1,0.9275484537973071,0.946957161796548
tfidf,1,3,50,fake,352,1,0.666215739618131,0.48048966144736294
tfidf,1,3,50,fake,356,1,0.8908305072119826,0.9308918577045739
tfidf,1,3,50,fake,367,1,0.9893995003769308,0.991576966173695
tfidf,1,3,50,fake,371,0,0.21644169131720328,0.29064712272767174
tfidf,1,3,50,fake,380,1,0.9244285959798598,0.8993757226239076
tfidf,1,3,50,fake,383,0,0.5589231163053101,0.4447891645165861
tfidf,1,3,50,fake,393,0,0.08729349022131946,0.0894152381059482
tfidf,1,3,50,fake,395,0,0.29580995131552185,0.45658492100695386
tfidf,1,3,50,fake,397,0,0.1026530329953425,0.08125214579259706
tfidf,1,3,50,fake,425,0,0.8528689742921647,0.8609001641378077
tfidf,1,3,50,fake,430,0,0.2519717327586614,0.20630167262144308
tfidf,1,3,50,fake,436,0,0.017924212589352145,0.01340502941729306
tfidf,1,3,50,fake,439,0,0.19488732992767932,0.1921565756395022
tfidf,1,3,50,fake,446,0,0.05815013926467369,0.07043106813263829
tfidf,1,3,50,fake,447,0,0.4755465827660274,0.47093297225612674
tfidf,1,3,50,fake,459,1,0.8555955958860775,0.8522167410165097
tfidf,1,3,50,fake,474,0,0.049649347223045995,0.03140349563297891
tfidf,1,3,50,fake,475,0,0.0035105781601250437,0.0033871378321172563
tfidf,1,3,50,fake,489,0,0.045437498398358644,0.04626753434301247
tfidf,1,3,50,fake,491,0,0.26405575792476077,0.1930655160505249
tfidf,1,4,50,fake,318,0,0.5365312243769724,0.3604919549113983
tfidf,1,4,50,fake,322,0,0.5880396945625511,0.3782620942865688
tfidf,1,4,50,fake,326,0,0.30055123593631533,0.04450383822076396
tfidf,1,4,50,fake,327,0,0.8487279528932758,0.9006813906086822
tfidf,1,4,50,fake,335,1,0.8595570930198714,0.9575159571948373
tfidf,1,4,50,fake,343,0,0.8344193107406712,0.9293597839456059
tfidf,1,4,50,fake,347,1,0.8228964003457842,0.9868348896574943
tfidf,1,4,50,fake,351,1,0.8999765229252507,0.995861468038425
tfidf,1,4,50,fake,374,0,0.1845085115359875,0.003307268777231974
tfidf,1,4,50,fake,377,1,0.9917110488146264,0.9997812193780553
tfidf,1,4,50,fake,389,1,0.8343678052313305,0.997954379427422
tfidf,1,4,50,fake,414,1,0.5309118087144618,0.2484305087626388
tfidf,1,4,50,fake,415,0,0.11508906784862231,0.012948375154292936
tfidf,1,4,50,fake,419,0,0.02626310871480348,0.0012464779152091697
tfidf,1,4,50,fake,445,0,0.08907558040099853,0.008766278089003559
tfidf,1,4,50,fake,448,1,0.755892133714962,0.8604579105120488
tfidf,1,4,50,fake,449,0,0.14514233414569966,0.031065189367542434
tfidf,1,4,50,fake,455,0,0.04024131858309033,0.0012988786158943124
tfidf,1,4,50,fake,458,0,0.19939236540201646,0.11006232636075756
tfidf,1,4,50,fake,463,0,0.018265943289786788,7.29155884202159e-05
tfidf,1,4,50,fake,464,0,0.11375454260328363,0.008234231025032806
tfidf,1,4,50,fake,471,0,0.0942404381390725,0.0013663119844675477
tfidf,1,4,50,fake,472,0,0.019621735836136425,0.0007088760981680136
tfidf,1,4,50,fake,477,0,0.6261665633077785,0.5110511365260684
tfidf,1,4,50,fake,478,0,0.5848502396326335,0.6198744857989348
tfidf,1,4,50,fake,483,1,0.5134093769264833,0.16397515844259125
tfidf,1,4,50,fake,488,0,0.09675460901281302,0.0019042280945752517
tfidf,1,4,50,fake,492,0,0.08420808650105778,0.024571971317370916
tfidf,1,5,50,fake,302,0,0.1252537504452858,0.010437058023112462
tfidf,1,5,50,fake,321,1,0.789774542239517,0.8453150118474961
tfidf,1,5,50,fake,325,1,0.9876682158707312,0.9999547895664523
tfidf,1,5,50,fake,330,1,0.7233851159811923,0.8635541327854649
tfidf,1,5,50,fake,333,0,0.4582434470713033,0.21612505126627451
tfidf,1,5,50,fake,336,0,0.5157506134662752,0.15836365088348675
tfidf,1,5,50,fake,340,0,0.24920096974575806,0.008944115070829824
tfidf,1,5,50,fake,341,0,0.4778858455415991,0.4700353692212193
tfidf,1,5,50,fake,348,1,0.5569044375462425,0.264285774975452
tfidf,1,5,50,fake,350,1,0.5645959527949644,0.6200680061610172
tfidf,1,5,50,fake,360,0,0.547728621385927,0.14753920573315638
tfidf,1,5,50,fake,368,0,0.4514199145854379,0.5531958178513775
tfidf,1,5,50,fake,370,0,0.07635980634149012,0.011411131505504534
tfidf,1,5,50,fake,385,0,0.10858809123997401,0.010563121709764912
tfidf,1,5,50,fake,388,1,0.7770238648061989,0.938242461397334
tfidf,1,5,50,fake,406,0,0.06150859901336191,0.005439037753336823
tfidf,1,5,50,fake,409,1,0.28891366368678256,0.23219279547214638
tfidf,1,5,50,fake,417,0,0.1773980232792179,0.10626909396954541
tfidf,1,5,50,fake,418,1,0.7888424081166505,0.7324656440669769
tfidf,1,5,50,fake,428,0,0.11521820612728724,0.03061621355714501
tfidf,1,5,50,fake,429,0,0.14711186539846138,0.06921625071964631
tfidf,1,5,50,fake,434,0,0.5021011750050207,0.7423089743982112
tfidf,1,5,50,fake,437,0,0.0806471054389191,0.012622501646173097
tfidf,1,5,50,fake,441,1,0.7412595885651811,0.7614561331470776
tfidf,1,5,50,fake,444,0,0.10929277334771455,0.011759396128830904
tfidf,1,5,50,fake,456,0,0.1839523970405459,0.2255838914925176
tfidf,1,5,50,fake,468,0,0.03616507657502044,0.0003149533147646769
tfidf,1,5,50,fake,485,0,0.047253367652144315,0.024177486588736755
tfidf,1,1,51,fake,319,1,0.7731069245432293,0.8534962454543581
tfidf,1,1,51,fake,331,0,0.6757114675167275,0.7754035946930319
tfidf,1,1,51,fake,345,1,0.9829987187280037,0.9911229054873012
tfidf,1,1,51,fake,346,1,0.8745924649932147,0.9082268715083215
tfidf,1,1,51,fake,357,0,0.5902971445960951,0.6408915459534308
tfidf,1,1,51,fake,358,0,0.8360499194180582,0.9129590680027415
tfidf,1,1,51,fake,362,1,0.996538853279502,0.9986730884499521
tfidf,1,1,51,fake,363,0,0.24377901078199493,0.2606149841230683
tfidf,1,1,51,fake,364,0,0.4695299848144192,0.602847899137
tfidf,1,1,51,fake,369,0,0.2864837764529961,0.2512411232137523
tfidf,1,1,51,fake,372,1,0.8480460518199621,0.8436072795084927
tfidf,1,1,51,fake,391,0,0.4089705452436588,0.5324934534862911
tfidf,1,1,51,fake,400,0,0.7663764848634369,0.7653174664944057
tfidf,1,1,51,fake,402,1,0.8992223919374854,0.9268084088327686
tfidf,1,1,51,fake,403,0,0.023914865592458277,0.01621700517902926
tfidf,1,1,51,fake,404,0,0.07920773780264595,0.12622796387111632
tfidf,1,1,51,fake,413,1,0.6796834575825947,0.7564435777665116
tfidf,1,1,51,fake,416,0,0.047160787170006886,0.04789924864323775
tfidf,1,1,51,fake,420,0,0.12924768819924637,0.0937643441105115
tfidf,1,1,51,fake,423,0,0.7553176005551884,0.8110648520083292
tfidf,1,1,51,fake,426,1,0.45517037485795625,0.5168214676229388
tfidf,1,1,51,fake,433,1,0.7456453149561629,0.7288920143411
tfidf,1,1,51,fake,451,0,0.07053617964342909,0.05112928421557342
tfidf,1,1,51,fake,454,0,0.05121666555840813,0.057937712821703916
tfidf,1,1,51,fake,473,0,0.18423793425691723,0.1681046370742228
tfidf,1,1,51,fake,476,0,0.16380721101210785,0.13397070682688048
tfidf,1,1,51,fake,484,0,0.32804639854073253,0.3976652874676803
tfidf,1,1,51,fake,487,0,0.19165343113772235,0.1708366201773764
tfidf,1,1,51,fake,490,0,0.07189484070913521,0.06540370670971628
tfidf,1,2,51,fake,303,0,0.07282733593741875,0.07493493941585111
tfidf,1,2,51,fake,304,0,0.060362977085038586,0.05569452302054512
tfidf,1,2,51,fake,310,0,0.4461966685570298,0.40548328886766516
tfidf,1,2,51,fake,312,0,0.5182771062873933,0.48767899280617494
tfidf,1,2,51,fake,316,0,0.6784095674363892,0.6782202684909139
tfidf,1,2,51,fake,324,0,0.3721354998704145,0.3899789825785108
tfidf,1,2,51,fake,328,0,0.5801819065691506,0.5600052606490665
tfidf,1,2,51,fake,339,1,0.835845249311387,0.827634391777899
tfidf,1,2,51,fake,353,1,0.9928390366068977,0.991550380678803
tfidf,1,2,51,fake,355,1,0.6333546451518115,0.658523045921813
tfidf,1,2,51,fake,366,0,0.022034241361401346,0.019486118704813454
tfidf,1,2,51,fake,375,0,0.003779800451099547,0.003156963715199646
tfidf,1,2,51,fake,376,1,0.9833272342047489,0.9844425823203599
tfidf,1,2,51,fake,379,0,0.3168682946287677,0.30561951566964496
tfidf,1,2,51,fake,381,1,0.919203959572284,0.9245935524026516
tfidf,1,2,51,fake,382,0,0.5204224791813767,0.49060784394523005
tfidf,1,2,51,fake,386,1,0.5956484692497083,0.6052092710853271
tfidf,1,2,51,fake,390,0,0.9480639897384283,0.9514793632671621
tfidf,1,2,51,fake,392,0,0.10907385997897154,0.10264151607245221
tfidf,1,2,51,fake,401,0,0.6810806920929027,0.6628737880151854
tfidf,1,2,51,fake,412,1,0.6919959567581879,0.6945330316041674
tfidf,1,2,51,fake,422,1,0.53580962343847,0.5185100872793769
tfidf,1,2,51,fake,427,0,0.005860294129173941,0.004992948595594974
tfidf,1,2,51,fake,440,1,0.8188319377653637,0.8163917535191721
tfidf,1,2,51,fake,443,0,0.24093474490956265,0.22745575209916905
tfidf,1,2,51,fake,457,0,0.01004484136155942,0.009011358416741987
tfidf,1,2,51,fake,479,0,0.011185197396974345,0.009718375368377764
tfidf,1,2,51,fake,482,0,0.09705157558552018,0.08748162397922989
tfidf,1,2,51,fake,486,0,0.014665706375903809,0.013360265921762432
tfidf,1,3,51,fake,305,0,0.20653668176059845,0.5424896484957958
tfidf,1,3,51,fake,307,0,0.17151256341031604,0.4365670453440082
tfidf,1,3,51,fake,313,0,0.5525292659021733,0.5999818034184419
tfidf,1,3,51,fake,315,0,0.762208216164667,0.6856702120190276
tfidf,1,3,51,fake,317,0,0.5914680194452061,0.6528996160364839
tfidf,1,3,51,fake,320,1,0.9274865225533414,0.8385295561039539
tfidf,1,3,51,fake,338,1,0.9106853889130454,0.752524234674259
tfidf,1,3,51,fake,344,1,0.7951359245702522,0.7052822761068738
tfidf,1,3,51,fake,352,1,0.8355263197309242,0.6953554523723976
tfidf,1,3,51,fake,356,1,0.6322232457316564,0.6712873787860901
tfidf,1,3,51,fake,367,1,0.99543006607308,0.9200183963552557
tfidf,1,3,51,fake,371,0,0.43280647759614727,0.48339301158001585
tfidf,1,3,51,fake,380,1,0.6266705471275898,0.6442200481630378
tfidf,1,3,51,fake,383,0,0.11845887553609481,0.34259604434333124
tfidf,1,3,51,fake,393,0,0.03028020556429551,0.19601188624559365
tfidf,1,3,51,fake,395,0,0.8422623406763015,0.5211346100189488
tfidf,1,3,51,fake,397,0,0.4992737465930137,0.3568347933484074
tfidf,1,3,51,fake,425,0,0.6581395490758388,0.6954754666621288
tfidf,1,3,51,fake,430,0,0.30784271445302425,0.4833723844935215
tfidf,1,3,51,fake,436,0,0.016099716514858923,0.14228034281505614
tfidf,1,3,51,fake,439,0,0.19345776182610877,0.327736355761008
tfidf,1,3,51,fake,446,0,0.04350191935406238,0.21763561918217775
tfidf,1,3,51,fake,447,0,0.3597802655730553,0.3324583095182246
tfidf,1,3,51,fake,459,1,0.7338972881450153,0.7300305357312756
tfidf,1,3,51,fake,474,0,0.05258245783925282,0.1849405617574909
tfidf,1,3,51,fake,475,0,0.01944327661319328,0.12535971975368135
tfidf,1,3,51,fake,489,0,0.06964342818673112,0.20565026972216677
tfidf,1,3,51,fake,491,0,0.10766500658793007,0.42897631393823416
tfidf,1,4,51,fake,318,0,0.32624037811783224,0.5666577118895828
tfidf,1,4,51,fake,322,0,0.6796039964110562,0.7055005330053503
tfidf,1,4,51,fake,326,0,0.4316723683301479,0.5978298152284303
tfidf,1,4,51,fake,327,0,0.6861081482444795,0.7096881220520711
tfidf,1,4,51,fake,335,1,0.29973423597720295,0.5293158326427475
tfidf,1,4,51,fake,343,0,0.6099881332726662,0.6740027866740057
tfidf,1,4,51,fake,347,1,0.655483737250823,0.6600823849816045
tfidf,1,4,51,fake,351,1,0.6899176597333554,0.7221265328439057
tfidf,1,4,51,fake,374,0,0.24675360121115403,0.5740439515273731
tfidf,1,4,51,fake,377,1,0.9789272816277875,0.9103793205178184
tfidf,1,4,51,fake,389,1,0.7042370717076741,0.6980081090305151
tfidf,1,4,51,fake,414,1,0.6332349197754292,0.5953565921033553
tfidf,1,4,51,fake,415,0,0.07962873455551488,0.20413126227018202
tfidf,1,4,51,fake,419,0,0.0052999225599716475,0.14351126229285402
tfidf,1,4,51,fake,445,0,0.1105618911128264,0.2542983426354745
tfidf,1,4,51,fake,448,1,0.8898668831723239,0.6754834288283336
tfidf,1,4,51,fake,449,0,0.178326037292497,0.2636164235404381
tfidf,1,4,51,fake,455,0,0.05251972369377194,0.20804397648087433
tfidf,1,4,51,fake,458,0,0.08269826430457061,0.31843262420740853
tfidf,1,4,51,fake,463,0,0.009844466426118265,0.09062891005878608
tfidf,1,4,51,fake,464,0,0.43966472221345454,0.29951333228858495
tfidf,1,4,51,fake,471,0,0.15821051600961064,0.2668025068200818
tfidf,1,4,51,fake,472,0,0.042915127339563736,0.1726738460533196
tfidf,1,4,51,fake,477,0,0.4444886089441758,0.5051393907725927
tfidf,1,4,51,fake,478,0,0.7756415362205727,0.6079462902277666
tfidf,1,4,51,fake,483,1,0.9383812102438338,0.7771711274874047
tfidf,1,4,51,fake,488,0,0.045892181902603836,0.23748285581165315
tfidf,1,4,51,fake,492,0,0.11024312108518516,0.27681771301085767
tfidf,1,5,51,fake,302,0,0.6167468469087215,0.5843438063897591
tfidf,1,5,51,fake,321,1,0.7327019804567307,0.7142591302150014
tfidf,1,5,51,fake,325,1,0.8656174184811485,0.9779598041866127
tfidf,1,5,51,fake,330,1,0.5485247328275636,0.29092694899647964
tfidf,1,5,51,fake,333,0,0.6487590984729392,0.6441991265128749
tfidf,1,5,51,fake,336,0,0.5789059906178803,0.5068771566094392
tfidf,1,5,51,fake,340,0,0.6925475975862627,0.7301986089225532
tfidf,1,5,51,fake,341,0,0.5822588058644252,0.43994443250428755
tfidf,1,5,51,fake,348,1,0.6760825111554885,0.6677566206082458
tfidf,1,5,51,fake,350,1,0.6638504663279194,0.6727834550804098
tfidf,1,5,51,fake,360,0,0.55212700038098,0.4563199069863233
tfidf,1,5,51,fake,368,0,0.43411796306474226,0.3011142069528252
tfidf,1,5,51,fake,370,0,0.21378818546192438,0.0695724035811527
tfidf,1,5,51,fake,385,0,0.26524236619280234,0.10784553369985468
tfidf,1,5,51,fake,388,1,0.6168187032297979,0.8257379024816366
tfidf,1,5,51,fake,406,0,0.1939975764883303,0.06615216931620838
tfidf,1,5,51,fake,409,1,0.5112930428552156,0.5453221628026496
tfidf,1,5,51,fake,417,0,0.2727514897992352,0.06080331143064451
tfidf,1,5,51,fake,418,1,0.7357077529744169,0.9325266816738232
tfidf,1,5,51,fake,428,0,0.318071332364265,0.2653412283606783
tfidf,1,5,51,fake,429,0,0.2942283358145991,0.13234138131564221
tfidf,1,5,51,fake,434,0,0.22044187162340145,0.038535604124704734
tfidf,1,5,51,fake,437,0,0.22708778756538478,0.15081805417166627
tfidf,1,5,51,fake,441,1,0.7538856610017695,0.9600445796984709
tfidf,1,5,51,fake,444,0,0.402172256459607,0.29434228351683844
tfidf,1,5,51,fake,456,0,0.18775467684530378,0.06473740414811567
tfidf,1,5,51,fake,468,0,0.1657027130386092,0.04047269847879565
tfidf,1,5,51,fake,485,0,0.14910036781039768,0.014950588556518816
tfidf,1,1,52,fake,319,1,0.7313138293766455,0.8811550742724028
tfidf,1,1,52,fake,331,0,0.963417258516201,0.9889113049725493
tfidf,1,1,52,fake,345,1,0.9705936904270487,0.9856099095253906
tfidf,1,1,52,fake,346,1,0.40802440028091685,0.6161455491723749
tfidf,1,1,52,fake,357,0,0.35527045048427736,0.42741685544643504
tfidf,1,1,52,fake,358,0,0.7473128283926677,0.8100609955169674
tfidf,1,1,52,fake,362,1,0.997642409951922,0.9993887910474896
tfidf,1,1,52,fake,363,0,0.09237932340268543,0.05630914696042197
tfidf,1,1,52,fake,364,0,0.42340523953324005,0.7034110278109651
tfidf,1,1,52,fake,369,0,0.020951684668167478,0.011441963417323378
tfidf,1,1,52,fake,372,1,0.02225014558203747,0.027104129717265273
tfidf,1,1,52,fake,391,0,0.06054626241498065,0.29090577060505085
tfidf,1,1,52,fake,400,0,0.9976902238888292,0.9954838262026935
tfidf,1,1,52,fake,402,1,0.994648431112484,0.9969466864982158
tfidf,1,1,52,fake,403,0,0.002808745572116958,0.0018148290920606844
tfidf,1,1,52,fake,404,0,0.001996199048946503,0.003901984232056611
tfidf,1,1,52,fake,413,1,0.9999998322186925,0.999999921367313
tfidf,1,1,52,fake,416,0,0.01993571614233054,0.010201746000134557
tfidf,1,1,52,fake,420,0,0.014701571260758287,0.013733556880149484
tfidf,1,1,52,fake,423,0,0.9924315894248686,0.9968493986917106
tfidf,1,1,52,fake,426,1,0.9853257388454395,0.9867984172400277
tfidf,1,1,52,fake,433,1,0.9982289402945473,0.9953324804013701
tfidf,1,1,52,fake,451,0,0.1258479937832062,0.06586258951442292
tfidf,1,1,52,fake,454,0,0.015626843913043902,0.016286126983940517
tfidf,1,1,52,fake,473,0,0.025716115603062372,0.020428309287400945
tfidf,1,1,52,fake,476,0,0.015214101763719802,0.008771664523530473
tfidf,1,1,52,fake,484,0,0.012784721843785556,0.021919479571809532
tfidf,1,1,52,fake,487,0,0.2103603602626807,0.16042510542896538
tfidf,1,1,52,fake,490,0,0.0013284084543087684,0.001976678669710282
tfidf,1,2,52,fake,303,0,0.08131546640015246,0.08149079009922584
tfidf,1,2,52,fake,304,0,0.07679615887382416,0.07613428394158965
tfidf,1,2,52,fake,310,0,0.4802532334766816,0.47648133485587796
tfidf,1,2,52,fake,312,0,0.28232538328560913,0.28023231023085504
tfidf,1,2,52,fake,316,0,0.6198746270833108,0.6190035462060771
tfidf,1,2,52,fake,324,0,0.40154808922237256,0.40351106993431624
tfidf,1,2,52,fake,328,0,0.7247998776593472,0.7239664026056798
tfidf,1,2,52,fake,339,1,0.9432518994510649,0.9432174027811386
tfidf,1,2,52,fake,353,1,0.9169325580873542,0.9169504026300944
tfidf,1,2,52,fake,355,1,0.48895154080424813,0.4920400752997344
tfidf,1,2,52,fake,366,0,0.03906429577748025,0.03866372352873665
tfidf,1,2,52,fake,375,0,0.005802423895102515,0.00570313018292537
tfidf,1,2,52,fake,376,1,0.9805174898018469,0.9807435828106134
tfidf,1,2,52,fake,379,0,0.41869037250850855,0.41819879501515805
tfidf,1,2,52,fake,381,1,0.9528420267932303,0.953095836341896
tfidf,1,2,52,fake,382,0,0.16218844184103257,0.16049632489513777
tfidf,1,2,52,fake,386,1,0.6292324893867821,0.6294781318976713
tfidf,1,2,52,fake,390,0,0.9211662576039175,0.9224525652669743
tfidf,1,2,52,fake,392,0,0.1407523941056729,0.13983494522736625
tfidf,1,2,52,fake,401,0,0.7145441967556745,0.7139851847419589
tfidf,1,2,52,fake,412,1,0.8028658269103619,0.8021817942872222
tfidf,1,2,52,fake,422,1,0.47867610417307205,0.477694805754838
tfidf,1,2,52,fake,427,0,0.016826796143895855,0.016574992453733697
tfidf,1,2,52,fake,440,1,0.8884445767017439,0.8889543880304978
tfidf,1,2,52,fake,443,0,0.18091875801631424,0.17937471332646826
tfidf,1,2,52,fake,457,0,0.03725702525529922,0.03656524741188274
tfidf,1,2,52,fake,479,0,0.038361666908544666,0.03787269778673367
tfidf,1,2,52,fake,482,0,0.15850781399814118,0.15711020248396373
tfidf,1,2,52,fake,486,0,0.009974722056852934,0.009896433453617933
tfidf,1,3,52,fake,305,0,0.7261509569023445,0.6965282088682642
tfidf,1,3,52,fake,307,0,0.7649226155111151,0.6620146089131211
tfidf,1,3,52,fake,313,0,0.4403320139276775,0.41346956860967815
tfidf,1,3,52,fake,315,0,0.5488579042698121,0.39106282023376393
tfidf,1,3,52,fake,317,0,0.606372265677065,0.6877982374591659
tfidf,1,3,52,fake,320,1,0.6726845681742841,0.7830556767975164
tfidf,1,3,52,fake,338,1,0.41100592051334844,0.57807603076466
tfidf,1,3,52,fake,344,1,0.32944806634100454,0.4251899692267736
tfidf,1,3,52,fake,352,1,0.8296660226163235,0.7630066933760286
tfidf,1,3,52,fake,356,1,0.8464357120613114,0.894524688891939
tfidf,1,3,52,fake,367,1,0.9968613667025513,0.9972468088919452
tfidf,1,3,52,fake,371,0,0.39504523798615065,0.44891205135113255
tfidf,1,3,52,fake,380,1,0.9911664860176134,0.9864968118415318
tfidf,1,3,52,fake,383,0,0.10426674064601713,0.08668692613266975
tfidf,1,3,52,fake,393,0,0.05456828855290554,0.05540875881137893
tfidf,1,3,52,fake,395,0,0.5217531310066333,0.5884117739376089
tfidf,1,3,52,fake,397,0,0.24534352153806746,0.2275594416717979
tfidf,1,3,52,fake,425,0,0.3351152105835798,0.3423114517934129
tfidf,1,3,52,fake,430,0,0.13242059032293976,0.11835134022113512
tfidf,1,3,52,fake,436,0,0.04785600601763707,0.037683290835995316
tfidf,1,3,52,fake,439,0,0.2788636667344694,0.26246238975836583
tfidf,1,3,52,fake,446,0,0.01371421801807842,0.013738909960366332
tfidf,1,3,52,fake,447,0,0.1544765351809252,0.16127193924686717
tfidf,1,3,52,fake,459,1,0.8964756944813742,0.9065835596305202
tfidf,1,3,52,fake,474,0,0.14688679338895988,0.11977648511938431
tfidf,1,3,52,fake,475,0,0.025383497708828178,0.02280644213822632
tfidf,1,3,52,fake,489,0,0.041946885825444646,0.045989437572151015
tfidf,1,3,52,fake,491,0,0.13183788557198886,0.14432388096217239
tfidf,1,4,52,fake,318,0,0.5212912583490339,0.3405207515987364
tfidf,1,4,52,fake,322,0,0.6312048856449135,0.6707413170851224
tfidf,1,4,52,fake,326,0,0.2839677320791196,0.16340349000705498
tfidf,1,4,52,fake,327,0,0.6570789082909386,0.6154414195045735
tfidf,1,4,52,fake,335,1,0.7577871943815624,0.6998055073370545
tfidf,1,4,52,fake,343,0,0.789129887642999,0.7869270134238935
tfidf,1,4,52,fake,347,1,0.7822447561736633,0.80169610976962
tfidf,1,4,52,fake,351,1,0.8644211041480107,0.9202609766097223
tfidf,1,4,52,fake,374,0,0.12705062407058307,0.11891837816938862
tfidf,1,4,52,fake,377,1,0.9981712544878981,0.9991680104610183
tfidf,1,4,52,fake,389,1,0.7865223611230125,0.8424548595357764
tfidf,1,4,52,fake,414,1,0.22708052372708817,0.15879743572574362
tfidf,1,4,52,fake,415,0,0.06764056366399508,0.05576900867938914
tfidf,1,4,52,fake,419,0,0.011386018595440311,0.007258073520972331
tfidf,1,4,52,fake,445,0,0.08810116497043671,0.09239105402222965
tfidf,1,4,52,fake,448,1,0.22074641349275176,0.19420737533221516
tfidf,1,4,52,fake,449,0,0.25373174452776737,0.21387273910458382
tfidf,1,4,52,fake,455,0,0.27359425324790926,0.2594642105389145
tfidf,1,4,52,fake,458,0,0.1010428826831025,0.10443175419560644
tfidf,1,4,52,fake,463,0,0.006628580039345694,0.003263411463138638
tfidf,1,4,52,fake,464,0,0.13647677723199209,0.0982482562611663
tfidf,1,4,52,fake,471,0,0.08358070251542457,0.05007470774533476
tfidf,1,4,52,fake,472,0,0.017626768846361014,0.016289525289766127
tfidf,1,4,52,fake,477,0,0.5904049099946471,0.6011425369744248
tfidf,1,4,52,fake,478,0,0.8300294150911064,0.8278950785946451
tfidf,1,4,52,fake,483,1,0.8827813238676201,0.8871580757214423
tfidf,1,4,52,fake,488,0,0.15169828326135998,0.1001885913217033
tfidf,1,4,52,fake,492,0,0.04272137672205604,0.05171681347874203
tfidf,1,5,52,fake,302,0,0.033095161467762084,0.03315255568173767
tfidf,1,5,52,fake,321,1,0.9779202936086882,0.9777475734733132
tfidf,1,5,52,fake,325,1,0.9460170129307118,0.9466390180267473
tfidf,1,5,52,fake,330,1,0.5810847363062258,0.5819129890201178
tfidf,1,5,52,fake,333,0,0.3876180254182466,0.3882073950330988
tfidf,1,5,52,fake,336,0,0.34532042133304247,0.34986660940350606
tfidf,1,5,52,fake,340,0,0.19953849059326875,0.20051934574604208
tfidf,1,5,52,fake,341,0,0.7905537673227488,0.7934125950574814
tfidf,1,5,52,fake,348,1,0.6745231931926167,0.6746576736222386
tfidf,1,5,52,fake,350,1,0.85824095319707,0.8533801158335016
tfidf,1,5,52,fake,360,0,0.6803481904166055,0.6785039693939221
tfidf,1,5,52,fake,368,0,0.194850269351134,0.19495560709198134
tfidf,1,5,52,fake,370,0,0.10608799035199873,0.10470761567548004
tfidf,1,5,52,fake,385,0,0.08713401896674823,0.08708990702360124
tfidf,1,5,52,fake,388,1,0.6273438184721394,0.6240663778571024
tfidf,1,5,52,fake,406,0,0.042421219818816046,0.04236483630349039
tfidf,1,5,52,fake,409,1,0.2306011830559246,0.22781953828151394
tfidf,1,5,52,fake,417,0,0.07892064785546547,0.08008169028871084
tfidf,1,5,52,fake,418,1,0.8060656589431333,0.80200472961018
tfidf,1,5,52,fake,428,0,0.7628398186605243,0.7660820833747821
tfidf,1,5,52,fake,429,0,0.08268286551891335,0.08136147129364016
tfidf,1,5,52,fake,434,0,0.26844339966093544,0.2738200516485274
tfidf,1,5,52,fake,437,0,0.026188556197194762,0.026243386302771742
tfidf,1,5,52,fake,441,1,0.39502772015950455,0.3923938551538265
tfidf,1,5,52,fake,444,0,0.05926592470552238,0.05910566187930839
tfidf,1,5,52,fake,456,0,0.02255805580170565,0.02246777854039871
tfidf,1,5,52,fake,468,0,0.04419699327033823,0.04526522210508806
tfidf,1,5,52,fake,485,0,0.07491305695416783,0.07623549163105842
tfidf,1,1,53,fake,319,1,0.9967048232718955,0.998613728007581
tfidf,1,1,53,fake,331,0,0.6271508243918096,0.7576458850852991
tfidf,1,1,53,fake,345,1,0.6493811814460743,0.7907220617383647
tfidf,1,1,53,fake,346,1,0.7580735622759027,0.8076924258968605
tfidf,1,1,53,fake,357,0,0.2672991097291048,0.31897765749786855
tfidf,1,1,53,fake,358,0,0.5961583964704993,0.7654049918589116
tfidf,1,1,53,fake,362,1,0.7503977970407767,0.8999843137967634
tfidf,1,1,53,fake,363,0,0.13684493594775904,0.11421422563310282
tfidf,1,1,53,fake,364,0,0.4613721538856083,0.6488206659918602
tfidf,1,1,53,fake,369,0,0.19609399108989167,0.15391530665315784
tfidf,1,1,53,fake,372,1,0.6672087016431514,0.6823757841247453
tfidf,1,1,53,fake,391,0,0.5266058925427923,0.6628365086984429
tfidf,1,1,53,fake,400,0,0.9326362410058381,0.9458073178260202
tfidf,1,1,53,fake,402,1,0.9955879468601795,0.9965320069850793
tfidf,1,1,53,fake,403,0,0.033769163964980746,0.024275053166420226
tfidf,1,1,53,fake,404,0,0.06564423474144244,0.1251034120553411
tfidf,1,1,53,fake,413,1,0.9500280693264133,0.9710627430218326
tfidf,1,1,53,fake,416,0,0.05070492814885804,0.050050991602026675
tfidf,1,1,53,fake,420,0,0.06289945121133046,0.03912434652386241
tfidf,1,1,53,fake,423,0,0.9039515347723341,0.9504038308409193
tfidf,1,1,53,fake,426,1,0.9560025467416505,0.9755917153379479
tfidf,1,1,53,fake,433,1,0.43550495852948534,0.44071937133979133
tfidf,1,1,53,fake,451,0,0.2916926325103939,0.24457016017257563
tfidf,1,1,53,fake,454,0,0.1426335145538806,0.1549929318563667
tfidf,1,1,53,fake,473,0,0.07064963255879739,0.06083976140652067
tfidf,1,1,53,fake,476,0,0.23835320822031106,0.22768921772238548
tfidf,1,1,53,fake,484,0,0.2399589996249127,0.33371331553456346
tfidf,1,1,53,fake,487,0,0.2232317130413615,0.1994113699729807
tfidf,1,1,53,fake,490,0,0.09812003651185547,0.08483417186445147
tfidf,1,2,53,fake,303,0,0.030754867147905974,0.03117759523831009
tfidf,1,2,53,fake,304,0,0.07164440653102475,0.0703976314178186
tfidf,1,2,53,fake,310,0,0.3303090142242459,0.31938355349074743
tfidf,1,2,53,fake,312,0,0.377830220167278,0.3699607750007398
tfidf,1,2,53,fake,316,0,0.4150242844439228,0.414695935676541
tfidf,1,2,53,fake,324,0,0.336152148259544,0.3406075608797515
tfidf,1,2,53,fake,328,0,0.5313201597612267,0.5247601618206399
tfidf,1,2,53,fake,339,1,0.9683449431904673,0.9685377343057608
tfidf,1,2,53,fake,353,1,0.83702690528643,0.8381611171037284
tfidf,1,2,53,fake,355,1,0.6745291291822892,0.6803796432579622
tfidf,1,2,53,fake,366,0,0.02741386812248084,0.026419513339048236
tfidf,1,2,53,fake,375,0,0.002924737592286228,0.002809114890870199
tfidf,1,2,53,fake,376,1,0.9859990255686651,0.9862285762149224
tfidf,1,2,53,fake,379,0,0.5627137044444167,0.5595072024909696
tfidf,1,2,53,fake,381,1,0.8662085277625321,0.869586248655825
tfidf,1,2,53,fake,382,0,0.08639787348304676,0.08321738730912817
tfidf,1,2,53,fake,386,1,0.6351535566408208,0.6375569813798226
tfidf,1,2,53,fake,390,0,0.9631832626866256,0.9641188352536059
tfidf,1,2,53,fake,392,0,0.19703567077946096,0.19420337544852215
tfidf,1,2,53,fake,401,0,0.7196768204416768,0.7157143189268705
tfidf,1,2,53,fake,412,1,0.5106262774046014,0.51056649709822
tfidf,1,2,53,fake,422,1,0.7968165824467838,0.7919316332369222
tfidf,1,2,53,fake,427,0,0.011040490800197965,0.010561155158387998
tfidf,1,2,53,fake,440,1,0.966533995669514,0.9664594856345069
tfidf,1,2,53,fake,443,0,0.1818263899798279,0.17838880691991432
tfidf,1,2,53,fake,457,0,0.019866102228885303,0.019115674012339854
tfidf,1,2,53,fake,479,0,0.03391621458333485,0.032159941802980214
tfidf,1,2,53,fake,482,0,0.08160482228722421,0.07995697173095068
tfidf,1,2,53,fake,486,0,0.02689986996688514,0.026506558001109636
tfidf,1,3,53,fake,305,0,0.48394352050011236,0.49401993321178655
tfidf,1,3,53,fake,307,0,0.43278380542518957,0.4165857206067231
tfidf,1,3,53,fake,313,0,0.5339270686553009,0.534652944558313
tfidf,1,3,53,fake,315,0,0.5690551607704445,0.5398226659447173
tfidf,1,3,53,fake,317,0,0.6712087300578828,0.6933814635743047
tfidf,1,3,53,fake,320,1,0.7223782294141315,0.7503021646978577
tfidf,1,3,53,fake,338,1,0.7279173388244898,0.7533537165468481
tfidf,1,3,53,fake,344,1,0.6501922297689794,0.6692160668337304
tfidf,1,3,53,fake,352,1,0.720410088241568,0.695766599462195
tfidf,1,3,53,fake,356,1,0.6447056914609594,0.6652382636744878
tfidf,1,3,53,fake,367,1,0.9192864237327946,0.9227534086059692
tfidf,1,3,53,fake,371,0,0.41627661413618,0.4273385040502014
tfidf,1,3,53,fake,380,1,0.752677845327811,0.7422145743588155
tfidf,1,3,53,fake,383,0,0.3705830398723381,0.3641191122990021
tfidf,1,3,53,fake,393,0,0.28597349516228143,0.2834016452872892
tfidf,1,3,53,fake,395,0,0.46014532592266844,0.47346784055576185
tfidf,1,3,53,fake,397,0,0.36027025220983017,0.35988977134218536
tfidf,1,3,53,fake,425,0,0.7467453829309268,0.753069613194807
tfidf,1,3,53,fake,430,0,0.48152658841825197,0.46998194270794114
tfidf,1,3,53,fake,436,0,0.204349291512915,0.19992307412285132
tfidf,1,3,53,fake,439,0,0.4193608921512793,0.42063399665373236
tfidf,1,3,53,fake,446,0,0.19341059506619634,0.1969278597559732
tfidf,1,3,53,fake,447,0,0.29436748545625685,0.2932396747987202
tfidf,1,3,53,fake,459,1,0.7399359258105707,0.7419505391724832
tfidf,1,3,53,fake,474,0,0.1569328281722747,0.1518666416689753
tfidf,1,3,53,fake,475,0,0.18646612851727334,0.18288693179946877
tfidf,1,3,53,fake,489,0,0.21286075810867225,0.21290725149112028
tfidf,1,3,53,fake,491,0,0.43965206545590585,0.4436450253477032
tfidf,1,4,53,fake,318,0,0.46373168575101137,0.28357939047753156
tfidf,1,4,53,fake,322,0,0.7133901004115448,0.766382048698827
tfidf,1,4,53,fake,326,0,0.45170345977442294,0.30453563743120465
tfidf,1,4,53,fake,327,0,0.7402217448876002,0.7346299675455255
tfidf,1,4,53,fake,335,1,0.8173061664506718,0.7541660289184998
tfidf,1,4,53,fake,343,0,0.798670843713277,0.8067616398226298
tfidf,1,4,53,fake,347,1,0.3868146130894554,0.43254383648315975
tfidf,1,4,53,fake,351,1,0.8390442342432772,0.8942419375688861
tfidf,1,4,53,fake,374,0,0.12424002000243783,0.12091004420442679
tfidf,1,4,53,fake,377,1,0.9885895642904172,0.9932625584934469
tfidf,1,4,53,fake,389,1,0.9469062059936776,0.9567478626958275
tfidf,1,4,53,fake,414,1,0.8398772911015061,0.8079299531999341
tfidf,1,4,53,fake,415,0,0.09706395969346082,0.083467242820431
tfidf,1,4,53,fake,419,0,0.018642227161561404,0.01192661344206016
tfidf,1,4,53,fake,445,0,0.4783692330433498,0.4510349734055422
tfidf,1,4,53,fake,448,1,0.7614244499642469,0.7614930327903827
tfidf,1,4,53,fake,449,0,0.07009986169997004,0.06117972762939858
tfidf,1,4,53,fake,455,0,0.1337563841420831,0.12641348395032123
tfidf,1,4,53,fake,458,0,0.18281444219119247,0.18450887435358346
tfidf,1,4,53,fake,463,0,0.00702752282161604,0.003851962242780867
tfidf,1,4,53,fake,464,0,0.07316296088304651,0.055766674795178627
tfidf,1,4,53,fake,471,0,0.12693229056542263,0.09113905235825756
tfidf,1,4,53,fake,472,0,0.025112405227331498,0.02081168682048431
tfidf,1,4,53,fake,477,0,0.25618932574085806,0.29218261170291526
tfidf,1,4,53,fake,478,0,0.5351628683948647,0.5310100588256125
tfidf,1,4,53,fake,483,1,0.5238036067115562,0.538169406968419
tfidf,1,4,53,fake,488,0,0.10659066633542283,0.0753282819734861
tfidf,1,4,53,fake,492,0,0.18783227193669408,0.18007344881525061
tfidf,1,5,53,fake,302,0,0.07702552435450119,0.07741694658472069
tfidf,1,5,53,fake,321,1,0.9741906011806502,0.9742441431236623
tfidf,1,5,53,fake,325,1,0.8490556314826806,0.8552666194414571
tfidf,1,5,53,fake,330,1,0.49225599459999364,0.49069898218426655
tfidf,1,5,53,fake,333,0,0.42979032800086936,0.4305398018035863
tfidf,1,5,53,fake,336,0,0.40732694396114705,0.41786731991311954
tfidf,1,5,53,fake,340,0,0.21456836553191558,0.21645770233530223
tfidf,1,5,53,fake,341,0,0.3322692415661849,0.3335031367735966
tfidf,1,5,53,fake,348,1,0.4078710116880937,0.40903014643258906
tfidf,1,5,53,fake,350,1,0.9103526010855464,0.9029167577007503
tfidf,1,5,53,fake,360,0,0.3771938511704869,0.37746351911239967
tfidf,1,5,53,fake,368,0,0.36748233366942284,0.3751841308977506
tfidf,1,5,53,fake,370,0,0.050209297533201365,0.0482900371094911
tfidf,1,5,53,fake,385,0,0.6049523274047556,0.6110589730289726
tfidf,1,5,53,fake,388,1,0.5221948329051577,0.5108775117064639
tfidf,1,5,53,fake,406,0,0.029524381318128266,0.02935961626768166
tfidf,1,5,53,fake,409,1,0.5666507321638448,0.5583608894885363
tfidf,1,5,53,fake,417,0,0.08857522134508762,0.09390883999239323
tfidf,1,5,53,fake,418,1,0.9488938862435449,0.9452698292801146
tfidf,1,5,53,fake,428,0,0.12628002452895573,0.1291355199565624
tfidf,1,5,53,fake,429,0,0.08757696698269472,0.08414159341605426
tfidf,1,5,53,fake,434,0,0.26555483877468483,0.28224344725280204
tfidf,1,5,53,fake,437,0,0.3118153476768405,0.318766249658897
tfidf,1,5,53,fake,441,1,0.7471241286531196,0.7415962572697535
tfidf,1,5,53,fake,444,0,0.10364348850847942,0.10424010893204909
tfidf,1,5,53,fake,456,0,0.043242354830073215,0.042934845614770574
tfidf,1,5,53,fake,468,0,0.11762752356893372,0.12718984980556916
tfidf,1,5,53,fake,485,0,0.018521550905639356,0.01926947511567054
tfidf,1,1,54,fake,319,1,0.9546303626794332,0.9699328983984301
tfidf,1,1,54,fake,331,0,0.4447790740330363,0.5334099548512237
tfidf,1,1,54,fake,345,1,0.8795924743437493,0.9183603655272399
tfidf,1,1,54,fake,346,1,0.7142548399719287,0.7708562460788283
tfidf,1,1,54,fake,357,0,0.553174966292831,0.587479841386208
tfidf,1,1,54,fake,358,0,0.8590642169879369,0.9113724198454896
tfidf,1,1,54,fake,362,1,0.5713149398755738,0.7211866597482673
tfidf,1,1,54,fake,363,0,0.12359152366088236,0.12417081656564538
tfidf,1,1,54,fake,364,0,0.73023669522463,0.8126079000525701
tfidf,1,1,54,fake,369,0,0.40995880248250505,0.34932990267826014
tfidf,1,1,54,fake,372,1,0.8785911490956838,0.8855294774829718
tfidf,1,1,54,fake,391,0,0.18834498881589445,0.27134430978985924
tfidf,1,1,54,fake,400,0,0.440695945651413,0.45351741209540425
tfidf,1,1,54,fake,402,1,0.9650702616504907,0.9683408398696626
tfidf,1,1,54,fake,403,0,0.022673281407004576,0.019960330541067137
tfidf,1,1,54,fake,404,0,0.08906669850799226,0.12179393788738431
tfidf,1,1,54,fake,413,1,0.9986989264117825,0.9989471223907567
tfidf,1,1,54,fake,416,0,0.026924275280328053,0.02858953720206905
tfidf,1,1,54,fake,420,0,0.04612101618075223,0.044031850339350025
tfidf,1,1,54,fake,423,0,0.8875976049490097,0.9181181567089495
tfidf,1,1,54,fake,426,1,0.7753659655901516,0.7978889041161035
tfidf,1,1,54,fake,433,1,0.9349877874091351,0.9238480670039347
tfidf,1,1,54,fake,451,0,0.17978436068304693,0.16125586054802776
tfidf,1,1,54,fake,454,0,0.5297316194112524,0.5818273649093509
tfidf,1,1,54,fake,473,0,0.045313879141308175,0.04041740391168194
tfidf,1,1,54,fake,476,0,0.0840571364964086,0.07891170704138589
tfidf,1,1,54,fake,484,0,0.16075725687697975,0.19811500175860303
tfidf,1,1,54,fake,487,0,0.3182224798695723,0.30516805837459676
tfidf,1,1,54,fake,490,0,0.474716047765387,0.43522957662783285
tfidf,1,2,54,fake,303,0,0.3450348307194626,0.06424243944119928
tfidf,1,2,54,fake,304,0,0.452382764250223,0.09955733636762042
tfidf,1,2,54,fake,310,0,0.6463112069615254,0.44539224522678383
tfidf,1,2,54,fake,312,0,0.6601888497368438,0.44446597114472136
tfidf,1,2,54,fake,316,0,0.7234755422780501,0.5225310621347883
tfidf,1,2,54,fake,324,0,0.6562853050982329,0.44864635815710485
tfidf,1,2,54,fake,328,0,0.6696018605946368,0.6284667421881246
tfidf,1,2,54,fake,339,1,0.9144463105457694,0.9840966739398282
tfidf,1,2,54,fake,353,1,0.798011904445189,0.9409671576891445
tfidf,1,2,54,fake,355,1,0.6137458944711273,0.49685845577393783
tfidf,1,2,54,fake,366,0,0.16239598677827483,0.01811041156662516
tfidf,1,2,54,fake,375,0,0.10649602425407226,0.003358314344277941
tfidf,1,2,54,fake,376,1,0.8933495840526527,0.9840685284913644
tfidf,1,2,54,fake,379,0,0.4114149193820261,0.39181118737491555
tfidf,1,2,54,fake,381,1,0.7289520533313202,0.9028553533559817
tfidf,1,2,54,fake,382,0,0.33149127324020083,0.2914098772852333
tfidf,1,2,54,fake,386,1,0.4635359356838117,0.6373596586072293
tfidf,1,2,54,fake,390,0,0.839798004187727,0.9514545254338357
tfidf,1,2,54,fake,392,0,0.24926117959610583,0.0545117029691055
tfidf,1,2,54,fake,401,0,0.5279342151867695,0.5969997973367043
tfidf,1,2,54,fake,412,1,0.4326369914215276,0.49865811482215183
tfidf,1,2,54,fake,422,1,0.5056851882198411,0.5335814241159131
tfidf,1,2,54,fake,427,0,0.1460177297667931,0.03224204919542957
tfidf,1,2,54,fake,440,1,0.792630912534309,0.9539150078150562
tfidf,1,2,54,fake,443,0,0.4127877301539526,0.5683578292060112
tfidf,1,2,54,fake,457,0,0.12671122780691216,0.009141783213898856
tfidf,1,2,54,fake,479,0,0.17343570936995148,0.03368527472568248
tfidf,1,2,54,fake,482,0,0.2533539003023423,0.04533869299374158
tfidf,1,2,54,fake,486,0,0.10984602358222084,0.0053054398160330045
tfidf,1,3,54,fake,305,0,0.39959096161629226,0.3915550456147149
tfidf,1,3,54,fake,307,0,0.11623488033332836,0.0710979045652838
tfidf,1,3,54,fake,313,0,0.7681684718614703,0.792390883815351
tfidf,1,3,54,fake,315,0,0.537109260693195,0.40786862548751385
tfidf,1,3,54,fake,317,0,0.46079774639469406,0.5756792753679115
tfidf,1,3,54,fake,320,1,0.9599945551020624,0.979570097437018
tfidf,1,3,54,fake,338,1,0.7202748051413498,0.833827160135912
tfidf,1,3,54,fake,344,1,0.7228266519111645,0.8050039456901378
tfidf,1,3,54,fake,352,1,0.8641794240193698,0.8067489082600101
tfidf,1,3,54,fake,356,1,0.6225965942849798,0.7013499421871086
tfidf,1,3,54,fake,367,1,0.991764337193101,0.9924889949317307
tfidf,1,3,54,fake,371,0,0.45142221437409413,0.5381997691140352
tfidf,1,3,54,fake,380,1,0.8320097078100083,0.76787427448246
tfidf,1,3,54,fake,383,0,0.18002289901719687,0.16308044197067284
tfidf,1,3,54,fake,393,0,0.13342255871723788,0.12756527914008553
tfidf,1,3,54,fake,395,0,0.5041752705314789,0.6044250953286586
tfidf,1,3,54,fake,397,0,0.2589639525453715,0.2785654848642086
tfidf,1,3,54,fake,425,0,0.7071376194541812,0.7237884507755792
tfidf,1,3,54,fake,430,0,0.16672265078797308,0.15847149196278762
tfidf,1,3,54,fake,436,0,0.0415442371267426,0.03404499757024909
tfidf,1,3,54,fake,439,0,0.1961428580614576,0.20152537147890523
tfidf,1,3,54,fake,446,0,0.18111200749002218,0.19887970920821454
tfidf,1,3,54,fake,447,0,0.5410101885675365,0.5508533972836848
tfidf,1,3,54,fake,459,1,0.8523127201491633,0.8640451004224097
tfidf,1,3,54,fake,474,0,0.09806001532536546,0.06821717670364572
tfidf,1,3,54,fake,475,0,0.017966198774276715,0.016331090611155244
tfidf,1,3,54,fake,489,0,0.06352964485698355,0.06177838489138105
tfidf,1,3,54,fake,491,0,0.06845774009791841,0.07074825708651086
tfidf,1,4,54,fake,318,0,0.020747589953543123,0.11771884372318876
tfidf,1,4,54,fake,322,0,0.1491298944780219,0.4830869976200142
tfidf,1,4,54,fake,326,0,0.03644022528275414,0.1469909600288104
tfidf,1,4,54,fake,327,0,0.909233543096701,0.7673639624411803
tfidf,1,4,54,fake,335,1,0.02966969403351107,0.26958305580851943
tfidf,1,4,54,fake,343,0,0.36458950321293804,0.5303553610177476
tfidf,1,4,54,fake,347,1,0.9985355395427693,0.8082957683795642
tfidf,1,4,54,fake,351,1,0.9734851056791244,0.965226530714264
tfidf,1,4,54,fake,374,0,0.6088865815824365,0.5460798359260468
tfidf,1,4,54,fake,377,1,0.9997656460255873,0.9956117401571266
tfidf,1,4,54,fake,389,1,0.24682174579861302,0.6590095351935569
tfidf,1,4,54,fake,414,1,0.9807757955463845,0.8675053152132115
tfidf,1,4,54,fake,415,0,0.005556508555025008,0.06099843847523987
tfidf,1,4,54,fake,419,0,2.734686082995426e-05,0.004271842759184465
tfidf,1,4,54,fake,445,0,0.05536566529606486,0.21282860376462065
tfidf,1,4,54,fake,448,1,0.7585899554472518,0.6352745638011691
tfidf,1,4,54,fake,449,0,0.12491378619245297,0.17791971231796605
tfidf,1,4,54,fake,455,0,0.04462211844926134,0.15626067747123398
tfidf,1,4,54,fake,458,0,0.19082280748631064,0.23080919255294408
tfidf,1,4,54,fake,463,0,0.00013862586064512187,0.004939696757276722
tfidf,1,4,54,fake,464,0,0.8365897696174889,0.3062052296274162
tfidf,1,4,54,fake,471,0,0.028907428340770175,0.09149363160566783
tfidf,1,4,54,fake,472,0,0.00012975559752590493,0.010900692455520744
tfidf,1,4,54,fake,477,0,0.4196575637284517,0.5340212135098127
tfidf,1,4,54,fake,478,0,0.517263877082146,0.7239651468110414
tfidf,1,4,54,fake,483,1,0.1148470377410942,0.49090122921702734
tfidf,1,4,54,fake,488,0,0.09663944526133043,0.16902008612893515
tfidf,1,4,54,fake,492,0,0.019294561481244643,0.10137450437338698
tfidf,1,5,54,fake,302,0,0.03732394122719788,0.037196485236031626
tfidf,1,5,54,fake,321,1,0.8324083856790448,0.8340918219346422
tfidf,1,5,54,fake,325,1,0.9599930137484096,0.9594753913526368
tfidf,1,5,54,fake,330,1,0.283963461681442,0.28661498392806894
tfidf,1,5,54,fake,333,0,0.3074609775698123,0.3086262150137332
tfidf,1,5,54,fake,336,0,0.44266986705759737,0.43690746669078445
tfidf,1,5,54,fake,340,0,0.34705055871642426,0.3446565127626731
tfidf,1,5,54,fake,341,0,0.25715567763378433,0.2552689717747437
tfidf,1,5,54,fake,348,1,0.9778261004822465,0.9779797716806454
tfidf,1,5,54,fake,350,1,0.6433799595473407,0.6505379099383377
tfidf,1,5,54,fake,360,0,0.6623462930839866,0.6637558431336213
tfidf,1,5,54,fake,368,0,0.2442372599728687,0.24282577856748225
tfidf,1,5,54,fake,370,0,0.24506036652740457,0.24816108746774074
tfidf,1,5,54,fake,385,0,0.33860161082657336,0.34008699138014115
tfidf,1,5,54,fake,388,1,0.5989537019791941,0.601296095327588
tfidf,1,5,54,fake,406,0,0.08492235174300247,0.08411163084285543
tfidf,1,5,54,fake,409,1,0.6186555746661794,0.6249427302237472
tfidf,1,5,54,fake,417,0,0.32870554213432346,0.3223170653233643
tfidf,1,5,54,fake,418,1,0.965598513866926,0.9665895957702659
tfidf,1,5,54,fake,428,0,0.5674097799979616,0.5676248098952136
tfidf,1,5,54,fake,429,0,0.04566751869428283,0.04632252508777196
tfidf,1,5,54,fake,434,0,0.04074097503404133,0.039748618933846395
tfidf,1,5,54,fake,437,0,0.07409353623039079,0.07396172925585914
tfidf,1,5,54,fake,441,1,0.6793222371845926,0.6836917492031221
tfidf,1,5,54,fake,444,0,0.14986942021253044,0.14976184259295974
tfidf,1,5,54,fake,456,0,0.26263996797829964,0.26135524401755966
tfidf,1,5,54,fake,468,0,0.034174982590814536,0.033373387586704925
tfidf,1,5,54,fake,485,0,0.027919793178547706,0.027432887409012535
tfidf,1,1,55,fake,319,1,0.9362689138033895,0.956103588810879
tfidf,1,1,55,fake,331,0,0.4647697697458349,0.563423596064564
tfidf,1,1,55,fake,345,1,0.958964137931501,0.9777116014284432
tfidf,1,1,55,fake,346,1,0.6760095457078461,0.7448367625795926
tfidf,1,1,55,fake,357,0,0.49211679244276163,0.5399487713809287
tfidf,1,1,55,fake,358,0,0.8929866548740935,0.934038431880733
tfidf,1,1,55,fake,362,1,0.8082102700380507,0.8994716751406053
tfidf,1,1,55,fake,363,0,0.03733849957557409,0.035953916539764375
tfidf,1,1,55,fake,364,0,0.4425871578912369,0.5862172151881048
tfidf,1,1,55,fake,369,0,0.32364875074381794,0.2888001069780193
tfidf,1,1,55,fake,372,1,0.9976670381723504,0.9969104807702386
tfidf,1,1,55,fake,391,0,0.7595821074066657,0.812143772594028
tfidf,1,1,55,fake,400,0,0.5284183739479967,0.5484434487442253
tfidf,1,1,55,fake,402,1,0.9706757113438506,0.9746644211215262
tfidf,1,1,55,fake,403,0,0.03114676284034143,0.024001362850410143
tfidf,1,1,55,fake,404,0,0.04005329591404916,0.05944468453340026
tfidf,1,1,55,fake,413,1,0.9398298096597717,0.9448790238330683
tfidf,1,1,55,fake,416,0,0.06356570574102148,0.057527913178485865
tfidf,1,1,55,fake,420,0,0.2644132187665255,0.2003981623211101
tfidf,1,1,55,fake,423,0,0.9316424527776274,0.9453366262208224
tfidf,1,1,55,fake,426,1,0.29070350201667955,0.36453664209868936
tfidf,1,1,55,fake,433,1,0.3856407757779525,0.3979721206567538
tfidf,1,1,55,fake,451,0,0.2557218616145968,0.23049487022602813
tfidf,1,1,55,fake,454,0,0.07251134123158397,0.08307088043329841
tfidf,1,1,55,fake,473,0,0.031115501261979945,0.033014576672744586
tfidf,1,1,55,fake,476,0,0.04542028953117736,0.04029596573606106
tfidf,1,1,55,fake,484,0,0.2357602629886277,0.28897066101334795
tfidf,1,1,55,fake,487,0,0.32507932041329596,0.29228824395852493
tfidf,1,1,55,fake,490,0,0.09220874301590092,0.08300479182832464
tfidf,1,2,55,fake,303,0,0.029940973557548625,0.030963333967148007
tfidf,1,2,55,fake,304,0,0.04554286708773968,0.04384066303053147
tfidf,1,2,55,fake,310,0,0.4585920247887438,0.43734450671895814
tfidf,1,2,55,fake,312,0,0.4519130630370985,0.4353793398210053
tfidf,1,2,55,fake,316,0,0.6217634316023487,0.6180567654931123
tfidf,1,2,55,fake,324,0,0.42856209892211017,0.4351636746020064
tfidf,1,2,55,fake,328,0,0.4987494002274156,0.48995849339708697
tfidf,1,2,55,fake,339,1,0.8068996222891465,0.8076695386382318
tfidf,1,2,55,fake,353,1,0.824952097544687,0.8259586350943865
tfidf,1,2,55,fake,355,1,0.6117999257413133,0.6205991290543764
tfidf,1,2,55,fake,366,0,0.030033555635982655,0.0278642322059632
tfidf,1,2,55,fake,375,0,0.0043363386456881725,0.003907747393277608
tfidf,1,2,55,fake,376,1,0.9780347631056489,0.9786545695498098
tfidf,1,2,55,fake,379,0,0.7218319876007545,0.71491649485326
tfidf,1,2,55,fake,381,1,0.9507610980622051,0.9531684817230623
tfidf,1,2,55,fake,382,0,0.24354920417510917,0.2316538877382868
tfidf,1,2,55,fake,386,1,0.9890470993534686,0.9898069332582445
tfidf,1,2,55,fake,390,0,0.9456170719789275,0.9479272293632824
tfidf,1,2,55,fake,392,0,0.11360684889781572,0.11014139438655134
tfidf,1,2,55,fake,401,0,0.7833700973763986,0.777701015326728
tfidf,1,2,55,fake,412,1,0.7942947068106486,0.7884304791137825
tfidf,1,2,55,fake,422,1,0.5361602822588766,0.523069137836306
tfidf,1,2,55,fake,427,0,0.029608659867910628,0.02724675722755214
tfidf,1,2,55,fake,440,1,0.9372840432498286,0.9387667001798491
tfidf,1,2,55,fake,443,0,0.22563799038700869,0.21827271388868394
tfidf,1,2,55,fake,457,0,0.007661549958712498,0.0073326512561091555
tfidf,1,2,55,fake,479,0,0.03391411552581461,0.03129081336196423
tfidf,1,2,55,fake,482,0,0.07937683272933765,0.07663776852741917
tfidf,1,2,55,fake,486,0,0.02370235035522603,0.02259536616923169
tfidf,1,3,55,fake,305,0,0.4216045964012634,0.3921177484311847
tfidf,1,3,55,fake,307,0,0.5437090011082772,0.3703399750360849
tfidf,1,3,55,fake,313,0,0.6515437640832353,0.6282794319747744
tfidf,1,3,55,fake,315,0,0.30518681055423347,0.18284009185110864
tfidf,1,3,55,fake,317,0,0.504562024485329,0.6340620835003674
tfidf,1,3,55,fake,320,1,0.8158539691679421,0.8931465339306529
tfidf,1,3,55,fake,338,1,0.739338253562352,0.8849903511942014
tfidf,1,3,55,fake,344,1,0.4713364023717437,0.5991613621510384
tfidf,1,3,55,fake,352,1,0.7397621823659528,0.5755185837395439
tfidf,1,3,55,fake,356,1,0.8589004414625535,0.9064524701161764
tfidf,1,3,55,fake,367,1,0.9848855519993545,0.9855523483494686
tfidf,1,3,55,fake,371,0,0.6317891074164119,0.6907975615539917
tfidf,1,3,55,fake,380,1,0.980046715362472,0.9690911872499899
tfidf,1,3,55,fake,383,0,0.11026744432925842,0.09747085223463244
tfidf,1,3,55,fake,393,0,0.19284387727845748,0.19981068115057884
tfidf,1,3,55,fake,395,0,0.22491222439235461,0.33307409090325835
tfidf,1,3,55,fake,397,0,0.2706554126071995,0.2571669155969744
tfidf,1,3,55,fake,425,0,0.432488615684935,0.44520773982745604
tfidf,1,3,55,fake,430,0,0.0682725315690175,0.0628320080048879
tfidf,1,3,55,fake,436,0,0.050563192890760195,0.03810005839726367
tfidf,1,3,55,fake,439,0,0.3997086009910112,0.3872995438595355
tfidf,1,3,55,fake,446,0,0.0336738441478287,0.03977917607289991
tfidf,1,3,55,fake,447,0,0.2982842799137992,0.3173944035122481
tfidf,1,3,55,fake,459,1,0.8935601532274788,0.9091060709398876
tfidf,1,3,55,fake,474,0,0.27508567480064916,0.23705864193246534
tfidf,1,3,55,fake,475,0,0.01098246651396769,0.012785106896355973
tfidf,1,3,55,fake,489,0,0.02877631198802752,0.030177732685161947
tfidf,1,3,55,fake,491,0,0.1718077988016591,0.17624902538542922
tfidf,1,4,55,fake,318,0,0.22546483245697221,0.15247073820459703
tfidf,1,4,55,fake,322,0,0.7534121686227536,0.7743309751840207
tfidf,1,4,55,fake,326,0,0.20157823353109042,0.1476745712781031
tfidf,1,4,55,fake,327,0,0.569578971868364,0.546960072601934
tfidf,1,4,55,fake,335,1,0.8824773073741028,0.8502069727209247
tfidf,1,4,55,fake,343,0,0.7158136571472352,0.7044105745462321
tfidf,1,4,55,fake,347,1,0.22299372679191656,0.25373128426256475
tfidf,1,4,55,fake,351,1,0.9460792205870784,0.9637859901381272
tfidf,1,4,55,fake,374,0,0.7553014743100659,0.7352725913879081
tfidf,1,4,55,fake,377,1,0.9411149640609094,0.9613315611347089
tfidf,1,4,55,fake,389,1,0.8776214743236945,0.8850590379729325
tfidf,1,4,55,fake,414,1,0.8219039593332291,0.7843313954561737
tfidf,1,4,55,fake,415,0,0.07660385725074464,0.06864967043333951
tfidf,1,4,55,fake,419,0,0.024248321546143214,0.01987455944195747
tfidf,1,4,55,fake,445,0,0.18198508998212679,0.2034794337811031
tfidf,1,4,55,fake,448,1,0.18349989949072068,0.17842034710559598
tfidf,1,4,55,fake,449,0,0.19515817439763816,0.17454500265397455
tfidf,1,4,55,fake,455,0,0.11230182702587585,0.11983644086691779
tfidf,1,4,55,fake,458,0,0.07738526816047309,0.07626093014566895
tfidf,1,4,55,fake,463,0,0.0020700399376944365,0.0014756210824557147
tfidf,1,4,55,fake,464,0,0.07215692006800431,0.059957415946491247
tfidf,1,4,55,fake,471,0,0.12176356083785438,0.08996976879729379
tfidf,1,4,55,fake,472,0,0.00975763228948654,0.009485068176692785
tfidf,1,4,55,fake,477,0,0.3934859727383931,0.4115159084223615
tfidf,1,4,55,fake,478,0,0.770800262355607,0.7804517184180323
tfidf,1,4,55,fake,483,1,0.9363260430578559,0.9279383023792693
tfidf,1,4,55,fake,488,0,0.197322328563171,0.16297453783321855
tfidf,1,4,55,fake,492,0,0.092004046431192,0.09317986367436865
tfidf,1,5,55,fake,302,0,0.13396818221432893,0.12130215855159175
tfidf,1,5,55,fake,321,1,0.8197609275695089,0.8245402529785442
tfidf,1,5,55,fake,325,1,0.9484571818423059,0.9474853933729224
tfidf,1,5,55,fake,330,1,0.48469573680061095,0.4873405217701248
tfidf,1,5,55,fake,333,0,0.4445480822307837,0.44709946499926123
tfidf,1,5,55,fake,336,0,0.763685998919461,0.7191412130819401
tfidf,1,5,55,fake,340,0,0.6952774460171056,0.6816503154223756
tfidf,1,5,55,fake,341,0,0.382076537225928,0.3629361470187988
tfidf,1,5,55,fake,348,1,0.5562747693685078,0.5267489305254461
tfidf,1,5,55,fake,350,1,0.9896985746701705,0.9919929628600134
tfidf,1,5,55,fake,360,0,0.5387358638687055,0.5509934795789493
tfidf,1,5,55,fake,368,0,0.2768098951937029,0.2850185720000012
tfidf,1,5,55,fake,370,0,0.07151124637471978,0.08111353916304033
tfidf,1,5,55,fake,385,0,0.10120638911527541,0.10575935729672574
tfidf,1,5,55,fake,388,1,0.5201697344535728,0.5460040628181464
tfidf,1,5,55,fake,406,0,0.048582632146968244,0.04674868116528965
tfidf,1,5,55,fake,409,1,0.6431281260873775,0.6842879039302732
tfidf,1,5,55,fake,417,0,0.13892699391487892,0.1374048552605218
tfidf,1,5,55,fake,418,1,0.7884539144948894,0.8338187322443483
tfidf,1,5,55,fake,428,0,0.052604144122711895,0.04696010993868556
tfidf,1,5,55,fake,429,0,0.05945006370674194,0.06249889199969075
tfidf,1,5,55,fake,434,0,0.5476928865297284,0.4938970591812882
tfidf,1,5,55,fake,437,0,0.04757006563080555,0.045487369970755774
tfidf,1,5,55,fake,441,1,0.618065460215073,0.6387527088681586
tfidf,1,5,55,fake,444,0,0.07759924342152279,0.07763276658653415
tfidf,1,5,55,fake,456,0,0.028167740566527502,0.029477896866427992
tfidf,1,5,55,fake,468,0,0.048312911621705826,0.041461160271346935
tfidf,1,5,55,fake,485,0,0.02390274398184666,0.020986097856913775
tfidf,1,1,56,fake,319,1,0.6396208022794314,0.7520852271506863
tfidf,1,1,56,fake,331,0,0.22980400005859744,0.324003229434089
tfidf,1,1,56,fake,345,1,0.6276770627565847,0.7511908159505934
tfidf,1,1,56,fake,346,1,0.9265256081126205,0.9454188302501958
tfidf,1,1,56,fake,357,0,0.4733690575934597,0.532405505759218
tfidf,1,1,56,fake,358,0,0.2536531769251486,0.3841818163124643
tfidf,1,1,56,fake,362,1,0.30983381609310484,0.500892476659881
tfidf,1,1,56,fake,363,0,0.14753616686042886,0.1422299746425818
tfidf,1,1,56,fake,364,0,0.8492096030426423,0.9012870986167876
tfidf,1,1,56,fake,369,0,0.2671575802369837,0.25016464042584996
tfidf,1,1,56,fake,372,1,0.9994105505601856,0.9994705726569131
tfidf,1,1,56,fake,391,0,0.48103556049548063,0.6015093560238635
tfidf,1,1,56,fake,400,0,0.449461881036286,0.46624064290423056
tfidf,1,1,56,fake,402,1,0.997417366175379,0.9980566756125995
tfidf,1,1,56,fake,403,0,0.015773824504574166,0.012304499473685919
tfidf,1,1,56,fake,404,0,0.4760811473935895,0.5952752167780292
tfidf,1,1,56,fake,413,1,0.6746539464903305,0.7593410102075957
tfidf,1,1,56,fake,416,0,0.03996446006771849,0.04017010024115932
tfidf,1,1,56,fake,420,0,0.226085368845472,0.18163005177698613
tfidf,1,1,56,fake,423,0,0.8512408178286295,0.8929470465113328
tfidf,1,1,56,fake,426,1,0.7362145238196042,0.7653278246944565
tfidf,1,1,56,fake,433,1,0.9161372322837908,0.9203217238257373
tfidf,1,1,56,fake,451,0,0.32126305302356983,0.2831156544901048
tfidf,1,1,56,fake,454,0,0.07797908240288008,0.09150901186635155
tfidf,1,1,56,fake,473,0,0.02817468726958179,0.02858074572663724
tfidf,1,1,56,fake,476,0,0.07634535782709564,0.07003194723425218
tfidf,1,1,56,fake,484,0,0.4254140114325536,0.4707120129012569
tfidf,1,1,56,fake,487,0,0.3912908192180111,0.36126176236607666
tfidf,1,1,56,fake,490,0,0.08181053786560087,0.08195650562627137
tfidf,1,2,56,fake,303,0,0.3687917457234698,0.07690020798757866
tfidf,1,2,56,fake,304,0,0.4040240128974963,0.03964991587277801
tfidf,1,2,56,fake,310,0,0.6860818455685153,0.5370440105449023
tfidf,1,2,56,fake,312,0,0.6453335494738657,0.5230088880959587
tfidf,1,2,56,fake,316,0,0.7163570773764082,0.5228461410220292
tfidf,1,2,56,fake,324,0,0.6658132734456099,0.5769989246524411
tfidf,1,2,56,fake,328,0,0.6589594187461191,0.5682692629166217
tfidf,1,2,56,fake,339,1,0.7811265372277592,0.6910659232815833
tfidf,1,2,56,fake,353,1,0.7190755371299663,0.712197927074523
tfidf,1,2,56,fake,355,1,0.675769847994596,0.6589752391285711
tfidf,1,2,56,fake,366,0,0.15420990417771765,0.014160642530471487
tfidf,1,2,56,fake,375,0,0.1443740598514107,0.008493753087744712
tfidf,1,2,56,fake,376,1,0.8836848500969001,0.9583520886925886
tfidf,1,2,56,fake,379,0,0.46631884759893283,0.49311494236247555
tfidf,1,2,56,fake,381,1,0.8517393860128127,0.9937076784719511
tfidf,1,2,56,fake,382,0,0.312485911530839,0.18396537760608359
tfidf,1,2,56,fake,386,1,0.44489774279667876,0.6749679494753021
tfidf,1,2,56,fake,390,0,0.8146353988003294,0.8975510127496832
tfidf,1,2,56,fake,392,0,0.2751167815758855,0.1343363790344643
tfidf,1,2,56,fake,401,0,0.5446677094296419,0.5859785905076494
tfidf,1,2,56,fake,412,1,0.5181709121837164,0.728853302107825
tfidf,1,2,56,fake,422,1,0.5390688807812135,0.6674520591573875
tfidf,1,2,56,fake,427,0,0.1237275736684612,0.006949496152146057
tfidf,1,2,56,fake,440,1,0.7043865894513485,0.7527710194381426
tfidf,1,2,56,fake,443,0,0.34408387366958,0.20447403559267405
tfidf,1,2,56,fake,457,0,0.12847786893416235,0.008957840049873213
tfidf,1,2,56,fake,479,0,0.13821755184296877,0.012920726778550882
tfidf,1,2,56,fake,482,0,0.27881125608276525,0.1125285499446487
tfidf,1,2,56,fake,486,0,0.12305838543961262,0.009787358326340348
tfidf,1,3,56,fake,305,0,0.42891066191321114,0.5639153337803677
tfidf,1,3,56,fake,307,0,0.15872225898547512,0.3779307368614923
tfidf,1,3,56,fake,313,0,0.3959686776839731,0.5614392560077885
tfidf,1,3,56,fake,315,0,0.6136894500567566,0.5799972840656792
tfidf,1,3,56,fake,317,0,0.4279236679558976,0.6295465424266815
tfidf,1,3,56,fake,320,1,0.8605224213083983,0.819988537161587
tfidf,1,3,56,fake,338,1,0.4923859520360123,0.5976726655700568
tfidf,1,3,56,fake,344,1,0.7265401038158875,0.6820848607449818
tfidf,1,3,56,fake,352,1,0.7922008467661608,0.6679963987391608
tfidf,1,3,56,fake,356,1,0.6036276921803144,0.6457951438278925
tfidf,1,3,56,fake,367,1,0.9945208970401329,0.9173084928489179
tfidf,1,3,56,fake,371,0,0.5167393521733396,0.4789795737746207
tfidf,1,3,56,fake,380,1,0.9442137093314786,0.7602723610621615
tfidf,1,3,56,fake,383,0,0.07536053440509548,0.30671027127523987
tfidf,1,3,56,fake,393,0,0.1127536825974594,0.2776860782557405
tfidf,1,3,56,fake,395,0,0.4249884675330748,0.45313167528591514
tfidf,1,3,56,fake,397,0,0.27638017164343315,0.3042168655664051
tfidf,1,3,56,fake,425,0,0.9549498697556763,0.7746863596402055
tfidf,1,3,56,fake,430,0,0.2610416647025468,0.4171728505550898
tfidf,1,3,56,fake,436,0,0.03675044108070109,0.15675573496685347
tfidf,1,3,56,fake,439,0,0.4496392056109083,0.3856877367849836
tfidf,1,3,56,fake,446,0,0.01688109802126448,0.19597089784534494
tfidf,1,3,56,fake,447,0,0.4392465520772167,0.4516890942434516
tfidf,1,3,56,fake,459,1,0.8677619330182897,0.7896717760730402
tfidf,1,3,56,fake,474,0,0.09541454396604103,0.23334928982392203
tfidf,1,3,56,fake,475,0,0.009669846211778167,0.11751276421704963
tfidf,1,3,56,fake,489,0,0.06829280760390688,0.23815827567151637
tfidf,1,3,56,fake,491,0,0.1385600208880488,0.4742981275416332
tfidf,1,4,56,fake,318,0,0.4445893966450264,0.5687992057143717
tfidf,1,4,56,fake,322,0,0.752874575451277,0.7452427221022868
tfidf,1,4,56,fake,326,0,0.7697139603894433,0.6881794818039785
tfidf,1,4,56,fake,327,0,0.6382622319735308,0.6765904883344174
tfidf,1,4,56,fake,335,1,0.9525066835803814,0.7681670531997807
tfidf,1,4,56,fake,343,0,0.6197264019743686,0.6822971094335202
tfidf,1,4,56,fake,347,1,0.31666246106078777,0.5449145605284176
tfidf,1,4,56,fake,351,1,0.8721069831437303,0.7839393627201879
tfidf,1,4,56,fake,374,0,0.2373818850170306,0.6023092280346004
tfidf,1,4,56,fake,377,1,0.9976324064854267,0.9353043887691981
tfidf,1,4,56,fake,389,1,0.7452800074727989,0.7164714117259097
tfidf,1,4,56,fake,414,1,0.23159419264665715,0.4224690039980386
tfidf,1,4,56,fake,415,0,0.14938310695814028,0.25646606706329295
tfidf,1,4,56,fake,419,0,0.018049749464480683,0.1803766305147584
tfidf,1,4,56,fake,445,0,0.15440456480521636,0.26809011719887443
tfidf,1,4,56,fake,448,1,0.8515903383027584,0.6779118401714069
tfidf,1,4,56,fake,449,0,0.10230844230272998,0.22700991035098853
tfidf,1,4,56,fake,455,0,0.07399129105238333,0.24109721321509256
tfidf,1,4,56,fake,458,0,0.15772387619257702,0.3707123487798693
tfidf,1,4,56,fake,463,0,0.0038597682721205765,0.07309902138405203
tfidf,1,4,56,fake,464,0,0.0378381883295684,0.16093100542716954
tfidf,1,4,56,fake,471,0,0.12528525394260184,0.24025654955422038
tfidf,1,4,56,fake,472,0,0.011707501921831448,0.12780567938377882
tfidf,1,4,56,fake,477,0,0.4443395678332732,0.49746782739491563
tfidf,1,4,56,fake,478,0,0.6726501854690538,0.5530295034694097
tfidf,1,4,56,fake,483,1,0.6816228288200104,0.7058403887268839
tfidf,1,4,56,fake,488,0,0.16631207962075917,0.2894622754856002
tfidf,1,4,56,fake,492,0,0.018992706850140238,0.18698422871328146
tfidf,1,5,56,fake,302,0,0.5185660033294033,0.06756777004227658
tfidf,1,5,56,fake,321,1,0.6008870906866718,0.45515171930258214
tfidf,1,5,56,fake,325,1,0.7862982059655599,0.9067723112490339
tfidf,1,5,56,fake,330,1,0.4857411309403369,0.2826282220516574
tfidf,1,5,56,fake,333,0,0.39941742816960085,0.14418661384463158
tfidf,1,5,56,fake,336,0,0.7826225597489332,0.6803539521141375
tfidf,1,5,56,fake,340,0,0.5566463469693476,0.47878351713264566
tfidf,1,5,56,fake,341,0,0.7915939553497047,0.8954984360062941
tfidf,1,5,56,fake,348,1,0.7675734193125151,0.8931775579488368
tfidf,1,5,56,fake,350,1,0.9248555893430963,0.9941918704359286
tfidf,1,5,56,fake,360,0,0.4650409519045626,0.5176306332299275
tfidf,1,5,56,fake,368,0,0.1548145022596052,0.028917431560833103
tfidf,1,5,56,fake,370,0,0.06531987411561915,0.012117473865369773
tfidf,1,5,56,fake,385,0,0.10215602256449047,0.010705216000701278
tfidf,1,5,56,fake,388,1,0.5132901308045108,0.46850159142461417
tfidf,1,5,56,fake,406,0,0.052888435680939996,0.005175565833866103
tfidf,1,5,56,fake,409,1,0.9230160003664732,0.9981362163026354
tfidf,1,5,56,fake,417,0,0.1264328435107672,0.07498281782343758
tfidf,1,5,56,fake,418,1,0.9073794991010461,0.9896987446004643
tfidf,1,5,56,fake,428,0,0.12701931362356084,0.0132359674098177
tfidf,1,5,56,fake,429,0,0.08936977081544378,0.002270567846180135
tfidf,1,5,56,fake,434,0,0.03426698146766286,0.0008901429039968726
tfidf,1,5,56,fake,437,0,0.13124052887692556,0.03973057851958386
tfidf,1,5,56,fake,441,1,0.8726475959536427,0.9772378457055649
tfidf,1,5,56,fake,444,0,0.052489949295258506,0.003163399244990244
tfidf,1,5,56,fake,456,0,0.018532159779968856,0.0028976803124014894
tfidf,1,5,56,fake,468,0,0.03563982156179938,0.004008457806890448
tfidf,1,5,56,fake,485,0,0.018958721825582572,0.005817957895499899
tfidf,1,1,57,fake,319,1,0.873751164032451,0.7885641706198031
tfidf,1,1,57,fake,331,0,0.4806580017760754,0.6457591143509985
tfidf,1,1,57,fake,345,1,0.9708480559535282,0.8481627215829808
tfidf,1,1,57,fake,346,1,0.8225395513203261,0.7614451808098419
tfidf,1,1,57,fake,357,0,0.3923195240409629,0.5645831578388772
tfidf,1,1,57,fake,358,0,0.7641630618196611,0.7365591572413405
tfidf,1,1,57,fake,362,1,0.9983471845099264,0.9433648790159826
tfidf,1,1,57,fake,363,0,0.23955399023148435,0.3226169324171762
tfidf,1,1,57,fake,364,0,0.6489513916594133,0.595645164333932
tfidf,1,1,57,fake,369,0,0.40161345746677274,0.4384835894393519
tfidf,1,1,57,fake,372,1,0.5305273933211636,0.706018816479674
tfidf,1,1,57,fake,391,0,0.40254024628228197,0.45807820710899394
tfidf,1,1,57,fake,400,0,0.8340179091672874,0.6964193272976489
tfidf,1,1,57,fake,402,1,0.9875100080102728,0.8760758173911941
tfidf,1,1,57,fake,403,0,0.008378808584742934,0.09754832488582048
tfidf,1,1,57,fake,404,0,0.1728442585708174,0.33651574165446874
tfidf,1,1,57,fake,413,1,0.6975354588049554,0.6353546750481445
tfidf,1,1,57,fake,416,0,0.06163873497241068,0.20875679599385788
tfidf,1,1,57,fake,420,0,0.3183659234762706,0.4075512971484928
tfidf,1,1,57,fake,423,0,0.8377413689888626,0.688467993650195
tfidf,1,1,57,fake,426,1,0.5674394099649729,0.5934989021981193
tfidf,1,1,57,fake,433,1,0.6331721074930672,0.37914238193102273
tfidf,1,1,57,fake,451,0,0.30922166343026525,0.4265553985012389
tfidf,1,1,57,fake,454,0,0.20128984379665682,0.2249459311937708
tfidf,1,1,57,fake,473,0,0.0791791277914909,0.17012346372876427
tfidf,1,1,57,fake,476,0,0.11905120290054232,0.22221365841534543
tfidf,1,1,57,fake,484,0,0.1653407027751429,0.46022439515616254
tfidf,1,1,57,fake,487,0,0.25985645177849687,0.3904671709034518
tfidf,1,1,57,fake,490,0,0.0699145256566489,0.2289099659589974
tfidf,1,2,57,fake,303,0,0.09068280808693101,0.09689260456537668
tfidf,1,2,57,fake,304,0,0.15043469342996668,0.13510209280938737
tfidf,1,2,57,fake,310,0,0.41260680837611596,0.32733117341179657
tfidf,1,2,57,fake,312,0,0.3261799092140441,0.2808904492689468
tfidf,1,2,57,fake,316,0,0.5946029781162238,0.5847437951447246
tfidf,1,2,57,fake,324,0,0.2766141125487707,0.3048934676657509
tfidf,1,2,57,fake,328,0,0.7153439233860122,0.6908794874052379
tfidf,1,2,57,fake,339,1,0.8787566270256905,0.8702821935076429
tfidf,1,2,57,fake,353,1,0.9953519811722267,0.9943676587986777
tfidf,1,2,57,fake,355,1,0.7369341133868731,0.7754868941038776
tfidf,1,2,57,fake,366,0,0.018113117233323803,0.01410631673367305
tfidf,1,2,57,fake,375,0,0.0043755428944172664,0.0035620726646100856
tfidf,1,2,57,fake,376,1,0.9959416999718492,0.9960359246072521
tfidf,1,2,57,fake,379,0,0.5955116716191294,0.556772436751706
tfidf,1,2,57,fake,381,1,0.9005966925335747,0.9160899882335237
tfidf,1,2,57,fake,382,0,0.18933345718115716,0.15318932235036173
tfidf,1,2,57,fake,386,1,0.7136875548351155,0.7281007910478494
tfidf,1,2,57,fake,390,0,0.9718320243457429,0.974243124120924
tfidf,1,2,57,fake,392,0,0.12095475661180806,0.10787826554666058
tfidf,1,2,57,fake,401,0,0.7606083981902222,0.7404799481879425
tfidf,1,2,57,fake,412,1,0.6468758174185387,0.630036234160501
tfidf,1,2,57,fake,422,1,0.519337638940004,0.48248179768272575
tfidf,1,2,57,fake,427,0,0.008652132481198487,0.006743063515417032
tfidf,1,2,57,fake,440,1,0.9135368775549966,0.9149515100543166
tfidf,1,2,57,fake,443,0,0.1324921696685449,0.11795503126208022
tfidf,1,2,57,fake,457,0,0.007178298201331667,0.006237975065424775
tfidf,1,2,57,fake,479,0,0.020212191997073515,0.014981313026997536
tfidf,1,2,57,fake,482,0,0.09557467823230555,0.08197122907072317
tfidf,1,2,57,fake,486,0,0.007965415837032327,0.007069832671636732
tfidf,1,3,57,fake,305,0,0.19218904109029503,0.17036881280698002
tfidf,1,3,57,fake,307,0,0.14925596158308563,0.08661684942433603
tfidf,1,3,57,fake,313,0,0.7375233744683393,0.7287725401226295
tfidf,1,3,57,fake,315,0,0.4037442783104098,0.280272088381156
tfidf,1,3,57,fake,317,0,0.7240940130724641,0.7966779475195173
tfidf,1,3,57,fake,320,1,0.7061272739895262,0.805866110189028
tfidf,1,3,57,fake,338,1,0.777868212569785,0.8475322548799091
tfidf,1,3,57,fake,344,1,0.9083826505299276,0.9278704482124938
tfidf,1,3,57,fake,352,1,0.831522101517305,0.7525388221806469
tfidf,1,3,57,fake,356,1,0.6822318075161949,0.7488421516666717
tfidf,1,3,57,fake,367,1,0.998483095867823,0.9984639945019744
tfidf,1,3,57,fake,371,0,0.6199383941489904,0.6703211800855327
tfidf,1,3,57,fake,380,1,0.8099763023503301,0.7698515246631367
tfidf,1,3,57,fake,383,0,0.11147525798878251,0.11446146395065793
tfidf,1,3,57,fake,393,0,0.053637911091689,0.057063777892760924
tfidf,1,3,57,fake,395,0,0.6858917303949854,0.7466781857604258
tfidf,1,3,57,fake,397,0,0.20272867748972356,0.19820252077451414
tfidf,1,3,57,fake,425,0,0.9313013433018543,0.9284368875319099
tfidf,1,3,57,fake,430,0,0.3958052765100064,0.359191257259134
tfidf,1,3,57,fake,436,0,0.05918546139221552,0.04621081897296938
tfidf,1,3,57,fake,439,0,0.22561675064905767,0.24784461925638296
tfidf,1,3,57,fake,446,0,0.07100308052085696,0.08463962179338774
tfidf,1,3,57,fake,447,0,0.14298089873437328,0.1546952148419866
tfidf,1,3,57,fake,459,1,0.799278091863912,0.7986263045824209
tfidf,1,3,57,fake,474,0,0.051808295064992335,0.03980983360273445
tfidf,1,3,57,fake,475,0,0.0074020596453466874,0.007479985778111055
tfidf,1,3,57,fake,489,0,0.05793157166246153,0.05486716096600273
tfidf,1,3,57,fake,491,0,0.0393597458110962,0.043428600391325664
tfidf,1,4,57,fake,318,0,0.24245212336512886,0.2626565095431342
tfidf,1,4,57,fake,322,0,0.8763297766752923,0.7747561792884631
tfidf,1,4,57,fake,326,0,0.4418083621590003,0.3337656432978252
tfidf,1,4,57,fake,327,0,0.3531032787117183,0.5591476986198203
tfidf,1,4,57,fake,335,1,0.897186802792703,0.671234704889952
tfidf,1,4,57,fake,343,0,0.8155579850910146,0.7792191470674779
tfidf,1,4,57,fake,347,1,0.9445553944084707,0.7862474584013646
tfidf,1,4,57,fake,351,1,0.4848972142912568,0.7107704465576373
tfidf,1,4,57,fake,374,0,0.022408332217434285,0.24616778499930309
tfidf,1,4,57,fake,377,1,0.9256040958299097,0.9563523396628009
tfidf,1,4,57,fake,389,1,0.8134073414970105,0.7224454227171496
tfidf,1,4,57,fake,414,1,0.7011616461366347,0.6980781051269048
tfidf,1,4,57,fake,415,0,0.005704484034751071,0.06696669146805423
tfidf,1,4,57,fake,419,0,0.007086166527215653,0.034283579233822845
tfidf,1,4,57,fake,445,0,0.07807952253006174,0.17333271737576267
tfidf,1,4,57,fake,448,1,0.9155876127512972,0.7322432021032176
tfidf,1,4,57,fake,449,0,0.15790717548151229,0.22832478093623684
tfidf,1,4,57,fake,455,0,0.011302074188021606,0.07662832663682186
tfidf,1,4,57,fake,458,0,0.17090154123774612,0.32628030308527783
tfidf,1,4,57,fake,463,0,0.00012074289244749476,0.0030813195979708437
tfidf,1,4,57,fake,464,0,0.00020690279836080714,0.02769292717303157
tfidf,1,4,57,fake,471,0,0.03405753715641143,0.13599628337433034
tfidf,1,4,57,fake,472,0,0.030420819223289416,0.0672518062927815
tfidf,1,4,57,fake,477,0,0.07603741579035438,0.3449301692271078
tfidf,1,4,57,fake,478,0,0.46349096566338716,0.6553731508347203
tfidf,1,4,57,fake,483,1,0.9345047711352777,0.8754491532677612
tfidf,1,4,57,fake,488,0,0.0022800667935671867,0.07236251476522157
tfidf,1,4,57,fake,492,0,0.0004973526011117812,0.0387215163813932
tfidf,1,5,57,fake,302,0,0.11393554099374842,0.11455889694596268
tfidf,1,5,57,fake,321,1,0.7604618927349792,0.7600044844680467
tfidf,1,5,57,fake,325,1,0.7475874567529176,0.7486277088539964
tfidf,1,5,57,fake,330,1,0.6918425683257353,0.6915264988892794
tfidf,1,5,57,fake,333,0,0.6718667372349177,0.6724780407309013
tfidf,1,5,57,fake,336,0,0.9496951186552032,0.9499161640802882
tfidf,1,5,57,fake,340,0,0.2686051711857798,0.2694689616326433
tfidf,1,5,57,fake,341,0,0.6674541322319064,0.6681221232758399
tfidf,1,5,57,fake,348,1,0.8024610302398663,0.8031345876974378
tfidf,1,5,57,fake,350,1,0.8751173913462362,0.8741931673486588
tfidf,1,5,57,fake,360,0,0.46371732803704097,0.4639700130366739
tfidf,1,5,57,fake,368,0,0.26643138456331034,0.26714871430342885
tfidf,1,5,57,fake,370,0,0.06658258672151499,0.06633160470871835
tfidf,1,5,57,fake,385,0,0.11299207578541069,0.11280760735181372
tfidf,1,5,57,fake,388,1,0.32673882370824125,0.32576913092740084
tfidf,1,5,57,fake,406,0,0.046013019942314826,0.04610563881668961
tfidf,1,5,57,fake,409,1,0.9436702664116509,0.9436262494792965
tfidf,1,5,57,fake,417,0,0.11132050189742335,0.11184910685518114
tfidf,1,5,57,fake,418,1,0.9251472634765067,0.9246062511355433
tfidf,1,5,57,fake,428,0,0.0913299564549918,0.0914228302415231
tfidf,1,5,57,fake,429,0,0.1086209800233745,0.10819873261742453
tfidf,1,5,57,fake,434,0,0.024467614130622147,0.024720265506379884
tfidf,1,5,57,fake,437,0,0.12369909827381162,0.12404377477973472
tfidf,1,5,57,fake,441,1,0.7992206235180607,0.7989073674082674
tfidf,1,5,57,fake,444,0,0.09393094600164702,0.09401572239169535
tfidf,1,5,57,fake,456,0,0.015248992127462464,0.015286728978594
tfidf,1,5,57,fake,468,0,0.16308419436074842,0.16388272185045033
tfidf,1,5,57,fake,485,0,0.10785373042564328,0.1087213174179148
tfidf,1,1,58,fake,319,1,0.9612421115263293,0.976200982736123
tfidf,1,1,58,fake,331,0,0.39806001802062685,0.478470199951683
tfidf,1,1,58,fake,345,1,0.998569456788527,0.9992492871666376
tfidf,1,1,58,fake,346,1,0.5055856927784743,0.5859108927470218
tfidf,1,1,58,fake,357,0,0.7350454420788441,0.7609907464717117
tfidf,1,1,58,fake,358,0,0.621724223048356,0.7416969442040234
tfidf,1,1,58,fake,362,1,0.9441489142080787,0.9704963040094985
tfidf,1,1,58,fake,363,0,0.5006915697477076,0.46627007971008055
tfidf,1,1,58,fake,364,0,0.6292636982336491,0.7411521384755245
tfidf,1,1,58,fake,369,0,0.2032346919537067,0.18422860703510674
tfidf,1,1,58,fake,372,1,0.6082814369051545,0.633067141597332
tfidf,1,1,58,fake,391,0,0.44100178743476914,0.5840700294529336
tfidf,1,1,58,fake,400,0,0.6296310246411484,0.6360461776724597
tfidf,1,1,58,fake,402,1,0.9455172110257966,0.9516398278885894
tfidf,1,1,58,fake,403,0,0.12953129372092237,0.10468948472251008
tfidf,1,1,58,fake,404,0,0.1271507389282967,0.20357967367856875
tfidf,1,1,58,fake,413,1,0.9214011845171962,0.9485254704767033
tfidf,1,1,58,fake,416,0,0.03812513534626904,0.035536144838579635
tfidf,1,1,58,fake,420,0,0.14591047962414727,0.10489178555217718
tfidf,1,1,58,fake,423,0,0.7618625259767016,0.8244398678257511
tfidf,1,1,58,fake,426,1,0.6381871437727042,0.6735838991494496
tfidf,1,1,58,fake,433,1,0.6728130019637311,0.6640735797160231
tfidf,1,1,58,fake,451,0,0.12639934897459693,0.1368301437496016
tfidf,1,1,58,fake,454,0,0.1729389579556278,0.18415203534875005
tfidf,1,1,58,fake,473,0,0.04384029012917738,0.04499265657473701
tfidf,1,1,58,fake,476,0,0.23074755487254478,0.21326368302587875
tfidf,1,1,58,fake,484,0,0.3741111515385179,0.3535235362126777
tfidf,1,1,58,fake,487,0,0.2331839478729233,0.21437061378224193
tfidf,1,1,58,fake,490,0,0.12918601764855286,0.11087484094501858
tfidf,1,2,58,fake,303,0,0.03589837780700132,0.03690037670427421
tfidf,1,2,58,fake,304,0,0.04984072274323096,0.04432659586602063
tfidf,1,2,58,fake,310,0,0.44014972772677796,0.38704057689224486
tfidf,1,2,58,fake,312,0,0.29001398868306183,0.25798221851959074
tfidf,1,2,58,fake,316,0,0.609554799769421,0.6084321239071144
tfidf,1,2,58,fake,324,0,0.4836035901133341,0.5011972960177921
tfidf,1,2,58,fake,328,0,0.5229761866366066,0.4876406428961211
tfidf,1,2,58,fake,339,1,0.9467536224127439,0.9456457495841565
tfidf,1,2,58,fake,353,1,0.8714095575276312,0.8708601113709729
tfidf,1,2,58,fake,355,1,0.35327278192695855,0.3762702728822709
tfidf,1,2,58,fake,366,0,0.011903615475479636,0.010169202326971919
tfidf,1,2,58,fake,375,0,0.004743797515866038,0.0038352037989171687
tfidf,1,2,58,fake,376,1,0.9514185213809713,0.956529743334136
tfidf,1,2,58,fake,379,0,0.18088281653391533,0.15815112838869438
tfidf,1,2,58,fake,381,1,0.928420879346716,0.93385471545381
tfidf,1,2,58,fake,382,0,0.37989272210982483,0.3421085507083071
tfidf,1,2,58,fake,386,1,0.8783615329559672,0.8756857227063958
tfidf,1,2,58,fake,390,0,0.9311640201631304,0.9406299524928485
tfidf,1,2,58,fake,392,0,0.15326044041900466,0.14502256538722416
tfidf,1,2,58,fake,401,0,0.7160727066077854,0.7118246208026979
tfidf,1,2,58,fake,412,1,0.9651903897102871,0.9671907912745222
tfidf,1,2,58,fake,422,1,0.4154628740172848,0.3825750191571592
tfidf,1,2,58,fake,427,0,0.009007891981921517,0.007441749926789577
tfidf,1,2,58,fake,440,1,0.8104505353204318,0.8108752014259138
tfidf,1,2,58,fake,443,0,0.10504042218907597,0.10248980963856723
tfidf,1,2,58,fake,457,0,0.005855364284011671,0.004943932911444801
tfidf,1,2,58,fake,479,0,0.008625220965601322,0.007707508841945937
tfidf,1,2,58,fake,482,0,0.10140794899288796,0.09086578642980714
tfidf,1,2,58,fake,486,0,0.021540675681108484,0.01927609122751734
tfidf,1,3,58,fake,305,0,0.17626457992661543,0.15396181634208572
tfidf,1,3,58,fake,307,0,0.09393976476609497,0.053382929645761405
tfidf,1,3,58,fake,313,0,0.7526629831225401,0.7343525546811163
tfidf,1,3,58,fake,315,0,0.5818965998690724,0.36068326158118014
tfidf,1,3,58,fake,317,0,0.7867365981342158,0.8561114180192756
tfidf,1,3,58,fake,320,1,0.8901763349767974,0.9476081924587092
tfidf,1,3,58,fake,338,1,0.5908131361691554,0.7562985804775204
tfidf,1,3,58,fake,344,1,0.3407553508860219,0.44621873661425904
tfidf,1,3,58,fake,352,1,0.9006208789300523,0.7857686146935716
tfidf,1,3,58,fake,356,1,0.5645451041778512,0.6820443149852152
tfidf,1,3,58,fake,367,1,0.99751820776227,0.9977315386599536
tfidf,1,3,58,fake,371,0,0.5958741867133094,0.6623377252495551
tfidf,1,3,58,fake,380,1,0.9691086330295671,0.9461457139026767
tfidf,1,3,58,fake,383,0,0.5218534945399036,0.47990728899454177
tfidf,1,3,58,fake,393,0,0.06654681424476283,0.06542733530400874
tfidf,1,3,58,fake,395,0,0.29852525733508145,0.4165712441287359
tfidf,1,3,58,fake,397,0,0.10122552470223548,0.10701354751750802
tfidf,1,3,58,fake,425,0,0.615411393490157,0.5898524759970951
tfidf,1,3,58,fake,430,0,0.0896859417424389,0.06645216250087349
tfidf,1,3,58,fake,436,0,0.03654968375861824,0.025237172044556187
tfidf,1,3,58,fake,439,0,0.21174085006246374,0.19988033844483544
tfidf,1,3,58,fake,446,0,0.08336910229688088,0.08547912635828556
tfidf,1,3,58,fake,447,0,0.3345214753215514,0.3066919329650668
tfidf,1,3,58,fake,459,1,0.766278596537849,0.779596830578018
tfidf,1,3,58,fake,474,0,0.07248356961929277,0.05050152352929273
tfidf,1,3,58,fake,475,0,0.03454223763286389,0.029068582010731748
tfidf,1,3,58,fake,489,0,0.054089910325466735,0.05264451981017092
tfidf,1,3,58,fake,491,0,0.0950745736632148,0.09162876878491096
tfidf,1,4,58,fake,318,0,0.4813637164348926,0.37835548874876473
tfidf,1,4,58,fake,322,0,0.7580649175009563,0.7785275746347956
tfidf,1,4,58,fake,326,0,0.4491934568749443,0.3560864295518322
tfidf,1,4,58,fake,327,0,0.814797227627355,0.7964602125337432
tfidf,1,4,58,fake,335,1,0.922263281015012,0.9040367699431341
tfidf,1,4,58,fake,343,0,0.745054958765859,0.7505733859774949
tfidf,1,4,58,fake,347,1,0.7231231135657356,0.7405265132899577
tfidf,1,4,58,fake,351,1,0.6823020159523746,0.7463228804223596
tfidf,1,4,58,fake,374,0,0.17354127420275742,0.16416759866909592
tfidf,1,4,58,fake,377,1,0.9765995660140098,0.9851808138154587
tfidf,1,4,58,fake,389,1,0.9349569676504738,0.9447735750743455
tfidf,1,4,58,fake,414,1,0.856151798650714,0.8359278223019937
tfidf,1,4,58,fake,415,0,0.07702909190249167,0.07592280093651929
tfidf,1,4,58,fake,419,0,0.0339796895926034,0.02669132724938136
tfidf,1,4,58,fake,445,0,0.12330222107240854,0.13109929885322227
tfidf,1,4,58,fake,448,1,0.28709131573606406,0.28730105841177334
tfidf,1,4,58,fake,449,0,0.12116257193820992,0.11009133922570755
tfidf,1,4,58,fake,455,0,0.16179666410659527,0.15443967336055403
tfidf,1,4,58,fake,458,0,0.10376342483024485,0.10769779614219152
tfidf,1,4,58,fake,463,0,0.008983052335485174,0.00596309835884028
tfidf,1,4,58,fake,464,0,0.07842985850776175,0.06910680817746233
tfidf,1,4,58,fake,471,0,0.4324982060634907,0.34577815769018644
tfidf,1,4,58,fake,472,0,0.02598070289399897,0.02342356806167454
tfidf,1,4,58,fake,477,0,0.45796279878716606,0.47990654103320934
tfidf,1,4,58,fake,478,0,0.5848304857538061,0.6164455367543781
tfidf,1,4,58,fake,483,1,0.8134125239991608,0.8191419901231043
tfidf,1,4,58,fake,488,0,0.16731703160292585,0.14191378330605303
tfidf,1,4,58,fake,492,0,0.06611892267986588,0.06742393559393851
tfidf,1,5,58,fake,302,0,0.030447763587344082,0.02946043143069706
tfidf,1,5,58,fake,321,1,0.48021335026048745,0.4803671166640229
tfidf,1,5,58,fake,325,1,0.9771074223486497,0.9747551759063908
tfidf,1,5,58,fake,330,1,0.4235097256817237,0.4180186786845795
tfidf,1,5,58,fake,333,0,0.3183257293983979,0.3063535171670129
tfidf,1,5,58,fake,336,0,0.7892676588826989,0.758283944933928
tfidf,1,5,58,fake,340,0,0.20433326800626372,0.19165751275020662
tfidf,1,5,58,fake,341,0,0.36518271059994806,0.35341172430237106
tfidf,1,5,58,fake,348,1,0.8715559986422718,0.8666397327518752
tfidf,1,5,58,fake,350,1,0.5652284071102938,0.605833559857513
tfidf,1,5,58,fake,360,0,0.5500435831566186,0.5627827908591726
tfidf,1,5,58,fake,368,0,0.23108313524260957,0.23674265594371557
tfidf,1,5,58,fake,370,0,0.11840956960759053,0.1290581787814146
tfidf,1,5,58,fake,385,0,0.1384539900034637,0.13708240755466158
tfidf,1,5,58,fake,388,1,0.5693243974860184,0.5753563358376462
tfidf,1,5,58,fake,406,0,0.034999700805472635,0.03331596674319286
tfidf,1,5,58,fake,409,1,0.5711280451393959,0.5897676643375181
tfidf,1,5,58,fake,417,0,0.7626029255857347,0.7388217043230156
tfidf,1,5,58,fake,418,1,0.9660005252862388,0.9712597672558793
tfidf,1,5,58,fake,428,0,0.12230642914274571,0.11659504784087307
tfidf,1,5,58,fake,429,0,0.07334877872220619,0.08179726761282397
tfidf,1,5,58,fake,434,0,0.18443554596640452,0.1598457996158431
tfidf,1,5,58,fake,437,0,0.0575009963257042,0.053647241875071645
tfidf,1,5,58,fake,441,1,0.9029086498284531,0.9090023839644841
tfidf,1,5,58,fake,444,0,0.22361192936138355,0.22778338009752752
tfidf,1,5,58,fake,456,0,0.015496234942799152,0.014902711590318406
tfidf,1,5,58,fake,468,0,0.032383421242448474,0.026842944899582555
tfidf,1,5,58,fake,485,0,0.02486634033421338,0.02177090740612008
tfidf,1,1,59,fake,319,1,0.999987934700931,0.9987097819170636
tfidf,1,1,59,fake,331,0,0.19160457842504972,0.5706903864045143
tfidf,1,1,59,fake,345,1,0.6806734255567657,0.7906201525004383
tfidf,1,1,59,fake,346,1,0.9996304608665565,0.9834962600684479
tfidf,1,1,59,fake,357,0,0.5372924239409868,0.6071286518884965
tfidf,1,1,59,fake,358,0,0.6579766652441094,0.7643765033024167
tfidf,1,1,59,fake,362,1,0.9995463373519683,0.991710304307668
tfidf,1,1,59,fake,363,0,0.06488420819881989,0.1756856726937217
tfidf,1,1,59,fake,364,0,0.34353264908448816,0.550252700604312
tfidf,1,1,59,fake,369,0,0.07102396922891262,0.1956379757815123
tfidf,1,1,59,fake,372,1,0.5746512158590261,0.7431217559475078
tfidf,1,1,59,fake,391,0,0.28384143562092096,0.5743536533788262
tfidf,1,1,59,fake,400,0,0.9548800282093537,0.8298494876485409
tfidf,1,1,59,fake,402,1,0.9993697713161348,0.9803525186949072
tfidf,1,1,59,fake,403,0,0.004287992502183046,0.018204745546411157
tfidf,1,1,59,fake,404,0,0.04833138771387552,0.17518756912355732
tfidf,1,1,59,fake,413,1,0.502702021848784,0.6673482167687318
tfidf,1,1,59,fake,416,0,0.0005638193383601873,0.01940621809240442
tfidf,1,1,59,fake,420,0,0.0033741649702670145,0.057061809849190084
tfidf,1,1,59,fake,423,0,0.9969609577327523,0.9655245703455783
tfidf,1,1,59,fake,426,1,0.5157907390678663,0.6266112161715902
tfidf,1,1,59,fake,433,1,0.8576651085422602,0.6874810874361829
tfidf,1,1,59,fake,451,0,0.1390320722482363,0.23059362183853283
tfidf,1,1,59,fake,454,0,0.22486400465839423,0.24642082757400055
tfidf,1,1,59,fake,473,0,0.0015820831328114396,0.01833960524664149
tfidf,1,1,59,fake,476,0,0.11285885738079747,0.1681948322183212
tfidf,1,1,59,fake,484,0,0.959811650335268,0.8686407192935549
tfidf,1,1,59,fake,487,0,0.726762780765932,0.5428262485106243
tfidf,1,1,59,fake,490,0,0.0030369414195058238,0.05249916098860174
tfidf,1,2,59,fake,303,0,0.04147519192412243,0.004174382625560168
tfidf,1,2,59,fake,304,0,0.047309837347893215,0.00042862973187602856
tfidf,1,2,59,fake,310,0,0.47611389301465223,0.09808751216850185
tfidf,1,2,59,fake,312,0,0.3819800757734248,0.04338165644097206
tfidf,1,2,59,fake,316,0,0.562302799357182,0.054865770187010214
tfidf,1,2,59,fake,324,0,0.5103725228508545,0.2838541954314004
tfidf,1,2,59,fake,328,0,0.622673930744577,0.5742294427821454
tfidf,1,2,59,fake,339,1,0.7467629160201283,0.35863091906860206
tfidf,1,2,59,fake,353,1,0.8252738405703897,0.9400651492693913
tfidf,1,2,59,fake,355,1,0.6831254328106445,0.8931560193136248
tfidf,1,2,59,fake,366,0,0.010709689805643966,7.444206432752131e-05
tfidf,1,2,59,fake,375,0,0.004619624001521108,1.2622110963198545e-05
tfidf,1,2,59,fake,376,1,0.9902163734170363,0.9995010217042058
tfidf,1,2,59,fake,379,0,0.4503240947381277,0.3688206827147026
tfidf,1,2,59,fake,381,1,0.9683348147162459,0.9975078555799919
tfidf,1,2,59,fake,382,0,0.4001099903735805,0.3119665419964551
tfidf,1,2,59,fake,386,1,0.7173881617850943,0.9229301849986712
tfidf,1,2,59,fake,390,0,0.9816075550814855,0.9987396034253037
tfidf,1,2,59,fake,392,0,0.12467856571615603,0.016850101504535895
tfidf,1,2,59,fake,401,0,0.7084769893587252,0.5109524622144838
tfidf,1,2,59,fake,412,1,0.5792577570490663,0.8407530923563205
tfidf,1,2,59,fake,422,1,0.6415342325755581,0.5180726840225575
tfidf,1,2,59,fake,427,0,0.010485525675916986,5.293067641684321e-05
tfidf,1,2,59,fake,440,1,0.995523063789962,0.9999984944384565
tfidf,1,2,59,fake,443,0,0.3609911502980693,0.21663344353935948
tfidf,1,2,59,fake,457,0,0.02325921870853705,0.0002789206715292953
tfidf,1,2,59,fake,479,0,0.018231223390870216,0.00013583623513603834
tfidf,1,2,59,fake,482,0,0.053048220593474596,0.0009681160605211506
tfidf,1,2,59,fake,486,0,0.012574426797693373,0.0005086391532843731
tfidf,1,3,59,fake,305,0,0.19110162518699145,0.5134564467621869
tfidf,1,3,59,fake,307,0,0.41366589805740644,0.4874074101704615
tfidf,1,3,59,fake,313,0,0.35804512637157426,0.5591251295072407
tfidf,1,3,59,fake,315,0,0.4981889453980712,0.5576818738021087
tfidf,1,3,59,fake,317,0,0.6159463194009315,0.6664505611257328
tfidf,1,3,59,fake,320,1,0.7982566569141832,0.772971323145471
tfidf,1,3,59,fake,338,1,0.6185936987986934,0.6246021499192668
tfidf,1,3,59,fake,344,1,0.7413511896136411,0.6891197189709269
tfidf,1,3,59,fake,352,1,0.9489828633443247,0.7323271117987183
tfidf,1,3,59,fake,356,1,0.841914767227651,0.7417030518904006
tfidf,1,3,59,fake,367,1,0.9910096702038835,0.9128815364072311
tfidf,1,3,59,fake,371,0,0.6882387347145174,0.5542803932531656
tfidf,1,3,59,fake,380,1,0.6615751737282142,0.6014651541689422
tfidf,1,3,59,fake,383,0,0.08149319928600601,0.30686796472865946
tfidf,1,3,59,fake,393,0,0.058824880134971974,0.21869799216247848
tfidf,1,3,59,fake,395,0,0.553564976837875,0.48375155779669543
tfidf,1,3,59,fake,397,0,0.6019782783731046,0.3837827892912564
tfidf,1,3,59,fake,425,0,0.7024565925023121,0.7187274351288876
tfidf,1,3,59,fake,430,0,0.1168455662081187,0.3696532132809753
tfidf,1,3,59,fake,436,0,0.08522006737042333,0.19218165014628255
tfidf,1,3,59,fake,439,0,0.10843550069809492,0.31170941648665207
tfidf,1,3,59,fake,446,0,0.06589741149705872,0.24190645634273833
tfidf,1,3,59,fake,447,0,0.637676816448359,0.45066461212932885
tfidf,1,3,59,fake,459,1,0.9252424966735652,0.8426702203902492
tfidf,1,3,59,fake,474,0,0.02572886802906766,0.1608843869208375
tfidf,1,3,59,fake,475,0,0.027217001559922772,0.1309916425840442
tfidf,1,3,59,fake,489,0,0.023222469128179112,0.1752457942599057
tfidf,1,3,59,fake,491,0,0.24534604544042007,0.4852395001156701
tfidf,1,4,59,fake,318,0,0.56589693431008,0.3925797418435022
tfidf,1,4,59,fake,322,0,0.5972725313605509,0.6400177144122209
tfidf,1,4,59,fake,326,0,0.4627640317725713,0.3461570208041118
tfidf,1,4,59,fake,327,0,0.6512505300838257,0.6167627995250935
tfidf,1,4,59,fake,335,1,0.8679235808489362,0.8424809863073786
tfidf,1,4,59,fake,343,0,0.7325667637119896,0.7332517977152383
tfidf,1,4,59,fake,347,1,0.41840965977711814,0.4672260121126783
tfidf,1,4,59,fake,351,1,0.9204536515906528,0.9561045389543434
tfidf,1,4,59,fake,374,0,0.2550445510544394,0.21271943587265474
tfidf,1,4,59,fake,377,1,0.9554125559107542,0.9666824073177939
tfidf,1,4,59,fake,389,1,0.7766629214999177,0.8410189007786854
tfidf,1,4,59,fake,414,1,0.7378236624971829,0.6845543662723587
tfidf,1,4,59,fake,415,0,0.36747770337123925,0.32141292738695665
tfidf,1,4,59,fake,419,0,0.02302909858293228,0.01653252643256322
tfidf,1,4,59,fake,445,0,0.10804718909688144,0.12205197570808074
tfidf,1,4,59,fake,448,1,0.631554183711504,0.5662294171675457
tfidf,1,4,59,fake,449,0,0.0590181003577369,0.05549439292893006
tfidf,1,4,59,fake,455,0,0.09077830761840971,0.09592870161772028
tfidf,1,4,59,fake,458,0,0.1329104676118545,0.13245293099009303
tfidf,1,4,59,fake,463,0,0.0038709366975963775,0.002653317185865842
tfidf,1,4,59,fake,464,0,0.07531126670157003,0.06023144946761833
tfidf,1,4,59,fake,471,0,0.1546412790912564,0.10448775074917474
tfidf,1,4,59,fake,472,0,0.014678161380443503,0.0137319520794934
tfidf,1,4,59,fake,477,0,0.48979172576174446,0.49419297352074304
tfidf,1,4,59,fake,478,0,0.7223827461787165,0.7296473877339084
tfidf,1,4,59,fake,483,1,0.6145167220249098,0.5798958625737263
tfidf,1,4,59,fake,488,0,0.2655826958118369,0.18483101129928758
tfidf,1,4,59,fake,492,0,0.056231059729556616,0.06308127228344322
tfidf,1,5,59,fake,302,0,0.038435619271056584,0.3525244625255739
tfidf,1,5,59,fake,321,1,0.6091611683169132,0.726012768816103
tfidf,1,5,59,fake,325,1,0.9178437692708663,0.7802554025238552
tfidf,1,5,59,fake,330,1,0.41006846533350805,0.6179104724434058
tfidf,1,5,59,fake,333,0,0.20562204654854024,0.5242671141295303
tfidf,1,5,59,fake,336,0,0.39917218338160415,0.5758105092386697
tfidf,1,5,59,fake,340,0,0.2892139690646347,0.5445982519442789
tfidf,1,5,59,fake,341,0,0.4788743345209715,0.5979759387134761
tfidf,1,5,59,fake,348,1,0.4165464457600014,0.6256484643777217
tfidf,1,5,59,fake,350,1,0.9064712105875254,0.7768660705367142
tfidf,1,5,59,fake,360,0,0.6429040724808122,0.5879420834358786
tfidf,1,5,59,fake,368,0,0.14010819549159537,0.3696014740724138
tfidf,1,5,59,fake,370,0,0.08025566262419678,0.2221112399323248
tfidf,1,5,59,fake,385,0,0.09964912138310879,0.2636140697170659
tfidf,1,5,59,fake,388,1,0.711766558737802,0.561581366553539
tfidf,1,5,59,fake,406,0,0.07440183528582739,0.19191649636241495
tfidf,1,5,59,fake,409,1,0.2848047743093727,0.4491493984759339
tfidf,1,5,59,fake,417,0,0.08440773259551039,0.2604709403105745
tfidf,1,5,59,fake,418,1,0.9916335685790214,0.8682951315502712
tfidf,1,5,59,fake,428,0,0.7687632777847778,0.531800046266644
tfidf,1,5,59,fake,429,0,0.06552807407368581,0.27517196064956306
tfidf,1,5,59,fake,434,0,0.24487516559841244,0.3382301284382465
tfidf,1,5,59,fake,437,0,0.05410518914292938,0.2138859755409814
tfidf,1,5,59,fake,441,1,0.6929984821401377,0.6119543812711069
tfidf,1,5,59,fake,444,0,0.2564967864354035,0.38648144663818296
tfidf,1,5,59,fake,456,0,0.04158013952328169,0.15764641101401405
tfidf,1,5,59,fake,468,0,0.05963632519840313,0.171729062120962
tfidf,1,5,59,fake,485,0,0.14915461226872523,0.26427094561938336
tfidf,1,1,60,fake,319,1,0.9991913948797053,0.9996033020843348
tfidf,1,1,60,fake,331,0,0.20756877261923704,0.33657157556764405
tfidf,1,1,60,fake,345,1,0.9940836918163685,0.9969675593303041
tfidf,1,1,60,fake,346,1,0.999334880928417,0.9993992989050204
tfidf,1,1,60,fake,357,0,0.4648082536386563,0.5520298445837462
tfidf,1,1,60,fake,358,0,0.9381414529870254,0.9659242362423615
tfidf,1,1,60,fake,362,1,0.9999589929770377,0.9999878109256777
tfidf,1,1,60,fake,363,0,0.40201108654750517,0.38028045559646956
tfidf,1,1,60,fake,364,0,0.5182966727698165,0.6996992836041247
tfidf,1,1,60,fake,369,0,0.015182384484184772,0.012353569341972463
tfidf,1,1,60,fake,372,1,0.2507803716409907,0.26826900186858826
tfidf,1,1,60,fake,391,0,0.4194745750166287,0.5754765674889317
tfidf,1,1,60,fake,400,0,0.7404207193317074,0.7485362280975106
tfidf,1,1,60,fake,402,1,0.9986832056550978,0.9988937878748462
tfidf,1,1,60,fake,403,0,0.0013319086818516694,0.0010283962754045885
tfidf,1,1,60,fake,404,0,1.976621316356283e-05,4.589334438479311e-05
tfidf,1,1,60,fake,413,1,0.34715365864459746,0.469718111032682
tfidf,1,1,60,fake,416,0,0.010261801821212278,0.00922149782511876
tfidf,1,1,60,fake,420,0,0.0006790455553920913,0.0004100267487772478
tfidf,1,1,60,fake,423,0,0.9994046661747593,0.9996810979589036
tfidf,1,1,60,fake,426,1,0.3047744681101619,0.43337001293883987
tfidf,1,1,60,fake,433,1,0.6794666940628684,0.7242947912893363
tfidf,1,1,60,fake,451,0,0.5915357966203589,0.5432330772300354
tfidf,1,1,60,fake,454,0,0.014747287969712692,0.01832955149807407
tfidf,1,1,60,fake,473,0,0.01393321380019286,0.01425710834773739
tfidf,1,1,60,fake,476,0,0.17097301157523917,0.13415328586659953
tfidf,1,1,60,fake,484,0,0.17264995224457877,0.22184414893362425
tfidf,1,1,60,fake,487,0,0.15918169421271872,0.164952284010353
tfidf,1,1,60,fake,490,0,0.09145308429218793,0.06155174637227734
tfidf,1,2,60,fake,303,0,0.023857077271052376,0.025756432398459275
tfidf,1,2,60,fake,304,0,0.10348020165943204,0.10054356240593633
tfidf,1,2,60,fake,310,0,0.4934223849626038,0.4645914999713117
tfidf,1,2,60,fake,312,0,0.5472407053191127,0.5250750970768344
tfidf,1,2,60,fake,316,0,0.5777084712519647,0.5681057065445392
tfidf,1,2,60,fake,324,0,0.2936436534834331,0.3039656571133714
tfidf,1,2,60,fake,328,0,0.4956012861606618,0.4892674456724237
tfidf,1,2,60,fake,339,1,0.7562104744175081,0.7562501480148951
tfidf,1,2,60,fake,353,1,0.8785666082768901,0.8772183825713991
tfidf,1,2,60,fake,355,1,0.5644192576651766,0.5813925894520843
tfidf,1,2,60,fake,366,0,0.01299869644909766,0.012090588807694234
tfidf,1,2,60,fake,375,0,0.002069563841581889,0.0018820078834660054
tfidf,1,2,60,fake,376,1,0.9734514045325774,0.9744556717239508
tfidf,1,2,60,fake,379,0,0.5220466859659635,0.5080299254279663
tfidf,1,2,60,fake,381,1,0.8745168988873989,0.8830696880031024
tfidf,1,2,60,fake,382,0,0.1404756003369686,0.12796345524468006
tfidf,1,2,60,fake,386,1,0.3951709136013794,0.40162690017142366
tfidf,1,2,60,fake,390,0,0.9441842461388644,0.9472694416205379
tfidf,1,2,60,fake,392,0,0.0904526097143576,0.08992825422640789
tfidf,1,2,60,fake,401,0,0.7586108084178926,0.753226645939693
tfidf,1,2,60,fake,412,1,0.9599781196600075,0.9610723996769609
tfidf,1,2,60,fake,422,1,0.7834088009250458,0.7636327247394809
tfidf,1,2,60,fake,427,0,0.026331107375024723,0.023764077723407735
tfidf,1,2,60,fake,440,1,0.8745042076447596,0.8755116750379237
tfidf,1,2,60,fake,443,0,0.33755751246345655,0.32806139721370176
tfidf,1,2,60,fake,457,0,0.01590327590134483,0.014810424029285372
tfidf,1,2,60,fake,479,0,0.016513625789547678,0.015418644444737652
tfidf,1,2,60,fake,482,0,0.07303402166393609,0.06772348268634132
tfidf,1,2,60,fake,486,0,0.03164610474756465,0.030115257078396393
tfidf,1,3,60,fake,305,0,0.2584331794476748,0.23178893694107822
tfidf,1,3,60,fake,307,0,0.34365986157462747,0.20814260433723164
tfidf,1,3,60,fake,313,0,0.24018270782383747,0.23865732107564963
tfidf,1,3,60,fake,315,0,0.35065618952833383,0.2081659126140511
tfidf,1,3,60,fake,317,0,0.22653519996208873,0.3436675943056638
tfidf,1,3,60,fake,320,1,0.8330250363889513,0.9148059726176547
tfidf,1,3,60,fake,338,1,0.7720819701709564,0.8709738481491072
tfidf,1,3,60,fake,344,1,0.22691607875491895,0.30572442408362954
tfidf,1,3,60,fake,352,1,0.9347222324659415,0.868074229986063
tfidf,1,3,60,fake,356,1,0.8631374637517892,0.9047892262938573
tfidf,1,3,60,fake,367,1,0.9992523397018812,0.999161811407411
tfidf,1,3,60,fake,371,0,0.6625037349478592,0.6904107771070628
tfidf,1,3,60,fake,380,1,0.724004072556884,0.6225765337691309
tfidf,1,3,60,fake,383,0,0.10562881746811142,0.0979939703441096
tfidf,1,3,60,fake,393,0,0.09333785255092017,0.08928017026547738
tfidf,1,3,60,fake,395,0,0.7802545401883215,0.8524878750069261
tfidf,1,3,60,fake,397,0,0.371948447351538,0.3510856964014879
tfidf,1,3,60,fake,425,0,0.9177529748319342,0.9083321232034436
tfidf,1,3,60,fake,430,0,0.32118064326544593,0.2484659119150262
tfidf,1,3,60,fake,436,0,0.05844289067621608,0.040145742292048134
tfidf,1,3,60,fake,439,0,0.13448130092977242,0.11992382057574995
tfidf,1,3,60,fake,446,0,0.09213044362119836,0.10255154107566931
tfidf,1,3,60,fake,447,0,0.33861304693526795,0.34149545223392996
tfidf,1,3,60,fake,459,1,0.8787860470386563,0.8619172657597448
tfidf,1,3,60,fake,474,0,0.02329815381272027,0.016733555623181275
tfidf,1,3,60,fake,475,0,0.00865271496537866,0.00896389583996733
tfidf,1,3,60,fake,489,0,0.04234373936806954,0.04308799129077266
tfidf,1,3,60,fake,491,0,0.1623078465922418,0.16831333381541158
tfidf,1,4,60,fake,318,0,0.00837022755992148,0.36586610853205714
tfidf,1,4,60,fake,322,0,0.0079767141666693,0.5244308122232463
tfidf,1,4,60,fake,326,0,0.010116353034860857,0.3611046730969301
tfidf,1,4,60,fake,327,0,0.9286930905949107,0.7927050496898638
tfidf,1,4,60,fake,335,1,0.8886072101474767,0.7511187815960699
tfidf,1,4,60,fake,343,0,0.2166397851814612,0.5764874161600939
tfidf,1,4,60,fake,347,1,0.08365953356453258,0.5046355007987935
tfidf,1,4,60,fake,351,1,0.9989243711555237,0.9322981111602315
tfidf,1,4,60,fake,374,0,1.3933243394000826e-05,0.10136578866784021
tfidf,1,4,60,fake,377,1,0.9839438129724194,0.9273898140211009
tfidf,1,4,60,fake,389,1,0.09975816354875425,0.7357021682512391
tfidf,1,4,60,fake,414,1,0.10588113945925817,0.44207676311109156
tfidf,1,4,60,fake,415,0,0.0010099636971236364,0.11475812987056064
tfidf,1,4,60,fake,419,0,1.3403191381644118e-07,0.01716224911613392
tfidf,1,4,60,fake,445,0,0.0010277965221098667,0.1489701637295127
tfidf,1,4,60,fake,448,1,0.9885293073670183,0.830712477835605
tfidf,1,4,60,fake,449,0,0.01460507782905218,0.1698413002208375
tfidf,1,4,60,fake,455,0,7.509245330987648e-06,0.058842910043179666
tfidf,1,4,60,fake,458,0,0.03956960927551603,0.23090152804201494
tfidf,1,4,60,fake,463,0,0.002729766658700522,0.023946028019216335
tfidf,1,4,60,fake,464,0,0.03872092865467898,0.15409147106348356
tfidf,1,4,60,fake,471,0,0.4124584499951445,0.20114784589457638
tfidf,1,4,60,fake,472,0,2.5897881828585563e-07,0.00921809709083786
tfidf,1,4,60,fake,477,0,0.02498206909031873,0.4780915936899088
tfidf,1,4,60,fake,478,0,0.8923717382282097,0.6619442106244509
tfidf,1,4,60,fake,483,1,0.4851868068110542,0.7237588173231638
tfidf,1,4,60,fake,488,0,0.00026088632572025285,0.0924121419933098
tfidf,1,4,60,fake,492,0,7.385569076689657e-05,0.08386643767452603
tfidf,1,5,60,fake,302,0,0.10977432493327295,0.015723214170290427
tfidf,1,5,60,fake,321,1,0.7627632255935454,0.7899965777213956
tfidf,1,5,60,fake,325,1,0.7480344037335958,0.47663903804465596
tfidf,1,5,60,fake,330,1,0.927210013480257,0.988951035647116
tfidf,1,5,60,fake,333,0,0.33874647101938443,0.06412518232186211
tfidf,1,5,60,fake,336,0,0.3545836197676585,0.2505973689294952
tfidf,1,5,60,fake,340,0,0.3590248718038514,0.16945227266703863
tfidf,1,5,60,fake,341,0,0.23925232987921952,0.021281329813853864
tfidf,1,5,60,fake,348,1,0.5401058322440553,0.3958917716613246
tfidf,1,5,60,fake,350,1,0.9261003816818406,0.9892833172298144
tfidf,1,5,60,fake,360,0,0.5486938010459763,0.6130435748424675
tfidf,1,5,60,fake,368,0,0.26537468642556106,0.0659299064457625
tfidf,1,5,60,fake,370,0,0.08576335433204885,0.009988797514006487
tfidf,1,5,60,fake,385,0,0.5682585482356797,0.5554279348935924
tfidf,1,5,60,fake,388,1,0.9185773503999661,0.9982732785931729
tfidf,1,5,60,fake,406,0,0.3161802623693276,0.38893641238243515
tfidf,1,5,60,fake,409,1,0.21626878057427887,0.20146440210914227
tfidf,1,5,60,fake,417,0,0.05622731138638356,0.010313342626983031
tfidf,1,5,60,fake,418,1,0.8450618518088047,0.9754450694030875
tfidf,1,5,60,fake,428,0,0.10790412396634086,0.006274740432973265
tfidf,1,5,60,fake,429,0,0.326287063710446,0.13960492778667588
tfidf,1,5,60,fake,434,0,0.04853157630161619,0.0021457954964565606
tfidf,1,5,60,fake,437,0,0.11460443492647153,0.021576634080054422
tfidf,1,5,60,fake,441,1,0.8221314723582113,0.982943854618486
tfidf,1,5,60,fake,444,0,0.06029761732104713,0.004791838263370589
tfidf,1,5,60,fake,456,0,0.02255052456954941,0.0003317106382806653
tfidf,1,5,60,fake,468,0,0.4006095386149689,0.35606852132585554
tfidf,1,5,60,fake,485,0,0.042386878695673764,0.0015030370109025166
tfidf,1,1,61,fake,319,1,0.996613285581746,0.9301267739454159
tfidf,1,1,61,fake,331,0,0.2842031974260237,0.561348761352478
tfidf,1,1,61,fake,345,1,0.7839247238103191,0.7347650664588055
tfidf,1,1,61,fake,346,1,0.8856293660027406,0.7997408080872789
tfidf,1,1,61,fake,357,0,0.48835736882431363,0.5991478072539826
tfidf,1,1,61,fake,358,0,0.6492862475101788,0.6888375468009037
tfidf,1,1,61,fake,362,1,0.5264394250724935,0.6937796680280467
tfidf,1,1,61,fake,363,0,0.1993477617849327,0.3423208099464312
tfidf,1,1,61,fake,364,0,0.646106517251008,0.6421776390226921
tfidf,1,1,61,fake,369,0,0.07084240767233528,0.29987742763653663
tfidf,1,1,61,fake,372,1,0.4136384036863598,0.6923004892446304
tfidf,1,1,61,fake,391,0,0.4925376268360686,0.48836449444904106
tfidf,1,1,61,fake,400,0,0.9213050395283766,0.7110590088680764
tfidf,1,1,61,fake,402,1,0.9958292144921134,0.882392490283086
tfidf,1,1,61,fake,403,0,0.023360215027303018,0.12477386263060497
tfidf,1,1,61,fake,404,0,0.07316408379350413,0.30851101246209994
tfidf,1,1,61,fake,413,1,0.9726437188371152,0.810078784371614
tfidf,1,1,61,fake,416,0,0.055853265684710496,0.19501551577471307
tfidf,1,1,61,fake,420,0,0.2320855258806974,0.3781282171622732
tfidf,1,1,61,fake,423,0,0.9562167112521676,0.7717477183983436
tfidf,1,1,61,fake,426,1,0.5862514926652281,0.6085152020525897
tfidf,1,1,61,fake,433,1,0.5574454554370633,0.37899385981841854
tfidf,1,1,61,fake,451,0,0.13071934931223872,0.39743937478830416
tfidf,1,1,61,fake,454,0,0.07007322917829123,0.20073029376993737
tfidf,1,1,61,fake,473,0,0.14611669376679767,0.20575047249760894
tfidf,1,1,61,fake,476,0,0.14296065012732145,0.2200415654502396
tfidf,1,1,61,fake,484,0,0.39121494573296034,0.5340647409523056
tfidf,1,1,61,fake,487,0,0.40845904972556013,0.4034910890222963
tfidf,1,1,61,fake,490,0,0.08628920360238046,0.2454533928279886
tfidf,1,2,61,fake,303,0,0.05005270132138601,0.05797766032345495
tfidf,1,2,61,fake,304,0,0.030942397856120497,0.02716057751214719
tfidf,1,2,61,fake,310,0,0.4380146909541158,0.3291263409699222
tfidf,1,2,61,fake,312,0,0.34896724624871645,0.2870038191196707
tfidf,1,2,61,fake,316,0,0.6870950501488837,0.6799259121046872
tfidf,1,2,61,fake,324,0,0.5597011306975155,0.5789137305865102
tfidf,1,2,61,fake,328,0,0.5630139491097256,0.50226386441204
tfidf,1,2,61,fake,339,1,0.864248906034985,0.8672198990060266
tfidf,1,2,61,fake,353,1,0.9903266769816058,0.9885011033656147
tfidf,1,2,61,fake,355,1,0.6364649191117746,0.6545176611940703
tfidf,1,2,61,fake,366,0,0.07319296439392513,0.06030166628277995
tfidf,1,2,61,fake,375,0,0.004684084881983553,0.003128272529858033
tfidf,1,2,61,fake,376,1,0.9562004997662863,0.9639944548031811
tfidf,1,2,61,fake,379,0,0.3520906407697221,0.31286891123438876
tfidf,1,2,61,fake,381,1,0.9121601059692583,0.9341689084911519
tfidf,1,2,61,fake,382,0,0.2335140514301392,0.16999239157493695
tfidf,1,2,61,fake,386,1,0.7503217324779323,0.7617683872124402
tfidf,1,2,61,fake,390,0,0.9283277646992321,0.939941862510991
tfidf,1,2,61,fake,392,0,0.12014758533850514,0.09636982620520355
tfidf,1,2,61,fake,401,0,0.7141070794319141,0.6831497316805172
tfidf,1,2,61,fake,412,1,0.8334379067792091,0.7988978544381916
tfidf,1,2,61,fake,422,1,0.6812130193342092,0.6398328934737928
tfidf,1,2,61,fake,427,0,0.007794541428046773,0.005241836546316144
tfidf,1,2,61,fake,440,1,0.7429993319567222,0.7573170061295234
tfidf,1,2,61,fake,443,0,0.4725479835783492,0.406116458545318
tfidf,1,2,61,fake,457,0,0.015945607524570228,0.011107264885236931
tfidf,1,2,61,fake,479,0,0.0201295220350464,0.013385543604842957
tfidf,1,2,61,fake,482,0,0.06139470517939676,0.04655228632196023
tfidf,1,2,61,fake,486,0,0.019609659172244658,0.015704875756781814
tfidf,1,3,61,fake,305,0,0.6574895090838935,0.6128751623162163
tfidf,1,3,61,fake,307,0,0.3945309703275556,0.47860824731512425
tfidf,1,3,61,fake,313,0,0.5578083329603013,0.6189393173151017
tfidf,1,3,61,fake,315,0,0.3583548535371864,0.525342022687381
tfidf,1,3,61,fake,317,0,0.6247322222745574,0.6844212905942099
tfidf,1,3,61,fake,320,1,0.822209885979142,0.7642702792618393
tfidf,1,3,61,fake,338,1,0.9224713876766069,0.7489355212251924
tfidf,1,3,61,fake,344,1,0.6804688837603411,0.6734104680314847
tfidf,1,3,61,fake,352,1,0.9141535789586858,0.7038603598811742
tfidf,1,3,61,fake,356,1,0.662235288287709,0.6566770554496887
tfidf,1,3,61,fake,367,1,0.9934628884208166,0.9144946659287644
tfidf,1,3,61,fake,371,0,0.2416660647403063,0.42852645421662
tfidf,1,3,61,fake,380,1,0.8681207749229597,0.7346357874881009
tfidf,1,3,61,fake,383,0,0.2269155557357691,0.3755981084227347
tfidf,1,3,61,fake,393,0,0.11553141921267317,0.2727317389340138
tfidf,1,3,61,fake,395,0,0.5878452967705396,0.4893420176025633
tfidf,1,3,61,fake,397,0,0.26464350270824405,0.30641513496907213
tfidf,1,3,61,fake,425,0,0.4858901736616342,0.6630165658378595
tfidf,1,3,61,fake,430,0,0.3156902026256708,0.49107817245049407
tfidf,1,3,61,fake,436,0,0.02426196709287674,0.1411703346642164
tfidf,1,3,61,fake,439,0,0.3551046813009727,0.36095036817906817
tfidf,1,3,61,fake,446,0,0.16106952662111312,0.332660941460363
tfidf,1,3,61,fake,447,0,0.19787400228110155,0.30689108600155884
tfidf,1,3,61,fake,459,1,0.7373882934512813,0.7354137140416401
tfidf,1,3,61,fake,474,0,0.07002472405501223,0.20412481364569207
tfidf,1,3,61,fake,475,0,0.012685433715709628,0.11084883297141468
tfidf,1,3,61,fake,489,0,0.013859070165509024,0.16733489891000095
tfidf,1,3,61,fake,491,0,0.0680113565450861,0.4209367491593142
tfidf,1,4,61,fake,318,0,0.3246825364311004,0.18781160602274125
tfidf,1,4,61,fake,322,0,0.890383895249598,0.9064381874040083
tfidf,1,4,61,fake,326,0,0.35527420045894514,0.23556605585015145
tfidf,1,4,61,fake,327,0,0.8315483096358112,0.7950958102884514
tfidf,1,4,61,fake,335,1,0.8213094359631514,0.7659954994124303
tfidf,1,4,61,fake,343,0,0.7762224057406009,0.7513128463253969
tfidf,1,4,61,fake,347,1,0.881691145444126,0.888864086370229
tfidf,1,4,61,fake,351,1,0.8729538322085949,0.8987536185439791
tfidf,1,4,61,fake,374,0,0.1709627623911977,0.1716102302298402
tfidf,1,4,61,fake,377,1,0.9561994243775921,0.9761891570484811
tfidf,1,4,61,fake,389,1,0.8893139031718889,0.9236251462058476
tfidf,1,4,61,fake,414,1,0.6196236990895815,0.5416917425847747
tfidf,1,4,61,fake,415,0,0.13848548025468757,0.1268967320946359
tfidf,1,4,61,fake,419,0,0.0077691111294744125,0.005249609995360024
tfidf,1,4,61,fake,445,0,0.06767027618376001,0.0692591139302227
tfidf,1,4,61,fake,448,1,0.22375022211660073,0.2117543080867849
tfidf,1,4,61,fake,449,0,0.23663088478308006,0.19933114126107293
tfidf,1,4,61,fake,455,0,0.10392108897480969,0.10219102454745471
tfidf,1,4,61,fake,458,0,0.04486702491338754,0.05478016370305515
tfidf,1,4,61,fake,463,0,0.011982832041760476,0.00680008640250648
tfidf,1,4,61,fake,464,0,0.15766390301179653,0.11756047863041633
tfidf,1,4,61,fake,471,0,0.05394457901443673,0.03279002905471548
tfidf,1,4,61,fake,472,0,0.048081208555915335,0.04645549985174108
tfidf,1,4,61,fake,477,0,0.36486682388760716,0.41788696800203434
tfidf,1,4,61,fake,478,0,0.6507953455167836,0.7186143846240476
tfidf,1,4,61,fake,483,1,0.7965364307544783,0.8060629757906917
tfidf,1,4,61,fake,488,0,0.10948796023267224,0.07338404471359565
tfidf,1,4,61,fake,492,0,0.05951819830490965,0.06711461801634325
tfidf,1,5,61,fake,302,0,0.05742074156919045,0.05818984091388793
tfidf,1,5,61,fake,321,1,0.5936415151392195,0.594834825943171
tfidf,1,5,61,fake,325,1,0.9902047530583119,0.9899890128347288
tfidf,1,5,61,fake,330,1,0.542815415991327,0.5447866140713464
tfidf,1,5,61,fake,333,0,0.5117244114197859,0.5129625770281632
tfidf,1,5,61,fake,336,0,0.41175075907371045,0.40647847945558896
tfidf,1,5,61,fake,340,0,0.71550563728015,0.7150999232532766
tfidf,1,5,61,fake,341,0,0.8989180374405058,0.8979087883055317
tfidf,1,5,61,fake,348,1,0.7167475302447938,0.7139152334120081
tfidf,1,5,61,fake,350,1,0.7669113385223902,0.7738588455032838
tfidf,1,5,61,fake,360,0,0.5522101851540172,0.5543336227400205
tfidf,1,5,61,fake,368,0,0.5769923842619142,0.5755024914046379
tfidf,1,5,61,fake,370,0,0.06882490928644916,0.07041857686272361
tfidf,1,5,61,fake,385,0,0.08133263710171099,0.08193007779927419
tfidf,1,5,61,fake,388,1,0.4151234652889155,0.4172407166506122
tfidf,1,5,61,fake,406,0,0.055522070010569614,0.055180075124621315
tfidf,1,5,61,fake,409,1,0.392712818931721,0.3980975451802284
tfidf,1,5,61,fake,417,0,0.07203799027216588,0.07051477379146902
tfidf,1,5,61,fake,418,1,0.8606883174411921,0.8636689877796999
tfidf,1,5,61,fake,428,0,0.1426681410424534,0.14204058007913642
tfidf,1,5,61,fake,429,0,0.1126808750365731,0.11499103705178537
tfidf,1,5,61,fake,434,0,0.03357151538018233,0.03252708753670512
tfidf,1,5,61,fake,437,0,0.09870015860541005,0.09782029254701695
tfidf,1,5,61,fake,441,1,0.9089853024082457,0.9103810836886951
tfidf,1,5,61,fake,444,0,0.05541089427338128,0.055285518647593734
tfidf,1,5,61,fake,456,0,0.4683397543242405,0.4653827449208641
tfidf,1,5,61,fake,468,0,0.09377979470278645,0.09126234808198584
tfidf,1,5,61,fake,485,0,0.02276126436030295,0.0223544886595144
tfidf,1,1,62,fake,319,1,0.8004400402202532,0.8610306586660288
tfidf,1,1,62,fake,331,0,0.4194970256299125,0.5206702517441506
tfidf,1,1,62,fake,345,1,0.8480198792370984,0.8946629582290297
tfidf,1,1,62,fake,346,1,0.9684598626773607,0.9743639887137003
tfidf,1,1,62,fake,357,0,0.4552838738050909,0.5085540384931071
tfidf,1,1,62,fake,358,0,0.5537614154181171,0.6674026108297513
tfidf,1,1,62,fake,362,1,0.9735724592567244,0.9846483634166359
tfidf,1,1,62,fake,363,0,0.24302326334298727,0.22995930245948434
tfidf,1,1,62,fake,364,0,0.7318993606286643,0.8167560681696525
tfidf,1,1,62,fake,369,0,0.2631307342431931,0.24447684122875138
tfidf,1,1,62,fake,372,1,0.4705956484094876,0.5076966794596431
tfidf,1,1,62,fake,391,0,0.4601652332140329,0.5663100811266875
tfidf,1,1,62,fake,400,0,0.8715996688294182,0.8716065864330842
tfidf,1,1,62,fake,402,1,0.9999117157235272,0.9999179449933486
tfidf,1,1,62,fake,403,0,0.013732092395362746,0.010679104432439015
tfidf,1,1,62,fake,404,0,0.20744726918055958,0.2905483371761624
tfidf,1,1,62,fake,413,1,0.5075508574056855,0.5993595405416678
tfidf,1,1,62,fake,416,0,0.24808927101531494,0.22686049823100418
tfidf,1,1,62,fake,420,0,0.19932144880665978,0.15520662054161388
tfidf,1,1,62,fake,423,0,0.9230254848713616,0.9464497381626223
tfidf,1,1,62,fake,426,1,0.7811064158792816,0.8091945699592167
tfidf,1,1,62,fake,433,1,0.31943687825601397,0.3262718490309564
tfidf,1,1,62,fake,451,0,0.13534267584844328,0.10997909924581172
tfidf,1,1,62,fake,454,0,0.10261444134994198,0.11372123685867383
tfidf,1,1,62,fake,473,0,0.027550563411019,0.025324877550388803
tfidf,1,1,62,fake,476,0,0.06201379480754866,0.06205715069583488
tfidf,1,1,62,fake,484,0,0.34583791348237614,0.40787030498525373
tfidf,1,1,62,fake,487,0,0.15813451281342958,0.16199179028118194
tfidf,1,1,62,fake,490,0,0.07027794398925231,0.06446511483679158
tfidf,1,2,62,fake,303,0,0.04227480659271166,0.0431148713309177
tfidf,1,2,62,fake,304,0,0.06894963266737217,0.06661651610793742
tfidf,1,2,62,fake,310,0,0.5135730415445474,0.4966459913937388
tfidf,1,2,62,fake,312,0,0.5750679579032573,0.5648810026913953
tfidf,1,2,62,fake,316,0,0.7142986351125127,0.7096777677136189
tfidf,1,2,62,fake,324,0,0.42284674189605187,0.42735420153849574
tfidf,1,2,62,fake,328,0,0.553722719776294,0.5501608726700187
tfidf,1,2,62,fake,339,1,0.9517875515624183,0.9509621020523441
tfidf,1,2,62,fake,353,1,0.8930402176716066,0.8929807911885468
tfidf,1,2,62,fake,355,1,0.6801538131964276,0.6892250255937163
tfidf,1,2,62,fake,366,0,0.023522079079882595,0.02260546484114466
tfidf,1,2,62,fake,375,0,0.0034522018961822758,0.003271084052331429
tfidf,1,2,62,fake,376,1,0.9577523328939949,0.9584250382546826
tfidf,1,2,62,fake,379,0,0.31610803082332783,0.3105108528774997
tfidf,1,2,62,fake,381,1,0.8317334746350153,0.8374169975020118
tfidf,1,2,62,fake,382,0,0.3467539823522053,0.33270096019960754
tfidf,1,2,62,fake,386,1,0.39843358168648263,0.4026853518156072
tfidf,1,2,62,fake,390,0,0.936022415348529,0.9382668552931348
tfidf,1,2,62,fake,392,0,0.1449008164376734,0.1417496663244084
tfidf,1,2,62,fake,401,0,0.5674939909211556,0.5660352452289884
tfidf,1,2,62,fake,412,1,0.713040537176176,0.7127059761399349
tfidf,1,2,62,fake,422,1,0.4199303958014836,0.41067006633361025
tfidf,1,2,62,fake,427,0,0.015458866788090438,0.014623640296416274
tfidf,1,2,62,fake,440,1,0.9940988262749348,0.9941210131690876
tfidf,1,2,62,fake,443,0,0.31496531154870117,0.30776318331442803
tfidf,1,2,62,fake,457,0,0.01921396283880789,0.018390239053636116
tfidf,1,2,62,fake,479,0,0.020812826103961547,0.01963155792335858
tfidf,1,2,62,fake,482,0,0.05991678190313906,0.05768444945975812
tfidf,1,2,62,fake,486,0,0.022048885655768933,0.0214696988070024
tfidf,1,3,62,fake,305,0,0.26688672200043373,0.5512980094649775
tfidf,1,3,62,fake,307,0,0.22443447393831836,0.43347627570528546
tfidf,1,3,62,fake,313,0,0.31542955080667084,0.5188291478224782
tfidf,1,3,62,fake,315,0,0.6947619618462241,0.6166321263703145
tfidf,1,3,62,fake,317,0,0.7088257116969578,0.6985425641180755
tfidf,1,3,62,fake,320,1,0.9189072128679233,0.8342779068937348
tfidf,1,3,62,fake,338,1,0.5621193090704332,0.6082820304130158
tfidf,1,3,62,fake,344,1,0.7225479234619228,0.6703716125504458
tfidf,1,3,62,fake,352,1,0.5494039920058927,0.5595370901195519
tfidf,1,3,62,fake,356,1,0.9427690317207789,0.7727989022378079
tfidf,1,3,62,fake,367,1,0.9936941145368867,0.9142390453530896
tfidf,1,3,62,fake,371,0,0.6735853641242993,0.5051964637610421
tfidf,1,3,62,fake,380,1,0.8996864361130845,0.7104504151692305
tfidf,1,3,62,fake,383,0,0.24516036716428463,0.37687813680207843
tfidf,1,3,62,fake,393,0,0.04429482183709286,0.21835584010318485
tfidf,1,3,62,fake,395,0,0.8496643139291189,0.558737767610949
tfidf,1,3,62,fake,397,0,0.5041754309076241,0.3637337828174953
tfidf,1,3,62,fake,425,0,0.2826854949979682,0.6088395818664017
tfidf,1,3,62,fake,430,0,0.10437637900771889,0.3817808147174414
tfidf,1,3,62,fake,436,0,0.17963012604914486,0.24544111860254292
tfidf,1,3,62,fake,439,0,0.4205757514642777,0.3815921563833591
tfidf,1,3,62,fake,446,0,0.059856124054457595,0.21300813644444935
tfidf,1,3,62,fake,447,0,0.5443882761464551,0.401348084472689
tfidf,1,3,62,fake,459,1,0.8502371819770833,0.808323547507636
tfidf,1,3,62,fake,474,0,0.05222034815427015,0.17849998040731588
tfidf,1,3,62,fake,475,0,0.010580859704177424,0.11612782914479254
tfidf,1,3,62,fake,489,0,0.039775447743425126,0.22337315267462338
tfidf,1,3,62,fake,491,0,0.2661475826210419,0.4948320856159978
tfidf,1,4,62,fake,318,0,0.5242485950382297,0.430757087582907
tfidf,1,4,62,fake,322,0,0.46936732551300464,0.5000620358213476
tfidf,1,4,62,fake,326,0,0.2577145231008967,0.2035023566431974
tfidf,1,4,62,fake,327,0,0.6696850343314136,0.6581697958940447
tfidf,1,4,62,fake,335,1,0.7798976055946195,0.7425491140917536
tfidf,1,4,62,fake,343,0,0.7472698533441888,0.754055127000074
tfidf,1,4,62,fake,347,1,0.21178430198290046,0.22787224762757843
tfidf,1,4,62,fake,351,1,0.9150778383321061,0.9402598064472069
tfidf,1,4,62,fake,374,0,0.14181017252101202,0.13528526451679398
tfidf,1,4,62,fake,377,1,0.9925420498906296,0.9937314184821611
tfidf,1,4,62,fake,389,1,0.6905900245338373,0.7152590745056873
tfidf,1,4,62,fake,414,1,0.3378696195631434,0.30528791421157286
tfidf,1,4,62,fake,415,0,0.167981642314314,0.14776657168664334
tfidf,1,4,62,fake,419,0,0.007429034606066135,0.006518250184938193
tfidf,1,4,62,fake,445,0,0.12089847818302144,0.12640415731250154
tfidf,1,4,62,fake,448,1,0.834797105695789,0.8052108699473706
tfidf,1,4,62,fake,449,0,0.1931079532288122,0.18266871456160827
tfidf,1,4,62,fake,455,0,0.10131440604485359,0.10204902012156075
tfidf,1,4,62,fake,458,0,0.12356094567574832,0.13030563975461196
tfidf,1,4,62,fake,463,0,0.0031194061782580072,0.00241491760314855
tfidf,1,4,62,fake,464,0,0.0673498037598615,0.059722912412803475
tfidf,1,4,62,fake,471,0,0.21226243810477433,0.17958151498181274
tfidf,1,4,62,fake,472,0,0.01773087401805816,0.016998429559197174
tfidf,1,4,62,fake,477,0,0.48057931470444587,0.4951031985662084
tfidf,1,4,62,fake,478,0,0.8809938935917772,0.885746194115033
tfidf,1,4,62,fake,483,1,0.9688402223491148,0.9596393377562638
tfidf,1,4,62,fake,488,0,0.2315048970552726,0.2020568576528972
tfidf,1,4,62,fake,492,0,0.23419124157036614,0.22365296056342676
tfidf,1,5,62,fake,302,0,0.0007892461463293489,0.0015566432128749212
tfidf,1,5,62,fake,321,1,0.9995055262790817,0.9994697251481051
tfidf,1,5,62,fake,325,1,0.7948412017535054,0.7735039451310338
tfidf,1,5,62,fake,330,1,0.6978581012323776,0.7407347252274437
tfidf,1,5,62,fake,333,0,0.9972144118335633,0.997581232828356
tfidf,1,5,62,fake,336,0,0.0072930394913972825,0.0059089313969291415
tfidf,1,5,62,fake,340,0,0.0346226425381127,0.03488841489741492
tfidf,1,5,62,fake,341,0,0.008759172482692517,0.010673886272438128
tfidf,1,5,62,fake,348,1,0.2661214644182245,0.21895000855625324
tfidf,1,5,62,fake,350,1,0.9497734170284906,0.9689032578344501
tfidf,1,5,62,fake,360,0,0.8292635548355787,0.8111927572119618
tfidf,1,5,62,fake,368,0,0.022839089218667265,0.024118747478409308
tfidf,1,5,62,fake,370,0,0.017665647610083542,0.023822858823583638
tfidf,1,5,62,fake,385,0,0.04569967842719742,0.028949546648587076
tfidf,1,5,62,fake,388,1,0.9544120425128857,0.9665573811655959
tfidf,1,5,62,fake,406,0,0.0020382661482084238,0.0015516625551673135
tfidf,1,5,62,fake,409,1,0.27430295610036814,0.27521901440324775
tfidf,1,5,62,fake,417,0,0.015573827911920132,0.011434783762993358
tfidf,1,5,62,fake,418,1,0.6838036699061993,0.6926421433731828
tfidf,1,5,62,fake,428,0,0.05774785130151114,0.06655134325752958
tfidf,1,5,62,fake,429,0,0.002133941234890326,0.003703527957765153
tfidf,1,5,62,fake,434,0,0.015454269154175707,0.010407384649537624
tfidf,1,5,62,fake,437,0,0.003060756547126578,0.002560944958390463
tfidf,1,5,62,fake,441,1,0.9696805884846096,0.974072956772069
tfidf,1,5,62,fake,444,0,0.5066132845569346,0.5041909589326514
tfidf,1,5,62,fake,456,0,0.001944368883447022,0.0023973382235308567
tfidf,1,5,62,fake,468,0,0.5997486252995571,0.4492305209029487
tfidf,1,5,62,fake,485,0,0.0044009821657011935,0.0029323954012681597
tfidf,1,1,63,fake,319,1,0.8689570661044358,0.9167887393880778
tfidf,1,1,63,fake,331,0,0.3700962196057184,0.4941855445876438
tfidf,1,1,63,fake,345,1,0.9823111518841889,0.99045408809018
tfidf,1,1,63,fake,346,1,0.8066128375349897,0.8594295448716632
tfidf,1,1,63,fake,357,0,0.6600533654351526,0.7028481404440192
tfidf,1,1,63,fake,358,0,0.6284335463098647,0.7353291725264135
tfidf,1,1,63,fake,362,1,0.5766089299077316,0.7399411783342289
tfidf,1,1,63,fake,363,0,0.15043860152069047,0.13187153531626405
tfidf,1,1,63,fake,364,0,0.47468153863015833,0.6336256393657064
tfidf,1,1,63,fake,369,0,0.18708545036148475,0.14778608692117942
tfidf,1,1,63,fake,372,1,0.9910639082350197,0.9937261692886402
tfidf,1,1,63,fake,391,0,0.46790986686914265,0.6105932427828314
tfidf,1,1,63,fake,400,0,0.5063484601132171,0.5382322195984544
tfidf,1,1,63,fake,402,1,0.926471576846083,0.9366211525749849
tfidf,1,1,63,fake,403,0,0.10887199228309212,0.08603716320429342
tfidf,1,1,63,fake,404,0,0.10134540460160296,0.17600801819465156
tfidf,1,1,63,fake,413,1,0.9421963568748515,0.9481571772323998
tfidf,1,1,63,fake,416,0,0.09033382644347633,0.08152664239791452
tfidf,1,1,63,fake,420,0,0.20555328612500978,0.14913076756687052
tfidf,1,1,63,fake,423,0,0.8073756141491252,0.8765360982039758
tfidf,1,1,63,fake,426,1,0.6522541277091728,0.6929798700674652
tfidf,1,1,63,fake,433,1,0.36932616984462024,0.3613573038398722
tfidf,1,1,63,fake,451,0,0.13084457624537224,0.11536403572874214
tfidf,1,1,63,fake,454,0,0.05065545273491085,0.05749267419203452
tfidf,1,1,63,fake,473,0,0.07435658856398625,0.0652176705925974
tfidf,1,1,63,fake,476,0,0.10092552308539596,0.08265040075792437
tfidf,1,1,63,fake,484,0,0.2530119881799639,0.30820632945122517
tfidf,1,1,63,fake,487,0,0.34889857326159945,0.3626587686683278
tfidf,1,1,63,fake,490,0,0.4205442305802057,0.33895492459937476
tfidf,1,2,63,fake,303,0,0.07378570433836106,0.07915575270466876
tfidf,1,2,63,fake,304,0,0.10760893568297406,0.09559139630597324
tfidf,1,2,63,fake,310,0,0.47288824859386414,0.4136145798490228
tfidf,1,2,63,fake,312,0,0.4065501967552887,0.35976707726794854
tfidf,1,2,63,fake,316,0,0.6538960461058554,0.6505856426251269
tfidf,1,2,63,fake,324,0,0.5126362304634987,0.5373399907999353
tfidf,1,2,63,fake,328,0,0.7982596609197812,0.7771300550252129
tfidf,1,2,63,fake,339,1,0.6918985990253946,0.7078241716086423
tfidf,1,2,63,fake,353,1,0.874657315342523,0.8734447360788006
tfidf,1,2,63,fake,355,1,0.7142341452508784,0.7342178719498899
tfidf,1,2,63,fake,366,0,0.015637974290650242,0.013099802820608424
tfidf,1,2,63,fake,375,0,0.005796271619284646,0.004311453264490182
tfidf,1,2,63,fake,376,1,0.9571357708671433,0.9580993737430445
tfidf,1,2,63,fake,379,0,0.6315580690602476,0.6248923767699137
tfidf,1,2,63,fake,381,1,0.9556413976287599,0.9647430702184704
tfidf,1,2,63,fake,382,0,0.15692054926626176,0.13853161166214842
tfidf,1,2,63,fake,386,1,0.6883402956190343,0.7009762807676346
tfidf,1,2,63,fake,390,0,0.9251203293397128,0.9347685190617484
tfidf,1,2,63,fake,392,0,0.07658949664312444,0.07044846434964593
tfidf,1,2,63,fake,401,0,0.7691950917467772,0.7671763517060434
tfidf,1,2,63,fake,412,1,0.7134059015611577,0.7067890305962676
tfidf,1,2,63,fake,422,1,0.8082669423351748,0.7893514819831289
tfidf,1,2,63,fake,427,0,0.007455375147727147,0.006258249353953402
tfidf,1,2,63,fake,440,1,0.8545031557267488,0.8588148870817462
tfidf,1,2,63,fake,443,0,0.17487538271192357,0.15453834871087943
tfidf,1,2,63,fake,457,0,0.007092291433068315,0.005991301456291434
tfidf,1,2,63,fake,479,0,0.013826608680731163,0.011175457640006343
tfidf,1,2,63,fake,482,0,0.0747877440794333,0.06582407229001731
tfidf,1,2,63,fake,486,0,0.013605933779475266,0.01204199821458033
tfidf,1,3,63,fake,305,0,0.1871941622472077,0.16887978723089253
tfidf,1,3,63,fake,307,0,0.28295993060846236,0.17172219837002822
tfidf,1,3,63,fake,313,0,0.23893754568388736,0.25990168927463503
tfidf,1,3,63,fake,315,0,0.30026554036375036,0.1920546966798469
tfidf,1,3,63,fake,317,0,0.4743711170071078,0.6115449606966794
tfidf,1,3,63,fake,320,1,0.8464414642797544,0.9120233871648332
tfidf,1,3,63,fake,338,1,0.8046041116537676,0.8935327816770448
tfidf,1,3,63,fake,344,1,0.7441302512805745,0.8430419106274701
tfidf,1,3,63,fake,352,1,0.4986537153736855,0.36941553671587957
tfidf,1,3,63,fake,356,1,0.862404867987669,0.9183546442518243
tfidf,1,3,63,fake,367,1,0.998963313237177,0.9988802120955403
tfidf,1,3,63,fake,371,0,0.478504192287579,0.5338572829268864
tfidf,1,3,63,fake,380,1,0.7331665831224972,0.6299890517047002
tfidf,1,3,63,fake,383,0,0.16021916166273617,0.13909021293468654
tfidf,1,3,63,fake,393,0,0.018547216456475314,0.02074124678070006
tfidf,1,3,63,fake,395,0,0.5830892356583828,0.6633523099243077
tfidf,1,3,63,fake,397,0,0.18888925391395375,0.19120435686818546
tfidf,1,3,63,fake,425,0,0.7430697766519089,0.7295260574473164
tfidf,1,3,63,fake,430,0,0.390307531399131,0.3223585652005102
tfidf,1,3,63,fake,436,0,0.13380410390727757,0.08668275001797202
tfidf,1,3,63,fake,439,0,0.13788955393839675,0.12946836855463684
tfidf,1,3,63,fake,446,0,0.05855496213237119,0.06229598159728616
tfidf,1,3,63,fake,447,0,0.1561247955151115,0.1479190705071255
tfidf,1,3,63,fake,459,1,0.9007458056480114,0.9002414107437878
tfidf,1,3,63,fake,474,0,0.0695554530731995,0.0457814276390707
tfidf,1,3,63,fake,475,0,0.0823995260499646,0.08531806543723064
tfidf,1,3,63,fake,489,0,0.09136234493849349,0.08290476282255355
tfidf,1,3,63,fake,491,0,0.1408893399290996,0.12860826112140178
tfidf,1,4,63,fake,318,0,0.09386921339088275,0.3962728084944355
tfidf,1,4,63,fake,322,0,0.2611482768522302,0.7543930318850803
tfidf,1,4,63,fake,326,0,0.9012993818739722,0.29697836962572194
tfidf,1,4,63,fake,327,0,0.13030678334029575,0.7301183383069997
tfidf,1,4,63,fake,335,1,0.9812469472439648,0.725884970724628
tfidf,1,4,63,fake,343,0,0.6244707056505528,0.6319976205865382
tfidf,1,4,63,fake,347,1,0.9855861487392144,0.8290323651415038
tfidf,1,4,63,fake,351,1,0.9913165537219604,0.8553340953981674
tfidf,1,4,63,fake,374,0,0.0008830731940193099,0.15733484643411255
tfidf,1,4,63,fake,377,1,0.5033028954772194,0.9521421296433766
tfidf,1,4,63,fake,389,1,0.2933092790524389,0.6793323377348587
tfidf,1,4,63,fake,414,1,0.9887985465404779,0.8137138442446458
tfidf,1,4,63,fake,415,0,0.1574185591319471,0.12325777377313996
tfidf,1,4,63,fake,419,0,1.0111406751036329e-05,0.015687988095104934
tfidf,1,4,63,fake,445,0,0.007048997067462903,0.14733612257450732
tfidf,1,4,63,fake,448,1,0.9421311824821191,0.5036350865225117
tfidf,1,4,63,fake,449,0,0.2044417786826314,0.25248444678837473
tfidf,1,4,63,fake,455,0,0.0006043445205676696,0.11424265227604873
tfidf,1,4,63,fake,458,0,0.021990899789250805,0.1171909865649215
tfidf,1,4,63,fake,463,0,3.5377355024834315e-08,0.002736103175474074
tfidf,1,4,63,fake,464,0,0.0020760237847179206,0.08504661952120185
tfidf,1,4,63,fake,471,0,0.0003017085498470595,0.04711833888986742
tfidf,1,4,63,fake,472,0,0.3255203773568387,0.13840145070896007
tfidf,1,4,63,fake,477,0,0.09783299456375165,0.6814211440966464
tfidf,1,4,63,fake,478,0,0.919826965320102,0.8557001762273803
tfidf,1,4,63,fake,483,1,0.9999998959536447,0.9604547341845019
tfidf,1,4,63,fake,488,0,0.15918723866103102,0.2226033200686007
tfidf,1,4,63,fake,492,0,1.3520589862209667e-05,0.05768941833814547
tfidf,1,5,63,fake,302,0,0.07656544927332475,0.07434899484397173
tfidf,1,5,63,fake,321,1,0.7661077503471703,0.7689279540925721
tfidf,1,5,63,fake,325,1,0.8763717035751154,0.872289272848481
tfidf,1,5,63,fake,330,1,0.47643977156376577,0.4721512036808429
tfidf,1,5,63,fake,333,0,0.6807768592991488,0.6695671133423623
tfidf,1,5,63,fake,336,0,0.2643832545261289,0.23450296033302565
tfidf,1,5,63,fake,340,0,0.20317880845119243,0.18999056407690484
tfidf,1,5,63,fake,341,0,0.2524305636516796,0.23524464403474155
tfidf,1,5,63,fake,348,1,0.8447060375611876,0.8319764590093851
tfidf,1,5,63,fake,350,1,0.9764729410248727,0.9794471789978415
tfidf,1,5,63,fake,360,0,0.449453320329853,0.46641105927855925
tfidf,1,5,63,fake,368,0,0.17033706530267312,0.1699929836989832
tfidf,1,5,63,fake,370,0,0.06235606727008842,0.07101821735617647
tfidf,1,5,63,fake,385,0,0.1409861717158987,0.14342297607335525
tfidf,1,5,63,fake,388,1,0.6351397799915532,0.6649270197601279
tfidf,1,5,63,fake,406,0,0.08797957014309588,0.08428994733570495
tfidf,1,5,63,fake,409,1,0.39172552294944296,0.42213387978580713
tfidf,1,5,63,fake,417,0,0.045493670421714164,0.04236051772386812
tfidf,1,5,63,fake,418,1,0.8452026672953584,0.87383177411887
tfidf,1,5,63,fake,428,0,0.0700639286338649,0.07044439748353466
tfidf,1,5,63,fake,429,0,0.03189792155310441,0.035007319807994756
tfidf,1,5,63,fake,434,0,0.046865537480021036,0.04118502798353578
tfidf,1,5,63,fake,437,0,0.4437201421159919,0.42735324438585914
tfidf,1,5,63,fake,441,1,0.8381204265129576,0.8502625107104244
tfidf,1,5,63,fake,444,0,0.6995914140768064,0.6984974681786346
tfidf,1,5,63,fake,456,0,0.030736008504256167,0.02951741619935256
tfidf,1,5,63,fake,468,0,0.028324352936066773,0.02296591461484019
tfidf,1,5,63,fake,485,0,0.07113475524018668,0.0595411942381733
tfidf,1,1,64,fake,319,1,0.9999232964140083,0.9999989849698954
tfidf,1,1,64,fake,331,0,0.2746219914729066,0.7327057022192186
tfidf,1,1,64,fake,345,1,0.9953521464181793,0.9994762452749362
tfidf,1,1,64,fake,346,1,0.48381150931698225,0.6635823684989351
tfidf,1,1,64,fake,357,0,0.003009184523896985,0.006202372724575696
tfidf,1,1,64,fake,358,0,0.6007848672040514,0.8723440574443416
tfidf,1,1,64,fake,362,1,0.8985512806209682,0.9975648101647377
tfidf,1,1,64,fake,363,0,0.13563543257405236,0.025610645126315643
tfidf,1,1,64,fake,364,0,0.9887365943965479,0.9974474247626147
tfidf,1,1,64,fake,369,0,0.0828443593328693,0.016709363882523604
tfidf,1,1,64,fake,372,1,0.9946062319048337,0.99556587811072
tfidf,1,1,64,fake,391,0,0.21198954334283343,0.8632545556028619
tfidf,1,1,64,fake,400,0,0.5016656701849346,0.3042591183171732
tfidf,1,1,64,fake,402,1,0.8173057059067018,0.9390968569469587
tfidf,1,1,64,fake,403,0,0.0014917423566660685,0.00028303829309674343
tfidf,1,1,64,fake,404,0,0.004460125686206481,0.026064519079992455
tfidf,1,1,64,fake,413,1,0.8545537687417604,0.9342347328238476
tfidf,1,1,64,fake,416,0,0.36198097061813317,0.3831276804950719
tfidf,1,1,64,fake,420,0,0.026473451698100444,0.00688384320469401
tfidf,1,1,64,fake,423,0,0.958306637542852,0.9837441312957345
tfidf,1,1,64,fake,426,1,0.5125152968757426,0.7552198816744445
tfidf,1,1,64,fake,433,1,0.7625368604112651,0.7301975629293064
tfidf,1,1,64,fake,451,0,0.007342899052432233,0.0059634693437759356
tfidf,1,1,64,fake,454,0,0.06880297615929298,0.07110855588334533
tfidf,1,1,64,fake,473,0,0.09370496634839066,0.030070543805396612
tfidf,1,1,64,fake,476,0,0.01486882202079653,0.029152006639256295
tfidf,1,1,64,fake,484,0,0.12818051890168583,0.5067977266141529
tfidf,1,1,64,fake,487,0,0.04900159263916272,0.09972849357869552
tfidf,1,1,64,fake,490,0,0.047086527796589325,0.0359574004937496
tfidf,1,2,64,fake,303,0,0.35470277611293805,0.06931670141631396
tfidf,1,2,64,fake,304,0,0.386882746550581,0.047589435631260744
tfidf,1,2,64,fake,310,0,0.6140804868391743,0.4033573174298555
tfidf,1,2,64,fake,312,0,0.565783342759614,0.22035115648685308
tfidf,1,2,64,fake,316,0,0.7618575997516169,0.765370346218638
tfidf,1,2,64,fake,324,0,0.5873231297634194,0.2340414389830853
tfidf,1,2,64,fake,328,0,0.650883701406669,0.5012617522019905
tfidf,1,2,64,fake,339,1,0.745331438537117,0.6835709460731655
tfidf,1,2,64,fake,353,1,0.753664301961525,0.8393230309240216
tfidf,1,2,64,fake,355,1,0.6677371986640661,0.675217208130274
tfidf,1,2,64,fake,366,0,0.18815138111048615,0.030320916505911035
tfidf,1,2,64,fake,375,0,0.09944152531175811,0.0023296378696005373
tfidf,1,2,64,fake,376,1,0.9078719158669574,0.990377128931226
tfidf,1,2,64,fake,379,0,0.49597604894979447,0.7446064482175133
tfidf,1,2,64,fake,381,1,0.7227592996460921,0.9206480633047042
tfidf,1,2,64,fake,382,0,0.3340104248612067,0.18709566023198146
tfidf,1,2,64,fake,386,1,0.4901824738905382,0.6807470069383497
tfidf,1,2,64,fake,390,0,0.8690686876707275,0.9790607483894069
tfidf,1,2,64,fake,392,0,0.2535170056541303,0.08150444811727967
tfidf,1,2,64,fake,401,0,0.5473108213340796,0.6384765513085596
tfidf,1,2,64,fake,412,1,0.5177046688519263,0.7598399453454311
tfidf,1,2,64,fake,422,1,0.797565371871668,0.9968380475039004
tfidf,1,2,64,fake,427,0,0.11206183382029711,0.00669589415122917
tfidf,1,2,64,fake,440,1,0.7683904726539489,0.9435984114225402
tfidf,1,2,64,fake,443,0,0.36982453051945874,0.32631788195835587
tfidf,1,2,64,fake,457,0,0.12305554332163715,0.005477435321664933
tfidf,1,2,64,fake,479,0,0.1366369374925134,0.011495920902394152
tfidf,1,2,64,fake,482,0,0.2693674571205743,0.08541072637963527
tfidf,1,2,64,fake,486,0,0.15188968306522307,0.011659010379906007
tfidf,1,3,64,fake,305,0,0.427315714157642,0.41424963063129644
tfidf,1,3,64,fake,307,0,0.22163287943620905,0.15498788490917212
tfidf,1,3,64,fake,313,0,0.5304288539569145,0.5292301409756679
tfidf,1,3,64,fake,315,0,0.4198738134059744,0.3129689233587043
tfidf,1,3,64,fake,317,0,0.662834183340154,0.7543785822559432
tfidf,1,3,64,fake,320,1,0.836751674447532,0.8895996189755243
tfidf,1,3,64,fake,338,1,0.7094000464246839,0.8043126878597596
tfidf,1,3,64,fake,344,1,0.49098189652831253,0.5725923934741399
tfidf,1,3,64,fake,352,1,0.5919181330573737,0.47578065106910716
tfidf,1,3,64,fake,356,1,0.570741287675979,0.6677635137070798
tfidf,1,3,64,fake,367,1,0.9986960384698288,0.9987509100364653
tfidf,1,3,64,fake,371,0,0.7415750304743172,0.7763797578685022
tfidf,1,3,64,fake,380,1,0.9799886642477518,0.9705790411935739
tfidf,1,3,64,fake,383,0,0.09390465790505625,0.09762310487827595
tfidf,1,3,64,fake,393,0,0.29618780391674143,0.2876367358917369
tfidf,1,3,64,fake,395,0,0.4173691817053242,0.5073917207995404
tfidf,1,3,64,fake,397,0,0.12389157769378939,0.13436786480895727
tfidf,1,3,64,fake,425,0,0.3813090074876694,0.39395201588099865
tfidf,1,3,64,fake,430,0,0.16257080018698555,0.1578984612975174
tfidf,1,3,64,fake,436,0,0.02908749700577434,0.026186893306395273
tfidf,1,3,64,fake,439,0,0.19847245769886324,0.2015488321731249
tfidf,1,3,64,fake,446,0,0.09797774943234192,0.09551665405289572
tfidf,1,3,64,fake,447,0,0.5243861318872725,0.5309068365874318
tfidf,1,3,64,fake,459,1,0.9530985228604507,0.9516007548825326
tfidf,1,3,64,fake,474,0,0.07107049996232354,0.05644815924846308
tfidf,1,3,64,fake,475,0,0.01687550450029301,0.015162509853624885
tfidf,1,3,64,fake,489,0,0.4806563207613532,0.44476894509360587
tfidf,1,3,64,fake,491,0,0.07982656262056242,0.08340461429289923
tfidf,1,4,64,fake,318,0,0.4541846202073267,0.31735808493190876
tfidf,1,4,64,fake,322,0,0.6209676810767086,0.6746192898898141
tfidf,1,4,64,fake,326,0,0.5818584418826043,0.4547829288078765
tfidf,1,4,64,fake,327,0,0.8149197304956997,0.8022472615662084
tfidf,1,4,64,fake,335,1,0.8919020585829253,0.837699835291045
tfidf,1,4,64,fake,343,0,0.7221333219508157,0.7359907871630049
tfidf,1,4,64,fake,347,1,0.5366422113344527,0.575085013839675
tfidf,1,4,64,fake,351,1,0.7321006741348315,0.8113436034666632
tfidf,1,4,64,fake,374,0,0.373809670388502,0.36251814968616974
tfidf,1,4,64,fake,377,1,0.9939957808689696,0.9962117472945848
tfidf,1,4,64,fake,389,1,0.46469445917001334,0.5238770034943215
tfidf,1,4,64,fake,414,1,0.4067051668112248,0.3615125953253922
tfidf,1,4,64,fake,415,0,0.09268768910794171,0.08742686732921377
tfidf,1,4,64,fake,419,0,0.013174775830735641,0.01011104476681682
tfidf,1,4,64,fake,445,0,0.07909359182968534,0.08988053294777752
tfidf,1,4,64,fake,448,1,0.6542886820248728,0.6136636632632313
tfidf,1,4,64,fake,449,0,0.10454021475518101,0.09237583701113167
tfidf,1,4,64,fake,455,0,0.05901562018132104,0.061437629021476876
tfidf,1,4,64,fake,458,0,0.2589142287847403,0.24616311568744054
tfidf,1,4,64,fake,463,0,0.029012265589048777,0.01778621471363779
tfidf,1,4,64,fake,464,0,0.06738400540234162,0.04919933172354695
tfidf,1,4,64,fake,471,0,0.07777385159979386,0.05578083339905545
tfidf,1,4,64,fake,472,0,0.04161794077877325,0.03755426604129706
tfidf,1,4,64,fake,477,0,0.329749574090093,0.3630543191741376
tfidf,1,4,64,fake,478,0,0.6366836859866739,0.6458323111117554
tfidf,1,4,64,fake,483,1,0.9202270988288058,0.9044986145023345
tfidf,1,4,64,fake,488,0,0.18304648462243142,0.12228040733648471
tfidf,1,4,64,fake,492,0,0.038700350437458966,0.04511608448709383
tfidf,1,5,64,fake,302,0,0.031073756631154432,0.031147637364515094
tfidf,1,5,64,fake,321,1,0.8523748919647581,0.8537585114011258
tfidf,1,5,64,fake,325,1,0.8246629473419099,0.8237177437639579
tfidf,1,5,64,fake,330,1,0.40170742370519613,0.4069427193229107
tfidf,1,5,64,fake,333,0,0.3605434222152441,0.3610753490719579
tfidf,1,5,64,fake,336,0,0.3460935912044474,0.34149451755885923
tfidf,1,5,64,fake,340,0,0.7205355856615591,0.7191979454583833
tfidf,1,5,64,fake,341,0,0.38764243981782653,0.3880870600329729
tfidf,1,5,64,fake,348,1,0.5249851645776248,0.5246141238729097
tfidf,1,5,64,fake,350,1,0.5950721215193933,0.6045645517093386
tfidf,1,5,64,fake,360,0,0.372350611211463,0.3760718050076333
tfidf,1,5,64,fake,368,0,0.26285503881093936,0.26244618302085065
tfidf,1,5,64,fake,370,0,0.1408610190211857,0.14213826332468948
tfidf,1,5,64,fake,385,0,0.10748787664140538,0.10663698373496948
tfidf,1,5,64,fake,388,1,0.5000649199349082,0.5023989994665006
tfidf,1,5,64,fake,406,0,0.03307323934391931,0.032965604940404326
tfidf,1,5,64,fake,409,1,0.61392905358734,0.6208831711858123
tfidf,1,5,64,fake,417,0,0.2232243802026898,0.2182295186366278
tfidf,1,5,64,fake,418,1,0.9911697889891719,0.9914750589733675
tfidf,1,5,64,fake,428,0,0.571836122975171,0.5671065032471841
tfidf,1,5,64,fake,429,0,0.07780416523477603,0.07975609941808037
tfidf,1,5,64,fake,434,0,0.0471817617105937,0.045667544238926105
tfidf,1,5,64,fake,437,0,0.06375057964621321,0.06322969395307892
tfidf,1,5,64,fake,441,1,0.7920352532996392,0.7940473576358337
tfidf,1,5,64,fake,444,0,0.2513898784381484,0.25238807680936737
tfidf,1,5,64,fake,456,0,0.40472406577960307,0.4006902374545797
tfidf,1,5,64,fake,468,0,0.04676241237103244,0.04548133410837629
tfidf,1,5,64,fake,485,0,0.008038934542592727,0.007874402779535524
tfidf,1,1,65,fake,319,1,0.9588074753179123,0.9719629124979912
tfidf,1,1,65,fake,331,0,0.8200027615544186,0.8758481075447941
tfidf,1,1,65,fake,345,1,0.999061816802281,0.9993402638417964
tfidf,1,1,65,fake,346,1,0.7974505588610425,0.8595432444937116
tfidf,1,1,65,fake,357,0,0.5366867061301713,0.6216961621074814
tfidf,1,1,65,fake,358,0,0.5472834144485519,0.7086022396431902
tfidf,1,1,65,fake,362,1,0.49000233918824043,0.7144912369162532
tfidf,1,1,65,fake,363,0,0.23964796505430244,0.2355606395181325
tfidf,1,1,65,fake,364,0,0.7095897023743828,0.8280552898384236
tfidf,1,1,65,fake,369,0,0.313151350284854,0.30979119999739096
tfidf,1,1,65,fake,372,1,0.8983310218885039,0.915613966587791
tfidf,1,1,65,fake,391,0,0.5159499489866544,0.6524715718579481
tfidf,1,1,65,fake,400,0,0.5444630152228586,0.5857541489441733
tfidf,1,1,65,fake,402,1,0.9435636757114246,0.9573785916507694
tfidf,1,1,65,fake,403,0,0.15968194259449692,0.12517392316843493
tfidf,1,1,65,fake,404,0,0.09954009854806846,0.1477843634923612
tfidf,1,1,65,fake,413,1,0.39257146876089205,0.5244081811848907
tfidf,1,1,65,fake,416,0,0.010464098571359227,0.012101617854506417
tfidf,1,1,65,fake,420,0,0.18145869756686128,0.12732302611798219
tfidf,1,1,65,fake,423,0,0.9561213630759093,0.9752762131104923
tfidf,1,1,65,fake,426,1,0.9191823750544775,0.937555234097407
tfidf,1,1,65,fake,433,1,0.7956357987304999,0.80448863901981
tfidf,1,1,65,fake,451,0,0.2319170642212473,0.24244913016969388
tfidf,1,1,65,fake,454,0,0.08662481749079401,0.09419435165368835
tfidf,1,1,65,fake,473,0,0.023711257788940173,0.022137267810603736
tfidf,1,1,65,fake,476,0,0.12030662026342251,0.10969426139252013
tfidf,1,1,65,fake,484,0,0.2448499420313971,0.31076517753889704
tfidf,1,1,65,fake,487,0,0.1514094668046436,0.1723468148180732
tfidf,1,1,65,fake,490,0,0.025384253088435515,0.022951904170443526
tfidf,1,2,65,fake,303,0,0.028356127197318462,0.030163486847591667
tfidf,1,2,65,fake,304,0,0.11250825554683634,0.10461652831518406
tfidf,1,2,65,fake,310,0,0.6417020194670088,0.5903344594896139
tfidf,1,2,65,fake,312,0,0.3733684295191656,0.3436595140218295
tfidf,1,2,65,fake,316,0,0.675154375737179,0.6687165261528579
tfidf,1,2,65,fake,324,0,0.4258763023726644,0.44312092976321493
tfidf,1,2,65,fake,328,0,0.644347567337517,0.6235791849945932
tfidf,1,2,65,fake,339,1,0.7101574209239776,0.7076870937695607
tfidf,1,2,65,fake,353,1,0.8572428643541652,0.8587882190745121
tfidf,1,2,65,fake,355,1,0.9003504985261506,0.9112901747844931
tfidf,1,2,65,fake,366,0,0.015454016572034664,0.013904179375572234
tfidf,1,2,65,fake,375,0,0.0044447621573205105,0.0037899856423197417
tfidf,1,2,65,fake,376,1,0.9818335220458564,0.983200716430611
tfidf,1,2,65,fake,379,0,0.4191122118638803,0.4039659890370368
tfidf,1,2,65,fake,381,1,0.8761832738113594,0.8825741015961298
tfidf,1,2,65,fake,382,0,0.1943480989313292,0.16758447768632379
tfidf,1,2,65,fake,386,1,0.9619502907091886,0.9591787769272831
tfidf,1,2,65,fake,390,0,0.9615976514531115,0.9655998766996104
tfidf,1,2,65,fake,392,0,0.158905664357915,0.1558018400466696
tfidf,1,2,65,fake,401,0,0.7355438469099884,0.72340439072479
tfidf,1,2,65,fake,412,1,0.7715654109764434,0.7666073443223848
tfidf,1,2,65,fake,422,1,0.6696331209014549,0.6408874389770873
tfidf,1,2,65,fake,427,0,0.01883024573644906,0.016304350620274473
tfidf,1,2,65,fake,440,1,0.9706312047458537,0.9707307663364512
tfidf,1,2,65,fake,443,0,0.15488890327000676,0.14638624187371171
tfidf,1,2,65,fake,457,0,0.02281300788613329,0.020399181734759575
tfidf,1,2,65,fake,479,0,0.02683711816946169,0.022791673124370148
tfidf,1,2,65,fake,482,0,0.05085569508975423,0.04592212943159411
tfidf,1,2,65,fake,486,0,0.021340432308636356,0.01987454774933296
tfidf,1,3,65,fake,305,0,0.5472678538323064,0.5418033476905834
tfidf,1,3,65,fake,307,0,0.6402124239632172,0.28080205901696964
tfidf,1,3,65,fake,313,0,0.009458738872152643,0.2301046309950265
tfidf,1,3,65,fake,315,0,0.48390568183104754,0.3750839053872073
tfidf,1,3,65,fake,317,0,0.7755955908565281,0.6743567419341752
tfidf,1,3,65,fake,320,1,0.9916172975516431,0.9585724377894045
tfidf,1,3,65,fake,338,1,0.22829316207475084,0.553556415527514
tfidf,1,3,65,fake,344,1,0.26627229795018575,0.6855352204801385
tfidf,1,3,65,fake,352,1,0.589708093059485,0.5296519823284574
tfidf,1,3,65,fake,356,1,0.5331736202435144,0.673944485456919
tfidf,1,3,65,fake,367,1,0.9999962897676498,0.998639787926778
tfidf,1,3,65,fake,371,0,0.0710735024979105,0.37009313137310745
tfidf,1,3,65,fake,380,1,0.7591935610583007,0.708578759767644
tfidf,1,3,65,fake,383,0,0.6814357519573644,0.5204862431814553
tfidf,1,3,65,fake,393,0,0.0009413202607490615,0.022995625520739908
tfidf,1,3,65,fake,395,0,0.5681289399062338,0.6363066080254671
tfidf,1,3,65,fake,397,0,0.9465818312412325,0.5067242785682139
tfidf,1,3,65,fake,425,0,0.5470710543273875,0.7059459438838225
tfidf,1,3,65,fake,430,0,0.009313232982109646,0.08651214500137455
tfidf,1,3,65,fake,436,0,0.012860131007268764,0.05850765855503425
tfidf,1,3,65,fake,439,0,0.1758620117839449,0.2961096955534213
tfidf,1,3,65,fake,446,0,0.0003260028078310746,0.0243659907017469
tfidf,1,3,65,fake,447,0,0.004955275852250056,0.07499512735802404
tfidf,1,3,65,fake,459,1,0.9999804150171442,0.9914211051309206
tfidf,1,3,65,fake,474,0,0.0026827685687319355,0.023395044545301318
tfidf,1,3,65,fake,475,0,5.856042478144359e-05,0.006075104575548457
tfidf,1,3,65,fake,489,0,0.007747399863744074,0.06714791395469213
tfidf,1,3,65,fake,491,0,0.01506895339150651,0.18984857749644765
tfidf,1,4,65,fake,318,0,0.31972512278126125,0.2581388756844305
tfidf,1,4,65,fake,322,0,0.5496618270792815,0.5763791601030729
tfidf,1,4,65,fake,326,0,0.2636382255864105,0.21805392803753035
tfidf,1,4,65,fake,327,0,0.6931653451607132,0.6838661273203372
tfidf,1,4,65,fake,335,1,0.6992244608126883,0.6815010954194841
tfidf,1,4,65,fake,343,0,0.515471582185654,0.5318223454176619
tfidf,1,4,65,fake,347,1,0.8519793715933126,0.8568434376740955
tfidf,1,4,65,fake,351,1,0.7546337353431419,0.8046370856841909
tfidf,1,4,65,fake,374,0,0.46558478832968864,0.4425988594250958
tfidf,1,4,65,fake,377,1,0.9711468543503872,0.977337081169083
tfidf,1,4,65,fake,389,1,0.9277767354609201,0.9337711581318502
tfidf,1,4,65,fake,414,1,0.9153255922046266,0.897380703053812
tfidf,1,4,65,fake,415,0,0.12155397600949591,0.108974552950159
tfidf,1,4,65,fake,419,0,0.018548392109865038,0.015538440346867716
tfidf,1,4,65,fake,445,0,0.07545729926922162,0.07954901599856176
tfidf,1,4,65,fake,448,1,0.791729416036199,0.7809868671717342
tfidf,1,4,65,fake,449,0,0.200535942116898,0.18777665076030903
tfidf,1,4,65,fake,455,0,0.27048757207289825,0.26262717383578327
tfidf,1,4,65,fake,458,0,0.09368204906999693,0.09946644363773456
tfidf,1,4,65,fake,463,0,0.0023902302708434403,0.001859173712646661
tfidf,1,4,65,fake,464,0,0.04421751405806017,0.04314913210984585
tfidf,1,4,65,fake,471,0,0.2571854574907159,0.2125399283718854
tfidf,1,4,65,fake,472,0,0.02195969365038072,0.020770440236216818
tfidf,1,4,65,fake,477,0,0.6116324809435943,0.628321203545185
tfidf,1,4,65,fake,478,0,0.6100740022306826,0.6297258787122115
tfidf,1,4,65,fake,483,1,0.8569946020907743,0.8545580206116727
tfidf,1,4,65,fake,488,0,0.27944742730183253,0.2418052193622073
tfidf,1,4,65,fake,492,0,0.12733617256885083,0.1352829183211907
tfidf,1,5,65,fake,302,0,0.04709636667311474,0.04705906375213636
tfidf,1,5,65,fake,321,1,0.6866910292938447,0.6867210660138982
tfidf,1,5,65,fake,325,1,0.9406282500473431,0.9405679612352669
tfidf,1,5,65,fake,330,1,0.6591347680194558,0.6591001563149227
tfidf,1,5,65,fake,333,0,0.7672536807673861,0.7672914559733294
tfidf,1,5,65,fake,336,0,0.301619111251325,0.30122338655078823
tfidf,1,5,65,fake,340,0,0.5712459223924364,0.5709823554385662
tfidf,1,5,65,fake,341,0,0.842400661546757,0.842369362901505
tfidf,1,5,65,fake,348,1,0.7690725333089184,0.7689306263644433
tfidf,1,5,65,fake,350,1,0.8664405947232124,0.8668838655137182
tfidf,1,5,65,fake,360,0,0.5664729397499783,0.5666239654371262
tfidf,1,5,65,fake,368,0,0.13121522337720157,0.13123969284231715
tfidf,1,5,65,fake,370,0,0.11432363587320227,0.11433606186625785
tfidf,1,5,65,fake,385,0,0.1469696270132057,0.14702152778585628
tfidf,1,5,65,fake,388,1,0.5466457283966952,0.5469960918574027
tfidf,1,5,65,fake,406,0,0.04381106406539705,0.04382233681840515
tfidf,1,5,65,fake,409,1,0.9405779784782321,0.9406533057440579
tfidf,1,5,65,fake,417,0,0.13874057731480197,0.13841193050396325
tfidf,1,5,65,fake,418,1,0.7447328472230906,0.7454013416702194
tfidf,1,5,65,fake,428,0,0.11306677131733349,0.1130634617881833
tfidf,1,5,65,fake,429,0,0.1289092474759095,0.12907781188440942
tfidf,1,5,65,fake,434,0,0.20048964149796608,0.20001953231474878
tfidf,1,5,65,fake,437,0,0.08731799446004165,0.08725592173440067
tfidf,1,5,65,fake,441,1,0.7057420664220395,0.7059930292359273
tfidf,1,5,65,fake,444,0,0.04954573484533886,0.04956979025020771
tfidf,1,5,65,fake,456,0,0.026476683261022323,0.026471137601261865
tfidf,1,5,65,fake,468,0,0.03760222194751489,0.037487762227420354
tfidf,1,5,65,fake,485,0,0.011840573492659141,0.011822969797958483
tfidf,1,1,66,fake,319,1,0.8215760155860754,0.8873089626357373
tfidf,1,1,66,fake,331,0,0.5675090696171776,0.6816396960673812
tfidf,1,1,66,fake,345,1,0.9533050400219338,0.9697446942027209
tfidf,1,1,66,fake,346,1,0.6818921968525148,0.7427576618000032
tfidf,1,1,66,fake,357,0,0.7553027351106298,0.7818654747972205
tfidf,1,1,66,fake,358,0,0.724711117772129,0.828318382713771
tfidf,1,1,66,fake,362,1,0.9608242305774201,0.9780044160317908
tfidf,1,1,66,fake,363,0,0.1314888525347018,0.13854046815192855
tfidf,1,1,66,fake,364,0,0.5687845142766444,0.7040730306197376
tfidf,1,1,66,fake,369,0,0.25331568077628897,0.2102369747021847
tfidf,1,1,66,fake,372,1,0.6820760440536782,0.7044681985069916
tfidf,1,1,66,fake,391,0,0.17525400932600396,0.26311121978392304
tfidf,1,1,66,fake,400,0,0.6008757095767997,0.5938406743664486
tfidf,1,1,66,fake,402,1,0.9648822799987178,0.9699633184750821
tfidf,1,1,66,fake,403,0,0.02262379772194668,0.01868110343623724
tfidf,1,1,66,fake,404,0,0.10806168375068083,0.15039043368628163
tfidf,1,1,66,fake,413,1,0.995465251633527,0.995766889306415
tfidf,1,1,66,fake,416,0,0.04102173535275892,0.03569845928387736
tfidf,1,1,66,fake,420,0,0.18237999717324052,0.14749029684392295
tfidf,1,1,66,fake,423,0,0.882659214226716,0.9191986850055831
tfidf,1,1,66,fake,426,1,0.9185791301302954,0.9279480867897579
tfidf,1,1,66,fake,433,1,0.45448846228674405,0.45025042228714923
tfidf,1,1,66,fake,451,0,0.14802675783334246,0.13876490020889148
tfidf,1,1,66,fake,454,0,0.31293183123518786,0.3549460188348304
tfidf,1,1,66,fake,473,0,0.07061736105955199,0.06896488636393999
tfidf,1,1,66,fake,476,0,0.0628962554783226,0.06008115315161367
tfidf,1,1,66,fake,484,0,0.2624123647935581,0.3523397582097434
tfidf,1,1,66,fake,487,0,0.6183719216628708,0.58371977071338
tfidf,1,1,66,fake,490,0,0.10540710639094394,0.10085679170073937
tfidf,1,2,66,fake,303,0,0.04437978710649608,2.304783411754961e-07
tfidf,1,2,66,fake,304,0,0.04837671799455746,3.2692643106621534e-09
tfidf,1,2,66,fake,310,0,0.5847297181339517,0.32035329429168824
tfidf,1,2,66,fake,312,0,0.4437164855912853,0.0384726078739665
tfidf,1,2,66,fake,316,0,0.6682727685325255,0.033581526536464644
tfidf,1,2,66,fake,324,0,0.4505798301277333,0.022760028430051777
tfidf,1,2,66,fake,328,0,0.5481789983866882,0.9923772406622995
tfidf,1,2,66,fake,339,1,0.9937862120909081,0.9999931352803215
tfidf,1,2,66,fake,353,1,0.9163882572473911,0.9986631654388822
tfidf,1,2,66,fake,355,1,0.7984697266098969,0.9929847751839337
tfidf,1,2,66,fake,366,0,0.04069527875437966,0.0004611045387953726
tfidf,1,2,66,fake,375,0,0.002167731003956979,3.820758274343108e-11
tfidf,1,2,66,fake,376,1,0.9845266035713187,0.9997659995600144
tfidf,1,2,66,fake,379,0,0.702077395524103,0.9999939158293135
tfidf,1,2,66,fake,381,1,0.9354422110916415,0.9999699021050575
tfidf,1,2,66,fake,382,0,0.31432490304871097,0.9997453812483992
tfidf,1,2,66,fake,386,1,0.6400266061570733,0.9969029219081231
tfidf,1,2,66,fake,390,0,0.9751517089454785,0.9999983656141294
tfidf,1,2,66,fake,392,0,0.04860806249964755,2.179475896072526e-06
tfidf,1,2,66,fake,401,0,0.646872975685099,0.7630599289651874
tfidf,1,2,66,fake,412,1,0.7234913312385995,0.9999964932721014
tfidf,1,2,66,fake,422,1,0.46766919132594736,0.5680133143262105
tfidf,1,2,66,fake,427,0,0.011717781517742195,5.473290457429522e-07
tfidf,1,2,66,fake,440,1,0.8168539989583321,0.9743703492198637
tfidf,1,2,66,fake,443,0,0.29882014214177266,0.00027576457175832294
tfidf,1,2,66,fake,457,0,0.006547393417974644,1.4738511123743643e-09
tfidf,1,2,66,fake,479,0,0.02452268559436841,5.1965050659033185e-06
tfidf,1,2,66,fake,482,0,0.0698410012209354,0.00011797086925596724
tfidf,1,2,66,fake,486,0,0.017364063234106143,5.4657687348150885e-06
tfidf,1,3,66,fake,305,0,0.21717695266938972,0.21059576904690114
tfidf,1,3,66,fake,307,0,0.6150680198991894,0.5100674580209765
tfidf,1,3,66,fake,313,0,0.16306842170674007,0.16286923778983414
tfidf,1,3,66,fake,315,0,0.4900286794857826,0.39518171518058837
tfidf,1,3,66,fake,317,0,0.47951446874963577,0.5604929822546798
tfidf,1,3,66,fake,320,1,0.7659053191285002,0.8286961003663208
tfidf,1,3,66,fake,338,1,0.8594619966940544,0.8965948743358729
tfidf,1,3,66,fake,344,1,0.48326329107225957,0.5573910476871542
tfidf,1,3,66,fake,352,1,0.8427626251390349,0.7907788687112173
tfidf,1,3,66,fake,356,1,0.6750376254603389,0.717986440467969
tfidf,1,3,66,fake,367,1,0.999525477239726,0.999512504479106
tfidf,1,3,66,fake,371,0,0.3449273088646524,0.37292370679576464
tfidf,1,3,66,fake,380,1,0.974731904404664,0.9650363022786579
tfidf,1,3,66,fake,383,0,0.15430862971821227,0.14443426583142016
tfidf,1,3,66,fake,393,0,0.03883137247005211,0.03894092598488427
tfidf,1,3,66,fake,395,0,0.6618395378767019,0.72003558145451
tfidf,1,3,66,fake,397,0,0.14891497137480156,0.15501215770589347
tfidf,1,3,66,fake,425,0,0.6528728390814384,0.654267445806771
tfidf,1,3,66,fake,430,0,0.22966978387471315,0.2079447911194907
tfidf,1,3,66,fake,436,0,0.05192990837887619,0.04590281013816716
tfidf,1,3,66,fake,439,0,0.33870025661568826,0.3360473715454627
tfidf,1,3,66,fake,446,0,0.07622638092319356,0.08205218718826657
tfidf,1,3,66,fake,447,0,0.6400884114979174,0.639762593709112
tfidf,1,3,66,fake,459,1,0.7863298009075652,0.7833145582796154
tfidf,1,3,66,fake,474,0,0.02350437434062654,0.019744475876914032
tfidf,1,3,66,fake,475,0,0.008527385668493107,0.0083728153002504
tfidf,1,3,66,fake,489,0,0.08455522775115659,0.08138629584106329
tfidf,1,3,66,fake,491,0,0.1478153738336384,0.15021552024999593
tfidf,1,4,66,fake,318,0,0.52793931214801,0.365599547330488
tfidf,1,4,66,fake,322,0,0.5741291369438519,0.6225387336794542
tfidf,1,4,66,fake,326,0,0.3349023597380211,0.2358005496530222
tfidf,1,4,66,fake,327,0,0.663377640694328,0.62475360180432
tfidf,1,4,66,fake,335,1,0.322184911448409,0.27444694298511313
tfidf,1,4,66,fake,343,0,0.7504026388172147,0.7511856520343633
tfidf,1,4,66,fake,347,1,0.288376951039841,0.32076461211572554
tfidf,1,4,66,fake,351,1,0.8552865440106249,0.89674676668103
tfidf,1,4,66,fake,374,0,0.34236640202522106,0.2761460420722563
tfidf,1,4,66,fake,377,1,0.9833235974245012,0.9871305111610164
tfidf,1,4,66,fake,389,1,0.828640026326709,0.8693306923043592
tfidf,1,4,66,fake,414,1,0.7576860570073202,0.7088029107644812
tfidf,1,4,66,fake,415,0,0.0712549182347061,0.06449367762007484
tfidf,1,4,66,fake,419,0,0.018111555371458886,0.012310729500097104
tfidf,1,4,66,fake,445,0,0.5143224500989113,0.5226548918477415
tfidf,1,4,66,fake,448,1,0.4226028712415356,0.3751604378185139
tfidf,1,4,66,fake,449,0,0.1998232229718421,0.1748170754176863
tfidf,1,4,66,fake,455,0,0.13871623123941207,0.13421586985181308
tfidf,1,4,66,fake,458,0,0.18316326136584568,0.16827475941650188
tfidf,1,4,66,fake,463,0,0.010955661948964274,0.006351038458326744
tfidf,1,4,66,fake,464,0,0.05331167185470494,0.045759908871363664
tfidf,1,4,66,fake,471,0,0.10196079674083597,0.06468532256016583
tfidf,1,4,66,fake,472,0,0.02068330831631968,0.01837143246541748
tfidf,1,4,66,fake,477,0,0.5095228933745519,0.5135813035254577
tfidf,1,4,66,fake,478,0,0.8581949027203348,0.8640049177172789
tfidf,1,4,66,fake,483,1,0.9229782912672494,0.930610327486099
tfidf,1,4,66,fake,488,0,0.10166166754934425,0.07254711066753078
tfidf,1,4,66,fake,492,0,0.0777955011699051,0.0910810498526749
tfidf,1,5,66,fake,302,0,0.0506274126676232,0.001209778903739972
tfidf,1,5,66,fake,321,1,0.6751398281515139,0.4665098979447867
tfidf,1,5,66,fake,325,1,0.9904220243061257,0.9999476221636457
tfidf,1,5,66,fake,330,1,0.2758988564159344,0.08636415695979657
tfidf,1,5,66,fake,333,0,0.29695927042676784,0.024984426054943804
tfidf,1,5,66,fake,336,0,0.2788516484759155,0.08304808706953376
tfidf,1,5,66,fake,340,0,0.29063230110432636,0.0801802438615909
tfidf,1,5,66,fake,341,0,0.40794724433324914,0.13713664278341747
tfidf,1,5,66,fake,348,1,0.3931310026193551,0.06484515394965233
tfidf,1,5,66,fake,350,1,0.9097707422485007,0.9893642441482264
tfidf,1,5,66,fake,360,0,0.5659601070363468,0.6485762260899541
tfidf,1,5,66,fake,368,0,0.15794956084003312,0.013188759933610919
tfidf,1,5,66,fake,370,0,0.27881931030350016,0.35743967625850614
tfidf,1,5,66,fake,385,0,0.8585966458121173,0.9970632280977613
tfidf,1,5,66,fake,388,1,0.6868305568707302,0.7518018890878195
tfidf,1,5,66,fake,406,0,0.038781861636816406,0.00672897669018529
tfidf,1,5,66,fake,409,1,0.48002085976868475,0.6842195814373839
tfidf,1,5,66,fake,417,0,0.07640326222894113,0.007285378921834089
tfidf,1,5,66,fake,418,1,0.9366278226499742,0.9931879309726795
tfidf,1,5,66,fake,428,0,0.4387266218524405,0.4920173095748798
tfidf,1,5,66,fake,429,0,0.08387618871950234,0.0033758484101773572
tfidf,1,5,66,fake,434,0,0.04763059745513705,0.005165271699584424
tfidf,1,5,66,fake,437,0,0.05160446680445186,0.0021563102080941754
tfidf,1,5,66,fake,441,1,0.7633408129916841,0.9257640532530594
tfidf,1,5,66,fake,444,0,0.051154858531057404,0.00038203999795870795
tfidf,1,5,66,fake,456,0,0.041293995398246804,0.004072159670075043
tfidf,1,5,66,fake,468,0,0.1765430638071782,0.04511864104117349
tfidf,1,5,66,fake,485,0,0.057714429561972744,0.013954788831250937
tfidf,1,1,67,fake,319,1,0.9153997933553948,0.9064680327469756
tfidf,1,1,67,fake,331,0,0.03065860950384805,0.42507467077741407
tfidf,1,1,67,fake,345,1,0.9999739397033895,0.9984382532102971
tfidf,1,1,67,fake,346,1,0.6302248087739721,0.8311851643876517
tfidf,1,1,67,fake,357,0,0.6912695659756113,0.6966908337201065
tfidf,1,1,67,fake,358,0,0.9886658444711806,0.9643440289653751
tfidf,1,1,67,fake,362,1,0.07630514002313872,0.7193228716858073
tfidf,1,1,67,fake,363,0,0.21478558162308775,0.16083275116129186
tfidf,1,1,67,fake,364,0,0.9624685526001754,0.8654629396073334
tfidf,1,1,67,fake,369,0,0.030513620632988077,0.16398544255640107
tfidf,1,1,67,fake,372,1,0.25667553762796835,0.7426822950131429
tfidf,1,1,67,fake,391,0,0.010607082716139072,0.3017589948967287
tfidf,1,1,67,fake,400,0,0.7541508105225669,0.7514258976730689
tfidf,1,1,67,fake,402,1,0.9989941601635731,0.9929235928397675
tfidf,1,1,67,fake,403,0,0.0026634055892258268,0.01931323139489954
tfidf,1,1,67,fake,404,0,0.050071188970158234,0.27552120555889065
tfidf,1,1,67,fake,413,1,0.9989663559451889,0.9726722523622262
tfidf,1,1,67,fake,416,0,0.0038215107381594756,0.028797662740370412
tfidf,1,1,67,fake,420,0,0.010615659936785347,0.08605891073330332
tfidf,1,1,67,fake,423,0,0.9717587517760604,0.9341751347835234
tfidf,1,1,67,fake,426,1,0.8234755513717315,0.8239857654523368
tfidf,1,1,67,fake,433,1,0.9373785160115823,0.4865615123776819
tfidf,1,1,67,fake,451,0,0.02493395751345432,0.14582791531111108
tfidf,1,1,67,fake,454,0,0.15856802941231327,0.13620568741750883
tfidf,1,1,67,fake,473,0,0.13050793127231788,0.09415141372985089
tfidf,1,1,67,fake,476,0,0.011497704423780803,0.09135039517026361
tfidf,1,1,67,fake,484,0,0.7352841356032802,0.6964014818513291
tfidf,1,1,67,fake,487,0,0.05189053029631636,0.2253334451080874
tfidf,1,1,67,fake,490,0,0.11838045497814174,0.17814207795729342
tfidf,1,2,67,fake,303,0,0.07630481181097531,0.3721007824114666
tfidf,1,2,67,fake,304,0,0.047554701587305195,0.4007413420742857
tfidf,1,2,67,fake,310,0,0.47405384263222605,0.6153870276902309
tfidf,1,2,67,fake,312,0,0.42291015532129106,0.625840361101684
tfidf,1,2,67,fake,316,0,0.5713442056530608,0.7324489105382442
tfidf,1,2,67,fake,324,0,0.33689476587376266,0.6149713465573888
tfidf,1,2,67,fake,328,0,0.7627725325307957,0.6945295261460164
tfidf,1,2,67,fake,339,1,0.8447549447734547,0.8178752187088356
tfidf,1,2,67,fake,353,1,0.8859097087978243,0.7929958398511332
tfidf,1,2,67,fake,355,1,0.7232150440035782,0.6735801764363971
tfidf,1,2,67,fake,366,0,0.016094266091766368,0.14991707387341727
tfidf,1,2,67,fake,375,0,0.0036929941195385746,0.10180696929913809
tfidf,1,2,67,fake,376,1,0.9669106326368726,0.9064053368380643
tfidf,1,2,67,fake,379,0,0.26240464006435066,0.3997532703510877
tfidf,1,2,67,fake,381,1,0.8305077784087892,0.6773550971480679
tfidf,1,2,67,fake,382,0,0.4319148324582605,0.3668111429375815
tfidf,1,2,67,fake,386,1,0.9754864693136605,0.6867149619366448
tfidf,1,2,67,fake,390,0,0.9590648701683896,0.8662409920963552
tfidf,1,2,67,fake,392,0,0.04114500992952811,0.21834025873291676
tfidf,1,2,67,fake,401,0,0.6736528159379197,0.5679084522961902
tfidf,1,2,67,fake,412,1,0.4394167281917339,0.4010329513370125
tfidf,1,2,67,fake,422,1,0.5435830973532344,0.5097721916018659
tfidf,1,2,67,fake,427,0,0.013990966268595285,0.12654890215609524
tfidf,1,2,67,fake,440,1,0.8858993448129555,0.7487144356250395
tfidf,1,2,67,fake,443,0,0.3069599785267399,0.3884556623376167
tfidf,1,2,67,fake,457,0,0.014730170906074931,0.1408445664291859
tfidf,1,2,67,fake,479,0,0.014884260007031453,0.14193841001819693
tfidf,1,2,67,fake,482,0,0.02400844870326,0.20652888062722252
tfidf,1,2,67,fake,486,0,0.006215621314022255,0.11034222473817935
tfidf,1,3,67,fake,305,0,0.6106932836146548,0.6096170659515202
tfidf,1,3,67,fake,307,0,0.5271553079076648,0.49188265176401913
tfidf,1,3,67,fake,313,0,0.5417211125662291,0.5381451364497896
tfidf,1,3,67,fake,315,0,0.5688229252795577,0.5269133817348601
tfidf,1,3,67,fake,317,0,0.7686574612131417,0.7852040629929373
tfidf,1,3,67,fake,320,1,0.7373935681581655,0.7659692825005024
tfidf,1,3,67,fake,338,1,0.6773013476410897,0.7038096055768214
tfidf,1,3,67,fake,344,1,0.6902101684071379,0.7050586290376722
tfidf,1,3,67,fake,352,1,0.7336296688218532,0.7037979664248835
tfidf,1,3,67,fake,356,1,0.6264133573856624,0.6519567300990678
tfidf,1,3,67,fake,367,1,0.9180040274695135,0.9211717272499669
tfidf,1,3,67,fake,371,0,0.4736416728354499,0.4862744056896234
tfidf,1,3,67,fake,380,1,0.8098671878788307,0.7954530937785316
tfidf,1,3,67,fake,383,0,0.31728223680429857,0.3159108038467942
tfidf,1,3,67,fake,393,0,0.2180903083836867,0.2174545490616321
tfidf,1,3,67,fake,395,0,0.4487708830214668,0.46485089413863556
tfidf,1,3,67,fake,397,0,0.3696017585114114,0.36292065623937153
tfidf,1,3,67,fake,425,0,0.6688922309640809,0.6794444772771633
tfidf,1,3,67,fake,430,0,0.37600748716259125,0.37301764595166137
tfidf,1,3,67,fake,436,0,0.1290377322344754,0.1257239232297471
tfidf,1,3,67,fake,439,0,0.34008175623338865,0.3373087394695503
tfidf,1,3,67,fake,446,0,0.1935646169866115,0.19947578463842988
tfidf,1,3,67,fake,447,0,0.36932866385535407,0.3689910430553227
tfidf,1,3,67,fake,459,1,0.7297285421740183,0.7403992114474827
tfidf,1,3,67,fake,474,0,0.2191686312596594,0.2065558222025194
tfidf,1,3,67,fake,475,0,0.10858936539096074,0.10631330894393197
tfidf,1,3,67,fake,489,0,0.2569462463696,0.2550367541073464
tfidf,1,3,67,fake,491,0,0.4713712252445745,0.47548016857656095
tfidf,1,4,67,fake,318,0,0.4090671215224471,0.270332235299036
tfidf,1,4,67,fake,322,0,0.4970802758134607,0.5518781452147314
tfidf,1,4,67,fake,326,0,0.23995303618326372,0.14651674312316634
tfidf,1,4,67,fake,327,0,0.8303027067297951,0.8003074806644086
tfidf,1,4,67,fake,335,1,0.7950620896576749,0.7399634385299911
tfidf,1,4,67,fake,343,0,0.5257344255797091,0.5382135918397617
tfidf,1,4,67,fake,347,1,0.3171513764792676,0.3377267587066943
tfidf,1,4,67,fake,351,1,0.9582708627730419,0.9742817905771413
tfidf,1,4,67,fake,374,0,0.3493721454868216,0.3427873310882232
tfidf,1,4,67,fake,377,1,0.993435582729667,0.9951145373028837
tfidf,1,4,67,fake,389,1,0.23773661333976429,0.31122745208109476
tfidf,1,4,67,fake,414,1,0.45934026759857133,0.40973948137567084
tfidf,1,4,67,fake,415,0,0.11098181199941097,0.09921999763817772
tfidf,1,4,67,fake,419,0,0.02633632206225234,0.01801573822917531
tfidf,1,4,67,fake,445,0,0.10102681191370293,0.122117964640302
tfidf,1,4,67,fake,448,1,0.7556590523273888,0.7076010960002087
tfidf,1,4,67,fake,449,0,0.24628309433710185,0.22785463891512148
tfidf,1,4,67,fake,455,0,0.14529766227428512,0.13822681896540767
tfidf,1,4,67,fake,458,0,0.17049030857245517,0.20984443174534298
tfidf,1,4,67,fake,463,0,0.005695907655765065,0.003315013048844712
tfidf,1,4,67,fake,464,0,0.07952516544614968,0.07072588900393438
tfidf,1,4,67,fake,471,0,0.32591818176044474,0.2213333352974716
tfidf,1,4,67,fake,472,0,0.016553450206112433,0.017248931155716542
tfidf,1,4,67,fake,477,0,0.3735097390892117,0.43346755107603174
tfidf,1,4,67,fake,478,0,0.7131309958299326,0.732823150722574
tfidf,1,4,67,fake,483,1,0.9120199925158188,0.9212444246159439
tfidf,1,4,67,fake,488,0,0.49018794709463126,0.42979687840435027
tfidf,1,4,67,fake,492,0,0.09769873012580228,0.10075267769023996
tfidf,1,5,67,fake,302,0,0.040081203261879896,0.040123703762351824
tfidf,1,5,67,fake,321,1,0.7623405944347352,0.7631444823599874
tfidf,1,5,67,fake,325,1,0.9431813041398733,0.9420827463269015
tfidf,1,5,67,fake,330,1,0.25447980971156065,0.25505701026772204
tfidf,1,5,67,fake,333,0,0.43565194687877434,0.43220999115759884
tfidf,1,5,67,fake,336,0,0.27378578678624244,0.26749584394602716
tfidf,1,5,67,fake,340,0,0.5366621187292847,0.5331070002106667
tfidf,1,5,67,fake,341,0,0.393274492057184,0.3907195939441564
tfidf,1,5,67,fake,348,1,0.9663888772546235,0.9657089452484178
tfidf,1,5,67,fake,350,1,0.8150674097514187,0.8207186625086546
tfidf,1,5,67,fake,360,0,0.6273977538713383,0.6306195250875544
tfidf,1,5,67,fake,368,0,0.6311315181371268,0.6332550253857598
tfidf,1,5,67,fake,370,0,0.08100303853197599,0.08343826424022513
tfidf,1,5,67,fake,385,0,0.10798767412862192,0.10753569653849344
tfidf,1,5,67,fake,388,1,0.3736468238955122,0.37590911322641174
tfidf,1,5,67,fake,406,0,0.5101612230830046,0.5119167343318437
tfidf,1,5,67,fake,409,1,0.6018151508252648,0.6075970600736156
tfidf,1,5,67,fake,417,0,0.07549648860152916,0.0743550041834502
tfidf,1,5,67,fake,418,1,0.8840300429773168,0.8883278845006535
tfidf,1,5,67,fake,428,0,0.09017453457122027,0.08983034820982116
tfidf,1,5,67,fake,429,0,0.05779745878420594,0.05952846164419026
tfidf,1,5,67,fake,434,0,0.045563688006818155,0.04387999553131055
tfidf,1,5,67,fake,437,0,0.10820444911720767,0.10673441093356971
tfidf,1,5,67,fake,441,1,0.7378373529545884,0.739584402809509
tfidf,1,5,67,fake,444,0,0.10044122961202843,0.10024203661137371
tfidf,1,5,67,fake,456,0,0.18363408167355477,0.18224597150368455
tfidf,1,5,67,fake,468,0,0.07115262964569805,0.06936057212183915
tfidf,1,5,67,fake,485,0,0.021351611158586754,0.020896110024950957
tfidf,1,1,68,fake,319,1,0.8583607754051992,0.9053787839062761
tfidf,1,1,68,fake,331,0,0.5630142177434152,0.6718818319028937
tfidf,1,1,68,fake,345,1,0.8396060716548549,0.9040339306120377
tfidf,1,1,68,fake,346,1,0.9880565832629753,0.9863259740617801
tfidf,1,1,68,fake,357,0,0.5602622535380447,0.5960978782152769
tfidf,1,1,68,fake,358,0,0.7296114626901912,0.8364165020109009
tfidf,1,1,68,fake,362,1,0.9993039376682643,0.9996356131113375
tfidf,1,1,68,fake,363,0,0.12040588495048046,0.11219867056465269
tfidf,1,1,68,fake,364,0,0.6435841616545972,0.7701650450725549
tfidf,1,1,68,fake,369,0,0.5160956349043676,0.46346263286984
tfidf,1,1,68,fake,372,1,0.7545693286676518,0.7483597669734637
tfidf,1,1,68,fake,391,0,0.2055696318036887,0.3221700240488641
tfidf,1,1,68,fake,400,0,0.8093461624825923,0.8108524649755107
tfidf,1,1,68,fake,402,1,0.8620969638960847,0.8939645665048439
tfidf,1,1,68,fake,403,0,0.007837125453595618,0.006663594349442183
tfidf,1,1,68,fake,404,0,0.1167444798674768,0.1862854270772136
tfidf,1,1,68,fake,413,1,0.6441018559208659,0.7227309840512652
tfidf,1,1,68,fake,416,0,0.018430839831091755,0.018032492716055573
tfidf,1,1,68,fake,420,0,0.178775535132037,0.14648658902335404
tfidf,1,1,68,fake,423,0,0.9122286323628808,0.9475831792664987
tfidf,1,1,68,fake,426,1,0.8105552056651861,0.8357497615272141
tfidf,1,1,68,fake,433,1,0.9315379136220403,0.9167539184379447
tfidf,1,1,68,fake,451,0,0.4445295873457384,0.36378084838529906
tfidf,1,1,68,fake,454,0,0.12644227613197542,0.15478699704583088
tfidf,1,1,68,fake,473,0,0.06975515406205524,0.06057357672433453
tfidf,1,1,68,fake,476,0,0.09010017160998843,0.08245623626997793
tfidf,1,1,68,fake,484,0,0.11299964357441254,0.1627207945728526
tfidf,1,1,68,fake,487,0,0.3163159551150233,0.28127128601667806
tfidf,1,1,68,fake,490,0,0.12781116042201687,0.1236776355005637
tfidf,1,2,68,fake,303,0,0.03762101667391011,0.03873749930466383
tfidf,1,2,68,fake,304,0,0.08740102716702865,0.08046681514107375
tfidf,1,2,68,fake,310,0,0.5304441734224659,0.486584905709822
tfidf,1,2,68,fake,312,0,0.7109400317108785,0.6937283358049137
tfidf,1,2,68,fake,316,0,0.6078662816585775,0.5955792838102478
tfidf,1,2,68,fake,324,0,0.30372749194728405,0.3135165252631196
tfidf,1,2,68,fake,328,0,0.5228372197213573,0.5078161138252159
tfidf,1,2,68,fake,339,1,0.9883878928997786,0.9879272597442946
tfidf,1,2,68,fake,353,1,0.7832788858260912,0.7843304328671917
tfidf,1,2,68,fake,355,1,0.6694379063895992,0.686066571261705
tfidf,1,2,68,fake,366,0,0.01873832555754249,0.016329494068725848
tfidf,1,2,68,fake,375,0,0.005779195367480079,0.005042238188511371
tfidf,1,2,68,fake,376,1,0.9771043574361635,0.9789007334041618
tfidf,1,2,68,fake,379,0,0.2183761570902104,0.19708720058656137
tfidf,1,2,68,fake,381,1,0.9710467355438135,0.9716537934740703
tfidf,1,2,68,fake,382,0,0.19158018402957874,0.17383819684382978
tfidf,1,2,68,fake,386,1,0.6878688386713498,0.6958214733750704
tfidf,1,2,68,fake,390,0,0.9306352670674122,0.9370803675745681
tfidf,1,2,68,fake,392,0,0.09879217308991635,0.09303297735061496
tfidf,1,2,68,fake,401,0,0.641389369225758,0.6265049649020533
tfidf,1,2,68,fake,412,1,0.4006661177615743,0.4018151347530339
tfidf,1,2,68,fake,422,1,0.5485081706453683,0.5289193174542894
tfidf,1,2,68,fake,427,0,0.008503053791563398,0.007682285372220969
tfidf,1,2,68,fake,440,1,0.7537424689898606,0.7548980348428823
tfidf,1,2,68,fake,443,0,0.15137015064422749,0.14348148913698375
tfidf,1,2,68,fake,457,0,0.009433170970645775,0.00855619669707704
tfidf,1,2,68,fake,479,0,0.01268123166378012,0.011078523167138418
tfidf,1,2,68,fake,482,0,0.06213864365406545,0.05700529105584253
tfidf,1,2,68,fake,486,0,0.022120913092890673,0.02145159918740895
tfidf,1,3,68,fake,305,0,0.23910229471053487,0.5438447043295558
tfidf,1,3,68,fake,307,0,0.1672804131593117,0.42027485284288535
tfidf,1,3,68,fake,313,0,0.6574417746232385,0.6334658388327427
tfidf,1,3,68,fake,315,0,0.8572722033078971,0.685679092310709
tfidf,1,3,68,fake,317,0,0.6862303841612426,0.6974342679000061
tfidf,1,3,68,fake,320,1,0.8492384273384895,0.7800094461842191
tfidf,1,3,68,fake,338,1,0.5536280404410937,0.6247278702278868
tfidf,1,3,68,fake,344,1,0.7492092611984572,0.6988421235297438
tfidf,1,3,68,fake,352,1,0.9631121413792099,0.7349004090902298
tfidf,1,3,68,fake,356,1,0.7046722640990946,0.6689190365331172
tfidf,1,3,68,fake,367,1,0.97850042176785,0.9043941399931935
tfidf,1,3,68,fake,371,0,0.3349920433944905,0.4324289495945618
tfidf,1,3,68,fake,380,1,0.9848722267285049,0.7883117558141962
tfidf,1,3,68,fake,383,0,0.15650116272744993,0.3484974068437607
tfidf,1,3,68,fake,393,0,0.24683412845235167,0.3177476091093362
tfidf,1,3,68,fake,395,0,0.398413892941571,0.49004428533362787
tfidf,1,3,68,fake,397,0,0.4193462611577182,0.38218165777658275
tfidf,1,3,68,fake,425,0,0.5399761690785062,0.6879246606151749
tfidf,1,3,68,fake,430,0,0.16494871060799748,0.3944047951807707
tfidf,1,3,68,fake,436,0,0.016441250456579185,0.1320967900774135
tfidf,1,3,68,fake,439,0,0.16178825412328265,0.31965070220451175
tfidf,1,3,68,fake,446,0,0.11249689878396085,0.2717218987164086
tfidf,1,3,68,fake,447,0,0.05164235625436154,0.2607893828114485
tfidf,1,3,68,fake,459,1,0.9721274897106168,0.840649687929288
tfidf,1,3,68,fake,474,0,0.11590737876779154,0.2054782841420196
tfidf,1,3,68,fake,475,0,0.02023338847043252,0.12744238831912916
tfidf,1,3,68,fake,489,0,0.0927136408228515,0.2326660059694795
tfidf,1,3,68,fake,491,0,0.13360056292785308,0.44056471349817294
tfidf,1,4,68,fake,318,0,0.49972589013562274,0.3416639405870766
tfidf,1,4,68,fake,322,0,0.5473572758061973,0.5910420065415326
tfidf,1,4,68,fake,326,0,0.452114788196476,0.3393244032741924
tfidf,1,4,68,fake,327,0,0.8369363502035405,0.8081425091736972
tfidf,1,4,68,fake,335,1,0.7936935812863701,0.7433787178245954
tfidf,1,4,68,fake,343,0,0.7110468405661724,0.7140086764299224
tfidf,1,4,68,fake,347,1,0.8110047161338626,0.8072141748003757
tfidf,1,4,68,fake,351,1,0.715739969088467,0.8015241713999912
tfidf,1,4,68,fake,374,0,0.25570762742649394,0.22912653356359594
tfidf,1,4,68,fake,377,1,0.9974395037796647,0.9983624142865128
tfidf,1,4,68,fake,389,1,0.7812136247083994,0.8370516413610789
tfidf,1,4,68,fake,414,1,0.7292095286945541,0.6842209076116859
tfidf,1,4,68,fake,415,0,0.0659718662401699,0.06151669532098164
tfidf,1,4,68,fake,419,0,0.02823562626328728,0.02221514082717224
tfidf,1,4,68,fake,445,0,0.29096339558565093,0.3180751980974553
tfidf,1,4,68,fake,448,1,0.7051623583889668,0.6931250500743482
tfidf,1,4,68,fake,449,0,0.26343637406917764,0.22269121031380912
tfidf,1,4,68,fake,455,0,0.12299389630510352,0.12265154054434353
tfidf,1,4,68,fake,458,0,0.08334875027674676,0.08286607995922192
tfidf,1,4,68,fake,463,0,0.005258795590107684,0.0031169361359225387
tfidf,1,4,68,fake,464,0,0.07365845448664603,0.06707807012599737
tfidf,1,4,68,fake,471,0,0.09832623371432794,0.06386298223936847
tfidf,1,4,68,fake,472,0,0.031581093628790455,0.03235098865809482
tfidf,1,4,68,fake,477,0,0.4364370643733361,0.4962076739534287
tfidf,1,4,68,fake,478,0,0.5965125056815503,0.6332803040466057
tfidf,1,4,68,fake,483,1,0.6455743792116041,0.6512699847502803
tfidf,1,4,68,fake,488,0,0.08862026099852222,0.06304654087485115
tfidf,1,4,68,fake,492,0,0.06697942539289398,0.08883529107170861
tfidf,1,5,68,fake,302,0,0.04687685604797334,0.04701665136890162
tfidf,1,5,68,fake,321,1,0.7523198587563825,0.7520412629881111
tfidf,1,5,68,fake,325,1,0.7823067865423762,0.7909443473877446
tfidf,1,5,68,fake,330,1,0.6518288291234294,0.6495606584858963
tfidf,1,5,68,fake,333,0,0.3516271116308731,0.3511620147524217
tfidf,1,5,68,fake,336,0,0.6591932496315095,0.6764723843393725
tfidf,1,5,68,fake,340,0,0.17777355817755827,0.17998957079071168
tfidf,1,5,68,fake,341,0,0.31435775971118984,0.3190922033119595
tfidf,1,5,68,fake,348,1,0.9727955112326331,0.9750871406466809
tfidf,1,5,68,fake,350,1,0.5103025082323178,0.46952797762204784
tfidf,1,5,68,fake,360,0,0.511720154641896,0.489775473064172
tfidf,1,5,68,fake,368,0,0.48328531014166143,0.4869766367927781
tfidf,1,5,68,fake,370,0,0.05309709620228132,0.0502169745026976
tfidf,1,5,68,fake,385,0,0.1289521125016835,0.12519746588030892
tfidf,1,5,68,fake,388,1,0.8659869872055331,0.859938568376809
tfidf,1,5,68,fake,406,0,0.06756813529861769,0.06830990235799736
tfidf,1,5,68,fake,409,1,0.6375515396769462,0.6214609198197083
tfidf,1,5,68,fake,417,0,0.659133243602925,0.7006831359310212
tfidf,1,5,68,fake,418,1,0.6828751749354267,0.6526022581665692
tfidf,1,5,68,fake,428,0,0.17162786429443688,0.17104167592197933
tfidf,1,5,68,fake,429,0,0.1684500188578056,0.15590008902624455
tfidf,1,5,68,fake,434,0,0.05198715556904011,0.057055641200046296
tfidf,1,5,68,fake,437,0,0.31869801031236206,0.34003737297436404
tfidf,1,5,68,fake,441,1,0.7638209794732468,0.746263556566197
tfidf,1,5,68,fake,444,0,0.45556361685167523,0.46700938050749896
tfidf,1,5,68,fake,456,0,0.026557548989977614,0.027227422771448156
tfidf,1,5,68,fake,468,0,0.09025646155817434,0.10114399991409283
tfidf,1,5,68,fake,485,0,0.06585339203473216,0.07169037143493569
tfidf,1,1,69,fake,319,1,0.9944393990553207,0.9256864751578012
tfidf,1,1,69,fake,331,0,0.34220528269141665,0.5826627783918551
tfidf,1,1,69,fake,345,1,0.958994053218245,0.8412275104957836
tfidf,1,1,69,fake,346,1,0.7175716054919938,0.7274072126719983
tfidf,1,1,69,fake,357,0,0.46001169768583317,0.5950558644653514
tfidf,1,1,69,fake,358,0,0.691450923516837,0.7453718795825942
tfidf,1,1,69,fake,362,1,0.7455751165204121,0.7472719927239598
tfidf,1,1,69,fake,363,0,0.1735831429254275,0.3131776414414624
tfidf,1,1,69,fake,364,0,0.4893566158097642,0.613214603250388
tfidf,1,1,69,fake,369,0,0.39955004963068264,0.3935234780396247
tfidf,1,1,69,fake,372,1,0.6079906831160325,0.7378494351961482
tfidf,1,1,69,fake,391,0,0.49412776139269493,0.4898874668424022
tfidf,1,1,69,fake,400,0,0.6162965379881762,0.5907144986918886
tfidf,1,1,69,fake,402,1,0.9968695553846311,0.8946272530244898
tfidf,1,1,69,fake,403,0,0.054762471607394676,0.14678217391537607
tfidf,1,1,69,fake,404,0,0.030174179152115507,0.25305370313919423
tfidf,1,1,69,fake,413,1,0.5786474370679457,0.6153093917725773
tfidf,1,1,69,fake,416,0,0.2033762810977529,0.28938720489134806
tfidf,1,1,69,fake,420,0,0.34768685409779765,0.41155961989875883
tfidf,1,1,69,fake,423,0,0.8805192292518671,0.7337363201234988
tfidf,1,1,69,fake,426,1,0.9019722540506137,0.7103594770022648
tfidf,1,1,69,fake,433,1,0.5979108917674641,0.37842432784882507
tfidf,1,1,69,fake,451,0,0.28723162510656414,0.4249317784348815
tfidf,1,1,69,fake,454,0,0.055746111923625455,0.18567414138726587
tfidf,1,1,69,fake,473,0,0.028966325084854538,0.14203013010056287
tfidf,1,1,69,fake,476,0,0.27073948322509345,0.2815758438863851
tfidf,1,1,69,fake,484,0,0.37433843975680603,0.5086186662204734
tfidf,1,1,69,fake,487,0,0.27762698820143145,0.39648716161776165
tfidf,1,1,69,fake,490,0,0.09573836810881618,0.252139907210285
tfidf,1,2,69,fake,303,0,0.10593463060894179,0.10625589583138594
tfidf,1,2,69,fake,304,0,0.12019668306422895,0.10656879979284382
tfidf,1,2,69,fake,310,0,0.4842851904013822,0.42783745755446345
tfidf,1,2,69,fake,312,0,0.5947962890832992,0.5597130922337674
tfidf,1,2,69,fake,316,0,0.5483075507628411,0.5403967635484105
tfidf,1,2,69,fake,324,0,0.43117861001889174,0.44432201868685123
tfidf,1,2,69,fake,328,0,0.44758730272018904,0.4179152227688374
tfidf,1,2,69,fake,339,1,0.9950974642833108,0.9948155350508566
tfidf,1,2,69,fake,353,1,0.7373386615015333,0.7407742940702673
tfidf,1,2,69,fake,355,1,0.5852849443307182,0.6174956815223404
tfidf,1,2,69,fake,366,0,0.021367901792042163,0.017447096391641458
tfidf,1,2,69,fake,375,0,0.0061803927629212555,0.0050114035154703186
tfidf,1,2,69,fake,376,1,0.8777825528780594,0.8861987894662707
tfidf,1,2,69,fake,379,0,0.1646274745777726,0.15297247507987624
tfidf,1,2,69,fake,381,1,0.917115933982793,0.9266292157522504
tfidf,1,2,69,fake,382,0,0.18542955708763253,0.15741948174912587
tfidf,1,2,69,fake,386,1,0.8123231191994444,0.8218292259304102
tfidf,1,2,69,fake,390,0,0.9231220272640469,0.929221026862866
tfidf,1,2,69,fake,392,0,0.06362351534409798,0.05633868066896732
tfidf,1,2,69,fake,401,0,0.6695897575624424,0.6482987373333777
tfidf,1,2,69,fake,412,1,0.5161667267175134,0.5186273279841057
tfidf,1,2,69,fake,422,1,0.6768031796835965,0.640299327987133
tfidf,1,2,69,fake,427,0,0.016512021957853815,0.013796909463191639
tfidf,1,2,69,fake,440,1,0.8670764245181276,0.8717016019769113
tfidf,1,2,69,fake,443,0,0.22761631351107345,0.2050564195093344
tfidf,1,2,69,fake,457,0,0.007234349422729837,0.006166645564240688
tfidf,1,2,69,fake,479,0,0.015667051425261036,0.012401174723712213
tfidf,1,2,69,fake,482,0,0.07734300668137731,0.06752736096461277
tfidf,1,2,69,fake,486,0,0.009760717998757816,0.00870227264525963
tfidf,1,3,69,fake,305,0,0.15312187367388433,0.12031104982486367
tfidf,1,3,69,fake,307,0,0.14774054495172714,0.09191833818778611
tfidf,1,3,69,fake,313,0,0.31238084840889346,0.3090953180556385
tfidf,1,3,69,fake,315,0,0.6242223704281026,0.534650058486206
tfidf,1,3,69,fake,317,0,0.5419008057204013,0.602342120688279
tfidf,1,3,69,fake,320,1,0.8019039870068103,0.8439650271959739
tfidf,1,3,69,fake,338,1,0.8664577544286606,0.8946202082477223
tfidf,1,3,69,fake,344,1,0.7679300914797279,0.7936349855939859
tfidf,1,3,69,fake,352,1,0.8102335377045543,0.7615944484502339
tfidf,1,3,69,fake,356,1,0.5593076905914033,0.606820955604794
tfidf,1,3,69,fake,367,1,0.9913068569324026,0.9915068619153035
tfidf,1,3,69,fake,371,0,0.3971699509272905,0.4169253585905936
tfidf,1,3,69,fake,380,1,0.7980235272786438,0.7615587344239995
tfidf,1,3,69,fake,383,0,0.4043197104923638,0.39568834043669554
tfidf,1,3,69,fake,393,0,0.027628674313626228,0.02872518439173319
tfidf,1,3,69,fake,395,0,0.7239506090982429,0.7501769874431777
tfidf,1,3,69,fake,397,0,0.2967210993131519,0.2919822860964329
tfidf,1,3,69,fake,425,0,0.7469437492389349,0.7572563848948616
tfidf,1,3,69,fake,430,0,0.2469341500053463,0.2296100609679553
tfidf,1,3,69,fake,436,0,0.04083642107024695,0.035193521423530674
tfidf,1,3,69,fake,439,0,0.1978537506104829,0.1896577523921385
tfidf,1,3,69,fake,446,0,0.035294270813221035,0.039170737557947574
tfidf,1,3,69,fake,447,0,0.16011552187067019,0.1629933361289715
tfidf,1,3,69,fake,459,1,0.974616292526167,0.9750420750752826
tfidf,1,3,69,fake,474,0,0.05262699110550936,0.045224710145795786
tfidf,1,3,69,fake,475,0,0.014342848090775405,0.013952166121914198
tfidf,1,3,69,fake,489,0,0.17137892634089252,0.17267050116135751
tfidf,1,3,69,fake,491,0,0.14546533502469447,0.14393922570794856
tfidf,1,4,69,fake,318,0,0.36087055272953705,0.2526374942658995
tfidf,1,4,69,fake,322,0,0.6500308224532555,0.6744293663003142
tfidf,1,4,69,fake,326,0,0.16935036470550419,0.11682257844249369
tfidf,1,4,69,fake,327,0,0.6622488735568,0.6284467841089996
tfidf,1,4,69,fake,335,1,0.8420446898676995,0.8000030612678651
tfidf,1,4,69,fake,343,0,0.7127119030527489,0.7043523654765167
tfidf,1,4,69,fake,347,1,0.8738047695839025,0.875641378087559
tfidf,1,4,69,fake,351,1,0.6366393015770621,0.7177098382711833
tfidf,1,4,69,fake,374,0,0.2377411766875588,0.21553465434173102
tfidf,1,4,69,fake,377,1,0.9750783545367391,0.9832774940839007
tfidf,1,4,69,fake,389,1,0.8615645441896205,0.880180827273497
tfidf,1,4,69,fake,414,1,0.42668972043028436,0.37358001585945766
tfidf,1,4,69,fake,415,0,0.14824813112689889,0.13082429932359155
tfidf,1,4,69,fake,419,0,0.00720686769412044,0.005852605465788326
tfidf,1,4,69,fake,445,0,0.24296668370995633,0.2538986477778654
tfidf,1,4,69,fake,448,1,0.627886655450576,0.6133374793396111
tfidf,1,4,69,fake,449,0,0.39425375305927474,0.352226529505388
tfidf,1,4,69,fake,455,0,0.05989847251681178,0.05991796598183243
tfidf,1,4,69,fake,458,0,0.33913535562985414,0.33952033145188387
tfidf,1,4,69,fake,463,0,0.003993442166396091,0.002727393375536754
tfidf,1,4,69,fake,464,0,0.10107262450969619,0.0847230805110648
tfidf,1,4,69,fake,471,0,0.05179099205373372,0.03887594180865627
tfidf,1,4,69,fake,472,0,0.024645322882073096,0.022517307120403066
tfidf,1,4,69,fake,477,0,0.8555982613879514,0.8665875522224118
tfidf,1,4,69,fake,478,0,0.6780630284764345,0.6914124423573829
tfidf,1,4,69,fake,483,1,0.7393540964414164,0.7089499446435304
tfidf,1,4,69,fake,488,0,0.09357036065210216,0.07419945164634514
tfidf,1,4,69,fake,492,0,0.06693113589875575,0.07429751922541881
tfidf,1,5,69,fake,302,0,0.6302245579904503,0.9139332619567985
tfidf,1,5,69,fake,321,1,0.8437387972014445,0.8416933219926032
tfidf,1,5,69,fake,325,1,0.9333588351715312,0.9901913586868963
tfidf,1,5,69,fake,330,1,0.6442535805677753,0.26771475091082864
tfidf,1,5,69,fake,333,0,0.8386587080223026,0.9350551928983973
tfidf,1,5,69,fake,336,0,0.280551069832693,0.04850509568535398
tfidf,1,5,69,fake,340,0,0.4785028909058306,0.1873083877344326
tfidf,1,5,69,fake,341,0,0.32739811051244555,0.11384076999926082
tfidf,1,5,69,fake,348,1,0.48132823951639403,0.10750520657942218
tfidf,1,5,69,fake,350,1,0.6545849182201453,0.5941638650526814
tfidf,1,5,69,fake,360,0,0.710341651144131,0.8228111363688579
tfidf,1,5,69,fake,368,0,0.2838174193934871,0.0854054459053406
tfidf,1,5,69,fake,370,0,0.1991231002964751,0.17730918650523192
tfidf,1,5,69,fake,385,0,0.10879956890422258,0.05143960833073516
tfidf,1,5,69,fake,388,1,0.9912922184153797,0.9999853526223221
tfidf,1,5,69,fake,406,0,0.0365745182939289,0.0031711214611561418
tfidf,1,5,69,fake,409,1,0.5779409996996655,0.7985126865539244
tfidf,1,5,69,fake,417,0,0.12740711282965533,0.17220189177321837
tfidf,1,5,69,fake,418,1,0.9187013523457959,0.9820780027751235
tfidf,1,5,69,fake,428,0,0.2420331874314088,0.030148784401970614
tfidf,1,5,69,fake,429,0,0.08259955470194766,0.003273549830023252
tfidf,1,5,69,fake,434,0,0.025242643209086438,0.001852321925021105
tfidf,1,5,69,fake,437,0,0.20118854525183885,0.12471785432448286
tfidf,1,5,69,fake,441,1,0.73844614045841,0.8417203344320904
tfidf,1,5,69,fake,444,0,0.04327678966134528,0.0010219671296840317
tfidf,1,5,69,fake,456,0,0.01777772235499588,0.00034604077182328377
tfidf,1,5,69,fake,468,0,0.2203314865761863,0.0852142395561931
tfidf,1,5,69,fake,485,0,0.011547211547269634,0.00023659875459694556
tfidf,1,1,70,fake,319,1,0.7398982027578372,0.7600858798437065
tfidf,1,1,70,fake,331,0,0.5678071539556085,0.5912029144913942
tfidf,1,1,70,fake,345,1,0.714583378972269,0.7397733835393363
tfidf,1,1,70,fake,346,1,0.8543460254935076,0.8603668336041442
tfidf,1,1,70,fake,357,0,0.5934854524395742,0.6016924285386782
tfidf,1,1,70,fake,358,0,0.7110584008887667,0.7359605324283259
tfidf,1,1,70,fake,362,1,0.7022181749121802,0.7325570296969102
tfidf,1,1,70,fake,363,0,0.34254666591547334,0.344662942976321
tfidf,1,1,70,fake,364,0,0.6123689246767019,0.6418195418164221
tfidf,1,1,70,fake,369,0,0.32963430068018706,0.32507451050684766
tfidf,1,1,70,fake,372,1,0.9381335636352903,0.9411848538158591
tfidf,1,1,70,fake,391,0,0.4031168467201623,0.42851696106988946
tfidf,1,1,70,fake,400,0,0.5500186530307167,0.5532746302122927
tfidf,1,1,70,fake,402,1,0.7563767287633916,0.7687851280726635
tfidf,1,1,70,fake,403,0,0.1181232117772901,0.11431330005258807
tfidf,1,1,70,fake,404,0,0.2733260211988612,0.2927648565045291
tfidf,1,1,70,fake,413,1,0.7689264681436623,0.7825105637288954
tfidf,1,1,70,fake,416,0,0.1757753015686461,0.1749856539669587
tfidf,1,1,70,fake,420,0,0.29815930240417127,0.2871461904617682
tfidf,1,1,70,fake,423,0,0.7053295646243951,0.7224274278518223
tfidf,1,1,70,fake,426,1,0.5342582586382546,0.5493964333470145
tfidf,1,1,70,fake,433,1,0.4012086706079573,0.3984422901175704
tfidf,1,1,70,fake,451,0,0.4711414710362577,0.4712372403137363
tfidf,1,1,70,fake,454,0,0.19386071382734318,0.19782713144290756
tfidf,1,1,70,fake,473,0,0.1945955011877311,0.19147311499574912
tfidf,1,1,70,fake,476,0,0.2515882649351021,0.24745818506663148
tfidf,1,1,70,fake,484,0,0.5904789912577763,0.6077298549973549
tfidf,1,1,70,fake,487,0,0.384173158274901,0.38187802233158147
tfidf,1,1,70,fake,490,0,0.25945423731243855,0.2559238344096125
tfidf,1,2,70,fake,303,0,0.05496228088558631,0.05750674487887593
tfidf,1,2,70,fake,304,0,0.05375382541951373,0.046696330576125454
tfidf,1,2,70,fake,310,0,0.36143538660304636,0.3069956509739883
tfidf,1,2,70,fake,312,0,0.5893264451905208,0.5634752924735804
tfidf,1,2,70,fake,316,0,0.7144383062550711,0.700477906624516
tfidf,1,2,70,fake,324,0,0.29577577100690317,0.3080990340025883
tfidf,1,2,70,fake,328,0,0.5307570900926661,0.4966091834380852
tfidf,1,2,70,fake,339,1,0.8408113620329958,0.8398837487696733
tfidf,1,2,70,fake,353,1,0.8230458039794989,0.8213316969182397
tfidf,1,2,70,fake,355,1,0.960657654181132,0.9624857642755238
tfidf,1,2,70,fake,366,0,0.025344640036163615,0.021220957133426782
tfidf,1,2,70,fake,375,0,0.002150306305176073,0.0016728480587856734
tfidf,1,2,70,fake,376,1,0.9317740696036517,0.9368631252435021
tfidf,1,2,70,fake,379,0,0.393944532271116,0.35250178651383074
tfidf,1,2,70,fake,381,1,0.942505437802292,0.9500164888049679
tfidf,1,2,70,fake,382,0,0.24105905948245063,0.20285919215403794
tfidf,1,2,70,fake,386,1,0.8262170751549197,0.8305843876969201
tfidf,1,2,70,fake,390,0,0.8622762773721477,0.8677757447625019
tfidf,1,2,70,fake,392,0,0.05652155630332928,0.051171191673950664
tfidf,1,2,70,fake,401,0,0.6345738896209998,0.6179679357506273
tfidf,1,2,70,fake,412,1,0.43489170057523446,0.43033667267717757
tfidf,1,2,70,fake,422,1,0.8864105820388918,0.8735019543918908
tfidf,1,2,70,fake,427,0,0.030584079336397247,0.025735009906588207
tfidf,1,2,70,fake,440,1,0.8356385666169124,0.8411475897255867
tfidf,1,2,70,fake,443,0,0.2025659102418348,0.18430729870523516
tfidf,1,2,70,fake,457,0,0.006001043922598566,0.004992297874064826
tfidf,1,2,70,fake,479,0,0.00996934069732289,0.008086448026633903
tfidf,1,2,70,fake,482,0,0.12984981244865157,0.11463653519621059
tfidf,1,2,70,fake,486,0,0.006792136629667832,0.006050798768349207
tfidf,1,3,70,fake,305,0,0.14959036768100503,0.5116761050357993
tfidf,1,3,70,fake,307,0,0.07680723561677054,0.3562162415841698
tfidf,1,3,70,fake,313,0,0.5762067871009807,0.6200533748919727
tfidf,1,3,70,fake,315,0,0.30024726298506804,0.5200219141369915
tfidf,1,3,70,fake,317,0,0.6355507770099688,0.6900282140899163
tfidf,1,3,70,fake,320,1,0.8159788611382791,0.7731232134203592
tfidf,1,3,70,fake,338,1,0.9259542549726478,0.7493599862686504
tfidf,1,3,70,fake,344,1,0.26758994081562476,0.5642800192731544
tfidf,1,3,70,fake,352,1,0.6270973184533399,0.5795719192146078
tfidf,1,3,70,fake,356,1,0.6510033500313526,0.6637552221315892
tfidf,1,3,70,fake,367,1,0.9983826727223888,0.9413313625705529
tfidf,1,3,70,fake,371,0,0.5952169867307321,0.5142433217213153
tfidf,1,3,70,fake,380,1,0.9154414828093451,0.7667859045720787
tfidf,1,3,70,fake,383,0,0.14441744275408755,0.3389886221659703
tfidf,1,3,70,fake,393,0,0.05429930540667992,0.217349398989841
tfidf,1,3,70,fake,395,0,0.8879416967119135,0.6351332120985489
tfidf,1,3,70,fake,397,0,0.18672537850646578,0.3065228040321634
tfidf,1,3,70,fake,425,0,0.8226571313169512,0.7255920566508802
tfidf,1,3,70,fake,430,0,0.08846615930441075,0.3877974959558398
tfidf,1,3,70,fake,436,0,0.033320235407720646,0.14598944463044866
tfidf,1,3,70,fake,439,0,0.2539989637049421,0.3916087313246907
tfidf,1,3,70,fake,446,0,0.18680141389658794,0.27651274562503764
tfidf,1,3,70,fake,447,0,0.19043096755459366,0.3103711333704545
tfidf,1,3,70,fake,459,1,0.9098688848719749,0.8362158487347554
tfidf,1,3,70,fake,474,0,0.10378615725871689,0.19175118141472877
tfidf,1,3,70,fake,475,0,0.026700601171892147,0.13787657919119314
tfidf,1,3,70,fake,489,0,0.05790487465110644,0.22451161985704784
tfidf,1,3,70,fake,491,0,0.12477463755377367,0.4660182036011587
tfidf,1,4,70,fake,318,0,0.264181767354436,0.162350639508528
tfidf,1,4,70,fake,322,0,0.672237789002577,0.6904721047526483
tfidf,1,4,70,fake,326,0,0.2076103038237821,0.13573406814077624
tfidf,1,4,70,fake,327,0,0.6933141061108457,0.6790999637663001
tfidf,1,4,70,fake,335,1,0.8184901023590212,0.7722144667237056
tfidf,1,4,70,fake,343,0,0.7657608117154475,0.7878129527402441
tfidf,1,4,70,fake,347,1,0.8024615453804399,0.8133359323967333
tfidf,1,4,70,fake,351,1,0.8721766654239752,0.914323533346329
tfidf,1,4,70,fake,374,0,0.3402394424594684,0.3122196347942909
tfidf,1,4,70,fake,377,1,0.9603620832695059,0.9734460702260225
tfidf,1,4,70,fake,389,1,0.8175248299245697,0.8534894040962744
tfidf,1,4,70,fake,414,1,0.25391618925728543,0.22699709341684168
tfidf,1,4,70,fake,415,0,0.12167948823384997,0.10969305664997361
tfidf,1,4,70,fake,419,0,0.01992539984293273,0.014245598505262306
tfidf,1,4,70,fake,445,0,0.09898174357949437,0.10936795372317897
tfidf,1,4,70,fake,448,1,0.8758065835630828,0.8400763919052465
tfidf,1,4,70,fake,449,0,0.1458007444441606,0.12483151323198809
tfidf,1,4,70,fake,455,0,0.1069646482656243,0.11066835205684586
tfidf,1,4,70,fake,458,0,0.16399168086838078,0.1692928200165553
tfidf,1,4,70,fake,463,0,0.025926390565968137,0.01658013631047209
tfidf,1,4,70,fake,464,0,0.03737275253708799,0.032851983045633755
tfidf,1,4,70,fake,471,0,0.09442506386368855,0.06466395392411159
tfidf,1,4,70,fake,472,0,0.01397589736966086,0.01430242968380298
tfidf,1,4,70,fake,477,0,0.5768353922002315,0.6125500015253162
tfidf,1,4,70,fake,478,0,0.48598302227758317,0.5199815845153443
tfidf,1,4,70,fake,483,1,0.8766547536395101,0.8629542130358901
tfidf,1,4,70,fake,488,0,0.2728994678279076,0.2025235398116738
tfidf,1,4,70,fake,492,0,0.04273656977401263,0.0501710440406373
tfidf,1,5,70,fake,302,0,0.02947685512386168,0.029508747408866127
tfidf,1,5,70,fake,321,1,0.7157635057779703,0.7146033244831926
tfidf,1,5,70,fake,325,1,0.9198875489937283,0.9198228196918762
tfidf,1,5,70,fake,330,1,0.20741950731352,0.20629160642795766
tfidf,1,5,70,fake,333,0,0.6081555439027378,0.6089108920188081
tfidf,1,5,70,fake,336,0,0.42221371087281123,0.42440015287824345
tfidf,1,5,70,fake,340,0,0.20188606237949638,0.2022369375293466
tfidf,1,5,70,fake,341,0,0.38516009318366845,0.3858981577229381
tfidf,1,5,70,fake,348,1,0.7275329669764994,0.7282252265814343
tfidf,1,5,70,fake,350,1,0.585067436415422,0.5807724260408114
tfidf,1,5,70,fake,360,0,0.38358913278945733,0.38185256949186874
tfidf,1,5,70,fake,368,0,0.10261285352942634,0.10264503877358917
tfidf,1,5,70,fake,370,0,0.03500652778529359,0.03462765789591899
tfidf,1,5,70,fake,385,0,0.0897854594490117,0.08955425377899777
tfidf,1,5,70,fake,388,1,0.46289170774214033,0.46070805472234133
tfidf,1,5,70,fake,406,0,0.12732727020018567,0.1279563977202692
tfidf,1,5,70,fake,409,1,0.29639260545577495,0.2956184460222779
tfidf,1,5,70,fake,417,0,0.03301991394909136,0.033367329812997615
tfidf,1,5,70,fake,418,1,0.9788072550665783,0.9786060126487856
tfidf,1,5,70,fake,428,0,0.47489566866727595,0.4762452255227186
tfidf,1,5,70,fake,429,0,0.3118593313398605,0.3111861767836343
tfidf,1,5,70,fake,434,0,0.039237272541553,0.039866557386182444
tfidf,1,5,70,fake,437,0,0.15085502800420825,0.15174627727960818
tfidf,1,5,70,fake,441,1,0.9280491076366234,0.927690064386491
tfidf,1,5,70,fake,444,0,0.27766717166441496,0.2785328521362915
tfidf,1,5,70,fake,456,0,0.029586337707752895,0.02967557255157628
tfidf,1,5,70,fake,468,0,0.5395517465330723,0.5439863987890825
tfidf,1,5,70,fake,485,0,0.014030033091697276,0.014162528640746023
tfidf,1,1,71,fake,319,1,0.6072865691220151,0.7009931120010919
tfidf,1,1,71,fake,331,0,0.47695083862717724,0.5873119557587123
tfidf,1,1,71,fake,345,1,0.9484129285220292,0.9658205094394307
tfidf,1,1,71,fake,346,1,0.9645368065214243,0.9692046978054919
tfidf,1,1,71,fake,357,0,0.5579330781075666,0.6048853692860744
tfidf,1,1,71,fake,358,0,0.6668228873905503,0.7715031696322243
tfidf,1,1,71,fake,362,1,0.9969087154127979,0.99795746700962
tfidf,1,1,71,fake,363,0,0.06576091113300798,0.07268724563596542
tfidf,1,1,71,fake,364,0,0.6105509458741694,0.705413721913829
tfidf,1,1,71,fake,369,0,0.29209466052130567,0.2534121694971887
tfidf,1,1,71,fake,372,1,0.4872956238248778,0.5486744064299492
tfidf,1,1,71,fake,391,0,0.4382575046875613,0.5682855560629545
tfidf,1,1,71,fake,400,0,0.8460048695179464,0.8307163194385025
tfidf,1,1,71,fake,402,1,0.9776136820029033,0.9813863253551933
tfidf,1,1,71,fake,403,0,0.019042690179713394,0.015648070114813725
tfidf,1,1,71,fake,404,0,0.08176836769951698,0.11091046993966538
tfidf,1,1,71,fake,413,1,0.7683564080540304,0.8212355714544315
tfidf,1,1,71,fake,416,0,0.02162569221091254,0.022464761329858567
tfidf,1,1,71,fake,420,0,0.175273281749677,0.13298122773179782
tfidf,1,1,71,fake,423,0,0.9300158722990521,0.9490051136761605
tfidf,1,1,71,fake,426,1,0.5773494260227926,0.6329164496346241
tfidf,1,1,71,fake,433,1,0.9021398506624135,0.8861486747779234
tfidf,1,1,71,fake,451,0,0.12744910319291544,0.09388005001154927
tfidf,1,1,71,fake,454,0,0.08830665255816632,0.0970015796034869
tfidf,1,1,71,fake,473,0,0.25246209980817164,0.23008935829799823
tfidf,1,1,71,fake,476,0,0.11220032799854637,0.0916251291377866
tfidf,1,1,71,fake,484,0,0.4129900565480249,0.46133225148163826
tfidf,1,1,71,fake,487,0,0.32066489337703624,0.2920393296271928
tfidf,1,1,71,fake,490,0,0.10844975251432572,0.10011011789847846
tfidf,1,2,71,fake,303,0,0.05809462637867007,0.05889313150820318
tfidf,1,2,71,fake,304,0,0.0682761392950445,0.06533351766569023
tfidf,1,2,71,fake,310,0,0.44475816179721656,0.4270485785453606
tfidf,1,2,71,fake,312,0,0.38432914098268056,0.3730465812270667
tfidf,1,2,71,fake,316,0,0.7946641766908592,0.794667117091888
tfidf,1,2,71,fake,324,0,0.37989485294693587,0.38545776004449844
tfidf,1,2,71,fake,328,0,0.540308345603621,0.5339846394203973
tfidf,1,2,71,fake,339,1,0.9399837753946046,0.9395711414023569
tfidf,1,2,71,fake,353,1,0.8026721532356472,0.8035894168178379
tfidf,1,2,71,fake,355,1,0.8880525941424603,0.8943037164504979
tfidf,1,2,71,fake,366,0,0.028211956397138638,0.026845673443686865
tfidf,1,2,71,fake,375,0,0.004761723584281809,0.004395951332543624
tfidf,1,2,71,fake,376,1,0.957376599214652,0.9584281341537546
tfidf,1,2,71,fake,379,0,0.6987601045026669,0.6867958620778911
tfidf,1,2,71,fake,381,1,0.9209096630099731,0.924122582042761
tfidf,1,2,71,fake,382,0,0.5785721473433948,0.5592374001640137
tfidf,1,2,71,fake,386,1,0.7553417180263382,0.7563535965965569
tfidf,1,2,71,fake,390,0,0.9791766398716293,0.9795068686466043
tfidf,1,2,71,fake,392,0,0.15000618706464633,0.14551145708135008
tfidf,1,2,71,fake,401,0,0.839350221326856,0.8350336468347739
tfidf,1,2,71,fake,412,1,0.8256316832618745,0.8231558089130717
tfidf,1,2,71,fake,422,1,0.6606996418502761,0.6575656001106934
tfidf,1,2,71,fake,427,0,0.015912399283870542,0.014900465815254374
tfidf,1,2,71,fake,440,1,0.8490931326906158,0.8500928772947561
tfidf,1,2,71,fake,443,0,0.3510603569904845,0.344027527424297
tfidf,1,2,71,fake,457,0,0.009892101095391726,0.009215223219883061
tfidf,1,2,71,fake,479,0,0.021311266446678,0.02016323592823273
tfidf,1,2,71,fake,482,0,0.11132012819092277,0.10680148232013834
tfidf,1,2,71,fake,486,0,0.012955103534076414,0.012308720189236576
tfidf,1,3,71,fake,305,0,0.26595978953303023,0.2463216206888544
tfidf,1,3,71,fake,307,0,0.18054256757933168,0.08869588823159476
tfidf,1,3,71,fake,313,0,0.5714087823006407,0.5162471037366123
tfidf,1,3,71,fake,315,0,0.5161772712088397,0.28286717387275107
tfidf,1,3,71,fake,317,0,0.6851243893799253,0.753652011123702
tfidf,1,3,71,fake,320,1,0.7728703158388366,0.8851762991285325
tfidf,1,3,71,fake,338,1,0.4648560165058124,0.6508718358360602
tfidf,1,3,71,fake,344,1,0.2472164092153427,0.3579671842397781
tfidf,1,3,71,fake,352,1,0.8478280912172509,0.7227904352646068
tfidf,1,3,71,fake,356,1,0.930435819852951,0.9614129346226256
tfidf,1,3,71,fake,367,1,0.9991016731681767,0.9991831103967707
tfidf,1,3,71,fake,371,0,0.5016741804173158,0.6024149170118991
tfidf,1,3,71,fake,380,1,0.7856384064040516,0.619995327853168
tfidf,1,3,71,fake,383,0,0.2100284030461566,0.20710679359164427
tfidf,1,3,71,fake,393,0,0.047982797546177056,0.04874852469474228
tfidf,1,3,71,fake,395,0,0.6660285002887746,0.7573701710053127
tfidf,1,3,71,fake,397,0,0.08835319906411597,0.09703796727848558
tfidf,1,3,71,fake,425,0,0.5836261127217169,0.5507764090529358
tfidf,1,3,71,fake,430,0,0.19732266801898468,0.16517922526338524
tfidf,1,3,71,fake,436,0,0.07653970766272312,0.05356124012359227
tfidf,1,3,71,fake,439,0,0.36222964982794953,0.35306999315274284
tfidf,1,3,71,fake,446,0,0.20941610570638364,0.22685035574392604
tfidf,1,3,71,fake,447,0,0.21604858454573034,0.22402536680394686
tfidf,1,3,71,fake,459,1,0.9080047759772132,0.9169538300500889
tfidf,1,3,71,fake,474,0,0.062566707104916,0.04732845899998516
tfidf,1,3,71,fake,475,0,0.0071169063712231495,0.007751256271825777
tfidf,1,3,71,fake,489,0,0.04255737837117567,0.04530688938735991
tfidf,1,3,71,fake,491,0,0.5108054898719048,0.48144973632839033
tfidf,1,4,71,fake,318,0,0.5234377166165713,0.39075634966566086
tfidf,1,4,71,fake,322,0,0.671123606192798,0.7080473066280701
tfidf,1,4,71,fake,326,0,0.39308392001584047,0.28395617608345713
tfidf,1,4,71,fake,327,0,0.6629877237419365,0.6369480790822761
tfidf,1,4,71,fake,335,1,0.41942881372556023,0.36317134949090824
tfidf,1,4,71,fake,343,0,0.674761521179279,0.6759353642730117
tfidf,1,4,71,fake,347,1,0.6997627314342575,0.7183569698715403
tfidf,1,4,71,fake,351,1,0.8070163317699564,0.8694825404416033
tfidf,1,4,71,fake,374,0,0.11431038034062636,0.11074189788819666
tfidf,1,4,71,fake,377,1,0.9982532813119129,0.9987056954473108
tfidf,1,4,71,fake,389,1,0.4607333963970896,0.5740644291867281
tfidf,1,4,71,fake,414,1,0.7534161976306891,0.6924981027389567
tfidf,1,4,71,fake,415,0,0.0876706159047374,0.0810241306470156
tfidf,1,4,71,fake,419,0,0.04428580769595062,0.03273605247547733
tfidf,1,4,71,fake,445,0,0.4777180220695835,0.4782832271866677
tfidf,1,4,71,fake,448,1,0.7239162269572177,0.707370063169814
tfidf,1,4,71,fake,449,0,0.28283359446316136,0.24814687963153464
tfidf,1,4,71,fake,455,0,0.18501525621730194,0.1841129402311074
tfidf,1,4,71,fake,458,0,0.17244530737137648,0.18181855281285433
tfidf,1,4,71,fake,463,0,0.003089129809994425,0.0019568363288468165
tfidf,1,4,71,fake,464,0,0.05061614805806438,0.042969928220734754
tfidf,1,4,71,fake,471,0,0.10619983655467592,0.07668259426972882
tfidf,1,4,71,fake,472,0,0.04703290434756263,0.04238704359264586
tfidf,1,4,71,fake,477,0,0.5635392071391142,0.6046194403577964
tfidf,1,4,71,fake,478,0,0.615645789253211,0.6429019615638033
tfidf,1,4,71,fake,483,1,0.6533755537142537,0.6576837355265199
tfidf,1,4,71,fake,488,0,0.12820220107080457,0.1005177245045148
tfidf,1,4,71,fake,492,0,0.16181950607859863,0.1667759476207427
tfidf,1,5,71,fake,302,0,0.3394539285663783,0.3376866305122715
tfidf,1,5,71,fake,321,1,0.7357878906823501,0.7367303355732526
tfidf,1,5,71,fake,325,1,0.7543574556978443,0.7526780622087248
tfidf,1,5,71,fake,330,1,0.5953538224202168,0.5950202211009782
tfidf,1,5,71,fake,333,0,0.7108837641683875,0.7108315629984923
tfidf,1,5,71,fake,336,0,0.5471572389396596,0.5404553143626878
tfidf,1,5,71,fake,340,0,0.6113356832534517,0.6063033086810388
tfidf,1,5,71,fake,341,0,0.5968813562892948,0.593123114190186
tfidf,1,5,71,fake,348,1,0.6285353438246666,0.6265994785535154
tfidf,1,5,71,fake,350,1,0.6513661064734847,0.6598057807169867
tfidf,1,5,71,fake,360,0,0.7020324830056548,0.704175529461867
tfidf,1,5,71,fake,368,0,0.3824419442956539,0.38204654746034744
tfidf,1,5,71,fake,370,0,0.44860689126674475,0.4521083002590873
tfidf,1,5,71,fake,385,0,0.3014669150738953,0.30161503253408606
tfidf,1,5,71,fake,388,1,0.7374937869574085,0.7397000266105648
tfidf,1,5,71,fake,406,0,0.17479782375768183,0.1739133216271131
tfidf,1,5,71,fake,409,1,0.5406957312764397,0.5464360251340552
tfidf,1,5,71,fake,417,0,0.25996321797555716,0.25602109369534787
tfidf,1,5,71,fake,418,1,0.7644882328794196,0.7703111835929398
tfidf,1,5,71,fake,428,0,0.3053411179033142,0.30412232910545717
tfidf,1,5,71,fake,429,0,0.232202691717812,0.23616265694287245
tfidf,1,5,71,fake,434,0,0.23317309115012327,0.2285619134768521
tfidf,1,5,71,fake,437,0,0.2149242156675516,0.21292327203901873
tfidf,1,5,71,fake,441,1,0.6731855711369262,0.6746137964842943
tfidf,1,5,71,fake,444,0,0.3014155218628239,0.301647809288479
tfidf,1,5,71,fake,456,0,0.15313703407114582,0.15168597516458207
tfidf,1,5,71,fake,468,0,0.19548941725460525,0.19062622610385774
tfidf,1,5,71,fake,485,0,0.16395686239385593,0.16154263135071809
tfidf,1,1,72,fake,319,1,0.6694459892336199,0.7643185055100665
tfidf,1,1,72,fake,331,0,0.4235299728031977,0.5455693755004908
tfidf,1,1,72,fake,345,1,0.9486261861620761,0.9636808295826691
tfidf,1,1,72,fake,346,1,0.7100776628059005,0.7613614374222407
tfidf,1,1,72,fake,357,0,0.45998316116303156,0.5166081016547209
tfidf,1,1,72,fake,358,0,0.7252816455184596,0.8120155694914578
tfidf,1,1,72,fake,362,1,0.9992032192304164,0.9994129116707929
tfidf,1,1,72,fake,363,0,0.18944245416951835,0.16930298820317027
tfidf,1,1,72,fake,364,0,0.5748081157159244,0.6779505635534783
tfidf,1,1,72,fake,369,0,0.43103834739276203,0.4127474433473986
tfidf,1,1,72,fake,372,1,0.8357342695164184,0.8502384941199833
tfidf,1,1,72,fake,391,0,0.3174021332623883,0.4165864528434116
tfidf,1,1,72,fake,400,0,0.5795536617697012,0.6009436284568029
tfidf,1,1,72,fake,402,1,0.9057420500533843,0.9297583976521034
tfidf,1,1,72,fake,403,0,0.027738303055205565,0.022680561898436636
tfidf,1,1,72,fake,404,0,0.06585541313391087,0.09890744414834629
tfidf,1,1,72,fake,413,1,0.9249931746470149,0.9440839115855008
tfidf,1,1,72,fake,416,0,0.16353573463009277,0.1504231837083403
tfidf,1,1,72,fake,420,0,0.10186796581449584,0.08709042593095523
tfidf,1,1,72,fake,423,0,0.8495718771174106,0.8918036603230319
tfidf,1,1,72,fake,426,1,0.9395191884968391,0.9455068005587142
tfidf,1,1,72,fake,433,1,0.4220211396950069,0.43684068178278
tfidf,1,1,72,fake,451,0,0.1870417162001089,0.17571478997818302
tfidf,1,1,72,fake,454,0,0.19376764265450686,0.21578291328966442
tfidf,1,1,72,fake,473,0,0.04846234374386799,0.04756547356164655
tfidf,1,1,72,fake,476,0,0.16518094526168103,0.15928279082654917
tfidf,1,1,72,fake,484,0,0.6641233840740445,0.697865269150011
tfidf,1,1,72,fake,487,0,0.4444215822493054,0.4152175633048832
tfidf,1,1,72,fake,490,0,0.07913032160558253,0.07415448625762239
tfidf,1,2,72,fake,303,0,0.024241851647163904,0.025128729877516832
tfidf,1,2,72,fake,304,0,0.06744942963816258,0.05722827922657622
tfidf,1,2,72,fake,310,0,0.3445283564729129,0.2734844540265535
tfidf,1,2,72,fake,312,0,0.31147717612025705,0.26266767907342686
tfidf,1,2,72,fake,316,0,0.5735169272460144,0.5666978900450261
tfidf,1,2,72,fake,324,0,0.5571937629548508,0.5739523092815352
tfidf,1,2,72,fake,328,0,0.5777150459520414,0.5338157407758208
tfidf,1,2,72,fake,339,1,0.9685178862231161,0.9681065041819287
tfidf,1,2,72,fake,353,1,0.8133985708711823,0.8188263426970221
tfidf,1,2,72,fake,355,1,0.535285488061684,0.5754684813571735
tfidf,1,2,72,fake,366,0,0.030396659304099453,0.024829453383157233
tfidf,1,2,72,fake,375,0,0.005194563179068138,0.0036584384167158775
tfidf,1,2,72,fake,376,1,0.9859708717106237,0.9877557688813332
tfidf,1,2,72,fake,379,0,0.22344308655267026,0.215704671295167
tfidf,1,2,72,fake,381,1,0.9235121065750402,0.9394207046130196
tfidf,1,2,72,fake,382,0,0.26425459849393856,0.22241578822403374
tfidf,1,2,72,fake,386,1,0.3665054767725747,0.38011342234303036
tfidf,1,2,72,fake,390,0,0.9217883042556015,0.9354382036351798
tfidf,1,2,72,fake,392,0,0.06888906755962368,0.06253291871832795
tfidf,1,2,72,fake,401,0,0.7226688457387235,0.6994860868922639
tfidf,1,2,72,fake,412,1,0.8163806688566971,0.8043088654661767
tfidf,1,2,72,fake,422,1,0.5943532009518805,0.5468876984949437
tfidf,1,2,72,fake,427,0,0.013190016174093048,0.00973761772673404
tfidf,1,2,72,fake,440,1,0.9977902378668895,0.9979811514129693
tfidf,1,2,72,fake,443,0,0.19669139002072206,0.17481115972720818
tfidf,1,2,72,fake,457,0,0.0609648130253393,0.04382269147275049
tfidf,1,2,72,fake,479,0,0.031968874619551335,0.025120477460241143
tfidf,1,2,72,fake,482,0,0.10701365159309462,0.09022421488417794
tfidf,1,2,72,fake,486,0,0.023633956884704547,0.020912976113593044
tfidf,1,3,72,fake,305,0,0.28061537358874794,0.256914310913005
tfidf,1,3,72,fake,307,0,0.2114737538302853,0.12673560379447563
tfidf,1,3,72,fake,313,0,0.4834205305624955,0.470668444579757
tfidf,1,3,72,fake,315,0,0.6012172333401603,0.40276125741778956
tfidf,1,3,72,fake,317,0,0.8190370881805598,0.8840739085320523
tfidf,1,3,72,fake,320,1,0.9560292458321544,0.9724404230925094
tfidf,1,3,72,fake,338,1,0.591028269485047,0.723051141267714
tfidf,1,3,72,fake,344,1,0.7264594266989981,0.7684362005295057
tfidf,1,3,72,fake,352,1,0.8877197435448942,0.8094437157590432
tfidf,1,3,72,fake,356,1,0.9469003109334989,0.962798457890092
tfidf,1,3,72,fake,367,1,0.9957231065053462,0.9957366242707042
tfidf,1,3,72,fake,371,0,0.28609053354473446,0.3425783795005316
tfidf,1,3,72,fake,380,1,0.8492867637669619,0.7926958920784661
tfidf,1,3,72,fake,383,0,0.08229846339681324,0.08761345309296519
tfidf,1,3,72,fake,393,0,0.0333180292832351,0.033862318083354326
tfidf,1,3,72,fake,395,0,0.685171507060032,0.7525693001762666
tfidf,1,3,72,fake,397,0,0.13696889678860186,0.14228537261759786
tfidf,1,3,72,fake,425,0,0.6128443164236669,0.6259907649066362
tfidf,1,3,72,fake,430,0,0.1671186274671631,0.15474048392576928
tfidf,1,3,72,fake,436,0,0.06736192799794602,0.049971043328173106
tfidf,1,3,72,fake,439,0,0.16176394291127283,0.1763783775166744
tfidf,1,3,72,fake,446,0,0.03989632984448691,0.04518087452117734
tfidf,1,3,72,fake,447,0,0.7188725027544958,0.6943950848794456
tfidf,1,3,72,fake,459,1,0.6462990265246317,0.6539145202183352
tfidf,1,3,72,fake,474,0,0.028520233579199097,0.02077268265538314
tfidf,1,3,72,fake,475,0,0.02991866359990607,0.02473236426709859
tfidf,1,3,72,fake,489,0,0.07247114394250262,0.06746948805990396
tfidf,1,3,72,fake,491,0,0.06570936558561301,0.06392944370512844
tfidf,1,4,72,fake,318,0,0.5273911529749101,0.4104474666720645
tfidf,1,4,72,fake,322,0,0.7230886177330764,0.7480168579489466
tfidf,1,4,72,fake,326,0,0.3762588975086491,0.27875816787425356
tfidf,1,4,72,fake,327,0,0.5841378048353447,0.5672432101376704
tfidf,1,4,72,fake,335,1,0.8978127149042118,0.8655291211779046
tfidf,1,4,72,fake,343,0,0.8928886408477674,0.8848144080044786
tfidf,1,4,72,fake,347,1,0.7122539080416316,0.7239372310514531
tfidf,1,4,72,fake,351,1,0.9696366806422402,0.978449678911915
tfidf,1,4,72,fake,374,0,0.13971528018696716,0.12911194053811775
tfidf,1,4,72,fake,377,1,0.9891019048994669,0.9927012132008354
tfidf,1,4,72,fake,389,1,0.7553952322885357,0.8040712998770275
tfidf,1,4,72,fake,414,1,0.474022017972863,0.4182329213811551
tfidf,1,4,72,fake,415,0,0.16709145098678835,0.15942157407284163
tfidf,1,4,72,fake,419,0,0.018448843841584565,0.013003164364826113
tfidf,1,4,72,fake,445,0,0.16659541633303732,0.17005941641533384
tfidf,1,4,72,fake,448,1,0.28035314026435343,0.2764579734590407
tfidf,1,4,72,fake,449,0,0.1297877716914328,0.11840827771522466
tfidf,1,4,72,fake,455,0,0.09029364139926303,0.08864227293840031
tfidf,1,4,72,fake,458,0,0.37957912125138227,0.36723671266296876
tfidf,1,4,72,fake,463,0,0.0025450822541153223,0.0016529732342776262
tfidf,1,4,72,fake,464,0,0.14626915879016475,0.1233825694628691
tfidf,1,4,72,fake,471,0,0.09507299187842015,0.06999527129019831
tfidf,1,4,72,fake,472,0,0.018486430659121235,0.01773360193417325
tfidf,1,4,72,fake,477,0,0.5037561139490722,0.5428049595557256
tfidf,1,4,72,fake,478,0,0.8455155064015553,0.8579738622200224
tfidf,1,4,72,fake,483,1,0.9064782375084888,0.893815305169635
tfidf,1,4,72,fake,488,0,0.15954983294812633,0.12685861755005293
tfidf,1,4,72,fake,492,0,0.04581868446074143,0.0504786804031
tfidf,1,5,72,fake,302,0,0.4835142622212896,0.5562487316111493
tfidf,1,5,72,fake,321,1,0.9791447285309639,0.8740517194327281
tfidf,1,5,72,fake,325,1,0.918517331413373,0.7793735116574179
tfidf,1,5,72,fake,330,1,0.3202955631352349,0.5635328152058933
tfidf,1,5,72,fake,333,0,0.3648908332467264,0.579441180051828
tfidf,1,5,72,fake,336,0,0.32972065645813975,0.5246256763533593
tfidf,1,5,72,fake,340,0,0.680554886734395,0.6511952525622565
tfidf,1,5,72,fake,341,0,0.3049851391348853,0.552635594460692
tfidf,1,5,72,fake,348,1,0.6186313839158909,0.6731588150189807
tfidf,1,5,72,fake,350,1,0.8289288017843432,0.7402179311600489
tfidf,1,5,72,fake,360,0,0.6749456928242299,0.6085286327269227
tfidf,1,5,72,fake,368,0,0.2207908274606364,0.4045308748180859
tfidf,1,5,72,fake,370,0,0.14617067535685951,0.2694365464819834
tfidf,1,5,72,fake,385,0,0.12700462140741053,0.2877459595294053
tfidf,1,5,72,fake,388,1,0.4935356427769219,0.5170156208090937
tfidf,1,5,72,fake,406,0,0.5512060089996659,0.3883775837985009
tfidf,1,5,72,fake,409,1,0.6907455683678202,0.5752945903778143
tfidf,1,5,72,fake,417,0,0.057243910651394204,0.23430866515189622
tfidf,1,5,72,fake,418,1,0.6912554603173166,0.6377848564888309
tfidf,1,5,72,fake,428,0,0.0743234973154469,0.23849821315922196
tfidf,1,5,72,fake,429,0,0.0835843901171932,0.27425514902019105
tfidf,1,5,72,fake,434,0,0.034127969008229404,0.20916341734765356
tfidf,1,5,72,fake,437,0,0.07281507041898934,0.21595039614309566
tfidf,1,5,72,fake,441,1,0.8644209086175288,0.6829702771614404
tfidf,1,5,72,fake,444,0,0.04111833512080295,0.2745941834357036
tfidf,1,5,72,fake,456,0,0.1858787505835801,0.2523607968584975
tfidf,1,5,72,fake,468,0,0.08040162966165844,0.20258654175187363
tfidf,1,5,72,fake,485,0,0.028637758957926016,0.15519347977802211
tfidf,1,1,73,fake,319,1,0.5269949538442988,0.6536476238474279
tfidf,1,1,73,fake,331,0,0.595843278529277,0.6902144977196277
tfidf,1,1,73,fake,345,1,0.9508092246272142,0.9672011945615279
tfidf,1,1,73,fake,346,1,0.9291856682571815,0.950506916257594
tfidf,1,1,73,fake,357,0,0.4108909539722222,0.4675945884800307
tfidf,1,1,73,fake,358,0,0.7150911616052201,0.8221577858017834
tfidf,1,1,73,fake,362,1,0.9730094081612607,0.9871347907299085
tfidf,1,1,73,fake,363,0,0.1521794938301741,0.15347234636819138
tfidf,1,1,73,fake,364,0,0.616871582534739,0.744470631381444
tfidf,1,1,73,fake,369,0,0.3138574371775431,0.27412190396131497
tfidf,1,1,73,fake,372,1,0.46816747718286833,0.5330453669463081
tfidf,1,1,73,fake,391,0,0.45174761608109765,0.5722877208645026
tfidf,1,1,73,fake,400,0,0.6795610650756858,0.6786037901955245
tfidf,1,1,73,fake,402,1,0.9588449119316849,0.9658468318824668
tfidf,1,1,73,fake,403,0,0.008622044481283621,0.007003075479266084
tfidf,1,1,73,fake,404,0,0.045282444011960195,0.06982201287574372
tfidf,1,1,73,fake,413,1,0.9991360090012831,0.9991749113875208
tfidf,1,1,73,fake,416,0,0.050393090270203285,0.0466437582695346
tfidf,1,1,73,fake,420,0,0.2526198994553954,0.17959660719517553
tfidf,1,1,73,fake,423,0,0.9400543721695201,0.9589876896567738
tfidf,1,1,73,fake,426,1,0.7056521700947079,0.737215402097745
tfidf,1,1,73,fake,433,1,0.48071606228513725,0.4884352884510666
tfidf,1,1,73,fake,451,0,0.20775731998931715,0.18860766910683302
tfidf,1,1,73,fake,454,0,0.20090808969712518,0.2492042024622719
tfidf,1,1,73,fake,473,0,0.0592779129425811,0.05293011262806638
tfidf,1,1,73,fake,476,0,0.056540852846618354,0.051035539547476756
tfidf,1,1,73,fake,484,0,0.22322082691966516,0.2699898429767835
tfidf,1,1,73,fake,487,0,0.49669778379306284,0.4685923297239404
tfidf,1,1,73,fake,490,0,0.14240721854808563,0.12730271571654758
tfidf,1,2,73,fake,303,0,0.07740790477582785,0.07974197772099675
tfidf,1,2,73,fake,304,0,0.13650519308474096,0.13008728270911715
tfidf,1,2,73,fake,310,0,0.38141242453934016,0.3626832729322941
tfidf,1,2,73,fake,312,0,0.5193525995463877,0.49915822273710864
tfidf,1,2,73,fake,316,0,0.5832758897060903,0.576896228010571
tfidf,1,2,73,fake,324,0,0.49006944321369394,0.5015766877080096
tfidf,1,2,73,fake,328,0,0.4927778306954634,0.4847379608793186
tfidf,1,2,73,fake,339,1,0.8926587402726572,0.8906914102020024
tfidf,1,2,73,fake,353,1,0.8039432669960478,0.8045881099788663
tfidf,1,2,73,fake,355,1,0.6544648184320482,0.6693860494369791
tfidf,1,2,73,fake,366,0,0.012386265702130594,0.011425403465122906
tfidf,1,2,73,fake,375,0,0.004334310189240677,0.003987417606516601
tfidf,1,2,73,fake,376,1,0.9842065877043036,0.9845475593090978
tfidf,1,2,73,fake,379,0,0.2545593247428463,0.24476768476609653
tfidf,1,2,73,fake,381,1,0.8204288244731422,0.8290316483350327
tfidf,1,2,73,fake,382,0,0.36395111416988124,0.346319744099107
tfidf,1,2,73,fake,386,1,0.45560369256849803,0.46276787238372996
tfidf,1,2,73,fake,390,0,0.913723200050694,0.9169678960188592
tfidf,1,2,73,fake,392,0,0.12391221896787358,0.12319969632153739
tfidf,1,2,73,fake,401,0,0.7809092385431737,0.7775782895543196
tfidf,1,2,73,fake,412,1,0.7820714774847997,0.7820959270925032
tfidf,1,2,73,fake,422,1,0.6355524718478559,0.6220855828745732
tfidf,1,2,73,fake,427,0,0.006696539988421186,0.006222110353142191
tfidf,1,2,73,fake,440,1,0.9950801469860888,0.9949618744139747
tfidf,1,2,73,fake,443,0,0.16748685539593466,0.16209697567677403
tfidf,1,2,73,fake,457,0,0.02662467062074105,0.025648957506078925
tfidf,1,2,73,fake,479,0,0.009020949181730175,0.008468598491537287
tfidf,1,2,73,fake,482,0,0.05273303471110703,0.050333726037911086
tfidf,1,2,73,fake,486,0,0.01719849140765051,0.016499602376934555
tfidf,1,3,73,fake,305,0,0.3376978656795649,0.5729162823480577
tfidf,1,3,73,fake,307,0,0.19659207706908005,0.41776558277525544
tfidf,1,3,73,fake,313,0,0.5929713388141439,0.5895433887998133
tfidf,1,3,73,fake,315,0,0.3137078849943211,0.5061044021014097
tfidf,1,3,73,fake,317,0,0.22611734835159858,0.5961530665215643
tfidf,1,3,73,fake,320,1,0.709378723317193,0.7593874559930113
tfidf,1,3,73,fake,338,1,0.9402585653416422,0.7579123246063679
tfidf,1,3,73,fake,344,1,0.718370761373049,0.6694551522090538
tfidf,1,3,73,fake,352,1,0.5158454628331275,0.5630446781063262
tfidf,1,3,73,fake,356,1,0.6043082037878091,0.6533624021951424
tfidf,1,3,73,fake,367,1,0.9985526740324596,0.9439036408396491
tfidf,1,3,73,fake,371,0,0.3906896846640635,0.4586400417828474
tfidf,1,3,73,fake,380,1,0.8626611239151198,0.7036368003799105
tfidf,1,3,73,fake,383,0,0.11388457777592986,0.3354028374302397
tfidf,1,3,73,fake,393,0,0.027813804095670448,0.20335422598284175
tfidf,1,3,73,fake,395,0,0.3973366108337646,0.4502891389882629
tfidf,1,3,73,fake,397,0,0.5742111111713983,0.3591307252440038
tfidf,1,3,73,fake,425,0,0.4996148605874035,0.6642253597155958
tfidf,1,3,73,fake,430,0,0.16367367616038744,0.39467559731793483
tfidf,1,3,73,fake,436,0,0.10118669549392156,0.19788427191608077
tfidf,1,3,73,fake,439,0,0.36816153282031844,0.38979719285647674
tfidf,1,3,73,fake,446,0,0.28296060828740893,0.35064355928500124
tfidf,1,3,73,fake,447,0,0.2796168662571106,0.3429505017563503
tfidf,1,3,73,fake,459,1,0.9000034126522142,0.8220881645874301
tfidf,1,3,73,fake,474,0,0.1553645583560631,0.23212551840644366
tfidf,1,3,73,fake,475,0,0.018017953809332615,0.12204505810980253
tfidf,1,3,73,fake,489,0,0.14352580890850464,0.2699330127173996
tfidf,1,3,73,fake,491,0,0.08957807468836723,0.42848915726258646
tfidf,1,4,73,fake,318,0,0.35761111308791166,0.0001402381127274352
tfidf,1,4,73,fake,322,0,0.4714302149970926,0.03238098166017828
tfidf,1,4,73,fake,326,0,0.4090679302213383,0.003133840303576526
tfidf,1,4,73,fake,327,0,0.7450531611124325,0.6531406365448261
tfidf,1,4,73,fake,335,1,0.8188686577400353,0.9576888008604575
tfidf,1,4,73,fake,343,0,0.7927506850828608,0.9952975881466389
tfidf,1,4,73,fake,347,1,0.42114700128138727,0.0005756680023136346
tfidf,1,4,73,fake,351,1,0.9693971688871892,0.9999996127999891
tfidf,1,4,73,fake,374,0,0.5181174058437112,0.1035783647658091
tfidf,1,4,73,fake,377,1,0.985903900688559,0.9999073552516727
tfidf,1,4,73,fake,389,1,0.8043047022752694,0.9427409032943701
tfidf,1,4,73,fake,414,1,0.8339193245758068,0.7737899810466754
tfidf,1,4,73,fake,415,0,0.0678894306735917,6.565712553227839e-06
tfidf,1,4,73,fake,419,0,0.01723188866029152,1.5518114077570103e-05
tfidf,1,4,73,fake,445,0,0.09191662729961193,0.0001682463218604301
tfidf,1,4,73,fake,448,1,0.2374637023471485,0.00914937136019283
tfidf,1,4,73,fake,449,0,0.5597667959983622,0.9984605819142957
tfidf,1,4,73,fake,455,0,0.1095510821128355,0.0023908848967512638
tfidf,1,4,73,fake,458,0,0.08687361086955102,0.0004122152199817687
tfidf,1,4,73,fake,463,0,0.004371251559897332,6.29814477779007e-08
tfidf,1,4,73,fake,464,0,0.07243631426850988,0.0001177519776644385
tfidf,1,4,73,fake,471,0,0.08643404353690366,6.62777785608557e-05
tfidf,1,4,73,fake,472,0,0.01403695099039888,2.867784611375057e-06
tfidf,1,4,73,fake,477,0,0.6408047542685578,0.9261352384837409
tfidf,1,4,73,fake,478,0,0.6561509070687513,0.4479163585106076
tfidf,1,4,73,fake,483,1,0.6283741711433666,0.5565997469151204
tfidf,1,4,73,fake,488,0,0.31344072176855914,0.18969930530980608
tfidf,1,4,73,fake,492,0,0.1335568970734531,0.0048788783463643
tfidf,1,5,73,fake,302,0,0.14285251037307503,0.14238961724430435
tfidf,1,5,73,fake,321,1,0.44652536977482743,0.44383063339061635
tfidf,1,5,73,fake,325,1,0.9822907539962175,0.9825005067067035
tfidf,1,5,73,fake,330,1,0.398784745726545,0.39781712713612943
tfidf,1,5,73,fake,333,0,0.6078681719271951,0.6070455905256958
tfidf,1,5,73,fake,336,0,0.6750456396470905,0.6782620461476877
tfidf,1,5,73,fake,340,0,0.23993137895975453,0.24056998022431092
tfidf,1,5,73,fake,341,0,0.41789680113822597,0.41950430557832336
tfidf,1,5,73,fake,348,1,0.4251203645643903,0.42548353006345146
tfidf,1,5,73,fake,350,1,0.746777490682756,0.742826928814411
tfidf,1,5,73,fake,360,0,0.2381686897568603,0.23650959267004518
tfidf,1,5,73,fake,368,0,0.1867520876169116,0.18663223914959393
tfidf,1,5,73,fake,370,0,0.4730727991061268,0.4696182809939919
tfidf,1,5,73,fake,385,0,0.25762525361489147,0.2572031072298178
tfidf,1,5,73,fake,388,1,0.8808052681247702,0.8800307942788568
tfidf,1,5,73,fake,406,0,0.05933331616233825,0.05930863477113787
tfidf,1,5,73,fake,409,1,0.529042762885528,0.5253562444922292
tfidf,1,5,73,fake,417,0,0.08957140169328345,0.09063164445405623
tfidf,1,5,73,fake,418,1,0.9710011093675247,0.9705815222518114
tfidf,1,5,73,fake,428,0,0.09128861285635533,0.09072310497075921
tfidf,1,5,73,fake,429,0,0.048724600872608194,0.0481142387870105
tfidf,1,5,73,fake,434,0,0.28793870102579505,0.2923023181744561
tfidf,1,5,73,fake,437,0,0.03910733438550626,0.039271798441795534
tfidf,1,5,73,fake,441,1,0.6484089621638838,0.6466534210844714
tfidf,1,5,73,fake,444,0,0.056795043415387665,0.056953771629363124
tfidf,1,5,73,fake,456,0,0.034088518622002316,0.03425296004705495
tfidf,1,5,73,fake,468,0,0.027500848595665876,0.028111860784948532
tfidf,1,5,73,fake,485,0,0.39384075453759004,0.396426563446245
tfidf,1,1,74,fake,319,1,0.1061643065485405,0.5351859426332175
tfidf,1,1,74,fake,331,0,0.2848192930091984,0.5871894874089332
tfidf,1,1,74,fake,345,1,0.8155477634167043,0.8039325570825525
tfidf,1,1,74,fake,346,1,0.5891899378890086,0.7295009747324219
tfidf,1,1,74,fake,357,0,0.4786352074838202,0.6803203282167961
tfidf,1,1,74,fake,358,0,0.7396671238251784,0.7908937619645163
tfidf,1,1,74,fake,362,1,0.9793574024287578,0.9707374393431915
tfidf,1,1,74,fake,363,0,0.021873188064360033,0.08575421673113233
tfidf,1,1,74,fake,364,0,0.6491531388892338,0.6996498270376893
tfidf,1,1,74,fake,369,0,0.17588062789733985,0.20105013580486894
tfidf,1,1,74,fake,372,1,0.999997649988872,0.9992615967183994
tfidf,1,1,74,fake,391,0,0.3976477058776709,0.6038754954547946
tfidf,1,1,74,fake,400,0,0.612560988065884,0.547824744580183
tfidf,1,1,74,fake,402,1,0.996156779101158,0.9651864946951677
tfidf,1,1,74,fake,403,0,0.00033744364661375184,0.009935402081633272
tfidf,1,1,74,fake,404,0,0.00268356248372894,0.10508816969808689
tfidf,1,1,74,fake,413,1,0.9997513554667392,0.9790009528738253
tfidf,1,1,74,fake,416,0,0.08980966965057785,0.128679830127101
tfidf,1,1,74,fake,420,0,0.01317887339672455,0.15924221682285614
tfidf,1,1,74,fake,423,0,0.9365617613006,0.9202204314759255
tfidf,1,1,74,fake,426,1,0.9911410602309314,0.9517921290338469
tfidf,1,1,74,fake,433,1,0.9666807829623274,0.6659910684101823
tfidf,1,1,74,fake,451,0,0.11814058427178183,0.26920361447723157
tfidf,1,1,74,fake,454,0,0.1654848907039762,0.1445917270524808
tfidf,1,1,74,fake,473,0,0.014332054245357578,0.02997654767393066
tfidf,1,1,74,fake,476,0,0.0022233722216839836,0.0398740716229407
tfidf,1,1,74,fake,484,0,0.022790336270108777,0.2403815523502023
tfidf,1,1,74,fake,487,0,0.24030502187202468,0.3712137613951522
tfidf,1,1,74,fake,490,0,0.9547125507664551,0.6115409471560532
tfidf,1,2,74,fake,303,0,0.07848764695250399,0.07963171470608872
tfidf,1,2,74,fake,304,0,0.07387784265377782,0.06691746766270792
tfidf,1,2,74,fake,310,0,0.47287443765249815,0.4160822563085516
tfidf,1,2,74,fake,312,0,0.4207209028689741,0.3860808078568909
tfidf,1,2,74,fake,316,0,0.6607232923894343,0.6501076914523227
tfidf,1,2,74,fake,324,0,0.2927790272587082,0.31139615654657077
tfidf,1,2,74,fake,328,0,0.6876532581990238,0.6728276694374846
tfidf,1,2,74,fake,339,1,0.9729998340790618,0.9716844183275312
tfidf,1,2,74,fake,353,1,0.8660392685888842,0.8688024420926143
tfidf,1,2,74,fake,355,1,0.5905124217148625,0.6208572598126744
tfidf,1,2,74,fake,366,0,0.017386493166669015,0.014850196267308961
tfidf,1,2,74,fake,375,0,0.0021196788040974022,0.001719370710674724
tfidf,1,2,74,fake,376,1,0.9700681691698539,0.9725690018926197
tfidf,1,2,74,fake,379,0,0.6633506455941651,0.6526369674417255
tfidf,1,2,74,fake,381,1,0.9210581340796401,0.9308829045410343
tfidf,1,2,74,fake,382,0,0.29478811253440673,0.2598090667427881
tfidf,1,2,74,fake,386,1,0.8009876759850424,0.8107497199224705
tfidf,1,2,74,fake,390,0,0.9463774427869558,0.9519572927828546
tfidf,1,2,74,fake,392,0,0.08656014367210593,0.08069176234864782
tfidf,1,2,74,fake,401,0,0.46117980021376453,0.4499690163448905
tfidf,1,2,74,fake,412,1,0.6638699893207902,0.6672433536672072
tfidf,1,2,74,fake,422,1,0.6727034064486851,0.6497745761680384
tfidf,1,2,74,fake,427,0,0.013829986348346512,0.011662028677700722
tfidf,1,2,74,fake,440,1,0.8704083955307387,0.877466874957884
tfidf,1,2,74,fake,443,0,0.3557091461648104,0.3271903674761636
tfidf,1,2,74,fake,457,0,0.007792136832066899,0.006744258631613753
tfidf,1,2,74,fake,479,0,0.02023506492545988,0.017234803324623536
tfidf,1,2,74,fake,482,0,0.0927812928708611,0.0866867988073217
tfidf,1,2,74,fake,486,0,0.007701213369264095,0.00689866771312608
tfidf,1,3,74,fake,305,0,0.17127372846219005,0.5112990318613932
tfidf,1,3,74,fake,307,0,0.29113148785416076,0.4575246725166823
tfidf,1,3,74,fake,313,0,0.3898505013226618,0.542988040262459
tfidf,1,3,74,fake,315,0,0.291809930065987,0.5138038941331153
tfidf,1,3,74,fake,317,0,0.420000664972745,0.6318489905801049
tfidf,1,3,74,fake,320,1,0.9001341191373893,0.8255870024740717
tfidf,1,3,74,fake,338,1,0.8777698500776251,0.721286495635426
tfidf,1,3,74,fake,344,1,0.5869502695144877,0.6472261291074243
tfidf,1,3,74,fake,352,1,0.6232798390578643,0.5803024630944694
tfidf,1,3,74,fake,356,1,0.660092482920395,0.6591284693354483
tfidf,1,3,74,fake,367,1,0.9963163922407892,0.917648759180359
tfidf,1,3,74,fake,371,0,0.38974916504322976,0.43976077713515244
tfidf,1,3,74,fake,380,1,0.6696402663445821,0.6510244425191541
tfidf,1,3,74,fake,383,0,0.40559236042003566,0.48556336369210207
tfidf,1,3,74,fake,393,0,0.05012432866911264,0.22967598004554168
tfidf,1,3,74,fake,395,0,0.7797687212312127,0.550356083141613
tfidf,1,3,74,fake,397,0,0.22255546965873807,0.2973642525577216
tfidf,1,3,74,fake,425,0,0.8432347087846144,0.735574321135797
tfidf,1,3,74,fake,430,0,0.36997685425914434,0.4759250872888891
tfidf,1,3,74,fake,436,0,0.03341814539422749,0.16411624949489986
tfidf,1,3,74,fake,439,0,0.4287398012216366,0.4209284959597286
tfidf,1,3,74,fake,446,0,0.078284057698222,0.2504282034423851
tfidf,1,3,74,fake,447,0,0.3953705156705183,0.33879177953471507
tfidf,1,3,74,fake,459,1,0.9834558300007775,0.8693105854031264
tfidf,1,3,74,fake,474,0,0.07680973162839258,0.20202732401861018
tfidf,1,3,74,fake,475,0,0.032008262622194424,0.14643765363404204
tfidf,1,3,74,fake,489,0,0.08759543982528423,0.24859106459585195
tfidf,1,3,74,fake,491,0,0.2848075678927128,0.5243405291527455
tfidf,1,4,74,fake,318,0,0.7509341686821837,0.5879076571031737
tfidf,1,4,74,fake,322,0,0.7286125688277468,0.7515873956732412
tfidf,1,4,74,fake,326,0,0.17407958955287892,0.10846067178842436
tfidf,1,4,74,fake,327,0,0.6364732698144908,0.6056793775437832
tfidf,1,4,74,fake,335,1,0.7244063542778761,0.673090156108162
tfidf,1,4,74,fake,343,0,0.8092155965023591,0.8071581148289362
tfidf,1,4,74,fake,347,1,0.5069138249802353,0.5763971279942758
tfidf,1,4,74,fake,351,1,0.7152708736869159,0.8105968403134652
tfidf,1,4,74,fake,374,0,0.26920968378349514,0.24153606993656512
tfidf,1,4,74,fake,377,1,0.9843410055901565,0.9912731678079687
tfidf,1,4,74,fake,389,1,0.6870970744683881,0.7493328588814161
tfidf,1,4,74,fake,414,1,0.8448771364509823,0.8213828292187163
tfidf,1,4,74,fake,415,0,0.09091202512184328,0.07457838821280947
tfidf,1,4,74,fake,419,0,0.011598570922526473,0.008697142442284395
tfidf,1,4,74,fake,445,0,0.0722064970981998,0.07621982181416159
tfidf,1,4,74,fake,448,1,0.8290791935313415,0.827698134708091
tfidf,1,4,74,fake,449,0,0.11507915358048174,0.10435841373104701
tfidf,1,4,74,fake,455,0,0.08353721784898117,0.0849718680426604
tfidf,1,4,74,fake,458,0,0.08404636006435753,0.08981354526105516
tfidf,1,4,74,fake,463,0,0.004672746920545448,0.0027846158766126746
tfidf,1,4,74,fake,464,0,0.07172882596662127,0.05475827269105404
tfidf,1,4,74,fake,471,0,0.226989431430401,0.15018246488470235
tfidf,1,4,74,fake,472,0,0.013582199264946169,0.011025881080512936
tfidf,1,4,74,fake,477,0,0.4072833142158255,0.43820975176606514
tfidf,1,4,74,fake,478,0,0.8056446762941134,0.830768230442068
tfidf,1,4,74,fake,483,1,0.7459157516122394,0.713005221987584
tfidf,1,4,74,fake,488,0,0.1824676917916013,0.12752344974179483
tfidf,1,4,74,fake,492,0,0.04662179502493891,0.050645833064200355
tfidf,1,5,74,fake,302,0,0.2735497336755448,0.2778378230397084
tfidf,1,5,74,fake,321,1,0.5988141302058689,0.5865964494887302
tfidf,1,5,74,fake,325,1,0.8743728387894667,0.8551427060732908
tfidf,1,5,74,fake,330,1,0.37962627264955634,0.39263890607761803
tfidf,1,5,74,fake,333,0,0.3300224886455883,0.31687916718336273
tfidf,1,5,74,fake,336,0,0.4476331517993041,0.405630067654299
tfidf,1,5,74,fake,340,0,0.438472237248023,0.41581221814172625
tfidf,1,5,74,fake,341,0,0.38889205332276205,0.36968042190853306
tfidf,1,5,74,fake,348,1,0.7924462665972538,0.7814711790616233
tfidf,1,5,74,fake,350,1,0.8947725816836586,0.9118548606046628
tfidf,1,5,74,fake,360,0,0.553472228709872,0.5580947943090927
tfidf,1,5,74,fake,368,0,0.35631947811831266,0.34550043032118233
tfidf,1,5,74,fake,370,0,0.09324951433160537,0.10488986340560974
tfidf,1,5,74,fake,385,0,0.6394680408760974,0.6598570255518487
tfidf,1,5,74,fake,388,1,0.7416362946716598,0.7640219220811659
tfidf,1,5,74,fake,406,0,0.0705703653492348,0.06807649072136727
tfidf,1,5,74,fake,409,1,0.1792563706841551,0.2015285830104777
tfidf,1,5,74,fake,417,0,0.09198144910974701,0.07940351009183952
tfidf,1,5,74,fake,418,1,0.985256809581115,0.9889952764799609
tfidf,1,5,74,fake,428,0,0.13024942318741844,0.13459549305964413
tfidf,1,5,74,fake,429,0,0.2798664224973959,0.3130000700726733
tfidf,1,5,74,fake,434,0,0.04577581109593122,0.03759495844496275
tfidf,1,5,74,fake,437,0,0.19634146831093774,0.17594779960353132
tfidf,1,5,74,fake,441,1,0.9378291208527234,0.9439173017810916
tfidf,1,5,74,fake,444,0,0.07721147466527678,0.07901380417227225
tfidf,1,5,74,fake,456,0,0.014684757214417197,0.014951407288733454
tfidf,1,5,74,fake,468,0,0.06647668453121376,0.05400214039464599
tfidf,1,5,74,fake,485,0,0.03901868722533627,0.036157575955537744
tfidf,1,1,75,fake,319,1,0.9829893589092457,0.9904817434000212
tfidf,1,1,75,fake,331,0,0.33866495044240336,0.48450740190640856
tfidf,1,1,75,fake,345,1,0.906308918111311,0.9480677455350991
tfidf,1,1,75,fake,346,1,0.9826216045349099,0.9875038300156885
tfidf,1,1,75,fake,357,0,0.3958013841426887,0.43125694756816424
tfidf,1,1,75,fake,358,0,0.5373786058623421,0.7013243403442898
tfidf,1,1,75,fake,362,1,0.4038406027517992,0.6462087856876843
tfidf,1,1,75,fake,363,0,0.17492912845563177,0.17324531139162488
tfidf,1,1,75,fake,364,0,0.48532773013489355,0.6640228972198903
tfidf,1,1,75,fake,369,0,0.10625909097085492,0.09572229748099265
tfidf,1,1,75,fake,372,1,0.6631738877886888,0.6937130245463151
tfidf,1,1,75,fake,391,0,0.40970143978804213,0.5725268037767905
tfidf,1,1,75,fake,400,0,0.6961959192446177,0.6912159377820792
tfidf,1,1,75,fake,402,1,0.9998232233024097,0.9998715965969726
tfidf,1,1,75,fake,403,0,0.03653271586409807,0.027959528475966926
tfidf,1,1,75,fake,404,0,0.052782550751835806,0.08740280518771423
tfidf,1,1,75,fake,413,1,0.7245042391375401,0.7884132518500485
tfidf,1,1,75,fake,416,0,0.007415368826990185,0.008600131170012522
tfidf,1,1,75,fake,420,0,0.3041641068204417,0.2199347020552915
tfidf,1,1,75,fake,423,0,0.9080582064802031,0.9413092117164887
tfidf,1,1,75,fake,426,1,0.32098163434078253,0.3829136464340726
tfidf,1,1,75,fake,433,1,0.6161345650624563,0.6243157373925076
tfidf,1,1,75,fake,451,0,0.21167181448417105,0.1847430572471413
tfidf,1,1,75,fake,454,0,0.1973422815125857,0.20108147009591168
tfidf,1,1,75,fake,473,0,0.022440195888943283,0.02001401878786576
tfidf,1,1,75,fake,476,0,0.28994422586116564,0.23461363309200745
tfidf,1,1,75,fake,484,0,0.35161753138859153,0.43233842126728556
tfidf,1,1,75,fake,487,0,0.43858392844452126,0.434484219661239
tfidf,1,1,75,fake,490,0,0.7477577395980768,0.6984087730123356
tfidf,1,2,75,fake,303,0,0.0420794870156058,0.04815590490596677
tfidf,1,2,75,fake,304,0,0.056126040096138585,0.048184348651795
tfidf,1,2,75,fake,310,0,0.6635238064858976,0.5860197762398205
tfidf,1,2,75,fake,312,0,0.5813273635180769,0.5356206121182254
tfidf,1,2,75,fake,316,0,0.47455634389389967,0.46265781166999786
tfidf,1,2,75,fake,324,0,0.44566237010934723,0.4649821775745688
tfidf,1,2,75,fake,328,0,0.5434859816427434,0.5071340920402777
tfidf,1,2,75,fake,339,1,0.8993186106339974,0.8943969343369778
tfidf,1,2,75,fake,353,1,0.8559150939895631,0.8612609267667994
tfidf,1,2,75,fake,355,1,0.7434562253163418,0.7817211117740611
tfidf,1,2,75,fake,366,0,0.012496265662089109,0.010518818213892236
tfidf,1,2,75,fake,375,0,0.002399604770609221,0.0017230367888541847
tfidf,1,2,75,fake,376,1,0.9834722110495524,0.9846565152770691
tfidf,1,2,75,fake,379,0,0.6337313442382391,0.6045517909345008
tfidf,1,2,75,fake,381,1,0.9330408986723346,0.9403879465449885
tfidf,1,2,75,fake,382,0,0.3224510040069506,0.25670829788903154
tfidf,1,2,75,fake,386,1,0.9815458183867304,0.9810171762333896
tfidf,1,2,75,fake,390,0,0.9802194421252451,0.9836652578364606
tfidf,1,2,75,fake,392,0,0.07825322376336984,0.06801464464657989
tfidf,1,2,75,fake,401,0,0.733780873268718,0.7199228151483289
tfidf,1,2,75,fake,412,1,0.8913761152630292,0.8921281832161425
tfidf,1,2,75,fake,422,1,0.5041548750240873,0.47463707415022754
tfidf,1,2,75,fake,427,0,0.007094966618387563,0.0054132170691066584
tfidf,1,2,75,fake,440,1,0.8660527127882707,0.865272265314176
tfidf,1,2,75,fake,443,0,0.19029507488133657,0.16993790200475456
tfidf,1,2,75,fake,457,0,0.006165506588023777,0.004677012006677795
tfidf,1,2,75,fake,479,0,0.006197080259695884,0.004631766271306972
tfidf,1,2,75,fake,482,0,0.0626115148169107,0.052637183115001825
tfidf,1,2,75,fake,486,0,0.004756154064849104,0.0042808232672253525
tfidf,1,3,75,fake,305,0,0.3036681668697662,0.29724715993009565
tfidf,1,3,75,fake,307,0,0.1756759928790097,0.12414926956605152
tfidf,1,3,75,fake,313,0,0.1618430385817294,0.15908986410015838
tfidf,1,3,75,fake,315,0,0.43722629234422244,0.30999402210106913
tfidf,1,3,75,fake,317,0,0.7045924704357317,0.7996205525841763
tfidf,1,3,75,fake,320,1,0.7452280709768238,0.8473081643716643
tfidf,1,3,75,fake,338,1,0.5139939005718316,0.6553777575155902
tfidf,1,3,75,fake,344,1,0.40660665050400807,0.5181829001869186
tfidf,1,3,75,fake,352,1,0.8723276582217181,0.8046761308045551
tfidf,1,3,75,fake,356,1,0.6949237841444408,0.7757544895263926
tfidf,1,3,75,fake,367,1,0.9989169109899919,0.9989861282195112
tfidf,1,3,75,fake,371,0,0.5216289494835153,0.5417034428259151
tfidf,1,3,75,fake,380,1,0.8591584199728609,0.8378132895398175
tfidf,1,3,75,fake,383,0,0.1486150664861526,0.14730920703607364
tfidf,1,3,75,fake,393,0,0.06990708358006163,0.08448633952886221
tfidf,1,3,75,fake,395,0,0.49229101741597403,0.5856606757788327
tfidf,1,3,75,fake,397,0,0.545993568768366,0.56426345466791
tfidf,1,3,75,fake,425,0,0.6592115039494264,0.6770518354395832
tfidf,1,3,75,fake,430,0,0.31989383889698786,0.27369183189546803
tfidf,1,3,75,fake,436,0,0.019710194093460406,0.015552748078254018
tfidf,1,3,75,fake,439,0,0.23521275970591776,0.23039911917631728
tfidf,1,3,75,fake,446,0,0.0400562534848834,0.046955238005104365
tfidf,1,3,75,fake,447,0,0.39719858162239857,0.416231736504112
tfidf,1,3,75,fake,459,1,0.932187772898409,0.9365856620833656
tfidf,1,3,75,fake,474,0,0.04387129935904103,0.0326390917849466
tfidf,1,3,75,fake,475,0,0.027531776216131617,0.026213769112021355
tfidf,1,3,75,fake,489,0,0.05517388790700232,0.05352335546645837
tfidf,1,3,75,fake,491,0,0.3531353215824954,0.3363497411382969
tfidf,1,4,75,fake,318,0,0.47595104884876327,0.570718757356372
tfidf,1,4,75,fake,322,0,0.49616445560150374,0.6620971308906972
tfidf,1,4,75,fake,326,0,0.26645755650651204,0.5004931252245535
tfidf,1,4,75,fake,327,0,0.9098697919244986,0.7915368863856598
tfidf,1,4,75,fake,335,1,0.8189526651809627,0.6832650629297189
tfidf,1,4,75,fake,343,0,0.6459532630062998,0.6884986360425819
tfidf,1,4,75,fake,347,1,0.5127908409964488,0.6136935454521937
tfidf,1,4,75,fake,351,1,0.9432954733341956,0.8507112213545157
tfidf,1,4,75,fake,374,0,0.38453511938048063,0.6388527608078642
tfidf,1,4,75,fake,377,1,0.996039137719882,0.9234948949188888
tfidf,1,4,75,fake,389,1,0.7446928965682008,0.731543048871748
tfidf,1,4,75,fake,414,1,0.7427512340494979,0.6070112199839499
tfidf,1,4,75,fake,415,0,0.09947009691520009,0.2391614837854382
tfidf,1,4,75,fake,419,0,0.01117762037166443,0.1427998143204111
tfidf,1,4,75,fake,445,0,0.18422425339157686,0.2923639883510202
tfidf,1,4,75,fake,448,1,0.15774513103511734,0.4573430767096597
tfidf,1,4,75,fake,449,0,0.29562167738656825,0.3015485856231943
tfidf,1,4,75,fake,455,0,0.16153484032197554,0.2826569592384081
tfidf,1,4,75,fake,458,0,0.3169674130197425,0.43051766752769743
tfidf,1,4,75,fake,463,0,0.007119349480508517,0.08097879519877811
tfidf,1,4,75,fake,464,0,0.10695380654567702,0.21355055721311306
tfidf,1,4,75,fake,471,0,0.09060154657596216,0.2279957048284899
tfidf,1,4,75,fake,472,0,0.015190374482460751,0.1461510923874971
tfidf,1,4,75,fake,477,0,0.2846678767287437,0.44902845084867243
tfidf,1,4,75,fake,478,0,0.6668300474828982,0.5453090244533941
tfidf,1,4,75,fake,483,1,0.4353693974356845,0.5772637961003483
tfidf,1,4,75,fake,488,0,0.10380211971656227,0.24129427801790315
tfidf,1,4,75,fake,492,0,0.06234881885863393,0.23541512052199035
tfidf,1,5,75,fake,302,0,0.06308549426936066,0.06286806976692585
tfidf,1,5,75,fake,321,1,0.764269310936475,0.7639044722949603
tfidf,1,5,75,fake,325,1,0.9407155668764421,0.9410375074002089
tfidf,1,5,75,fake,330,1,0.423257570585532,0.42231074497758053
tfidf,1,5,75,fake,333,0,0.8278254586350751,0.8285909063103021
tfidf,1,5,75,fake,336,0,0.534536989303588,0.5500687103695485
tfidf,1,5,75,fake,340,0,0.3211669948162044,0.3266994117281102
tfidf,1,5,75,fake,341,0,0.5258436655330012,0.5309428696074124
tfidf,1,5,75,fake,348,1,0.9772477724541795,0.9776631913814293
tfidf,1,5,75,fake,350,1,0.7145587414216024,0.6955110068794458
tfidf,1,5,75,fake,360,0,0.849271684852107,0.846036933144862
tfidf,1,5,75,fake,368,0,0.32249419358238035,0.32166871078743925
tfidf,1,5,75,fake,370,0,0.1107276494415209,0.10665452581357263
tfidf,1,5,75,fake,385,0,0.15485308264947284,0.15458544528720103
tfidf,1,5,75,fake,388,1,0.20309373333472772,0.1936596855641303
tfidf,1,5,75,fake,406,0,0.1811936920315076,0.18113510653463655
tfidf,1,5,75,fake,409,1,0.27568253010362487,0.26746446186785217
tfidf,1,5,75,fake,417,0,0.05465292450417909,0.05731415997616946
tfidf,1,5,75,fake,418,1,0.9515141854426142,0.9500200230454078
tfidf,1,5,75,fake,428,0,0.09211577050985108,0.09203347694743666
tfidf,1,5,75,fake,429,0,0.049572419131858024,0.0461613655454389
tfidf,1,5,75,fake,434,0,0.04818572363865561,0.05174191588063224
tfidf,1,5,75,fake,437,0,0.07835499751471882,0.08015467780903318
tfidf,1,5,75,fake,441,1,0.8658737739668427,0.8602611640437082
tfidf,1,5,75,fake,444,0,0.1390752718753619,0.14062938395115301
tfidf,1,5,75,fake,456,0,0.0179480616515818,0.01783707707363638
tfidf,1,5,75,fake,468,0,0.05129067135648922,0.055274640580578856
tfidf,1,5,75,fake,485,0,0.2813068440918429,0.2949323440575128
tfidf,1,1,76,fake,319,1,0.48057161105254537,0.6517757892982584
tfidf,1,1,76,fake,331,0,0.2572032072340062,0.39553615490431693
tfidf,1,1,76,fake,345,1,0.9544630250629145,0.9703100341456876
tfidf,1,1,76,fake,346,1,0.6680167755472539,0.7444197885065946
tfidf,1,1,76,fake,357,0,0.6236201427564301,0.6286329296237732
tfidf,1,1,76,fake,358,0,0.7999034174853843,0.8841858246071439
tfidf,1,1,76,fake,362,1,0.6484726816441415,0.8078649681775107
tfidf,1,1,76,fake,363,0,0.5780884954313353,0.5291758687319796
tfidf,1,1,76,fake,364,0,0.5748371223498967,0.7682513511443546
tfidf,1,1,76,fake,369,0,0.11448717222773538,0.09535810257380281
tfidf,1,1,76,fake,372,1,0.9808856419651036,0.9835312708561653
tfidf,1,1,76,fake,391,0,0.2896448604304477,0.420803605941665
tfidf,1,1,76,fake,400,0,0.6826962893843515,0.6533884498967644
tfidf,1,1,76,fake,402,1,0.9999499338587415,0.9999576624067437
tfidf,1,1,76,fake,403,0,0.014024360326133918,0.008722764312331923
tfidf,1,1,76,fake,404,0,0.054817448174691925,0.09725955016250525
tfidf,1,1,76,fake,413,1,0.666844299325141,0.7784926161722909
tfidf,1,1,76,fake,416,0,0.07525671929733316,0.06727489059294736
tfidf,1,1,76,fake,420,0,0.5543738955266924,0.4290437159805182
tfidf,1,1,76,fake,423,0,0.8722946392186586,0.9185448138223322
tfidf,1,1,76,fake,426,1,0.8494331896436939,0.891443221812816
tfidf,1,1,76,fake,433,1,0.8804588859507813,0.8743375108231535
tfidf,1,1,76,fake,451,0,0.2019986050834132,0.1724313972373496
tfidf,1,1,76,fake,454,0,0.10142111585082203,0.15539617055932417
tfidf,1,1,76,fake,473,0,0.044014723083201535,0.039317207890114864
tfidf,1,1,76,fake,476,0,0.11220601890538087,0.10753965069845205
tfidf,1,1,76,fake,484,0,0.2556803972079146,0.36102121590296504
tfidf,1,1,76,fake,487,0,0.414840740404677,0.4371241194825627
tfidf,1,1,76,fake,490,0,0.0551104682723288,0.05694312085095909
tfidf,1,2,76,fake,303,0,0.04262375514523114,0.043847198648528984
tfidf,1,2,76,fake,304,0,0.04069210242246705,0.03930628308153315
tfidf,1,2,76,fake,310,0,0.41279454864804804,0.39118398437412366
tfidf,1,2,76,fake,312,0,0.41831465937153467,0.40217965135267214
tfidf,1,2,76,fake,316,0,0.5205736720189139,0.5155071322743735
tfidf,1,2,76,fake,324,0,0.3640643325243235,0.37031409377574237
tfidf,1,2,76,fake,328,0,0.6246494677936683,0.6142275125650353
tfidf,1,2,76,fake,339,1,0.8347273890944287,0.8352196736948795
tfidf,1,2,76,fake,353,1,0.6575290568786278,0.6598442405595863
tfidf,1,2,76,fake,355,1,0.6028550236615479,0.6145183445509731
tfidf,1,2,76,fake,366,0,0.01288370801561632,0.012172785204398393
tfidf,1,2,76,fake,375,0,0.005564309651293071,0.005076042382672801
tfidf,1,2,76,fake,376,1,0.9908652480625408,0.9913389599088239
tfidf,1,2,76,fake,379,0,0.4089710657170343,0.39934561406249847
tfidf,1,2,76,fake,381,1,0.9143669073037852,0.9186691373653875
tfidf,1,2,76,fake,382,0,0.24900194085204969,0.23324518433314734
tfidf,1,2,76,fake,386,1,0.5386443330461188,0.5408612424888875
tfidf,1,2,76,fake,390,0,0.9729968984894729,0.9747416170145503
tfidf,1,2,76,fake,392,0,0.13129974583075907,0.12823585467725424
tfidf,1,2,76,fake,401,0,0.6540138933370403,0.6509685405265542
tfidf,1,2,76,fake,412,1,0.8236407080182179,0.8271832922110905
tfidf,1,2,76,fake,422,1,0.990044916324056,0.9900953712285937
tfidf,1,2,76,fake,427,0,0.018239098827418188,0.016842899398532753
tfidf,1,2,76,fake,440,1,0.9645416096301871,0.9641776781701337
tfidf,1,2,76,fake,443,0,0.25576803841938417,0.2475477945165306
tfidf,1,2,76,fake,457,0,0.013724866850747888,0.012667356623836909
tfidf,1,2,76,fake,479,0,0.015062051200170273,0.013679588098309088
tfidf,1,2,76,fake,482,0,0.04240232127374038,0.039777238648846726
tfidf,1,2,76,fake,486,0,0.0067278886194244705,0.0063962003396280396
tfidf,1,3,76,fake,305,0,0.18771850837430404,0.18768405843282576
tfidf,1,3,76,fake,307,0,0.05504762681695486,0.040531435827429664
tfidf,1,3,76,fake,313,0,0.8496370870116431,0.8410224260583911
tfidf,1,3,76,fake,315,0,0.38495618622769656,0.3024176074940683
tfidf,1,3,76,fake,317,0,0.7904364097340707,0.8478752451249368
tfidf,1,3,76,fake,320,1,0.9018153914134107,0.9274070350070336
tfidf,1,3,76,fake,338,1,0.6222350257632495,0.7247027995946798
tfidf,1,3,76,fake,344,1,0.6862267002246996,0.758434459153529
tfidf,1,3,76,fake,352,1,0.604466766851145,0.525760951172362
tfidf,1,3,76,fake,356,1,0.862953014508825,0.8861078279157792
tfidf,1,3,76,fake,367,1,0.9960124474358311,0.9962908047229828
tfidf,1,3,76,fake,371,0,0.3057621156162218,0.34249219202110115
tfidf,1,3,76,fake,380,1,0.9109356098785295,0.8951092425260769
tfidf,1,3,76,fake,383,0,0.08634931761660179,0.08559508694817769
tfidf,1,3,76,fake,393,0,0.1284081764814074,0.1354808134252001
tfidf,1,3,76,fake,395,0,0.8218916331163328,0.8540401948690759
tfidf,1,3,76,fake,397,0,0.3519169190121806,0.35549064510438694
tfidf,1,3,76,fake,425,0,0.6440710737641268,0.649011002182401
tfidf,1,3,76,fake,430,0,0.12618213443064485,0.111960138312126
tfidf,1,3,76,fake,436,0,0.02014507068229191,0.017702302005083652
tfidf,1,3,76,fake,439,0,0.12196067393208912,0.13014474263403683
tfidf,1,3,76,fake,446,0,0.06674265229245477,0.07692581731947681
tfidf,1,3,76,fake,447,0,0.05897493535698873,0.06441507110924659
tfidf,1,3,76,fake,459,1,0.8875416797002885,0.8835164807126183
tfidf,1,3,76,fake,474,0,0.043505394212860884,0.03648908697953811
tfidf,1,3,76,fake,475,0,0.028444547540446306,0.026673505351589494
tfidf,1,3,76,fake,489,0,0.061177025228409815,0.06664960988428435
tfidf,1,3,76,fake,491,0,0.12842568290589987,0.12132218358195124
tfidf,1,4,76,fake,318,0,0.3924048704444519,0.38398123024734615
tfidf,1,4,76,fake,322,0,0.9051157419930204,0.7736425901817249
tfidf,1,4,76,fake,326,0,0.11694500577739107,0.18403109362698536
tfidf,1,4,76,fake,327,0,0.4523129447169218,0.5732898794829896
tfidf,1,4,76,fake,335,1,0.16062273283635478,0.2704690844224092
tfidf,1,4,76,fake,343,0,0.9197023281156157,0.8353633095654925
tfidf,1,4,76,fake,347,1,0.5712338815576185,0.6989240783035321
tfidf,1,4,76,fake,351,1,0.9999665925521576,0.9874426676069872
tfidf,1,4,76,fake,374,0,0.12492325487776768,0.3156372855069176
tfidf,1,4,76,fake,377,1,0.9921687563290436,0.9882590305110558
tfidf,1,4,76,fake,389,1,0.9181383327907666,0.8303724189570207
tfidf,1,4,76,fake,414,1,0.018596005766856067,0.1893172484749017
tfidf,1,4,76,fake,415,0,0.0018431364953916123,0.034834536930648405
tfidf,1,4,76,fake,419,0,6.964306244085195e-05,0.01018105431928617
tfidf,1,4,76,fake,445,0,0.002817661685014593,0.06769235033111895
tfidf,1,4,76,fake,448,1,0.5458319181974298,0.6580808418222935
tfidf,1,4,76,fake,449,0,0.12785771496356105,0.14544582847774729
tfidf,1,4,76,fake,455,0,0.001997869592610356,0.06020744040968854
tfidf,1,4,76,fake,458,0,0.005057735992744184,0.10835512843192334
tfidf,1,4,76,fake,463,0,0.0005058252441308652,0.006940805432111652
tfidf,1,4,76,fake,464,0,0.002778523567557733,0.02829451597301335
tfidf,1,4,76,fake,471,0,0.006635696704873429,0.06722456092910639
tfidf,1,4,76,fake,472,0,0.000169473478657179,0.015179147604821214
tfidf,1,4,76,fake,477,0,0.8935533702710785,0.7240954830048012
tfidf,1,4,76,fake,478,0,0.9399146374217594,0.8172538215747112
tfidf,1,4,76,fake,483,1,0.9266930600931654,0.8319809928399661
tfidf,1,4,76,fake,488,0,0.008714730606472211,0.07516318907263331
tfidf,1,4,76,fake,492,0,0.12835872692291536,0.3266185930630498
tfidf,1,5,76,fake,302,0,0.05218269306195442,0.053268307132270466
tfidf,1,5,76,fake,321,1,0.9644286851140941,0.9640843793914561
tfidf,1,5,76,fake,325,1,0.8070245995862078,0.7991660190919712
tfidf,1,5,76,fake,330,1,0.5744958610646375,0.5833014907367446
tfidf,1,5,76,fake,333,0,0.806045604104768,0.7988497030656937
tfidf,1,5,76,fake,336,0,0.47339595974912396,0.45596664034160317
tfidf,1,5,76,fake,340,0,0.6438312111435155,0.635399303448516
tfidf,1,5,76,fake,341,0,0.6641727506563498,0.659021209934624
tfidf,1,5,76,fake,348,1,0.7180402264291702,0.712606296192894
tfidf,1,5,76,fake,350,1,0.6949909205780261,0.7202325930696445
tfidf,1,5,76,fake,360,0,0.44646427599894795,0.4545729915211644
tfidf,1,5,76,fake,368,0,0.26194116952484325,0.2579124784230337
tfidf,1,5,76,fake,370,0,0.0893304220310011,0.09291903660725799
tfidf,1,5,76,fake,385,0,0.13024375307966282,0.13233926997192783
tfidf,1,5,76,fake,388,1,0.8676715774560474,0.86897485486536
tfidf,1,5,76,fake,406,0,0.6603051425192652,0.6541716740557417
tfidf,1,5,76,fake,409,1,0.23418828103149922,0.24271800803648239
tfidf,1,5,76,fake,417,0,0.10335538531628272,0.09729854377849743
tfidf,1,5,76,fake,418,1,0.8219589069588638,0.8316449046607921
tfidf,1,5,76,fake,428,0,0.09400385785237582,0.09257273512573488
tfidf,1,5,76,fake,429,0,0.07903081937782601,0.08225499039062062
tfidf,1,5,76,fake,434,0,0.043561490858182485,0.04011018534264422
tfidf,1,5,76,fake,437,0,0.05536671092784646,0.053620611025954466
tfidf,1,5,76,fake,441,1,0.8487630890542306,0.8518491944578235
tfidf,1,5,76,fake,444,0,0.06152857877211573,0.0616408350233812
tfidf,1,5,76,fake,456,0,0.013362921985204286,0.013311109989448115
tfidf,1,5,76,fake,468,0,0.049490728610369725,0.04510706487717672
tfidf,1,5,76,fake,485,0,0.006272594088654318,0.0057185855812681334
tfidf,1,1,77,fake,319,1,0.730047348521586,0.8446255478781759
tfidf,1,1,77,fake,331,0,0.5492774847524,0.676562100081033
tfidf,1,1,77,fake,345,1,0.8809450251240202,0.9374987324539165
tfidf,1,1,77,fake,346,1,0.918175733099672,0.9399426694946843
tfidf,1,1,77,fake,357,0,0.5307482212001594,0.6183492208943724
tfidf,1,1,77,fake,358,0,0.7898064912078437,0.887762027211448
tfidf,1,1,77,fake,362,1,0.6105219954021147,0.8079806393500806
tfidf,1,1,77,fake,363,0,0.11798702898447769,0.12774182213492138
tfidf,1,1,77,fake,364,0,0.85709183726113,0.9255021004127318
tfidf,1,1,77,fake,369,0,0.25130638270432853,0.22575823341447399
tfidf,1,1,77,fake,372,1,0.406927575005202,0.5084466419630744
tfidf,1,1,77,fake,391,0,0.33759133404200986,0.4934785888022184
tfidf,1,1,77,fake,400,0,0.4382793006267281,0.40133378270997094
tfidf,1,1,77,fake,402,1,0.9624422987951219,0.9704082537869958
tfidf,1,1,77,fake,403,0,0.024710839743821433,0.01664681673273463
tfidf,1,1,77,fake,404,0,0.08331040107520404,0.14588673668242846
tfidf,1,1,77,fake,413,1,0.9880594778475467,0.991625812997602
tfidf,1,1,77,fake,416,0,0.04899920754943193,0.04435072275921572
tfidf,1,1,77,fake,420,0,0.3674025060276974,0.24043929724397797
tfidf,1,1,77,fake,423,0,0.9389333605493988,0.9610514355544163
tfidf,1,1,77,fake,426,1,0.649721721405806,0.7387394635094934
tfidf,1,1,77,fake,433,1,0.8160839321819676,0.8366076959142122
tfidf,1,1,77,fake,451,0,0.3224964584036824,0.23972471404060566
tfidf,1,1,77,fake,454,0,0.08372036568287025,0.1207145414036817
tfidf,1,1,77,fake,473,0,0.025330580494131318,0.020328858623245176
tfidf,1,1,77,fake,476,0,0.13656628847918736,0.11117937793158614
tfidf,1,1,77,fake,484,0,0.13078776261108135,0.16245270417812574
tfidf,1,1,77,fake,487,0,0.5648972793413658,0.5699137218313933
tfidf,1,1,77,fake,490,0,0.07935060630278835,0.06775066634712093
tfidf,1,2,77,fake,303,0,0.038655333034647,0.35132831331716874
tfidf,1,2,77,fake,304,0,0.06497056947542061,0.4324292807962381
tfidf,1,2,77,fake,310,0,0.47540873618978474,0.6118035873723799
tfidf,1,2,77,fake,312,0,0.5674973679149579,0.6438690760584126
tfidf,1,2,77,fake,316,0,0.5454759558410172,0.7356760962125288
tfidf,1,2,77,fake,324,0,0.5774000937156631,0.7081509110572124
tfidf,1,2,77,fake,328,0,0.6917256407714126,0.6559942469315966
tfidf,1,2,77,fake,339,1,0.9879820920732519,0.9077909137562427
tfidf,1,2,77,fake,353,1,0.8650361062921971,0.781913320887027
tfidf,1,2,77,fake,355,1,0.6724830358722137,0.6787016411617857
tfidf,1,2,77,fake,366,0,0.040126291040758356,0.19026093119285595
tfidf,1,2,77,fake,375,0,0.0035358746472548743,0.10440607400195485
tfidf,1,2,77,fake,376,1,0.9519534994987775,0.868126579668902
tfidf,1,2,77,fake,379,0,0.399184859817434,0.3823417414675715
tfidf,1,2,77,fake,381,1,0.9506839370155905,0.763819637800818
tfidf,1,2,77,fake,382,0,0.22308463035991796,0.29641794582280073
tfidf,1,2,77,fake,386,1,0.6619055759192691,0.4706240837703473
tfidf,1,2,77,fake,390,0,0.9622564357666229,0.8477168162345459
tfidf,1,2,77,fake,392,0,0.1324578080450517,0.2744483157819522
tfidf,1,2,77,fake,401,0,0.615242798178987,0.5395562277348718
tfidf,1,2,77,fake,412,1,0.7015766204775753,0.4642835318900994
tfidf,1,2,77,fake,422,1,0.6087556903596877,0.5102389052760067
tfidf,1,2,77,fake,427,0,0.011290982363266006,0.12261618274349963
tfidf,1,2,77,fake,440,1,0.824870856578898,0.7154439630615381
tfidf,1,2,77,fake,443,0,0.1329387395304791,0.2952241190430591
tfidf,1,2,77,fake,457,0,0.00787520002942369,0.1210769527946532
tfidf,1,2,77,fake,479,0,0.011963773870171281,0.1391759664083072
tfidf,1,2,77,fake,482,0,0.1175315942254065,0.28066153549151984
tfidf,1,2,77,fake,486,0,0.006376517913350437,0.11338071609006689
tfidf,1,3,77,fake,305,0,0.5442419559436384,0.5403387126276914
tfidf,1,3,77,fake,307,0,0.15421596816146907,0.10298150862225945
tfidf,1,3,77,fake,313,0,0.3041272449934113,0.3154869824713578
tfidf,1,3,77,fake,315,0,0.5218520200867321,0.3893799241166003
tfidf,1,3,77,fake,317,0,0.6775346369318851,0.7723043157491597
tfidf,1,3,77,fake,320,1,0.8419902765527802,0.894994619774799
tfidf,1,3,77,fake,338,1,0.7654530061547611,0.845798474558566
tfidf,1,3,77,fake,344,1,0.4289540665183824,0.5494114625461217
tfidf,1,3,77,fake,352,1,0.659602552233289,0.5441458092266248
tfidf,1,3,77,fake,356,1,0.7286993015123291,0.7964466171036997
tfidf,1,3,77,fake,367,1,0.998984944239944,0.9989167092033182
tfidf,1,3,77,fake,371,0,0.6108076099792619,0.658684151523828
tfidf,1,3,77,fake,380,1,0.8240745776067243,0.7512440291567744
tfidf,1,3,77,fake,383,0,0.14500466984990176,0.12520140639739846
tfidf,1,3,77,fake,393,0,0.05323985566472579,0.05841633900912598
tfidf,1,3,77,fake,395,0,0.5242474332033576,0.6089371766939676
tfidf,1,3,77,fake,397,0,0.7319163993922679,0.7192023472037384
tfidf,1,3,77,fake,425,0,0.29339115521127823,0.28236447243595325
tfidf,1,3,77,fake,430,0,0.23459244798347823,0.2193304074547151
tfidf,1,3,77,fake,436,0,0.014814615287502204,0.012008173775656767
tfidf,1,3,77,fake,439,0,0.32022309749530464,0.3425415651422442
tfidf,1,3,77,fake,446,0,0.04481963205995649,0.05449885895005869
tfidf,1,3,77,fake,447,0,0.20922748570086358,0.2072109100105798
tfidf,1,3,77,fake,459,1,0.9619411418535732,0.963460114842785
tfidf,1,3,77,fake,474,0,0.0492290498127758,0.03923472425558578
tfidf,1,3,77,fake,475,0,0.015264421517203272,0.014189958363069587
tfidf,1,3,77,fake,489,0,0.041831547394521905,0.039663080595770735
tfidf,1,3,77,fake,491,0,0.3119766453207244,0.3333162784057672
tfidf,1,4,77,fake,318,0,0.2547789384696409,0.18626152973257315
tfidf,1,4,77,fake,322,0,0.47915018633599443,0.5139347768623425
tfidf,1,4,77,fake,326,0,0.4681976184313074,0.3833289190766219
tfidf,1,4,77,fake,327,0,0.6484881993116396,0.6318270494996199
tfidf,1,4,77,fake,335,1,0.29955340669952485,0.2668510601915061
tfidf,1,4,77,fake,343,0,0.638033653209906,0.6406812975676659
tfidf,1,4,77,fake,347,1,0.6216867324134565,0.6380451580216705
tfidf,1,4,77,fake,351,1,0.973910477739215,0.9799674950196686
tfidf,1,4,77,fake,374,0,0.2808957163798484,0.2618825731208769
tfidf,1,4,77,fake,377,1,0.9971823292622589,0.9979030283663081
tfidf,1,4,77,fake,389,1,0.9645999202332833,0.9724433853270382
tfidf,1,4,77,fake,414,1,0.4387852953243224,0.38954469357736843
tfidf,1,4,77,fake,415,0,0.06904839136247462,0.0631221005034948
tfidf,1,4,77,fake,419,0,0.01832941863776754,0.01447083535362756
tfidf,1,4,77,fake,445,0,0.214533412666482,0.23269824507935635
tfidf,1,4,77,fake,448,1,0.47148648185815606,0.46049088516819126
tfidf,1,4,77,fake,449,0,0.10616793418682999,0.09884060161568421
tfidf,1,4,77,fake,455,0,0.0746715260901001,0.07826202955656011
tfidf,1,4,77,fake,458,0,0.07933463286254415,0.08187691200624775
tfidf,1,4,77,fake,463,0,0.005083747609570016,0.0035723935188301417
tfidf,1,4,77,fake,464,0,0.1525638489949953,0.13069703733821494
tfidf,1,4,77,fake,471,0,0.44031311747542223,0.3403622336671723
tfidf,1,4,77,fake,472,0,0.035407815048449046,0.03339771052104618
tfidf,1,4,77,fake,477,0,0.3682720616440874,0.39540194201024165
tfidf,1,4,77,fake,478,0,0.8530916678671103,0.8587705779895187
tfidf,1,4,77,fake,483,1,0.6918224311602837,0.6824983911262175
tfidf,1,4,77,fake,488,0,0.09028361823029915,0.07457532624440298
tfidf,1,4,77,fake,492,0,0.10913131660841639,0.1269987853641325
tfidf,1,5,77,fake,302,0,0.05965848699803851,0.38214851555312773
tfidf,1,5,77,fake,321,1,0.5047076040325101,0.6686520690827098
tfidf,1,5,77,fake,325,1,0.9594378674870729,0.8064585219103139
tfidf,1,5,77,fake,330,1,0.4071736687107425,0.625972811943396
tfidf,1,5,77,fake,333,0,0.5926671969957646,0.6683614875521563
tfidf,1,5,77,fake,336,0,0.340866173328616,0.5432418184287034
tfidf,1,5,77,fake,340,0,0.6659477186872482,0.6680181896634725
tfidf,1,5,77,fake,341,0,0.2407942115714137,0.5217886402281834
tfidf,1,5,77,fake,348,1,0.7975703344824407,0.7200058658836088
tfidf,1,5,77,fake,350,1,0.668397535142399,0.6821008587662624
tfidf,1,5,77,fake,360,0,0.9679670712521319,0.7985928368649817
tfidf,1,5,77,fake,368,0,0.27335298467455627,0.41348876718982763
tfidf,1,5,77,fake,370,0,0.1963744604490731,0.29563217543198295
tfidf,1,5,77,fake,385,0,0.055364712606336554,0.23781829647504243
tfidf,1,5,77,fake,388,1,0.40288397649349694,0.48699203002063424
tfidf,1,5,77,fake,406,0,0.06869400917383263,0.18097131612865983
tfidf,1,5,77,fake,409,1,0.9216058488763971,0.7182152540194924
tfidf,1,5,77,fake,417,0,0.1250409789024709,0.29278500664364726
tfidf,1,5,77,fake,418,1,0.9507380831498231,0.780964738861525
tfidf,1,5,77,fake,428,0,0.14733229177454157,0.2789618602339622
tfidf,1,5,77,fake,429,0,0.4413054860734402,0.42868683165889443
tfidf,1,5,77,fake,434,0,0.041486268776578676,0.20272709347031156
tfidf,1,5,77,fake,437,0,0.10033959720866971,0.22964027013032826
tfidf,1,5,77,fake,441,1,0.7170848062168832,0.6450330909255295
tfidf,1,5,77,fake,444,0,0.14058030105318944,0.32234917847284456
tfidf,1,5,77,fake,456,0,0.022124890258965944,0.12532668745801742
tfidf,1,5,77,fake,468,0,0.035386308040675926,0.15185097656503285
tfidf,1,5,77,fake,485,0,0.045645589230709466,0.15495168464271625
tfidf,1,1,78,fake,319,1,0.8824198850312202,0.9249973223619795
tfidf,1,1,78,fake,331,0,0.36803610383087193,0.4709043235060592
tfidf,1,1,78,fake,345,1,0.7441543537650785,0.8252612547385335
tfidf,1,1,78,fake,346,1,0.628501679264132,0.6826499335447914
tfidf,1,1,78,fake,357,0,0.5718069021195408,0.6289145669267631
tfidf,1,1,78,fake,358,0,0.6793709444967997,0.7960522962911484
tfidf,1,1,78,fake,362,1,0.9567710071592516,0.9767894337524776
tfidf,1,1,78,fake,363,0,0.10189955109333612,0.08996188733621258
tfidf,1,1,78,fake,364,0,0.5111660473794001,0.6387294917758596
tfidf,1,1,78,fake,369,0,0.12733030886893695,0.11497989364689855
tfidf,1,1,78,fake,372,1,0.8437210534886428,0.8294757296248414
tfidf,1,1,78,fake,391,0,0.4038439982147806,0.5170662713726043
tfidf,1,1,78,fake,400,0,0.7424763149283802,0.7778216459750988
tfidf,1,1,78,fake,402,1,0.9960959215979132,0.9968765525464652
tfidf,1,1,78,fake,403,0,0.017042718287409497,0.014683868350976322
tfidf,1,1,78,fake,404,0,0.06518828560524662,0.09892105758552976
tfidf,1,1,78,fake,413,1,0.7628599957945299,0.8226299370300995
tfidf,1,1,78,fake,416,0,0.11516498921170258,0.10898378898737719
tfidf,1,1,78,fake,420,0,0.6815687457246336,0.6185624257180725
tfidf,1,1,78,fake,423,0,0.9103621137678178,0.941789338811353
tfidf,1,1,78,fake,426,1,0.9986121184706833,0.99856656290345
tfidf,1,1,78,fake,433,1,0.5033794367254985,0.5136145583310799
tfidf,1,1,78,fake,451,0,0.5240762325497477,0.4733614411587128
tfidf,1,1,78,fake,454,0,0.03477824511626495,0.03914093449671438
tfidf,1,1,78,fake,473,0,0.07461649644924437,0.06897222319762038
tfidf,1,1,78,fake,476,0,0.1314267870604269,0.11760686047545442
tfidf,1,1,78,fake,484,0,0.3401106326883775,0.4328832500814651
tfidf,1,1,78,fake,487,0,0.1258493954957599,0.12931502695982558
tfidf,1,1,78,fake,490,0,0.12877974671973813,0.13132254322593753
tfidf,1,2,78,fake,303,0,0.0030893651559774312,0.058828019558288175
tfidf,1,2,78,fake,304,0,0.004607883176147191,0.0919968091670306
tfidf,1,2,78,fake,310,0,0.2563005611759231,0.34746798616112473
tfidf,1,2,78,fake,312,0,0.05834194091985896,0.2985381626281538
tfidf,1,2,78,fake,316,0,0.29571740021435244,0.5672628794045448
tfidf,1,2,78,fake,324,0,0.39750313289273537,0.5406604353811333
tfidf,1,2,78,fake,328,0,0.8525451841509987,0.6789230585224706
tfidf,1,2,78,fake,339,1,0.7740867135019018,0.8387732920253101
tfidf,1,2,78,fake,353,1,0.9742066805273241,0.9159106365389456
tfidf,1,2,78,fake,355,1,0.8279179424340537,0.7430771710706121
tfidf,1,2,78,fake,366,0,0.0007050292984740409,0.016446234846304905
tfidf,1,2,78,fake,375,0,1.5347119549611313e-05,0.002355123792379727
tfidf,1,2,78,fake,376,1,0.9974558673760373,0.9916552255481335
tfidf,1,2,78,fake,379,0,0.12094693190274239,0.3679577890131353
tfidf,1,2,78,fake,381,1,0.9999854184326509,0.9978925641707488
tfidf,1,2,78,fake,382,0,0.6799611004246038,0.23848916714048302
tfidf,1,2,78,fake,386,1,0.8851058962044939,0.6979490931742909
tfidf,1,2,78,fake,390,0,0.9789776956410774,0.9434083860678525
tfidf,1,2,78,fake,392,0,0.06077589072946592,0.14521411657351796
tfidf,1,2,78,fake,401,0,0.8817975231187548,0.799130980095263
tfidf,1,2,78,fake,412,1,0.987478114234532,0.8349661106571781
tfidf,1,2,78,fake,422,1,0.5468365165285479,0.4921911012973996
tfidf,1,2,78,fake,427,0,0.00032005480380143216,0.0098174508844422
tfidf,1,2,78,fake,440,1,0.810267366682893,0.8638878374719187
tfidf,1,2,78,fake,443,0,0.0504235057914982,0.1762687979601306
tfidf,1,2,78,fake,457,0,0.00013315246343081848,0.007270308876180774
tfidf,1,2,78,fake,479,0,2.3562314522992326e-05,0.006646248116459998
tfidf,1,2,78,fake,482,0,0.00369712375674647,0.06606332815909108
tfidf,1,2,78,fake,486,0,7.318216306093593e-05,0.00478175754517321
tfidf,1,3,78,fake,305,0,0.34338805254104515,0.30087752430663633
tfidf,1,3,78,fake,307,0,0.2591512236631488,0.14126720100800233
tfidf,1,3,78,fake,313,0,0.20022429084462268,0.21244284949963652
tfidf,1,3,78,fake,315,0,0.5029605237833401,0.32419328376677947
tfidf,1,3,78,fake,317,0,0.5863194022846975,0.681588686681623
tfidf,1,3,78,fake,320,1,0.8061999087974325,0.8922834809095714
tfidf,1,3,78,fake,338,1,0.6109808199114,0.772398092347904
tfidf,1,3,78,fake,344,1,0.5064208289288271,0.6173387030870089
tfidf,1,3,78,fake,352,1,0.6130160135470892,0.4296086031627606
tfidf,1,3,78,fake,356,1,0.4339525800485885,0.5560275766207767
tfidf,1,3,78,fake,367,1,0.9989009088781166,0.998975024790383
tfidf,1,3,78,fake,371,0,0.3988347144152987,0.44256634670635037
tfidf,1,3,78,fake,380,1,0.8354315701175813,0.7678866700583987
tfidf,1,3,78,fake,383,0,0.10596197693899152,0.08508455248279673
tfidf,1,3,78,fake,393,0,0.10821152970300225,0.10587088166346334
tfidf,1,3,78,fake,395,0,0.6147399299136316,0.7385091106868101
tfidf,1,3,78,fake,397,0,0.3122797002757716,0.33512849663130356
tfidf,1,3,78,fake,425,0,0.6719868940623619,0.6900131542124195
tfidf,1,3,78,fake,430,0,0.45746001453512003,0.3847108294885434
tfidf,1,3,78,fake,436,0,0.020575459348167947,0.014131034483090126
tfidf,1,3,78,fake,439,0,0.33179572977674776,0.35694511663407646
tfidf,1,3,78,fake,446,0,0.08706665969739096,0.10179521313135881
tfidf,1,3,78,fake,447,0,0.5902138881207424,0.596900399031249
tfidf,1,3,78,fake,459,1,0.90265613398233,0.9037384025944227
tfidf,1,3,78,fake,474,0,0.014804359894728385,0.012733471306133198
tfidf,1,3,78,fake,475,0,0.029356602265295725,0.024913783056625807
tfidf,1,3,78,fake,489,0,0.20346543113212412,0.21485729267089065
tfidf,1,3,78,fake,491,0,0.09984979279066575,0.09664700691768449
tfidf,1,4,78,fake,318,0,0.605245409579688,0.4319372786804226
tfidf,1,4,78,fake,322,0,0.5095342452470243,0.5510236779721137
tfidf,1,4,78,fake,326,0,0.3199743820030493,0.21833751855410866
tfidf,1,4,78,fake,327,0,0.7935543004849425,0.7505887637240647
tfidf,1,4,78,fake,335,1,0.7331796576351367,0.704778438308099
tfidf,1,4,78,fake,343,0,0.7790521153144395,0.7839993612661152
tfidf,1,4,78,fake,347,1,0.8024103177111493,0.8275634771554133
tfidf,1,4,78,fake,351,1,0.7187614777936973,0.8110453819317652
tfidf,1,4,78,fake,374,0,0.2689079473070779,0.2866987482641123
tfidf,1,4,78,fake,377,1,0.9612679382240686,0.9722359063535851
tfidf,1,4,78,fake,389,1,0.5992550796668741,0.6904948978542407
tfidf,1,4,78,fake,414,1,0.6928136468106086,0.6471642447170409
tfidf,1,4,78,fake,415,0,0.18349303287794286,0.16364083536033372
tfidf,1,4,78,fake,419,0,0.00976991557641629,0.007172819876201719
tfidf,1,4,78,fake,445,0,0.1049801381989149,0.12316377414677228
tfidf,1,4,78,fake,448,1,0.3159456511949636,0.291217409078415
tfidf,1,4,78,fake,449,0,0.13783178889912095,0.13085856680910574
tfidf,1,4,78,fake,455,0,0.088367224965923,0.07300109494363731
tfidf,1,4,78,fake,458,0,0.059576087992085004,0.06502511531928598
tfidf,1,4,78,fake,463,0,0.010726856322841587,0.007271412741400383
tfidf,1,4,78,fake,464,0,0.040019714937314106,0.034915687165301953
tfidf,1,4,78,fake,471,0,0.11903725288152237,0.08786310296668313
tfidf,1,4,78,fake,472,0,0.01093695590319596,0.010328190004207196
tfidf,1,4,78,fake,477,0,0.49248936039174235,0.49627317378937097
tfidf,1,4,78,fake,478,0,0.8326844193638903,0.8345068435388798
tfidf,1,4,78,fake,483,1,0.8651833687960072,0.8648489455887874
tfidf,1,4,78,fake,488,0,0.05985600181884782,0.04182217672378736
tfidf,1,4,78,fake,492,0,0.3105484538077564,0.321757812742504
tfidf,1,5,78,fake,302,0,0.18453986517266252,0.47848612749336167
tfidf,1,5,78,fake,321,1,0.6055166376204183,0.6961341102413551
tfidf,1,5,78,fake,325,1,0.7731356588448682,0.6982269655189414
tfidf,1,5,78,fake,330,1,0.7587356779116952,0.7189301897308233
tfidf,1,5,78,fake,333,0,0.2638315750078281,0.5518408414811486
tfidf,1,5,78,fake,336,0,0.574822256797308,0.6232050725192796
tfidf,1,5,78,fake,340,0,0.9139292978378624,0.7729074643248406
tfidf,1,5,78,fake,341,0,0.3927759952018773,0.5802441241225647
tfidf,1,5,78,fake,348,1,0.7045053932080886,0.7083561356474852
tfidf,1,5,78,fake,350,1,0.8678900988857426,0.7531039412777529
tfidf,1,5,78,fake,360,0,0.7771524170366516,0.6607404706311405
tfidf,1,5,78,fake,368,0,0.15490177364670368,0.35532017845807423
tfidf,1,5,78,fake,370,0,0.09675167978733284,0.24525680583841533
tfidf,1,5,78,fake,385,0,0.18337933036135162,0.3176303775537211
tfidf,1,5,78,fake,388,1,0.5520101521031718,0.5076521554158447
tfidf,1,5,78,fake,406,0,0.18076420549633992,0.27903823198627914
tfidf,1,5,78,fake,409,1,0.5572799813400899,0.5324903015876594
tfidf,1,5,78,fake,417,0,0.11983701527274614,0.2594762319871347
tfidf,1,5,78,fake,418,1,0.9880799207158604,0.8550546113085481
tfidf,1,5,78,fake,428,0,0.06848212054403431,0.2531066078514673
tfidf,1,5,78,fake,429,0,0.07513171100789794,0.26255831981355265
tfidf,1,5,78,fake,434,0,0.04828726743656474,0.207968306578071
tfidf,1,5,78,fake,437,0,0.030649815061798667,0.17641203370179304
tfidf,1,5,78,fake,441,1,0.9202667420145038,0.7194091858560819
tfidf,1,5,78,fake,444,0,0.33899514401008934,0.4089511689092886
tfidf,1,5,78,fake,456,0,0.019066548114443513,0.13008450843087
tfidf,1,5,78,fake,468,0,0.018501001441641986,0.13861527833553977
tfidf,1,5,78,fake,485,0,0.025937767928284887,0.1513364707455316
tfidf,1,1,79,fake,319,1,0.8891881738747878,0.7993006188286177
tfidf,1,1,79,fake,331,0,0.5369331657522654,0.6698589441739965
tfidf,1,1,79,fake,345,1,0.7663725473564277,0.7184346145045983
tfidf,1,1,79,fake,346,1,0.9428117121857476,0.8461081821284605
tfidf,1,1,79,fake,357,0,0.5086660286688599,0.6067810499848324
tfidf,1,1,79,fake,358,0,0.7997178189554109,0.7553399344587485
tfidf,1,1,79,fake,362,1,0.9934451019196296,0.9425666443113634
tfidf,1,1,79,fake,363,0,0.20467199216721996,0.3061942193763771
tfidf,1,1,79,fake,364,0,0.6138794406601408,0.5979042035348356
tfidf,1,1,79,fake,369,0,0.3717685862550331,0.41213789532362916
tfidf,1,1,79,fake,372,1,0.6272268289828673,0.765178374081969
tfidf,1,1,79,fake,391,0,0.27280819827537245,0.3935476176475275
tfidf,1,1,79,fake,400,0,0.5448272711534697,0.5948542383180423
tfidf,1,1,79,fake,402,1,0.9350339678380167,0.7727472958773707
tfidf,1,1,79,fake,403,0,0.023150970784084103,0.12374369321360475
tfidf,1,1,79,fake,404,0,0.084178080983502,0.3219648433133416
tfidf,1,1,79,fake,413,1,0.917602305770306,0.8012382144779369
tfidf,1,1,79,fake,416,0,0.026902324069418334,0.160117716239159
tfidf,1,1,79,fake,420,0,0.37715587085501895,0.43721036571911126
tfidf,1,1,79,fake,423,0,0.8356863488424977,0.6942027342598919
tfidf,1,1,79,fake,426,1,0.49576473399178356,0.5864866337979564
tfidf,1,1,79,fake,433,1,0.4976353946555184,0.3283082250931298
tfidf,1,1,79,fake,451,0,0.23326578141014948,0.4662187118840722
tfidf,1,1,79,fake,454,0,0.0350757360511552,0.17650960149310466
tfidf,1,1,79,fake,473,0,0.06626929016187609,0.16687617068713134
tfidf,1,1,79,fake,476,0,0.09998761564035852,0.21675596514020282
tfidf,1,1,79,fake,484,0,0.4309035301370546,0.5760820481288964
tfidf,1,1,79,fake,487,0,0.304481219379568,0.3973115895834486
tfidf,1,1,79,fake,490,0,0.10717459474703174,0.24220650130290314
tfidf,1,2,79,fake,303,0,0.03182484070334538,0.03332127743528206
tfidf,1,2,79,fake,304,0,0.059429829962825774,0.050213638940431515
tfidf,1,2,79,fake,310,0,0.37034193759135176,0.278980267299703
tfidf,1,2,79,fake,312,0,0.6066087141413307,0.5289535355255903
tfidf,1,2,79,fake,316,0,0.4599133953124541,0.4393531018282381
tfidf,1,2,79,fake,324,0,0.49015541449103356,0.5229988212009826
tfidf,1,2,79,fake,328,0,0.4997706597575793,0.46118547351124084
tfidf,1,2,79,fake,339,1,0.9613639230806584,0.9593465627779468
tfidf,1,2,79,fake,353,1,0.8152651667451726,0.8230017384892888
tfidf,1,2,79,fake,355,1,0.5926975041385181,0.6382625838533138
tfidf,1,2,79,fake,366,0,0.023121556888091595,0.01843352223076266
tfidf,1,2,79,fake,375,0,0.005465722441540548,0.003732074264139916
tfidf,1,2,79,fake,376,1,0.9508669747071924,0.9600657273184415
tfidf,1,2,79,fake,379,0,0.22266549024839574,0.19298757927383797
tfidf,1,2,79,fake,381,1,0.9970426730364629,0.9972614232551061
tfidf,1,2,79,fake,382,0,0.21143186829654365,0.1732463076670102
tfidf,1,2,79,fake,386,1,0.7648555168589531,0.7880098979118113
tfidf,1,2,79,fake,390,0,0.9103279026260822,0.9318629803972261
tfidf,1,2,79,fake,392,0,0.13672717312823784,0.11547202955949115
tfidf,1,2,79,fake,401,0,0.7281042492733057,0.7250532403237775
tfidf,1,2,79,fake,412,1,0.6569875287123392,0.6414243684649039
tfidf,1,2,79,fake,422,1,0.5917795172732035,0.5464081080629198
tfidf,1,2,79,fake,427,0,0.0086327356646858,0.006368675053922388
tfidf,1,2,79,fake,440,1,0.8702216263284182,0.8775175333421396
tfidf,1,2,79,fake,443,0,0.30813626065012134,0.26029386427669493
tfidf,1,2,79,fake,457,0,0.012545874205885349,0.010239151617715055
tfidf,1,2,79,fake,479,0,0.01413071109168879,0.010514240311441929
tfidf,1,2,79,fake,482,0,0.03624250389614703,0.029785124013185383
tfidf,1,2,79,fake,486,0,0.019184319656617793,0.017226212096360268
tfidf,1,3,79,fake,305,0,0.6302032425940937,0.6225997278713702
tfidf,1,3,79,fake,307,0,0.5106757130193218,0.4766087656058845
tfidf,1,3,79,fake,313,0,0.6877621382054914,0.6856645241241198
tfidf,1,3,79,fake,315,0,0.5437354732751795,0.5050324301649963
tfidf,1,3,79,fake,317,0,0.6383003159297087,0.6584958458033595
tfidf,1,3,79,fake,320,1,0.8158474127328318,0.8365555824978421
tfidf,1,3,79,fake,338,1,0.5857471630069779,0.6166759743078986
tfidf,1,3,79,fake,344,1,0.6906894789307151,0.7059574712593718
tfidf,1,3,79,fake,352,1,0.6103614644170613,0.5812923012941682
tfidf,1,3,79,fake,356,1,0.6316352489862124,0.6534597024603926
tfidf,1,3,79,fake,367,1,0.9353125374123819,0.9377815269074625
tfidf,1,3,79,fake,371,0,0.5119502107598946,0.5199994568994375
tfidf,1,3,79,fake,380,1,0.6723033895573962,0.6519610385742696
tfidf,1,3,79,fake,383,0,0.3199573486284225,0.31622427009960813
tfidf,1,3,79,fake,393,0,0.24293694019034642,0.24099228042868948
tfidf,1,3,79,fake,395,0,0.4496322093274503,0.46353448134505
tfidf,1,3,79,fake,397,0,0.3249670366095592,0.32367500013132605
tfidf,1,3,79,fake,425,0,0.7514621836705003,0.7528705024674477
tfidf,1,3,79,fake,430,0,0.4366012811896686,0.43006918441642134
tfidf,1,3,79,fake,436,0,0.1624385624158186,0.15763841352276947
tfidf,1,3,79,fake,439,0,0.3188334813373295,0.3200773468542237
tfidf,1,3,79,fake,446,0,0.18579931846216655,0.18974327918586575
tfidf,1,3,79,fake,447,0,0.35437239446724783,0.3526632667340994
tfidf,1,3,79,fake,459,1,0.8494009766330823,0.8498026620640308
tfidf,1,3,79,fake,474,0,0.16473665023639272,0.1584502707417389
tfidf,1,3,79,fake,475,0,0.13889000906215263,0.1360751413209509
tfidf,1,3,79,fake,489,0,0.28012726823907275,0.27700479102576964
tfidf,1,3,79,fake,491,0,0.4363168027801661,0.44021274334473226
tfidf,1,4,79,fake,318,0,0.5208034565284955,0.36894284195983973
tfidf,1,4,79,fake,322,0,0.6339474913870549,0.6768343975966278
tfidf,1,4,79,fake,326,0,0.6820701550708949,0.5536179710072044
tfidf,1,4,79,fake,327,0,0.6451683536306422,0.6108898401377861
tfidf,1,4,79,fake,335,1,0.6310879246167462,0.5881095140399307
tfidf,1,4,79,fake,343,0,0.8161495528372005,0.8169569081369498
tfidf,1,4,79,fake,347,1,0.8959357122589047,0.9050291996527539
tfidf,1,4,79,fake,351,1,0.9482528243248336,0.9623302120468724
tfidf,1,4,79,fake,374,0,0.30509093943447785,0.28125810651613686
tfidf,1,4,79,fake,377,1,0.9846690911872505,0.9885183250245131
tfidf,1,4,79,fake,389,1,0.44485166104995794,0.5349829743206658
tfidf,1,4,79,fake,414,1,0.4066223708296723,0.3391273340122501
tfidf,1,4,79,fake,415,0,0.07080958283234853,0.0598638520801887
tfidf,1,4,79,fake,419,0,0.02198342982195166,0.01684417735239543
tfidf,1,4,79,fake,445,0,0.05610768788305305,0.06459148949122892
tfidf,1,4,79,fake,448,1,0.8244540010042075,0.8068548010219133
tfidf,1,4,79,fake,449,0,0.24656123131562108,0.22405518743485564
tfidf,1,4,79,fake,455,0,0.09688802687942098,0.09592234001231283
tfidf,1,4,79,fake,458,0,0.24830373498900848,0.2607277349554177
tfidf,1,4,79,fake,463,0,0.004194276887561686,0.002715096443753322
tfidf,1,4,79,fake,464,0,0.04154078660649497,0.03576660733280906
tfidf,1,4,79,fake,471,0,0.1497014288392865,0.11092947109658248
tfidf,1,4,79,fake,472,0,0.011635595069738134,0.010681733074859284
tfidf,1,4,79,fake,477,0,0.4337231750239249,0.4575159252859308
tfidf,1,4,79,fake,478,0,0.7692896346989729,0.7802795638838571
tfidf,1,4,79,fake,483,1,0.9294913541444026,0.9224330213296237
tfidf,1,4,79,fake,488,0,0.18536659261582805,0.14287292931781306
tfidf,1,4,79,fake,492,0,0.08093082808199803,0.08510055108665444
tfidf,1,5,79,fake,302,0,0.5348445358918484,0.5433072132978763
tfidf,1,5,79,fake,321,1,0.5165524556346726,0.5197077385535208
tfidf,1,5,79,fake,325,1,0.6512168289779641,0.6454852404931668
tfidf,1,5,79,fake,330,1,0.3142412345550997,0.316146074657237
tfidf,1,5,79,fake,333,0,0.4616701105400075,0.46109376333709473
tfidf,1,5,79,fake,336,0,0.30625335235324336,0.30064170879121244
tfidf,1,5,79,fake,340,0,0.3399263489444045,0.33760021537269874
tfidf,1,5,79,fake,341,0,0.3924923576219701,0.3898314285731527
tfidf,1,5,79,fake,348,1,0.527958348620368,0.5232739216381616
tfidf,1,5,79,fake,350,1,0.9393086632562219,0.9427281608996323
tfidf,1,5,79,fake,360,0,0.564953940566539,0.5711189773331665
tfidf,1,5,79,fake,368,0,0.3236273988268263,0.3207786074575773
tfidf,1,5,79,fake,370,0,0.1978027960089029,0.201942673223793
tfidf,1,5,79,fake,385,0,0.1542045830390179,0.15544628151367956
tfidf,1,5,79,fake,388,1,0.6675576615605127,0.671141058397126
tfidf,1,5,79,fake,406,0,0.039873974793337534,0.03913863781667356
tfidf,1,5,79,fake,409,1,0.8431411881847182,0.8455357386491748
tfidf,1,5,79,fake,417,0,0.03777105085781192,0.03683530834970149
tfidf,1,5,79,fake,418,1,0.8587473152824865,0.8671364723174471
tfidf,1,5,79,fake,428,0,0.29631860116527337,0.29171951444157435
tfidf,1,5,79,fake,429,0,0.11610034093888046,0.11954052642825731
tfidf,1,5,79,fake,434,0,0.05624558577489542,0.053517415807884085
tfidf,1,5,79,fake,437,0,0.05683358228468351,0.0558443779777717
tfidf,1,5,79,fake,441,1,0.9119974996984115,0.9137022529256011
tfidf,1,5,79,fake,444,0,0.07764487296580605,0.07746224825622597
tfidf,1,5,79,fake,456,0,0.05191894164382241,0.05150743568554134
tfidf,1,5,79,fake,468,0,0.35223703080052754,0.342514753630984
tfidf,1,5,79,fake,485,0,0.05746646540069,0.05580497282387289
tfidf,1,1,80,fake,319,1,0.7576682763763027,0.7460252995671944
tfidf,1,1,80,fake,331,0,0.8463446334116078,0.7461603303366223
tfidf,1,1,80,fake,345,1,0.633320191649307,0.6877904505595694
tfidf,1,1,80,fake,346,1,0.7217829651228185,0.7308756491936448
tfidf,1,1,80,fake,357,0,0.2938374643551265,0.5467004938572515
tfidf,1,1,80,fake,358,0,0.7284148765909088,0.7309431460943822
tfidf,1,1,80,fake,362,1,0.7124186570048301,0.7399150020986529
tfidf,1,1,80,fake,363,0,0.10945366940053043,0.2851527274681136
tfidf,1,1,80,fake,364,0,0.7817378529847389,0.6295483960273154
tfidf,1,1,80,fake,369,0,0.2890356940820656,0.3770651169215688
tfidf,1,1,80,fake,372,1,0.9465708946950648,0.8544051090638809
tfidf,1,1,80,fake,391,0,0.47231275368831466,0.4762594471038806
tfidf,1,1,80,fake,400,0,0.821859465453401,0.645850920305497
tfidf,1,1,80,fake,402,1,0.938282371005486,0.782765499286445
tfidf,1,1,80,fake,403,0,0.04807027837396598,0.1418133915989617
tfidf,1,1,80,fake,404,0,0.04990761822130871,0.2684379844936771
tfidf,1,1,80,fake,413,1,0.9705436740564989,0.7983551663124769
tfidf,1,1,80,fake,416,0,0.015457245126027117,0.15335360057256125
tfidf,1,1,80,fake,420,0,0.12470323603444797,0.30315105673006193
tfidf,1,1,80,fake,423,0,0.8631256707348433,0.7206897994315521
tfidf,1,1,80,fake,426,1,0.9117907319489869,0.7189956375306965
tfidf,1,1,80,fake,433,1,0.9953248116932708,0.7493512842312181
tfidf,1,1,80,fake,451,0,0.5810346428481803,0.5235771344095986
tfidf,1,1,80,fake,454,0,0.06881092277554053,0.2208524480247587
tfidf,1,1,80,fake,473,0,0.07420947763888361,0.17145751119382777
tfidf,1,1,80,fake,476,0,0.11056549789161593,0.21424484745994332
tfidf,1,1,80,fake,484,0,0.44159959927382786,0.5169972344747666
tfidf,1,1,80,fake,487,0,0.478918059994768,0.43790574409706007
tfidf,1,1,80,fake,490,0,0.08767268679595745,0.24629021616090246
tfidf,1,2,80,fake,303,0,0.05223725537801362,0.0531236552916859
tfidf,1,2,80,fake,304,0,0.08218935385454014,0.06822859170099703
tfidf,1,2,80,fake,310,0,0.470274621063661,0.3681643074840657
tfidf,1,2,80,fake,312,0,0.20321139931540336,0.1554068080725229
tfidf,1,2,80,fake,316,0,0.38067206634093953,0.37333873365157705
tfidf,1,2,80,fake,324,0,0.24091196422944036,0.2736840935057675
tfidf,1,2,80,fake,328,0,0.7262413763781832,0.6956873653208716
tfidf,1,2,80,fake,339,1,0.920907042033294,0.9208443460117701
tfidf,1,2,80,fake,353,1,0.997591613595137,0.997367338603766
tfidf,1,2,80,fake,355,1,0.6795133935696327,0.706697459819656
tfidf,1,2,80,fake,366,0,0.02492926388838493,0.020358728279501918
tfidf,1,2,80,fake,375,0,0.0034154070804876795,0.0024512173937825408
tfidf,1,2,80,fake,376,1,0.9971595178685797,0.9978657446376675
tfidf,1,2,80,fake,379,0,0.4702620014961535,0.46673001134438674
tfidf,1,2,80,fake,381,1,0.8964344506783557,0.9187414589287761
tfidf,1,2,80,fake,382,0,0.15675788758928974,0.13469651801252797
tfidf,1,2,80,fake,386,1,0.5897342722084709,0.6233091033279508
tfidf,1,2,80,fake,390,0,0.9463693257356808,0.9625790952780571
tfidf,1,2,80,fake,392,0,0.07506870271835557,0.06603020181953
tfidf,1,2,80,fake,401,0,0.6922663713672635,0.672309472174975
tfidf,1,2,80,fake,412,1,0.6527407894006266,0.636527455362622
tfidf,1,2,80,fake,422,1,0.6644238745972094,0.6028231688440289
tfidf,1,2,80,fake,427,0,0.011213726978106086,0.00872269664919471
tfidf,1,2,80,fake,440,1,0.9428226915126698,0.9486057902484937
tfidf,1,2,80,fake,443,0,0.3119502496162873,0.2695917043499261
tfidf,1,2,80,fake,457,0,0.05962645548613166,0.04209469902860275
tfidf,1,2,80,fake,479,0,0.006835102086364932,0.005055900545599368
tfidf,1,2,80,fake,482,0,0.04625619290616902,0.03460351136294371
tfidf,1,2,80,fake,486,0,0.011377348873866907,0.009844989211035911
tfidf,1,3,80,fake,305,0,0.22498965621119296,0.5101749718475006
tfidf,1,3,80,fake,307,0,0.0984192806817724,0.39604459804149716
tfidf,1,3,80,fake,313,0,0.6016676127860595,0.6143824275313439
tfidf,1,3,80,fake,315,0,0.37985275910160826,0.5301886629199923
tfidf,1,3,80,fake,317,0,0.7652984600245267,0.7152445047239518
tfidf,1,3,80,fake,320,1,0.8973560781857185,0.829337346607133
tfidf,1,3,80,fake,338,1,0.5883351618541142,0.610656955651129
tfidf,1,3,80,fake,344,1,0.5436310175521599,0.6537197861399424
tfidf,1,3,80,fake,352,1,0.5633818875218664,0.5647158840937823
tfidf,1,3,80,fake,356,1,0.6442485902037358,0.655058789661021
tfidf,1,3,80,fake,367,1,0.9991806690641917,0.954531649767487
tfidf,1,3,80,fake,371,0,0.3965809673476328,0.4577144618621819
tfidf,1,3,80,fake,380,1,0.8152766377554144,0.7257634614152105
tfidf,1,3,80,fake,383,0,0.2606475828338454,0.4041932336352705
tfidf,1,3,80,fake,393,0,0.12313550674335558,0.27267831987536506
tfidf,1,3,80,fake,395,0,0.6044341690369465,0.49809871425059415
tfidf,1,3,80,fake,397,0,0.2884203432927732,0.3180354316042528
tfidf,1,3,80,fake,425,0,0.8984242973165842,0.7615580166412151
tfidf,1,3,80,fake,430,0,0.21382511481525723,0.41733788273540595
tfidf,1,3,80,fake,436,0,0.026377574504385323,0.14645502460781679
tfidf,1,3,80,fake,439,0,0.10783971615849013,0.31181276627089405
tfidf,1,3,80,fake,446,0,0.07271914813304332,0.2666913200390595
tfidf,1,3,80,fake,447,0,0.1718542500101936,0.29499887577825296
tfidf,1,3,80,fake,459,1,0.8433537410593028,0.763317776729764
tfidf,1,3,80,fake,474,0,0.18215334854320053,0.2761579806726983
tfidf,1,3,80,fake,475,0,0.014166667045949054,0.12346665865865299
tfidf,1,3,80,fake,489,0,0.09656308773764151,0.2667102311259417
tfidf,1,3,80,fake,491,0,0.12169575673048988,0.43166394292058546
tfidf,1,4,80,fake,318,0,0.3176596585512018,0.23670476105835972
tfidf,1,4,80,fake,322,0,0.5030483343671299,0.5502198443655429
tfidf,1,4,80,fake,326,0,0.5474822263386145,0.44119420103992457
tfidf,1,4,80,fake,327,0,0.7931159002119385,0.7789767538329201
tfidf,1,4,80,fake,335,1,0.31086246547655616,0.2834632343353378
tfidf,1,4,80,fake,343,0,0.8230207099571542,0.82859735841073
tfidf,1,4,80,fake,347,1,0.5853109505903776,0.5962766347688252
tfidf,1,4,80,fake,351,1,0.6069153175157916,0.6959222205923756
tfidf,1,4,80,fake,374,0,0.2833440454899699,0.2617610042167846
tfidf,1,4,80,fake,377,1,0.9957003009900823,0.9965780764476835
tfidf,1,4,80,fake,389,1,0.9186331885477238,0.9240753036590865
tfidf,1,4,80,fake,414,1,0.5152129737110148,0.46255270397893133
tfidf,1,4,80,fake,415,0,0.1155035252977439,0.10776734250503461
tfidf,1,4,80,fake,419,0,0.025547326700586664,0.020409846949664735
tfidf,1,4,80,fake,445,0,0.19112798622710636,0.20265512134406907
tfidf,1,4,80,fake,448,1,0.8067772809172455,0.7827382304252969
tfidf,1,4,80,fake,449,0,0.4149712605440014,0.3651484339922707
tfidf,1,4,80,fake,455,0,0.051035589436825825,0.052970398713985886
tfidf,1,4,80,fake,458,0,0.07058304967552492,0.07781902709062043
tfidf,1,4,80,fake,463,0,0.007680487446631042,0.005477414418374061
tfidf,1,4,80,fake,464,0,0.16291265855761522,0.13598698696520892
tfidf,1,4,80,fake,471,0,0.07390059433114243,0.05809502456209941
tfidf,1,4,80,fake,472,0,0.014807681210529128,0.013074413994448125
tfidf,1,4,80,fake,477,0,0.3321764701429439,0.36490169905895914
tfidf,1,4,80,fake,478,0,0.6232947245345072,0.6536945417486548
tfidf,1,4,80,fake,483,1,0.8855825055741098,0.8834240619397183
tfidf,1,4,80,fake,488,0,0.2902010605028928,0.24205848515208458
tfidf,1,4,80,fake,492,0,0.09806259875083483,0.10681261894135054
tfidf,1,5,80,fake,302,0,0.06555930881618263,0.06522879292447113
tfidf,1,5,80,fake,321,1,0.3719675486206536,0.3716542278915825
tfidf,1,5,80,fake,325,1,0.6793622001600738,0.679482016613877
tfidf,1,5,80,fake,330,1,0.4242894661763329,0.4241467838744339
tfidf,1,5,80,fake,333,0,0.4975918957136795,0.4971637756368937
tfidf,1,5,80,fake,336,0,0.7338106554180313,0.7348192865405142
tfidf,1,5,80,fake,340,0,0.4868216250315593,0.4877581222114497
tfidf,1,5,80,fake,341,0,0.3417153453494771,0.3415308862275813
tfidf,1,5,80,fake,348,1,0.6779769775505881,0.6785384105671396
tfidf,1,5,80,fake,350,1,0.9100978356207738,0.9091444303387277
tfidf,1,5,80,fake,360,0,0.3020510909842111,0.301530540611871
tfidf,1,5,80,fake,368,0,0.31217628486759386,0.3124076954718787
tfidf,1,5,80,fake,370,0,0.1500397996311023,0.1496240522766759
tfidf,1,5,80,fake,385,0,0.19533972344972206,0.19545497624156655
tfidf,1,5,80,fake,388,1,0.8488298631368654,0.8483944783384472
tfidf,1,5,80,fake,406,0,0.08042039543983998,0.0802817239593231
tfidf,1,5,80,fake,409,1,0.8805822348128635,0.8805895962387527
tfidf,1,5,80,fake,417,0,0.0843176291062545,0.0847186437465168
tfidf,1,5,80,fake,418,1,0.8975276873844057,0.89706631965952
tfidf,1,5,80,fake,428,0,0.1394283200373895,0.13924488781088395
tfidf,1,5,80,fake,429,0,0.09543142018542292,0.09492268265202726
tfidf,1,5,80,fake,434,0,0.07195298566041253,0.07245826894136582
tfidf,1,5,80,fake,437,0,0.047656632434887936,0.04766539017670769
tfidf,1,5,80,fake,441,1,0.6428007832711818,0.6418982384116411
tfidf,1,5,80,fake,444,0,0.09299437242612572,0.09306430308256816
tfidf,1,5,80,fake,456,0,0.17954660911569953,0.17941878304463776
tfidf,1,5,80,fake,468,0,0.4381394008955346,0.44049097458018927
tfidf,1,5,80,fake,485,0,0.02509553381547532,0.025203686113171694
tfidf,1,1,81,fake,319,1,0.9192200033947574,0.9369930989749077
tfidf,1,1,81,fake,331,0,0.4606595177638566,0.5307883016709577
tfidf,1,1,81,fake,345,1,0.8335461047716399,0.8740753363858972
tfidf,1,1,81,fake,346,1,0.5779227089174838,0.6314079386215309
tfidf,1,1,81,fake,357,0,0.8228850919767823,0.8441754046182799
tfidf,1,1,81,fake,358,0,0.805818013693862,0.846411925421679
tfidf,1,1,81,fake,362,1,0.9993428318961888,0.9994630624413333
tfidf,1,1,81,fake,363,0,0.08482620917104554,0.08692078128573692
tfidf,1,1,81,fake,364,0,0.6435332627058543,0.7116394283822265
tfidf,1,1,81,fake,369,0,0.456749485358053,0.4546930242928836
tfidf,1,1,81,fake,372,1,0.9336302252786409,0.9379056589685183
tfidf,1,1,81,fake,391,0,0.31939477702145064,0.38185096800830043
tfidf,1,1,81,fake,400,0,0.7141467688107487,0.7073797779385271
tfidf,1,1,81,fake,402,1,0.9446073826671747,0.9488927236952345
tfidf,1,1,81,fake,403,0,0.036185641859679936,0.03166275044114137
tfidf,1,1,81,fake,404,0,0.05835616819848987,0.07537310374032974
tfidf,1,1,81,fake,413,1,0.9562097379236184,0.9628740440607402
tfidf,1,1,81,fake,416,0,0.021563466356917457,0.02219797094032181
tfidf,1,1,81,fake,420,0,0.031810360426281555,0.026304928442683992
tfidf,1,1,81,fake,423,0,0.8601144350443188,0.8811985315361143
tfidf,1,1,81,fake,426,1,0.706853283421131,0.7183949274682989
tfidf,1,1,81,fake,433,1,0.5402761911116098,0.5535420453848634
tfidf,1,1,81,fake,451,0,0.11216000632830093,0.11078482139773574
tfidf,1,1,81,fake,454,0,0.12333831272156115,0.1262817751623333
tfidf,1,1,81,fake,473,0,0.054376660632339764,0.05359823868602723
tfidf,1,1,81,fake,476,0,0.20030891023407107,0.19159517488916
tfidf,1,1,81,fake,484,0,0.2775344106082249,0.29635530405257926
tfidf,1,1,81,fake,487,0,0.12360465723387735,0.12376395602079344
tfidf,1,1,81,fake,490,0,0.06158333721741868,0.05928378353470891
tfidf,1,2,81,fake,303,0,0.05685214840283097,0.33386531603506153
tfidf,1,2,81,fake,304,0,0.08421815577788676,0.4204349013060328
tfidf,1,2,81,fake,310,0,0.5594010609200677,0.6481341512553978
tfidf,1,2,81,fake,312,0,0.27987644202979295,0.5846575813739502
tfidf,1,2,81,fake,316,0,0.5064013266133448,0.7006956842303167
tfidf,1,2,81,fake,324,0,0.4736515717959862,0.64649491781889
tfidf,1,2,81,fake,328,0,0.6115567807155119,0.6502084293868878
tfidf,1,2,81,fake,339,1,0.6335876263790357,0.7519258375255412
tfidf,1,2,81,fake,353,1,0.7237835792493073,0.7330044910133194
tfidf,1,2,81,fake,355,1,0.726822434485939,0.7061751397743355
tfidf,1,2,81,fake,366,0,0.021138458214096382,0.17758866293043649
tfidf,1,2,81,fake,375,0,0.006559937192082467,0.12169831442338878
tfidf,1,2,81,fake,376,1,0.9826266670041632,0.8991413563975463
tfidf,1,2,81,fake,379,0,0.8539784295704652,0.5049438768820862
tfidf,1,2,81,fake,381,1,0.9466143272073834,0.7639787982127757
tfidf,1,2,81,fake,382,0,0.20781465378925776,0.2999812550365794
tfidf,1,2,81,fake,386,1,0.9774288262008745,0.7346284722331213
tfidf,1,2,81,fake,390,0,0.9675416435979843,0.8462089578632274
tfidf,1,2,81,fake,392,0,0.18890786778886506,0.28726511008241207
tfidf,1,2,81,fake,401,0,0.698641502632562,0.5655451899292091
tfidf,1,2,81,fake,412,1,0.7345627665138378,0.45425429543933066
tfidf,1,2,81,fake,422,1,0.7596406822911859,0.5755673389708065
tfidf,1,2,81,fake,427,0,0.01877656441912325,0.15351706927914638
tfidf,1,2,81,fake,440,1,0.8658180114401439,0.7224628350470507
tfidf,1,2,81,fake,443,0,0.3517088911394199,0.3594223696704102
tfidf,1,2,81,fake,457,0,0.010268473582288908,0.1381588637544459
tfidf,1,2,81,fake,479,0,0.017291758920362887,0.13873907839392124
tfidf,1,2,81,fake,482,0,0.055533216339607984,0.23207318481466807
tfidf,1,2,81,fake,486,0,0.04522579411295992,0.1733662155749109
tfidf,1,3,81,fake,305,0,0.4968297106120341,0.14597689636636657
tfidf,1,3,81,fake,307,0,0.5084941615213889,0.32209331414815245
tfidf,1,3,81,fake,313,0,0.6122763985201102,0.5270159392681514
tfidf,1,3,81,fake,315,0,0.568311141286585,0.20421525188601558
tfidf,1,3,81,fake,317,0,0.628128835589837,0.6472877531431399
tfidf,1,3,81,fake,320,1,0.8079371920596459,0.9552052994010448
tfidf,1,3,81,fake,338,1,0.583702023872084,0.7039823809611946
tfidf,1,3,81,fake,344,1,0.6562204996617578,0.7078365727255699
tfidf,1,3,81,fake,352,1,0.6020875534711174,0.4309546083100363
tfidf,1,3,81,fake,356,1,0.7318618034892382,0.8692191464847934
tfidf,1,3,81,fake,367,1,0.9177763482108562,0.9955300255278557
tfidf,1,3,81,fake,371,0,0.47441415954657346,0.4610200249013019
tfidf,1,3,81,fake,380,1,0.6310293353929414,0.521730003914206
tfidf,1,3,81,fake,383,0,0.3017216410102889,0.06215452145957956
tfidf,1,3,81,fake,393,0,0.26518271690126943,0.08226438141255078
tfidf,1,3,81,fake,395,0,0.4392319862151155,0.5158846899661811
tfidf,1,3,81,fake,397,0,0.3180682921939441,0.3171190115381003
tfidf,1,3,81,fake,425,0,0.6588058213798895,0.5050688186895608
tfidf,1,3,81,fake,430,0,0.39815742113704605,0.11039344628889229
tfidf,1,3,81,fake,436,0,0.245162518080159,0.07305927896450895
tfidf,1,3,81,fake,439,0,0.3114372308694651,0.16341584620135655
tfidf,1,3,81,fake,446,0,0.2557456581523153,0.09275207887153329
tfidf,1,3,81,fake,447,0,0.30324099830116374,0.1813087596560066
tfidf,1,3,81,fake,459,1,0.8727290068347502,0.9883116208854379
tfidf,1,3,81,fake,474,0,0.20889044656857492,0.043323256260992364
tfidf,1,3,81,fake,475,0,0.14094518023750144,0.020013241426126583
tfidf,1,3,81,fake,489,0,0.20780864286938333,0.04315360309195399
tfidf,1,3,81,fake,491,0,0.48802604414740935,0.17947232846002092
tfidf,1,4,81,fake,318,0,4.996683049624201e-06,0.1075393263552392
tfidf,1,4,81,fake,322,0,0.009568743532649745,0.5927914049799731
tfidf,1,4,81,fake,326,0,0.00019689403232405037,0.19765737403655043
tfidf,1,4,81,fake,327,0,0.07744644096345009,0.5682468588291658
tfidf,1,4,81,fake,335,1,0.9882011191372516,0.5382814192705477
tfidf,1,4,81,fake,343,0,0.391304222185376,0.675020989190857
tfidf,1,4,81,fake,347,1,0.5434681412269998,0.6899457651854162
tfidf,1,4,81,fake,351,1,0.8488722549254869,0.766990934655183
tfidf,1,4,81,fake,374,0,0.09009722758357436,0.33689584967110203
tfidf,1,4,81,fake,377,1,0.9993121760047113,0.9887289791042605
tfidf,1,4,81,fake,389,1,0.21528684941653395,0.8093499452484108
tfidf,1,4,81,fake,414,1,0.721794106774209,0.6151762842140458
tfidf,1,4,81,fake,415,0,0.0008292851654147354,0.054476393736645874
tfidf,1,4,81,fake,419,0,2.3361019699031012e-06,0.012176505635904824
tfidf,1,4,81,fake,445,0,2.7228890647148136e-05,0.11196206332845089
tfidf,1,4,81,fake,448,1,0.07342220226914054,0.43293456179881656
tfidf,1,4,81,fake,449,0,0.10944956395626075,0.1461927036590819
tfidf,1,4,81,fake,455,0,0.002786699776223417,0.14503526456185134
tfidf,1,4,81,fake,458,0,0.9663711302526877,0.3580355964582965
tfidf,1,4,81,fake,463,0,1.7338064962319727e-07,0.00192878329736906
tfidf,1,4,81,fake,464,0,0.00189960321176865,0.11249772165710228
tfidf,1,4,81,fake,471,0,0.1263244384549737,0.12048514766450463
tfidf,1,4,81,fake,472,0,4.887786570109715e-08,0.009554147331102424
tfidf,1,4,81,fake,477,0,0.25223702138865906,0.6250227642471764
tfidf,1,4,81,fake,478,0,0.9731878501000135,0.6832909131956222
tfidf,1,4,81,fake,483,1,0.9740547619271487,0.9005422645542867
tfidf,1,4,81,fake,488,0,0.1700098095957677,0.19196264125132845
tfidf,1,4,81,fake,492,0,0.13095103002409847,0.3573347012915977
tfidf,1,5,81,fake,302,0,0.3372490701333733,0.3370996132382649
tfidf,1,5,81,fake,321,1,0.8250851053804152,0.8251493222244898
tfidf,1,5,81,fake,325,1,0.9548691922603955,0.9547869711469393
tfidf,1,5,81,fake,330,1,0.7215744032870585,0.7215481652369014
tfidf,1,5,81,fake,333,0,0.5057305464827154,0.5057643103445535
tfidf,1,5,81,fake,336,0,0.6090335497214975,0.6086243156820486
tfidf,1,5,81,fake,340,0,0.20873146040923143,0.20863098637463634
tfidf,1,5,81,fake,341,0,0.49912943221567063,0.49903201368048955
tfidf,1,5,81,fake,348,1,0.7776769096721624,0.7775820104292284
tfidf,1,5,81,fake,350,1,0.6868784612916314,0.6874772777694325
tfidf,1,5,81,fake,360,0,0.6787847507243627,0.6786999806402737
tfidf,1,5,81,fake,368,0,0.21681816485872393,0.2167229032197778
tfidf,1,5,81,fake,370,0,0.55063059633206,0.5507619734979008
tfidf,1,5,81,fake,385,0,0.29471500535206785,0.29462897902334434
tfidf,1,5,81,fake,388,1,0.5726993608998312,0.5728523974914824
tfidf,1,5,81,fake,406,0,0.04840918967910676,0.04838357961904777
tfidf,1,5,81,fake,409,1,0.8952028483721947,0.8952577660983035
tfidf,1,5,81,fake,417,0,0.052258632692248556,0.05217719509375766
tfidf,1,5,81,fake,418,1,0.8393676994945075,0.8396104733791517
tfidf,1,5,81,fake,428,0,0.10770820839423603,0.10765943049383833
tfidf,1,5,81,fake,429,0,0.09784879119173788,0.09800516733060893
tfidf,1,5,81,fake,434,0,0.030667702247877848,0.03059379932012989
tfidf,1,5,81,fake,437,0,0.07793456356322817,0.07787822965546476
tfidf,1,5,81,fake,441,1,0.5747356838080865,0.5749140540246935
tfidf,1,5,81,fake,444,0,0.08616505140430512,0.08619294859245073
tfidf,1,5,81,fake,456,0,0.0530451017189842,0.05305189975449638
tfidf,1,5,81,fake,468,0,0.044977308539017324,0.044877742095513866
tfidf,1,5,81,fake,485,0,0.01144124135982966,0.011431784197583285
tfidf,1,1,82,fake,319,1,0.8022607430869082,0.88414583797203
tfidf,1,1,82,fake,331,0,0.5317028622944867,0.6691407797538799
tfidf,1,1,82,fake,345,1,0.9976883724170101,0.9988695169979294
tfidf,1,1,82,fake,346,1,0.6594817702209221,0.7323741863494394
tfidf,1,1,82,fake,357,0,0.20846299374989655,0.2296195159120671
tfidf,1,1,82,fake,358,0,0.6836469223837639,0.780831596300719
tfidf,1,1,82,fake,362,1,0.8597153270445489,0.941611868288207
tfidf,1,1,82,fake,363,0,0.08496785092970212,0.09672615693057499
tfidf,1,1,82,fake,364,0,0.6669576623265376,0.818684275710407
tfidf,1,1,82,fake,369,0,0.1582775887520799,0.13693480719923395
tfidf,1,1,82,fake,372,1,0.5386511981416472,0.5942690995862898
tfidf,1,1,82,fake,391,0,0.4190150661129828,0.5523591107309969
tfidf,1,1,82,fake,400,0,0.6188325745391472,0.6420575638413485
tfidf,1,1,82,fake,402,1,0.9721165578649681,0.9762910363168557
tfidf,1,1,82,fake,403,0,0.03221643612008898,0.02541507815295791
tfidf,1,1,82,fake,404,0,0.1873751067507349,0.3006894177906883
tfidf,1,1,82,fake,413,1,0.9635830922732574,0.9802891760407472
tfidf,1,1,82,fake,416,0,0.19146675428945745,0.17287978705209162
tfidf,1,1,82,fake,420,0,0.4780363628788534,0.4120107551241315
tfidf,1,1,82,fake,423,0,0.9351826408977377,0.9598207296026472
tfidf,1,1,82,fake,426,1,0.9437242279169805,0.9562169090295849
tfidf,1,1,82,fake,433,1,0.3586713383542234,0.3881993672836457
tfidf,1,1,82,fake,451,0,0.14404080210570672,0.12555209441182347
tfidf,1,1,82,fake,454,0,0.20571337180075502,0.26758058267706647
tfidf,1,1,82,fake,473,0,0.04105289039328481,0.03993085694834238
tfidf,1,1,82,fake,476,0,0.13709385542300684,0.11847832393176345
tfidf,1,1,82,fake,484,0,0.31603798250702986,0.37037340665001384
tfidf,1,1,82,fake,487,0,0.2660934380635482,0.24387308301338168
tfidf,1,1,82,fake,490,0,0.12764658461839556,0.12483524571598302
tfidf,1,2,82,fake,303,0,0.03523911398634137,0.03595806642410423
tfidf,1,2,82,fake,304,0,0.06889365269591678,0.06570357703173124
tfidf,1,2,82,fake,310,0,0.507518778896659,0.46393346663653695
tfidf,1,2,82,fake,312,0,0.6313245209909888,0.5918992564221943
tfidf,1,2,82,fake,316,0,0.6230745578823635,0.6121870647408889
tfidf,1,2,82,fake,324,0,0.43908412618626197,0.45474777824121543
tfidf,1,2,82,fake,328,0,0.7144068483326095,0.7045602866891874
tfidf,1,2,82,fake,339,1,0.7052200388672338,0.6970971328044389
tfidf,1,2,82,fake,353,1,0.8523558379540003,0.850598284351003
tfidf,1,2,82,fake,355,1,0.523636860837323,0.5415665523896518
tfidf,1,2,82,fake,366,0,0.021973202769541934,0.019358180412217242
tfidf,1,2,82,fake,375,0,0.005763679843988909,0.005131347792652935
tfidf,1,2,82,fake,376,1,0.9515678752811878,0.9563006654993429
tfidf,1,2,82,fake,379,0,0.30184937831042,0.27824253398396015
tfidf,1,2,82,fake,381,1,0.9114621810203929,0.9251919412829387
tfidf,1,2,82,fake,382,0,0.42024669481487226,0.3857815272206398
tfidf,1,2,82,fake,386,1,0.810411704204931,0.8077634317245737
tfidf,1,2,82,fake,390,0,0.9633918434193924,0.9659579721722991
tfidf,1,2,82,fake,392,0,0.12262741327827585,0.11496207414241211
tfidf,1,2,82,fake,401,0,0.7563824000516587,0.7416850753102593
tfidf,1,2,82,fake,412,1,0.7638314440578963,0.7475422136640819
tfidf,1,2,82,fake,422,1,0.7500334175222615,0.7329245424281435
tfidf,1,2,82,fake,427,0,0.009782327227582079,0.008570736829678497
tfidf,1,2,82,fake,440,1,0.9745902562928436,0.9790248558246785
tfidf,1,2,82,fake,443,0,0.39157799102613017,0.3623865881649548
tfidf,1,2,82,fake,457,0,0.008897126847499366,0.007975452731773702
tfidf,1,2,82,fake,479,0,0.01060479749674659,0.00901732556602152
tfidf,1,2,82,fake,482,0,0.08492400065931792,0.07910968150132963
tfidf,1,2,82,fake,486,0,0.007742322975726162,0.007469826613688913
tfidf,1,3,82,fake,305,0,0.6209876730835957,0.6009997708593466
tfidf,1,3,82,fake,307,0,0.23545883717963692,0.16869968242789674
tfidf,1,3,82,fake,313,0,0.3477296276521265,0.3566500201463614
tfidf,1,3,82,fake,315,0,0.33496269075127877,0.24492264185790913
tfidf,1,3,82,fake,317,0,0.5627256826561865,0.6356090114004643
tfidf,1,3,82,fake,320,1,0.8004462261076275,0.8489882161750163
tfidf,1,3,82,fake,338,1,0.5791813603928535,0.6676597076842792
tfidf,1,3,82,fake,344,1,0.7509383549901782,0.8018943175327062
tfidf,1,3,82,fake,352,1,0.8929684186018557,0.8407588074544611
tfidf,1,3,82,fake,356,1,0.6808978647445056,0.7299916085391294
tfidf,1,3,82,fake,367,1,0.9980353222576261,0.9980092531731415
tfidf,1,3,82,fake,371,0,0.508468290410839,0.5447503401748688
tfidf,1,3,82,fake,380,1,0.7122559065439087,0.640503520643753
tfidf,1,3,82,fake,383,0,0.03329691577238193,0.033364559236267785
tfidf,1,3,82,fake,393,0,0.08121104830320028,0.08200541129887481
tfidf,1,3,82,fake,395,0,0.5109552456135497,0.5658185809881766
tfidf,1,3,82,fake,397,0,0.43830731550331264,0.4188077738511403
tfidf,1,3,82,fake,425,0,0.7681692446385245,0.756851539257897
tfidf,1,3,82,fake,430,0,0.12087966995204048,0.11293840084283861
tfidf,1,3,82,fake,436,0,0.025431123770167614,0.0215629565410364
tfidf,1,3,82,fake,439,0,0.13714668237099795,0.1369156538098735
tfidf,1,3,82,fake,446,0,0.3041134747168076,0.3047724732189462
tfidf,1,3,82,fake,447,0,0.3938789579481441,0.39712522506880776
tfidf,1,3,82,fake,459,1,0.9608850675975021,0.95774246968683
tfidf,1,3,82,fake,474,0,0.049347065315979835,0.038852827614980184
tfidf,1,3,82,fake,475,0,0.011451046309684956,0.011907928808571368
tfidf,1,3,82,fake,489,0,0.10917950575796465,0.1016443152980515
tfidf,1,3,82,fake,491,0,0.19044464272454495,0.17860982274068904
tfidf,1,4,82,fake,318,0,0.5444957728218871,0.4188795023799227
tfidf,1,4,82,fake,322,0,0.5943848632385975,0.6439448670718132
tfidf,1,4,82,fake,326,0,0.29127963592426215,0.2246542615541923
tfidf,1,4,82,fake,327,0,0.7837794071485646,0.7571859352455544
tfidf,1,4,82,fake,335,1,0.24243112073924752,0.21420730084218256
tfidf,1,4,82,fake,343,0,0.49752975057149207,0.49899534050442007
tfidf,1,4,82,fake,347,1,0.7560634107047555,0.755082723350411
tfidf,1,4,82,fake,351,1,0.691818883560486,0.7498077094024035
tfidf,1,4,82,fake,374,0,0.31856462128552543,0.2985357364741393
tfidf,1,4,82,fake,377,1,0.9916294113019968,0.994449797328364
tfidf,1,4,82,fake,389,1,0.7892074285441459,0.8134939583735674
tfidf,1,4,82,fake,414,1,0.8219616520056185,0.7710697685056807
tfidf,1,4,82,fake,415,0,0.15332766180463547,0.13755272177347333
tfidf,1,4,82,fake,419,0,0.03847860157540818,0.030288547758473335
tfidf,1,4,82,fake,445,0,0.13222325526884518,0.1416228882379137
tfidf,1,4,82,fake,448,1,0.9014316123207937,0.8693851578410358
tfidf,1,4,82,fake,449,0,0.18938402239791008,0.1663600809162202
tfidf,1,4,82,fake,455,0,0.2462976325740943,0.23707071187161108
tfidf,1,4,82,fake,458,0,0.110576231386458,0.12805030173623427
tfidf,1,4,82,fake,463,0,0.007366524316849468,0.005211443623965867
tfidf,1,4,82,fake,464,0,0.06799714514339007,0.05939329605975894
tfidf,1,4,82,fake,471,0,0.17247146535153504,0.13039864917028066
tfidf,1,4,82,fake,472,0,0.008441629514315485,0.007874034599985877
tfidf,1,4,82,fake,477,0,0.4741307517578125,0.49035820088745286
tfidf,1,4,82,fake,478,0,0.8299569448359814,0.8335384356311525
tfidf,1,4,82,fake,483,1,0.7854939291495213,0.7735345916991581
tfidf,1,4,82,fake,488,0,0.06784579059697271,0.055803940699740054
tfidf,1,4,82,fake,492,0,0.03306964947418334,0.03880364094454742
tfidf,1,5,82,fake,302,0,9.195678871223397e-06,0.02314929416531004
tfidf,1,5,82,fake,321,1,0.9591830730765549,0.9043151455168278
tfidf,1,5,82,fake,325,1,0.8726245868979029,0.7675546194943825
tfidf,1,5,82,fake,330,1,0.9451340655137388,0.9293151411252187
tfidf,1,5,82,fake,333,0,0.025937054667371524,0.3106262817325028
tfidf,1,5,82,fake,336,0,0.41232444994925654,0.6362156956307868
tfidf,1,5,82,fake,340,0,0.013383420113752511,0.23134833996529724
tfidf,1,5,82,fake,341,0,0.03098197813997906,0.23874654822003377
tfidf,1,5,82,fake,348,1,0.8167018476437855,0.8085863389567322
tfidf,1,5,82,fake,350,1,0.7479604486379073,0.7288760016731206
tfidf,1,5,82,fake,360,0,0.48795175163609805,0.5017360545556744
tfidf,1,5,82,fake,368,0,0.033874496775416825,0.10173284939815637
tfidf,1,5,82,fake,370,0,0.0026988805101560024,0.05388556256997191
tfidf,1,5,82,fake,385,0,0.4769062822115896,0.660813953779209
tfidf,1,5,82,fake,388,1,0.8042251087285602,0.7525699108245932
tfidf,1,5,82,fake,406,0,0.0068013349205293845,0.043321897082739425
tfidf,1,5,82,fake,409,1,0.2989427697638131,0.3954508376807434
tfidf,1,5,82,fake,417,0,0.08298055081476208,0.09475913522416593
tfidf,1,5,82,fake,418,1,0.9914996615562607,0.9146590133175064
tfidf,1,5,82,fake,428,0,0.02884164235648531,0.22821215660430208
tfidf,1,5,82,fake,429,0,0.019585902373734535,0.14404583816026736
tfidf,1,5,82,fake,434,0,0.013067588198779968,0.06674357017605091
tfidf,1,5,82,fake,437,0,0.002860423482429884,0.04104641532556865
tfidf,1,5,82,fake,441,1,0.9807635366892696,0.860532740243149
tfidf,1,5,82,fake,444,0,0.1873377012216984,0.235955068508982
tfidf,1,5,82,fake,456,0,0.16225590970482642,0.17760068799318607
tfidf,1,5,82,fake,468,0,0.004821047037041846,0.03117738400468788
tfidf,1,5,82,fake,485,0,0.00042106168497515323,0.015207049488797149
tfidf,1,1,83,fake,319,1,0.9709739658250429,0.9787233383810244
tfidf,1,1,83,fake,331,0,0.8527604334189623,0.8915686989207395
tfidf,1,1,83,fake,345,1,0.9062834090878649,0.9395205754401108
tfidf,1,1,83,fake,346,1,0.6965352980870553,0.7474098827857041
tfidf,1,1,83,fake,357,0,0.4305376389382563,0.5030688988289711
tfidf,1,1,83,fake,358,0,0.8322160927024678,0.8920913250060067
tfidf,1,1,83,fake,362,1,0.9991964963711522,0.9996494822212766
tfidf,1,1,83,fake,363,0,0.09121038656819866,0.08808754412457244
tfidf,1,1,83,fake,364,0,0.6649641996460416,0.7645792478136249
tfidf,1,1,83,fake,369,0,0.1629905001258903,0.1496283393928058
tfidf,1,1,83,fake,372,1,0.852985369831074,0.8726684111624576
tfidf,1,1,83,fake,391,0,0.2441383138891852,0.37012130095421364
tfidf,1,1,83,fake,400,0,0.5537667981477329,0.5407020372270807
tfidf,1,1,83,fake,402,1,0.9048421812913241,0.9174000434956768
tfidf,1,1,83,fake,403,0,0.01444535431827256,0.011313149566101587
tfidf,1,1,83,fake,404,0,0.13063395557716034,0.1983695767487803
tfidf,1,1,83,fake,413,1,0.6347854954971222,0.6988945468928464
tfidf,1,1,83,fake,416,0,0.21373914870169944,0.18604036480253877
tfidf,1,1,83,fake,420,0,0.25009713186210325,0.18922388907645865
tfidf,1,1,83,fake,423,0,0.82559584102881,0.8718933754435619
tfidf,1,1,83,fake,426,1,0.9435231091362034,0.9549756963274816
tfidf,1,1,83,fake,433,1,0.3385415148645016,0.3308686340997025
tfidf,1,1,83,fake,451,0,0.2310561677073746,0.23188204921147618
tfidf,1,1,83,fake,454,0,0.0498636857269068,0.05103303615356863
tfidf,1,1,83,fake,473,0,0.02410521663195758,0.02398293410733809
tfidf,1,1,83,fake,476,0,0.1705237874136137,0.15675041785276994
tfidf,1,1,83,fake,484,0,0.16012622614694857,0.2172622831408618
tfidf,1,1,83,fake,487,0,0.47460927257124597,0.44628188574017896
tfidf,1,1,83,fake,490,0,0.09058859796032014,0.07286753931408066
tfidf,1,2,83,fake,303,0,0.011159794547723848,0.011261663657940015
tfidf,1,2,83,fake,304,0,0.0331915035217784,0.03178839115916309
tfidf,1,2,83,fake,310,0,0.34248305331249135,0.32737463653568294
tfidf,1,2,83,fake,312,0,0.5031704798009655,0.48979682837456107
tfidf,1,2,83,fake,316,0,0.44380228534469174,0.4375064327097464
tfidf,1,2,83,fake,324,0,0.23911889387052399,0.2433131907215145
tfidf,1,2,83,fake,328,0,0.5802454272945975,0.5721615056505158
tfidf,1,2,83,fake,339,1,0.8130547658953126,0.8119802258666635
tfidf,1,2,83,fake,353,1,0.990696382217868,0.9904437175142115
tfidf,1,2,83,fake,355,1,0.4987874876601091,0.5123272271691195
tfidf,1,2,83,fake,366,0,0.013872683160795023,0.013321600805553006
tfidf,1,2,83,fake,375,0,0.00270114385548561,0.002525086654429593
tfidf,1,2,83,fake,376,1,0.9881368817807066,0.9884768164346314
tfidf,1,2,83,fake,379,0,0.18735793275559154,0.18025716468796396
tfidf,1,2,83,fake,381,1,0.7736615595813069,0.7811150810548075
tfidf,1,2,83,fake,382,0,0.3268930238058088,0.31025416721951854
tfidf,1,2,83,fake,386,1,0.7415814590821195,0.7432655655148186
tfidf,1,2,83,fake,390,0,0.9882536927800432,0.9888745453141989
tfidf,1,2,83,fake,392,0,0.05492432014563461,0.05321343160929879
tfidf,1,2,83,fake,401,0,0.43230286893299247,0.42961636722243085
tfidf,1,2,83,fake,412,1,0.5642183429130356,0.5590533414063621
tfidf,1,2,83,fake,422,1,0.6081535918995795,0.6031217528416901
tfidf,1,2,83,fake,427,0,0.003056713744130212,0.002838278348072801
tfidf,1,2,83,fake,440,1,0.9712413580108239,0.9717587475393173
tfidf,1,2,83,fake,443,0,0.16981878167251557,0.16414079456754557
tfidf,1,2,83,fake,457,0,0.010543926578349391,0.009975116438829056
tfidf,1,2,83,fake,479,0,0.0068580746550722695,0.006447786233145968
tfidf,1,2,83,fake,482,0,0.05288492899324986,0.05095654137255349
tfidf,1,2,83,fake,486,0,0.004824025281028392,0.00463823888087273
tfidf,1,3,83,fake,305,0,0.033432113968001435,0.2495594005890643
tfidf,1,3,83,fake,307,0,0.12806008075787434,0.17620828861728466
tfidf,1,3,83,fake,313,0,0.06294049883822994,0.2595647789547
tfidf,1,3,83,fake,315,0,0.08145478299022872,0.21435037584688055
tfidf,1,3,83,fake,317,0,0.12124716013606485,0.45031974958419674
tfidf,1,3,83,fake,320,1,0.9952727379630646,0.9629314421091804
tfidf,1,3,83,fake,338,1,0.5768840794288004,0.6639578739884063
tfidf,1,3,83,fake,344,1,0.411671681896515,0.5404686903224886
tfidf,1,3,83,fake,352,1,0.9996396722486155,0.9421069477788646
tfidf,1,3,83,fake,356,1,0.8264854158937067,0.8732281088928927
tfidf,1,3,83,fake,367,1,0.9999619476910714,0.9959091418361095
tfidf,1,3,83,fake,371,0,0.8048203740396815,0.6028617547405576
tfidf,1,3,83,fake,380,1,0.671232640922475,0.668740252934788
tfidf,1,3,83,fake,383,0,0.036445630230280995,0.15008594084013155
tfidf,1,3,83,fake,393,0,0.475211595045296,0.408741064730274
tfidf,1,3,83,fake,395,0,0.9164890023758447,0.7722052133152606
tfidf,1,3,83,fake,397,0,0.000804027713873435,0.06459634296012147
tfidf,1,3,83,fake,425,0,0.4770021514162114,0.5832977927119161
tfidf,1,3,83,fake,430,0,0.03967227257825753,0.14689653655716536
tfidf,1,3,83,fake,436,0,0.21701377380127276,0.09451267600034492
tfidf,1,3,83,fake,439,0,0.160996788006486,0.2363953004149418
tfidf,1,3,83,fake,446,0,0.16974776329884042,0.16061384317504585
tfidf,1,3,83,fake,447,0,0.043166506074091344,0.12029811845227982
tfidf,1,3,83,fake,459,1,0.998381972259661,0.9468571175118252
tfidf,1,3,83,fake,474,0,0.004061388485298764,0.03195163616682511
tfidf,1,3,83,fake,475,0,0.0003181613350898694,0.0102508577520627
tfidf,1,3,83,fake,489,0,0.13509901865856533,0.1453201910489989
tfidf,1,3,83,fake,491,0,0.0038970180902567707,0.1124472314198307
tfidf,1,4,83,fake,318,0,0.523328316985207,0.3614666148470603
tfidf,1,4,83,fake,322,0,0.6914460425786064,0.7186057489996351
tfidf,1,4,83,fake,326,0,0.3635627899017428,0.24728846218870654
tfidf,1,4,83,fake,327,0,0.6263159673495111,0.5957975567056075
tfidf,1,4,83,fake,335,1,0.2694357742890222,0.223549192489839
tfidf,1,4,83,fake,343,0,0.7890373004992387,0.7795825028743208
tfidf,1,4,83,fake,347,1,0.6773009272020147,0.6852887588533384
tfidf,1,4,83,fake,351,1,0.8726874905967053,0.9114732122642607
tfidf,1,4,83,fake,374,0,0.24262910494438178,0.23181627488405285
tfidf,1,4,83,fake,377,1,0.9555049540010663,0.9661925931421541
tfidf,1,4,83,fake,389,1,0.9047450533783294,0.9221327283215014
tfidf,1,4,83,fake,414,1,0.8145885854740678,0.7705558227432093
tfidf,1,4,83,fake,415,0,0.05973061722603594,0.052279705296474806
tfidf,1,4,83,fake,419,0,0.019423791017806093,0.013643431762695822
tfidf,1,4,83,fake,445,0,0.17012673956598776,0.18100815864442446
tfidf,1,4,83,fake,448,1,0.7353867834855381,0.7343063002418908
tfidf,1,4,83,fake,449,0,0.14507736648721256,0.1233739178138895
tfidf,1,4,83,fake,455,0,0.10167759279805898,0.11012236102663915
tfidf,1,4,83,fake,458,0,0.14680988263799352,0.15253468930824865
tfidf,1,4,83,fake,463,0,0.004865647620636862,0.0028980637647784487
tfidf,1,4,83,fake,464,0,0.07882469386804028,0.0708116982364615
tfidf,1,4,83,fake,471,0,0.1596608818364201,0.11137335430132002
tfidf,1,4,83,fake,472,0,0.018198566424286723,0.01675330620453332
tfidf,1,4,83,fake,477,0,0.2083372485583431,0.23101288090548922
tfidf,1,4,83,fake,478,0,0.6320993066833435,0.6637751803137507
tfidf,1,4,83,fake,483,1,0.8760777132173067,0.8743038384096075
tfidf,1,4,83,fake,488,0,0.49209553866743927,0.3890437884031881
tfidf,1,4,83,fake,492,0,0.05740637219400353,0.0768953195187033
tfidf,1,5,83,fake,302,0,0.16864700096913784,0.16725005968064907
tfidf,1,5,83,fake,321,1,0.43391317134751206,0.43385136744633057
tfidf,1,5,83,fake,325,1,0.9901282382982286,0.9900147281427056
tfidf,1,5,83,fake,330,1,0.2895177652806141,0.28733661985870645
tfidf,1,5,83,fake,333,0,0.31420220468413945,0.3147411661933476
tfidf,1,5,83,fake,336,0,0.2537358292261215,0.24917512596357375
tfidf,1,5,83,fake,340,0,0.13453237541485774,0.13296249992532966
tfidf,1,5,83,fake,341,0,0.24209830782524686,0.2409167102589633
tfidf,1,5,83,fake,348,1,0.9017713445764138,0.9019644818692267
tfidf,1,5,83,fake,350,1,0.7218124918342491,0.7279501553665332
tfidf,1,5,83,fake,360,0,0.6157328117477601,0.6175570881513428
tfidf,1,5,83,fake,368,0,0.13893225007944343,0.13900451335652075
tfidf,1,5,83,fake,370,0,0.780591058069293,0.7825812974545423
tfidf,1,5,83,fake,385,0,0.14138831042206906,0.1404542238767162
tfidf,1,5,83,fake,388,1,0.7753089789375202,0.777446786194069
tfidf,1,5,83,fake,406,0,0.3054394225103666,0.3062994564794776
tfidf,1,5,83,fake,409,1,0.3696738058091989,0.37199615683310683
tfidf,1,5,83,fake,417,0,0.4420906197432877,0.4393872140561246
tfidf,1,5,83,fake,418,1,0.7912177176293649,0.7953836023812676
tfidf,1,5,83,fake,428,0,0.17525601386225628,0.17446440020961484
tfidf,1,5,83,fake,429,0,0.07237838188957292,0.07320022100597946
tfidf,1,5,83,fake,434,0,0.039683828233448945,0.03876333928208717
tfidf,1,5,83,fake,437,0,0.047235121309850386,0.046661805398000515
tfidf,1,5,83,fake,441,1,0.9007540980634999,0.9016301358074464
tfidf,1,5,83,fake,444,0,0.12995622358655723,0.13062078437861155
tfidf,1,5,83,fake,456,0,0.043253304973534405,0.043077720693531996
tfidf,1,5,83,fake,468,0,0.02827030438514708,0.027518981730265835
tfidf,1,5,83,fake,485,0,0.031063163223732815,0.030526939759071493
tfidf,1,1,84,fake,319,1,0.7323384174808496,0.7113432306863914
tfidf,1,1,84,fake,331,0,0.5212060083274065,0.6395165427705756
tfidf,1,1,84,fake,345,1,0.7512440315714,0.6899016618111423
tfidf,1,1,84,fake,346,1,0.8633167536765037,0.8364193211338957
tfidf,1,1,84,fake,357,0,0.5124632507880512,0.5993917493207458
tfidf,1,1,84,fake,358,0,0.7148846439322656,0.6729369530925653
tfidf,1,1,84,fake,362,1,0.9959533940648178,0.936007338834197
tfidf,1,1,84,fake,363,0,0.18887192809060968,0.3104878746825958
tfidf,1,1,84,fake,364,0,0.717290407297133,0.6578972097097951
tfidf,1,1,84,fake,369,0,0.25557410458738494,0.3631762209915877
tfidf,1,1,84,fake,372,1,0.6068429694502979,0.7748235060871104
tfidf,1,1,84,fake,391,0,0.5357828229669563,0.49147293202610987
tfidf,1,1,84,fake,400,0,0.5755471390728638,0.566391813885189
tfidf,1,1,84,fake,402,1,0.9583220387621704,0.7838773528061859
tfidf,1,1,84,fake,403,0,0.05274118913011307,0.14380771761849975
tfidf,1,1,84,fake,404,0,0.1828673823364038,0.4080989493742676
tfidf,1,1,84,fake,413,1,0.7577346690411132,0.6637374310584676
tfidf,1,1,84,fake,416,0,0.033317481156326746,0.16607291803945926
tfidf,1,1,84,fake,420,0,0.1473880064936324,0.33132062598899936
tfidf,1,1,84,fake,423,0,0.9055854632134788,0.7613124124783168
tfidf,1,1,84,fake,426,1,0.8302125188715603,0.7333611452532514
tfidf,1,1,84,fake,433,1,0.8189275104332995,0.4496707195031858
tfidf,1,1,84,fake,451,0,0.2569750193501982,0.4302483050371443
tfidf,1,1,84,fake,454,0,0.0949431255620221,0.20565277161798473
tfidf,1,1,84,fake,473,0,0.05703330239894077,0.1591553318566884
tfidf,1,1,84,fake,476,0,0.16998219688552993,0.23655270474436285
tfidf,1,1,84,fake,484,0,0.2709852016484297,0.49495316848461274
tfidf,1,1,84,fake,487,0,0.4878651140989736,0.49134247241980056
tfidf,1,1,84,fake,490,0,0.08556737669461638,0.23030684805867727
tfidf,1,2,84,fake,303,0,0.021757550319437376,0.025818344900971874
tfidf,1,2,84,fake,304,0,0.02910662963655748,0.025707583631011364
tfidf,1,2,84,fake,310,0,0.39571403483790013,0.30879200104502047
tfidf,1,2,84,fake,312,0,0.39842658384996693,0.3234024597240414
tfidf,1,2,84,fake,316,0,0.5329660712783552,0.5113507717750283
tfidf,1,2,84,fake,324,0,0.3089076442112661,0.33589270689125655
tfidf,1,2,84,fake,328,0,0.5340988459173039,0.46434901973261117
tfidf,1,2,84,fake,339,1,0.9665519295673665,0.9670914464033665
tfidf,1,2,84,fake,353,1,0.8556811656281897,0.8611243960683324
tfidf,1,2,84,fake,355,1,0.6246458646152884,0.6726088393959192
tfidf,1,2,84,fake,366,0,0.017851679319464707,0.014144354161583527
tfidf,1,2,84,fake,375,0,0.0025640614186405735,0.0017497696704188435
tfidf,1,2,84,fake,376,1,0.9860098792464407,0.9887531703299931
tfidf,1,2,84,fake,379,0,0.48656873842184567,0.4300940835802586
tfidf,1,2,84,fake,381,1,0.9969437149046599,0.9977659008694262
tfidf,1,2,84,fake,382,0,0.19611184413729413,0.1387830244727917
tfidf,1,2,84,fake,386,1,0.39721021817012914,0.4183012083440854
tfidf,1,2,84,fake,390,0,0.927110618655371,0.9466237361098345
tfidf,1,2,84,fake,392,0,0.0756810166132015,0.0681804950139671
tfidf,1,2,84,fake,401,0,0.6855925415077905,0.6619777801487501
tfidf,1,2,84,fake,412,1,0.6565988693600525,0.6497291269413434
tfidf,1,2,84,fake,422,1,0.7935984882465399,0.7833033091739587
tfidf,1,2,84,fake,427,0,0.0284651769242674,0.018544494689760195
tfidf,1,2,84,fake,440,1,0.8940147141510022,0.9084179005204774
tfidf,1,2,84,fake,443,0,0.16431816258891344,0.12926319204181597
tfidf,1,2,84,fake,457,0,0.0060335618679571885,0.004458250313136534
tfidf,1,2,84,fake,479,0,0.013679143518983595,0.010066145095288135
tfidf,1,2,84,fake,482,0,0.045446553320323727,0.036666219280309775
tfidf,1,2,84,fake,486,0,0.01279854101540838,0.011311455353800647
tfidf,1,3,84,fake,305,0,0.8743463515708008,0.7104533999911077
tfidf,1,3,84,fake,307,0,0.0714630654836193,0.21534637583774577
tfidf,1,3,84,fake,313,0,0.32639950451201627,0.4224153479076637
tfidf,1,3,84,fake,315,0,0.03340393208292241,0.25000869109751256
tfidf,1,3,84,fake,317,0,0.9665405390525984,0.8538505834865844
tfidf,1,3,84,fake,320,1,0.8885805506698574,0.831352101234943
tfidf,1,3,84,fake,338,1,0.995971000812429,0.9171747175038367
tfidf,1,3,84,fake,344,1,0.9626173897926004,0.8516567913140588
tfidf,1,3,84,fake,352,1,0.8905603257806153,0.6805407838782795
tfidf,1,3,84,fake,356,1,0.9859077946443366,0.916424576267185
tfidf,1,3,84,fake,367,1,0.9999994414424276,0.9995047244938698
tfidf,1,3,84,fake,371,0,0.5424822983545275,0.5750704965259225
tfidf,1,3,84,fake,380,1,0.7223813457580505,0.7697906113809129
tfidf,1,3,84,fake,383,0,0.21448539146911938,0.3257528624027184
tfidf,1,3,84,fake,393,0,0.09579393356896007,0.12622524876882793
tfidf,1,3,84,fake,395,0,0.4815349491257848,0.491371379187438
tfidf,1,3,84,fake,397,0,0.33658145631528275,0.3029032655310448
tfidf,1,3,84,fake,425,0,0.49401246493416673,0.6253952477201548
tfidf,1,3,84,fake,430,0,0.00868631016656384,0.0799972705277268
tfidf,1,3,84,fake,436,0,8.726931302143923e-05,0.007110530829893751
tfidf,1,3,84,fake,439,0,0.07440257915148984,0.21073229049714026
tfidf,1,3,84,fake,446,0,0.3172470386711965,0.30663354377174107
tfidf,1,3,84,fake,447,0,0.040961642701503355,0.1606976805919279
tfidf,1,3,84,fake,459,1,0.738723726817982,0.7480803412978076
tfidf,1,3,84,fake,474,0,0.005293662134919168,0.03759514826659268
tfidf,1,3,84,fake,475,0,0.0004608053345567364,0.009812771137230633
tfidf,1,3,84,fake,489,0,0.03174177175192116,0.09089405794953974
tfidf,1,3,84,fake,491,0,0.008826235107945203,0.08499084896967768
tfidf,1,4,84,fake,318,0,0.376264675766952,0.28394706551531784
tfidf,1,4,84,fake,322,0,0.7127381943081056,0.7300839083092353
tfidf,1,4,84,fake,326,0,0.31571704674911094,0.25570250980469167
tfidf,1,4,84,fake,327,0,0.7620287591804921,0.7353082458771697
tfidf,1,4,84,fake,335,1,0.7586346701959067,0.7115473353686663
tfidf,1,4,84,fake,343,0,0.8038150901895642,0.8042073612771693
tfidf,1,4,84,fake,347,1,0.24007659750286106,0.2732424239845469
tfidf,1,4,84,fake,351,1,0.8554406737309653,0.8918800496489678
tfidf,1,4,84,fake,374,0,0.14106044051401612,0.13397482244701545
tfidf,1,4,84,fake,377,1,0.9727437743741197,0.9801757417252783
tfidf,1,4,84,fake,389,1,0.18845005398660772,0.2460925190567634
tfidf,1,4,84,fake,414,1,0.8577115402448638,0.8390283731959182
tfidf,1,4,84,fake,415,0,0.06355326071789712,0.060479830340135994
tfidf,1,4,84,fake,419,0,0.03262771287137033,0.02450875787149748
tfidf,1,4,84,fake,445,0,0.1771292120513178,0.1795271753862118
tfidf,1,4,84,fake,448,1,0.9116791122832498,0.9037717193714818
tfidf,1,4,84,fake,449,0,0.159979724715948,0.16050817528395545
tfidf,1,4,84,fake,455,0,0.12756949464155748,0.1339206859614984
tfidf,1,4,84,fake,458,0,0.16605650236266367,0.17559886400883476
tfidf,1,4,84,fake,463,0,0.006848178416296612,0.004625695734078635
tfidf,1,4,84,fake,464,0,0.08227926133548015,0.07312683325197376
tfidf,1,4,84,fake,471,0,0.09547777370617791,0.06991616562761085
tfidf,1,4,84,fake,472,0,0.015630892644476577,0.014268135842011863
tfidf,1,4,84,fake,477,0,0.244117774553745,0.26675940336135395
tfidf,1,4,84,fake,478,0,0.6267724604781632,0.6574738406243136
tfidf,1,4,84,fake,483,1,0.9227650993024409,0.9234059158232354
tfidf,1,4,84,fake,488,0,0.5030580539612481,0.4169401971205918
tfidf,1,4,84,fake,492,0,0.06441907174670096,0.06851140677717518
tfidf,1,5,84,fake,302,0,0.07447081433618873,0.3690761121334183
tfidf,1,5,84,fake,321,1,0.9769942547441288,0.8605146232357772
tfidf,1,5,84,fake,325,1,0.9248038215537524,0.7948341219138002
tfidf,1,5,84,fake,330,1,0.4366422048427449,0.6123997704905257
tfidf,1,5,84,fake,333,0,0.839380132030815,0.7221436687583659
tfidf,1,5,84,fake,336,0,0.18744489092295274,0.47883581222635135
tfidf,1,5,84,fake,340,0,0.1924642100934166,0.5161347048072882
tfidf,1,5,84,fake,341,0,0.25211877721804676,0.5173074064828644
tfidf,1,5,84,fake,348,1,0.4937763428937434,0.6443719050610295
tfidf,1,5,84,fake,350,1,0.7151879306575649,0.6987693429020344
tfidf,1,5,84,fake,360,0,0.5024850237173702,0.6060034500065798
tfidf,1,5,84,fake,368,0,0.09537724476852777,0.37056041497036857
tfidf,1,5,84,fake,370,0,0.5953335000918066,0.3862636408796626
tfidf,1,5,84,fake,385,0,0.06678779483084589,0.28778802095780026
tfidf,1,5,84,fake,388,1,0.7614669020883135,0.6104178431992583
tfidf,1,5,84,fake,406,0,0.7817089582905044,0.40947851718362227
tfidf,1,5,84,fake,409,1,0.14658265150905367,0.40673017806255396
tfidf,1,5,84,fake,417,0,0.10836794584087667,0.2761491348996165
tfidf,1,5,84,fake,418,1,0.8928715463674414,0.7227946367901261
tfidf,1,5,84,fake,428,0,0.2402822728058908,0.3217280919102389
tfidf,1,5,84,fake,429,0,0.08672079105200381,0.28865328768223886
tfidf,1,5,84,fake,434,0,0.03731261296159822,0.21639202919988867
tfidf,1,5,84,fake,437,0,0.07899527382058691,0.22952066078489292
tfidf,1,5,84,fake,441,1,0.7161631617017856,0.6199486773693819
tfidf,1,5,84,fake,444,0,0.2651011088756044,0.3706999644432362
tfidf,1,5,84,fake,456,0,0.03081669829261794,0.13984587065333054
tfidf,1,5,84,fake,468,0,0.0337737274833661,0.1507570223707909
tfidf,1,5,84,fake,485,0,0.021657867741405386,0.15384203914155128
tfidf,1,1,85,fake,319,1,0.7307331874038864,0.7850991429878432
tfidf,1,1,85,fake,331,0,0.5353516522818705,0.6051655011353965
tfidf,1,1,85,fake,345,1,0.6729319001040227,0.7451049650810249
tfidf,1,1,85,fake,346,1,0.7884071699619979,0.8231509663088206
tfidf,1,1,85,fake,357,0,0.6277239176346103,0.661227351663006
tfidf,1,1,85,fake,358,0,0.7612443573000919,0.8241405418680242
tfidf,1,1,85,fake,362,1,0.7181090945826379,0.7924336582808426
tfidf,1,1,85,fake,363,0,0.2769480074708374,0.27366970792760054
tfidf,1,1,85,fake,364,0,0.8546405927769629,0.8888397282029962
tfidf,1,1,85,fake,369,0,0.621341832990905,0.6014776982353183
tfidf,1,1,85,fake,372,1,0.7781597712949336,0.789488541736205
tfidf,1,1,85,fake,391,0,0.5773281382473249,0.6465174679990878
tfidf,1,1,85,fake,400,0,0.5474838680550483,0.5646510459456046
tfidf,1,1,85,fake,402,1,0.9967984550128234,0.9969193711907088
tfidf,1,1,85,fake,403,0,0.01600270510460283,0.014609792764540544
tfidf,1,1,85,fake,404,0,0.3161653511793672,0.377128483879974
tfidf,1,1,85,fake,413,1,0.99845546804234,0.9982680723427341
tfidf,1,1,85,fake,416,0,0.022784624055540163,0.0234819333515721
tfidf,1,1,85,fake,420,0,0.11809055943385523,0.10428177035214006
tfidf,1,1,85,fake,423,0,0.8039468242386186,0.8446171653186867
tfidf,1,1,85,fake,426,1,0.8798739204807575,0.876966955198117
tfidf,1,1,85,fake,433,1,0.9419583920355813,0.9371256404745808
tfidf,1,1,85,fake,451,0,0.08209949728513252,0.08505512011977284
tfidf,1,1,85,fake,454,0,0.06009963848596747,0.06967439240608753
tfidf,1,1,85,fake,473,0,0.04894932687721465,0.046596606250502375
tfidf,1,1,85,fake,476,0,0.19498319632134958,0.19084436219689263
tfidf,1,1,85,fake,484,0,0.26795147347940457,0.29723954352341103
tfidf,1,1,85,fake,487,0,0.5310818554076102,0.5108010630076673
tfidf,1,1,85,fake,490,0,0.05676723816830944,0.05567028717897402
tfidf,1,2,85,fake,303,0,0.03345311254847112,0.027126169857466808
tfidf,1,2,85,fake,304,0,0.041332744843133394,0.03136765107100292
tfidf,1,2,85,fake,310,0,0.4575268606995455,0.4302408466305375
tfidf,1,2,85,fake,312,0,0.40148907408961493,0.3813626181126521
tfidf,1,2,85,fake,316,0,0.7808771683922764,0.7773457015092461
tfidf,1,2,85,fake,324,0,0.4569994523954138,0.4661917469371816
tfidf,1,2,85,fake,328,0,0.5988346441148081,0.5780876803831053
tfidf,1,2,85,fake,339,1,0.8579935930285592,0.855887116076211
tfidf,1,2,85,fake,353,1,0.8793903751608786,0.8779828726440475
tfidf,1,2,85,fake,355,1,0.9627143244644646,0.9649035805730274
tfidf,1,2,85,fake,366,0,0.011389633026999857,0.010551164083094186
tfidf,1,2,85,fake,375,0,0.0032176704399555565,0.002921197483915744
tfidf,1,2,85,fake,376,1,0.9796761447610592,0.9805951434540884
tfidf,1,2,85,fake,379,0,0.3593096206073271,0.33718155907034975
tfidf,1,2,85,fake,381,1,0.8973385365718473,0.9005673567746498
tfidf,1,2,85,fake,382,0,0.3513017269034467,0.3270097646266829
tfidf,1,2,85,fake,386,1,0.7068015751510978,0.7124563290885001
tfidf,1,2,85,fake,390,0,0.935613880056143,0.9388495192621844
tfidf,1,2,85,fake,392,0,0.15086176107394683,0.14854409917641467
tfidf,1,2,85,fake,401,0,0.7387241203357404,0.7329936912365994
tfidf,1,2,85,fake,412,1,0.8581364679049202,0.8549221002034971
tfidf,1,2,85,fake,422,1,0.4153025706293948,0.3994704542615946
tfidf,1,2,85,fake,427,0,0.012330020608524074,0.011331089008678696
tfidf,1,2,85,fake,440,1,0.8411424576214167,0.8400403571897179
tfidf,1,2,85,fake,443,0,0.27189573187599547,0.2582099769813399
tfidf,1,2,85,fake,457,0,0.022100257099725348,0.020321751211772727
tfidf,1,2,85,fake,479,0,0.01721779002707319,0.015622466410852368
tfidf,1,2,85,fake,482,0,0.06054518002669927,0.056566478097131286
tfidf,1,2,85,fake,486,0,0.030329713469716576,0.029106829842491737
tfidf,1,3,85,fake,305,0,0.34575522727229496,0.34902579056587535
tfidf,1,3,85,fake,307,0,0.11885436399937876,0.08047542108367817
tfidf,1,3,85,fake,313,0,0.4757357316976986,0.5018579937346971
tfidf,1,3,85,fake,315,0,0.2809500307950454,0.21135823233749504
tfidf,1,3,85,fake,317,0,0.6044827301104414,0.6912088300348712
tfidf,1,3,85,fake,320,1,0.9583337868727276,0.9720748984711505
tfidf,1,3,85,fake,338,1,0.8326435769107338,0.8839374093508319
tfidf,1,3,85,fake,344,1,0.4223620417742172,0.5156499349641428
tfidf,1,3,85,fake,352,1,0.8268558910729565,0.7493492975576393
tfidf,1,3,85,fake,356,1,0.6164592589427323,0.6885466827153232
tfidf,1,3,85,fake,367,1,0.9955670189060749,0.9957185889815885
tfidf,1,3,85,fake,371,0,0.4112135017119871,0.4378160834782018
tfidf,1,3,85,fake,380,1,0.9409951340617978,0.9173570428744995
tfidf,1,3,85,fake,383,0,0.1934282929533487,0.17936473607456685
tfidf,1,3,85,fake,393,0,0.060914890854130814,0.06551732060780405
tfidf,1,3,85,fake,395,0,0.4232244361815686,0.49652769744788106
tfidf,1,3,85,fake,397,0,0.46068541955545356,0.4708972635569257
tfidf,1,3,85,fake,425,0,0.7250602352088601,0.7333786139233428
tfidf,1,3,85,fake,430,0,0.32999336704236215,0.29479475658550924
tfidf,1,3,85,fake,436,0,0.06906140601832911,0.05663269440772671
tfidf,1,3,85,fake,439,0,0.1913984760638444,0.21146290284381924
tfidf,1,3,85,fake,446,0,0.035462403853606245,0.04352838135688197
tfidf,1,3,85,fake,447,0,0.6110331714185546,0.6016926342863671
tfidf,1,3,85,fake,459,1,0.946931569451165,0.9461137206807404
tfidf,1,3,85,fake,474,0,0.060123864334782375,0.04898621195551204
tfidf,1,3,85,fake,475,0,0.016621063690626357,0.015468839448961186
tfidf,1,3,85,fake,489,0,0.192132370052277,0.19601432014431508
tfidf,1,3,85,fake,491,0,0.23564148095862134,0.24131605935740594
tfidf,1,4,85,fake,318,0,0.40045396068666433,0.41030236677202747
tfidf,1,4,85,fake,322,0,0.22804904753647134,0.5709588521092365
tfidf,1,4,85,fake,326,0,0.6324173551081866,0.4260606132905076
tfidf,1,4,85,fake,327,0,0.9724261154954308,0.9013871327493678
tfidf,1,4,85,fake,335,1,0.9633122786929562,0.8184851383738369
tfidf,1,4,85,fake,343,0,0.48564389666466934,0.7067205101977547
tfidf,1,4,85,fake,347,1,0.137391547215663,0.3958403314101977
tfidf,1,4,85,fake,351,1,0.39412045150373354,0.7256248173935936
tfidf,1,4,85,fake,374,0,0.0006868970472062449,0.10702640325328823
tfidf,1,4,85,fake,377,1,0.9999317245763808,0.994126709676529
tfidf,1,4,85,fake,389,1,0.9499450778412838,0.8292416883633149
tfidf,1,4,85,fake,414,1,0.05009518143172437,0.27623696717444757
tfidf,1,4,85,fake,415,0,0.060452830368651074,0.13417593632913824
tfidf,1,4,85,fake,419,0,7.313289065203493e-05,0.008974994071634807
tfidf,1,4,85,fake,445,0,0.05493663364496492,0.17855764965722784
tfidf,1,4,85,fake,448,1,0.9365037622359887,0.6541124692573488
tfidf,1,4,85,fake,449,0,0.24171219018663512,0.21882418803837084
tfidf,1,4,85,fake,455,0,0.004277946836348274,0.053054844704686153
tfidf,1,4,85,fake,458,0,0.0009015923599027589,0.0669815211178163
tfidf,1,4,85,fake,463,0,0.00013122354322358843,0.004447057546965038
tfidf,1,4,85,fake,464,0,0.1299563934177209,0.14370636449467855
tfidf,1,4,85,fake,471,0,0.3100502693369759,0.18961926853989186
tfidf,1,4,85,fake,472,0,0.004872615540778408,0.0215218886634835
tfidf,1,4,85,fake,477,0,0.18476258418666197,0.4408841410936052
tfidf,1,4,85,fake,478,0,0.09427839971958675,0.5068831429121813
tfidf,1,4,85,fake,483,1,0.9889828215404756,0.9172479149227232
tfidf,1,4,85,fake,488,0,0.0345081048364037,0.1251301515004871
tfidf,1,4,85,fake,492,0,0.01636182096316664,0.08675397539220756
tfidf,1,5,85,fake,302,0,0.3476502105817441,0.04921501884719824
tfidf,1,5,85,fake,321,1,0.698863736802654,0.6267269208924069
tfidf,1,5,85,fake,325,1,0.6525210954212797,0.5952122886086526
tfidf,1,5,85,fake,330,1,0.5914458165081566,0.4152070593192079
tfidf,1,5,85,fake,333,0,0.5300841611640059,0.23447561360331068
tfidf,1,5,85,fake,336,0,0.610027016209257,0.5356037861355991
tfidf,1,5,85,fake,340,0,0.6584023598286646,0.7384740481539696
tfidf,1,5,85,fake,341,0,0.68097964742047,0.7109794809307712
tfidf,1,5,85,fake,348,1,0.6832196033628171,0.6596583095356209
tfidf,1,5,85,fake,350,1,0.8367231738624515,0.9642559777462573
tfidf,1,5,85,fake,360,0,0.5721255392613768,0.46398071995391266
tfidf,1,5,85,fake,368,0,0.395389222450288,0.15753509933932616
tfidf,1,5,85,fake,370,0,0.46361048338638156,0.620801776541197
tfidf,1,5,85,fake,385,0,0.2954441494328914,0.11835809113712478
tfidf,1,5,85,fake,388,1,0.6345853531983294,0.8117117463179193
tfidf,1,5,85,fake,406,0,0.19267818802659967,0.06914420090071634
tfidf,1,5,85,fake,409,1,0.4472934360865608,0.31404022927715225
tfidf,1,5,85,fake,417,0,0.25747020367844853,0.04882163797155623
tfidf,1,5,85,fake,418,1,0.7451571672276797,0.8991879208089697
tfidf,1,5,85,fake,428,0,0.34441987014483283,0.37141805722311866
tfidf,1,5,85,fake,429,0,0.35918679201019,0.27355473299029126
tfidf,1,5,85,fake,434,0,0.21936814517319062,0.04323118673210051
tfidf,1,5,85,fake,437,0,0.2298493060229187,0.09662259378440484
tfidf,1,5,85,fake,441,1,0.6555523817523261,0.8408249284244974
tfidf,1,5,85,fake,444,0,0.33130312122037714,0.19747826981515595
tfidf,1,5,85,fake,456,0,0.14284888243741878,0.022400330429128333
tfidf,1,5,85,fake,468,0,0.17010402603588948,0.04898115090992935
tfidf,1,5,85,fake,485,0,0.128787811573155,0.014667718661681605
tfidf,1,1,86,fake,319,1,0.6195597560442482,0.6876247979091026
tfidf,1,1,86,fake,331,0,0.5293792603128004,0.6507879378354136
tfidf,1,1,86,fake,345,1,0.8693396959136093,0.7475199574125948
tfidf,1,1,86,fake,346,1,0.9814271317570658,0.8566055647159242
tfidf,1,1,86,fake,357,0,0.4741369884641446,0.6106826752607688
tfidf,1,1,86,fake,358,0,0.7711247731636053,0.730218118831931
tfidf,1,1,86,fake,362,1,0.812454843126115,0.7657314473794775
tfidf,1,1,86,fake,363,0,0.4550798899142708,0.38662380623063886
tfidf,1,1,86,fake,364,0,0.4231741911932046,0.571746193552616
tfidf,1,1,86,fake,369,0,0.07665972083060116,0.29005266173653954
tfidf,1,1,86,fake,372,1,0.9732031746226347,0.8656060498929568
tfidf,1,1,86,fake,391,0,0.5009149936668641,0.4718763844815477
tfidf,1,1,86,fake,400,0,0.5958682437159531,0.5850646841555245
tfidf,1,1,86,fake,402,1,0.9523365377550455,0.7756306698252337
tfidf,1,1,86,fake,403,0,0.027241783264543205,0.12335889944846841
tfidf,1,1,86,fake,404,0,0.05363611709670623,0.29452991153177166
tfidf,1,1,86,fake,413,1,0.9186016237314766,0.7449210747100041
tfidf,1,1,86,fake,416,0,0.027618621824689424,0.18017378232298126
tfidf,1,1,86,fake,420,0,0.19877322592653557,0.34854614139218404
tfidf,1,1,86,fake,423,0,0.8308418343152588,0.7024222268972595
tfidf,1,1,86,fake,426,1,0.4650579769442077,0.5605884028946161
tfidf,1,1,86,fake,433,1,0.9829278687293265,0.7212792077154334
tfidf,1,1,86,fake,451,0,0.5153274978759006,0.5161620356290376
tfidf,1,1,86,fake,454,0,0.08453744435566239,0.21081174656155835
tfidf,1,1,86,fake,473,0,0.23198018122566835,0.24668595656132475
tfidf,1,1,86,fake,476,0,0.06102994879698739,0.18631279438207152
tfidf,1,1,86,fake,484,0,0.43798755440891785,0.5166631994622387
tfidf,1,1,86,fake,487,0,0.3043732877584135,0.3892944904904614
tfidf,1,1,86,fake,490,0,0.08709324824112535,0.2385763209185634
tfidf,1,2,86,fake,303,0,0.04447763570792342,0.04508486453403037
tfidf,1,2,86,fake,304,0,0.15398304673817945,0.14166662961657503
tfidf,1,2,86,fake,310,0,0.46679619871675854,0.42546571262676536
tfidf,1,2,86,fake,312,0,0.4464548573631365,0.41048816346109973
tfidf,1,2,86,fake,316,0,0.6142817266045516,0.6097590053314441
tfidf,1,2,86,fake,324,0,0.5020517314261683,0.5181477810952743
tfidf,1,2,86,fake,328,0,0.4511587415601521,0.4343899363297456
tfidf,1,2,86,fake,339,1,0.8306762966150274,0.8357792077421181
tfidf,1,2,86,fake,353,1,0.8533398891750106,0.853328283462275
tfidf,1,2,86,fake,355,1,0.39598338285909923,0.42229814976898855
tfidf,1,2,86,fake,366,0,0.01923248469338787,0.01681021740207414
tfidf,1,2,86,fake,375,0,0.00411156911940361,0.0032876547540926573
tfidf,1,2,86,fake,376,1,0.98674994763538,0.9876116042675279
tfidf,1,2,86,fake,379,0,0.38927787896464827,0.37939328652516147
tfidf,1,2,86,fake,381,1,0.916240056095043,0.9226405237584212
tfidf,1,2,86,fake,382,0,0.26718750834381927,0.23657311680702997
tfidf,1,2,86,fake,386,1,0.859937179783032,0.8615649634534664
tfidf,1,2,86,fake,390,0,0.9583730790460544,0.9639743657224663
tfidf,1,2,86,fake,392,0,0.13276631392009794,0.1257759113728226
tfidf,1,2,86,fake,401,0,0.6831897100729823,0.6736093231685849
tfidf,1,2,86,fake,412,1,0.9175598963824656,0.9176389973191049
tfidf,1,2,86,fake,422,1,0.9932911135133408,0.9927753951311141
tfidf,1,2,86,fake,427,0,0.005986090082349029,0.005020146994278793
tfidf,1,2,86,fake,440,1,0.8665605442172037,0.8687863611962925
tfidf,1,2,86,fake,443,0,0.17199824662242513,0.15854705286796517
tfidf,1,2,86,fake,457,0,0.010513099212823973,0.009432199506104218
tfidf,1,2,86,fake,479,0,0.01600809606641201,0.012944478802717815
tfidf,1,2,86,fake,482,0,0.05855818444649561,0.052440589604050805
tfidf,1,2,86,fake,486,0,0.03712957211615682,0.03564123925585174
tfidf,1,3,86,fake,305,0,0.26407631804818915,0.24640519095488267
tfidf,1,3,86,fake,307,0,0.47189305028985623,0.3268626005388179
tfidf,1,3,86,fake,313,0,0.2817440622356877,0.28230901013188303
tfidf,1,3,86,fake,315,0,0.33571210514439687,0.21215652518415073
tfidf,1,3,86,fake,317,0,0.6740944226335697,0.7588236115381621
tfidf,1,3,86,fake,320,1,0.7747242617394916,0.8528122201003612
tfidf,1,3,86,fake,338,1,0.4443565598975185,0.585928741205502
tfidf,1,3,86,fake,344,1,0.4818331707820284,0.5769184972035893
tfidf,1,3,86,fake,352,1,0.7233834890790805,0.6085089550545046
tfidf,1,3,86,fake,356,1,0.8083011874088257,0.8597734914703652
tfidf,1,3,86,fake,367,1,0.9988769365877426,0.9990145268592642
tfidf,1,3,86,fake,371,0,0.37710303771484255,0.4187939567393761
tfidf,1,3,86,fake,380,1,0.9014777478198474,0.860943989178535
tfidf,1,3,86,fake,383,0,0.22380012151989648,0.19257522761309204
tfidf,1,3,86,fake,393,0,0.04160384714950046,0.05127258985578229
tfidf,1,3,86,fake,395,0,0.6217452778646293,0.6959051542476469
tfidf,1,3,86,fake,397,0,0.20283745626534286,0.18175410654917437
tfidf,1,3,86,fake,425,0,0.6251453654283933,0.6240137184936828
tfidf,1,3,86,fake,430,0,0.3772154852824703,0.30394616845287403
tfidf,1,3,86,fake,436,0,0.025514201491443386,0.01951389788784411
tfidf,1,3,86,fake,439,0,0.4377678632243859,0.4163710074395641
tfidf,1,3,86,fake,446,0,0.11021013518065016,0.1265629242634584
tfidf,1,3,86,fake,447,0,0.6553117785948126,0.6662910783722021
tfidf,1,3,86,fake,459,1,0.7850890525023928,0.797275511931683
tfidf,1,3,86,fake,474,0,0.03143829696273391,0.02343923668253569
tfidf,1,3,86,fake,475,0,0.010148115936298689,0.01011421704144876
tfidf,1,3,86,fake,489,0,0.03530111090977763,0.036436929847975606
tfidf,1,3,86,fake,491,0,0.2324798471848302,0.20527997601612852
tfidf,1,4,86,fake,318,0,0.03598358991916834,0.16689114608696176
tfidf,1,4,86,fake,322,0,0.4905751353660926,0.6770587744585245
tfidf,1,4,86,fake,326,0,0.6113155685592997,0.3797325727504878
tfidf,1,4,86,fake,327,0,0.49241250802360004,0.6254971443543946
tfidf,1,4,86,fake,335,1,0.9761420963110832,0.8153189830195287
tfidf,1,4,86,fake,343,0,0.9862649018084235,0.8846854118583599
tfidf,1,4,86,fake,347,1,0.07530943628330132,0.42086478731806604
tfidf,1,4,86,fake,351,1,0.6119345330471981,0.7649424162695291
tfidf,1,4,86,fake,374,0,0.012555155407376574,0.2192443648892064
tfidf,1,4,86,fake,377,1,0.9995174529572997,0.9796501025660282
tfidf,1,4,86,fake,389,1,0.9051366369757317,0.8403387683997804
tfidf,1,4,86,fake,414,1,0.3493016524046503,0.48340718415854506
tfidf,1,4,86,fake,415,0,0.01864241958463679,0.10071439050817756
tfidf,1,4,86,fake,419,0,3.805327292714784e-05,0.014043305140863088
tfidf,1,4,86,fake,445,0,0.004799356980078826,0.07400684710593167
tfidf,1,4,86,fake,448,1,0.9844504541758503,0.8392502874034937
tfidf,1,4,86,fake,449,0,0.05508986551034439,0.1560009295940897
tfidf,1,4,86,fake,455,0,0.0019224629666356337,0.05082620870426635
tfidf,1,4,86,fake,458,0,0.004029474288107294,0.11060262400139913
tfidf,1,4,86,fake,463,0,2.1744127353429675e-06,0.0016230359661980396
tfidf,1,4,86,fake,464,0,0.2423629356811397,0.12141186461130934
tfidf,1,4,86,fake,471,0,0.022417650488419143,0.10332978522096276
tfidf,1,4,86,fake,472,0,0.011938640406112425,0.038406630732628205
tfidf,1,4,86,fake,477,0,0.0765699172434414,0.3810369270059305
tfidf,1,4,86,fake,478,0,0.7156480061708715,0.7505324462980139
tfidf,1,4,86,fake,483,1,0.9984020812233796,0.9414377829643075
tfidf,1,4,86,fake,488,0,0.0018725253574108155,0.058601378406273476
tfidf,1,4,86,fake,492,0,0.024785219346130254,0.1496590343854858
tfidf,1,5,86,fake,302,0,0.06963740845196109,0.007463291261878091
tfidf,1,5,86,fake,321,1,0.8917227668851426,0.9874145878789982
tfidf,1,5,86,fake,325,1,0.8713992722327618,0.9027548812222153
tfidf,1,5,86,fake,330,1,0.32267449550912397,0.22947199199495982
tfidf,1,5,86,fake,333,0,0.35530543306206364,0.04558934841438526
tfidf,1,5,86,fake,336,0,0.5440146128923653,0.32899369043910454
tfidf,1,5,86,fake,340,0,0.285016259712912,0.045085089137965065
tfidf,1,5,86,fake,341,0,0.32458797596642475,0.03072901300568422
tfidf,1,5,86,fake,348,1,0.7126580408802555,0.8273707733925071
tfidf,1,5,86,fake,350,1,0.8083847835852853,0.9601727023958332
tfidf,1,5,86,fake,360,0,0.47319411613692325,0.33127838723046793
tfidf,1,5,86,fake,368,0,0.1393114698357701,0.005353033244664236
tfidf,1,5,86,fake,370,0,0.08020494099722658,0.01371850899239388
tfidf,1,5,86,fake,385,0,0.15594466438375154,0.12001780305319834
tfidf,1,5,86,fake,388,1,0.8145705637628817,0.9887338760282414
tfidf,1,5,86,fake,406,0,0.037751051223688534,0.0027601891076697795
tfidf,1,5,86,fake,409,1,0.8918578331058579,0.9987885427906787
tfidf,1,5,86,fake,417,0,0.22712412689887376,0.08292923283506373
tfidf,1,5,86,fake,418,1,0.9644904038548893,0.9997928405140647
tfidf,1,5,86,fake,428,0,0.08510295708515674,0.004911317417249552
tfidf,1,5,86,fake,429,0,0.12138583007218484,0.04526060241387023
tfidf,1,5,86,fake,434,0,0.03321792494970689,0.00012771133738947662
tfidf,1,5,86,fake,437,0,0.07880862534790795,0.0072144600367607
tfidf,1,5,86,fake,441,1,0.8007904402036538,0.9769718930235437
tfidf,1,5,86,fake,444,0,0.13322634106855719,0.02956529460257965
tfidf,1,5,86,fake,456,0,0.2526034796659697,0.22813605816342944
tfidf,1,5,86,fake,468,0,0.13209528955160266,0.003492832102780019
tfidf,1,5,86,fake,485,0,0.08227214434016421,0.018524719519441433
tfidf,1,1,87,fake,319,1,0.6485521804836396,0.7479612856837158
tfidf,1,1,87,fake,331,0,0.7483243739873672,0.8086847176898769
tfidf,1,1,87,fake,345,1,0.9295291960596226,0.9532162575367883
tfidf,1,1,87,fake,346,1,0.9690286835822284,0.972529875173006
tfidf,1,1,87,fake,357,0,0.6085957833669291,0.6396153820880379
tfidf,1,1,87,fake,358,0,0.7371827196116756,0.8166884384690992
tfidf,1,1,87,fake,362,1,0.8199397033089181,0.8942306759753237
tfidf,1,1,87,fake,363,0,0.1408681896961813,0.13842480152875714
tfidf,1,1,87,fake,364,0,0.320550229108754,0.4298159976283006
tfidf,1,1,87,fake,369,0,0.6851016889619082,0.6503706844197672
tfidf,1,1,87,fake,372,1,0.3523249587496372,0.3776178778628654
tfidf,1,1,87,fake,391,0,0.3443800635640923,0.46094343263280596
tfidf,1,1,87,fake,400,0,0.7987768558769824,0.7956712958447493
tfidf,1,1,87,fake,402,1,0.9972160330963546,0.9979378567667873
tfidf,1,1,87,fake,403,0,0.024731060490342273,0.020110589074671104
tfidf,1,1,87,fake,404,0,0.0818271549375645,0.1083963797760569
tfidf,1,1,87,fake,413,1,0.9569072238269948,0.9628709967001872
tfidf,1,1,87,fake,416,0,0.05774330644754213,0.05699506311791452
tfidf,1,1,87,fake,420,0,0.08969280156708759,0.07168984952164068
tfidf,1,1,87,fake,423,0,0.9779975073540833,0.9835760826477934
tfidf,1,1,87,fake,426,1,0.9978460319603049,0.9974852773253194
tfidf,1,1,87,fake,433,1,0.35254789615567855,0.3725409209804889
tfidf,1,1,87,fake,451,0,0.34729964118507145,0.29837831722399955
tfidf,1,1,87,fake,454,0,0.059851671864993544,0.07675967985013032
tfidf,1,1,87,fake,473,0,0.049255817829307935,0.048830236744824916
tfidf,1,1,87,fake,476,0,0.09268140739961903,0.08327809611020502
tfidf,1,1,87,fake,484,0,0.2771521408656394,0.33206940515465533
tfidf,1,1,87,fake,487,0,0.4375411089322829,0.4584930600174571
tfidf,1,1,87,fake,490,0,0.033031810611574786,0.034008200877630054
tfidf,1,2,87,fake,303,0,0.1126251066570172,0.12129308684702385
tfidf,1,2,87,fake,304,0,0.08464676762177216,0.07459113773881537
tfidf,1,2,87,fake,310,0,0.4530780175603357,0.4008703446431967
tfidf,1,2,87,fake,312,0,0.483288234528754,0.4508767673619779
tfidf,1,2,87,fake,316,0,0.5925893492608545,0.5731415974057824
tfidf,1,2,87,fake,324,0,0.5141654611545756,0.5242745972866215
tfidf,1,2,87,fake,328,0,0.6211787336884447,0.6084438050857656
tfidf,1,2,87,fake,339,1,0.8809652725653907,0.8899998761129141
tfidf,1,2,87,fake,353,1,0.7317192253944462,0.7366612883631908
tfidf,1,2,87,fake,355,1,0.716317826714377,0.733966753660808
tfidf,1,2,87,fake,366,0,0.017445023507490248,0.015110086464076392
tfidf,1,2,87,fake,375,0,0.0049041621197597265,0.004368428785860043
tfidf,1,2,87,fake,376,1,0.9690451517713257,0.9721596574250659
tfidf,1,2,87,fake,379,0,0.3388109780203876,0.32447312231013575
tfidf,1,2,87,fake,381,1,0.9329646322066968,0.9415249457980281
tfidf,1,2,87,fake,382,0,0.15470636522125278,0.13428875545509086
tfidf,1,2,87,fake,386,1,0.9699744765223627,0.9636723032960649
tfidf,1,2,87,fake,390,0,0.9568397975937318,0.959936405571211
tfidf,1,2,87,fake,392,0,0.11953336785606773,0.11360327578628125
tfidf,1,2,87,fake,401,0,0.6452302162923733,0.6396045052987525
tfidf,1,2,87,fake,412,1,0.7633149506904365,0.7387651499172199
tfidf,1,2,87,fake,422,1,0.575013480594112,0.5637301828551337
tfidf,1,2,87,fake,427,0,0.01200430772218017,0.010288279785929064
tfidf,1,2,87,fake,440,1,0.8673206399960027,0.8739381908597965
tfidf,1,2,87,fake,443,0,0.1525272312948313,0.14387306870517397
tfidf,1,2,87,fake,457,0,0.007388601371739242,0.0065808308027625675
tfidf,1,2,87,fake,479,0,0.015456096812472507,0.013388264664128777
tfidf,1,2,87,fake,482,0,0.06709766382983279,0.05852382715837358
tfidf,1,2,87,fake,486,0,0.02322092592519952,0.021986224635181788
tfidf,1,3,87,fake,305,0,0.35726010802049735,0.34462919927262314
tfidf,1,3,87,fake,307,0,0.20908926380142132,0.16746067154173144
tfidf,1,3,87,fake,313,0,0.26240988286069605,0.2706600254073134
tfidf,1,3,87,fake,315,0,0.26855822442133853,0.21823081866407912
tfidf,1,3,87,fake,317,0,0.5809015782275493,0.6301636533593697
tfidf,1,3,87,fake,320,1,0.8039879069059815,0.8455260272353624
tfidf,1,3,87,fake,338,1,0.7492319284415319,0.8055789194745734
tfidf,1,3,87,fake,344,1,0.7340660074940382,0.7600414187005311
tfidf,1,3,87,fake,352,1,0.7375953484198469,0.6848108095428611
tfidf,1,3,87,fake,356,1,0.46976549250971933,0.5281331221596361
tfidf,1,3,87,fake,367,1,0.9913335559672013,0.9922143929440397
tfidf,1,3,87,fake,371,0,0.5326916305714454,0.5541294565540441
tfidf,1,3,87,fake,380,1,0.9695331766177955,0.9624581579967145
tfidf,1,3,87,fake,383,0,0.11626480626856228,0.11049430537484511
tfidf,1,3,87,fake,393,0,0.12494180994279112,0.12422322785688988
tfidf,1,3,87,fake,395,0,0.673686755330778,0.7000358555809852
tfidf,1,3,87,fake,397,0,0.16538276270928823,0.1622321235766461
tfidf,1,3,87,fake,425,0,0.5769517770606261,0.5863282871525723
tfidf,1,3,87,fake,430,0,0.25309943580432703,0.2334820263355096
tfidf,1,3,87,fake,436,0,0.05794240372480362,0.05175586417308796
tfidf,1,3,87,fake,439,0,0.30001134255335044,0.2951154752883807
tfidf,1,3,87,fake,446,0,0.07069953359109472,0.07226276745428034
tfidf,1,3,87,fake,447,0,0.18151945754716342,0.19087995833115162
tfidf,1,3,87,fake,459,1,0.8297337115036988,0.8255504317080672
tfidf,1,3,87,fake,474,0,0.04967361405153877,0.04249707084204912
tfidf,1,3,87,fake,475,0,0.02277564851001427,0.02131306584680177
tfidf,1,3,87,fake,489,0,0.22048285935612433,0.19940923743843222
tfidf,1,3,87,fake,491,0,0.5051844351215605,0.4860637894176301
tfidf,1,4,87,fake,318,0,0.289695670648898,0.20582361632057428
tfidf,1,4,87,fake,322,0,0.7194929567169452,0.7427258842635224
tfidf,1,4,87,fake,326,0,0.30396122575712164,0.21548439559009747
tfidf,1,4,87,fake,327,0,0.6154226546843914,0.5891363318637698
tfidf,1,4,87,fake,335,1,0.7462711455000005,0.7134637515782578
tfidf,1,4,87,fake,343,0,0.6754584316055088,0.6780320796302575
tfidf,1,4,87,fake,347,1,0.7467204106183619,0.7681691905158253
tfidf,1,4,87,fake,351,1,0.9786455959430275,0.9861767303740772
tfidf,1,4,87,fake,374,0,0.11001766485667384,0.11500753368326692
tfidf,1,4,87,fake,377,1,0.9711391122376687,0.9787698764178402
tfidf,1,4,87,fake,389,1,0.6975510807637438,0.7488419588559307
tfidf,1,4,87,fake,414,1,0.5502723124671137,0.5028272356968396
tfidf,1,4,87,fake,415,0,0.206308900859724,0.18556998973878724
tfidf,1,4,87,fake,419,0,0.012214635533590831,0.008504615272525993
tfidf,1,4,87,fake,445,0,0.18191942683088136,0.18073331407686682
tfidf,1,4,87,fake,448,1,0.7324122483959434,0.756126257949281
tfidf,1,4,87,fake,449,0,0.13096880112970177,0.12454390742247026
tfidf,1,4,87,fake,455,0,0.13845672258640346,0.14138241700431747
tfidf,1,4,87,fake,458,0,0.30910075469987786,0.32124398141801613
tfidf,1,4,87,fake,463,0,0.0037668807028857078,0.0024520644520325905
tfidf,1,4,87,fake,464,0,0.062311427580584396,0.050434244506267344
tfidf,1,4,87,fake,471,0,0.09336066114121087,0.06404720456960211
tfidf,1,4,87,fake,472,0,0.010663406608356105,0.01065381907114654
tfidf,1,4,87,fake,477,0,0.5634961029927072,0.5858622157275761
tfidf,1,4,87,fake,478,0,0.8014590459174484,0.8230599688843689
tfidf,1,4,87,fake,483,1,0.5832442164062405,0.5755262566687791
tfidf,1,4,87,fake,488,0,0.43495462047385336,0.36708889708379877
tfidf,1,4,87,fake,492,0,0.10846033321152748,0.11074525820490816
tfidf,1,5,87,fake,302,0,0.048125162122242715,0.0008140854494691465
tfidf,1,5,87,fake,321,1,0.7790801074550909,0.7826826554189815
tfidf,1,5,87,fake,325,1,0.7618608728610787,0.7848220215387797
tfidf,1,5,87,fake,330,1,0.529953990598304,0.1450966298186407
tfidf,1,5,87,fake,333,0,0.46912673150835504,0.16744154958661672
tfidf,1,5,87,fake,336,0,0.37633326373256115,0.19416338143011472
tfidf,1,5,87,fake,340,0,0.22687913884741337,0.011209180993783
tfidf,1,5,87,fake,341,0,0.8140649402555367,0.5948815964786623
tfidf,1,5,87,fake,348,1,0.48973039906769533,0.2825097853787512
tfidf,1,5,87,fake,350,1,0.9741556872409386,0.9983562206535331
tfidf,1,5,87,fake,360,0,0.5059981065454062,0.26925114437560044
tfidf,1,5,87,fake,368,0,0.14105431617609493,0.04395422770547771
tfidf,1,5,87,fake,370,0,0.0820262497300085,0.0074806816866649735
tfidf,1,5,87,fake,385,0,0.10951342587954443,0.010240133307955649
tfidf,1,5,87,fake,388,1,0.6446867050696369,0.7835494139460288
tfidf,1,5,87,fake,406,0,0.06500729425426012,0.010855203288579912
tfidf,1,5,87,fake,409,1,0.6320724495433911,0.8401918524194242
tfidf,1,5,87,fake,417,0,0.37108792146758135,0.7201732016843237
tfidf,1,5,87,fake,418,1,0.8592991042703046,0.8925355330042645
tfidf,1,5,87,fake,428,0,0.10273696884756789,0.006951287714334152
tfidf,1,5,87,fake,429,0,0.307338972992675,0.32127296572446545
tfidf,1,5,87,fake,434,0,0.09433129601623932,0.04056582003512594
tfidf,1,5,87,fake,437,0,0.23201896498849855,0.1192658874517387
tfidf,1,5,87,fake,441,1,0.7452944208205899,0.8078678654633401
tfidf,1,5,87,fake,444,0,0.05312802960520701,0.0016084340636975275
tfidf,1,5,87,fake,456,0,0.03946904904819911,0.0015125503085273773
tfidf,1,5,87,fake,468,0,0.03876916529734709,0.005298161897507277
tfidf,1,5,87,fake,485,0,0.02403517753170016,0.0008262078183752097
tfidf,1,1,88,fake,319,1,0.8947158395068866,0.9482897078942002
tfidf,1,1,88,fake,331,0,0.48408619317102286,0.6245283066187994
tfidf,1,1,88,fake,345,1,0.8193026205779811,0.8989676439981904
tfidf,1,1,88,fake,346,1,0.5330089326426244,0.6124795525505806
tfidf,1,1,88,fake,357,0,0.4850299417413198,0.5533480214560329
tfidf,1,1,88,fake,358,0,0.956520343452998,0.9823519537490784
tfidf,1,1,88,fake,362,1,0.6962434440989697,0.8707299706955741
tfidf,1,1,88,fake,363,0,0.19893091922718065,0.21219646650684512
tfidf,1,1,88,fake,364,0,0.730649197262456,0.798990861986067
tfidf,1,1,88,fake,369,0,0.15865406560472023,0.1373495393518793
tfidf,1,1,88,fake,372,1,0.5231295229482402,0.5671856617985225
tfidf,1,1,88,fake,391,0,0.417084752137056,0.5482739039620771
tfidf,1,1,88,fake,400,0,0.5551209668409127,0.5524567864507949
tfidf,1,1,88,fake,402,1,0.9880826835490324,0.9903816974265532
tfidf,1,1,88,fake,403,0,0.02093271984047722,0.015972040129363384
tfidf,1,1,88,fake,404,0,0.04684528548182468,0.07764810282664517
tfidf,1,1,88,fake,413,1,0.9780116178964657,0.9867915454603303
tfidf,1,1,88,fake,416,0,0.03794318555518227,0.03546657920559559
tfidf,1,1,88,fake,420,0,0.07056206648808658,0.044865116586186124
tfidf,1,1,88,fake,423,0,0.8386494261279913,0.8726447557330751
tfidf,1,1,88,fake,426,1,0.998514541791765,0.998943682443552
tfidf,1,1,88,fake,433,1,0.837730139470579,0.839158437174373
tfidf,1,1,88,fake,451,0,0.3432895696356333,0.3140252859789885
tfidf,1,1,88,fake,454,0,0.06945747833413644,0.07622874336993973
tfidf,1,1,88,fake,473,0,0.017231363697029108,0.01640719806964927
tfidf,1,1,88,fake,476,0,0.033238573453759045,0.025871506014933765
tfidf,1,1,88,fake,484,0,0.24867338692432858,0.2703561765860731
tfidf,1,1,88,fake,487,0,0.6115813859623274,0.5641503732498588
tfidf,1,1,88,fake,490,0,0.04282862067878367,0.041916417487322284
tfidf,1,2,88,fake,303,0,0.026237774077860303,0.026662693102230847
tfidf,1,2,88,fake,304,0,0.04142653581979608,0.03731394621031503
tfidf,1,2,88,fake,310,0,0.46670576258481333,0.42201887949510997
tfidf,1,2,88,fake,312,0,0.6232750661534519,0.5941006301253402
tfidf,1,2,88,fake,316,0,0.6052977979025267,0.5975295444223567
tfidf,1,2,88,fake,324,0,0.31564194325581013,0.3281493411637624
tfidf,1,2,88,fake,328,0,0.47798890911094327,0.45800664499537064
tfidf,1,2,88,fake,339,1,0.8910242040037134,0.8904019260714369
tfidf,1,2,88,fake,353,1,0.8491087345853027,0.8526377895328475
tfidf,1,2,88,fake,355,1,0.35321749043775735,0.3775715232126298
tfidf,1,2,88,fake,366,0,0.0369007640523467,0.03190772178485482
tfidf,1,2,88,fake,375,0,0.004919573655185067,0.0041335461670301615
tfidf,1,2,88,fake,376,1,0.9902486665372662,0.9912748816168943
tfidf,1,2,88,fake,379,0,0.6063681870272765,0.5779721200559204
tfidf,1,2,88,fake,381,1,0.9986144328059349,0.9986560639999653
tfidf,1,2,88,fake,382,0,0.26098743459925766,0.22844702145428344
tfidf,1,2,88,fake,386,1,0.6389934947746012,0.645747742302113
tfidf,1,2,88,fake,390,0,0.9523686864141234,0.954985198619067
tfidf,1,2,88,fake,392,0,0.07447649522318033,0.07010203073977911
tfidf,1,2,88,fake,401,0,0.5393796835244558,0.5289295212570564
tfidf,1,2,88,fake,412,1,0.7964757292152821,0.7850018620356222
tfidf,1,2,88,fake,422,1,0.7981455300681379,0.7796537598322208
tfidf,1,2,88,fake,427,0,0.029209033357901946,0.024707880648936455
tfidf,1,2,88,fake,440,1,0.8858696723269666,0.886884780997151
tfidf,1,2,88,fake,443,0,0.19729944877889705,0.18533061410803756
tfidf,1,2,88,fake,457,0,0.009932346912096155,0.008653544444632866
tfidf,1,2,88,fake,479,0,0.03187569299265285,0.027094321759127064
tfidf,1,2,88,fake,482,0,0.09745328227220584,0.08648767027433418
tfidf,1,2,88,fake,486,0,0.008994412554437777,0.008193444551694353
tfidf,1,3,88,fake,305,0,0.16539054879407314,0.14732453481402988
tfidf,1,3,88,fake,307,0,0.17684953128966494,0.13133285971321512
tfidf,1,3,88,fake,313,0,0.6507018764012305,0.6589219482975425
tfidf,1,3,88,fake,315,0,0.3708435714477895,0.274925927330084
tfidf,1,3,88,fake,317,0,0.6929290648024791,0.7713905595987768
tfidf,1,3,88,fake,320,1,0.7936619881014763,0.8464562633634365
tfidf,1,3,88,fake,338,1,0.8955271211701888,0.9242662364597496
tfidf,1,3,88,fake,344,1,0.8177730507075298,0.8422408624460852
tfidf,1,3,88,fake,352,1,0.8454368424262205,0.7638817529011103
tfidf,1,3,88,fake,356,1,0.6889678675665888,0.7443178181562423
tfidf,1,3,88,fake,367,1,0.9960876695636853,0.9964471301356318
tfidf,1,3,88,fake,371,0,0.641080722831349,0.6723817829503942
tfidf,1,3,88,fake,380,1,0.65180656320748,0.5884303551147433
tfidf,1,3,88,fake,383,0,0.3247989080685418,0.31201460865392705
tfidf,1,3,88,fake,393,0,0.02114087121688693,0.023570323768601926
tfidf,1,3,88,fake,395,0,0.26993986545078447,0.3472738091492277
tfidf,1,3,88,fake,397,0,0.31429351999489613,0.31910469564166727
tfidf,1,3,88,fake,425,0,0.865743714043354,0.8599131234160637
tfidf,1,3,88,fake,430,0,0.17509684042508816,0.16032187316525778
tfidf,1,3,88,fake,436,0,0.025909235494538652,0.023538663211798854
tfidf,1,3,88,fake,439,0,0.2488608545840675,0.2649726095645081
tfidf,1,3,88,fake,446,0,0.024582341781268908,0.029163524478974464
tfidf,1,3,88,fake,447,0,0.133107568537609,0.1455948218958617
tfidf,1,3,88,fake,459,1,0.9636866467522296,0.9637907705885547
tfidf,1,3,88,fake,474,0,0.08657281865754153,0.07119698921034977
tfidf,1,3,88,fake,475,0,0.015680937115299002,0.01583200469620777
tfidf,1,3,88,fake,489,0,0.056960046340572355,0.06282572363437267
tfidf,1,3,88,fake,491,0,0.08935976342101522,0.09772228714791197
tfidf,1,4,88,fake,318,0,0.5442396920058062,0.20113703122215548
tfidf,1,4,88,fake,322,0,0.7245169324270838,0.7694371450055465
tfidf,1,4,88,fake,326,0,0.5507910574945506,0.18891377244819418
tfidf,1,4,88,fake,327,0,0.7296169800439323,0.7696970847636905
tfidf,1,4,88,fake,335,1,0.6646678112848862,0.5182507029667878
tfidf,1,4,88,fake,343,0,0.71108886703383,0.724956640228707
tfidf,1,4,88,fake,347,1,0.5335984474925654,0.2824475959651382
tfidf,1,4,88,fake,351,1,0.7707661099313838,0.9208329680863417
tfidf,1,4,88,fake,374,0,0.5017034130393997,0.08188140184467908
tfidf,1,4,88,fake,377,1,0.91000940309635,0.9955525101507776
tfidf,1,4,88,fake,389,1,0.7554829854363725,0.9266282082558401
tfidf,1,4,88,fake,414,1,0.6316611047913245,0.5891086340348362
tfidf,1,4,88,fake,415,0,0.23879149185683615,0.08060381513601024
tfidf,1,4,88,fake,419,0,0.1963430449236898,0.024640333952474856
tfidf,1,4,88,fake,445,0,0.27279846973633715,0.1256914288924476
tfidf,1,4,88,fake,448,1,0.4689546484722194,0.2323727330530546
tfidf,1,4,88,fake,449,0,0.23937959535140757,0.10105602336951067
tfidf,1,4,88,fake,455,0,0.25101663338740177,0.09794228018148872
tfidf,1,4,88,fake,458,0,0.39723234715517375,0.17514005299169963
tfidf,1,4,88,fake,463,0,0.09260158925976489,0.005804680513868064
tfidf,1,4,88,fake,464,0,0.2415566712118716,0.12947955399204822
tfidf,1,4,88,fake,471,0,0.2944013268238007,0.12561145757330527
tfidf,1,4,88,fake,472,0,0.15234696695847258,0.016835270699498403
tfidf,1,4,88,fake,477,0,0.40491396623526343,0.3164931354178514
tfidf,1,4,88,fake,478,0,0.5853541193248913,0.7576856504237655
tfidf,1,4,88,fake,483,1,0.7853266467068941,0.9579232377091491
tfidf,1,4,88,fake,488,0,0.2758277557857035,0.10973051203739057
tfidf,1,4,88,fake,492,0,0.33997520116582686,0.252673730620429
tfidf,1,5,88,fake,302,0,0.46569697082566464,0.17735617802607165
tfidf,1,5,88,fake,321,1,0.6712400063462848,0.5745077415045322
tfidf,1,5,88,fake,325,1,0.7837658246802208,0.8907406273133408
tfidf,1,5,88,fake,330,1,0.7869966146238057,0.8867739481949476
tfidf,1,5,88,fake,333,0,0.597661195968563,0.49773966429039673
tfidf,1,5,88,fake,336,0,0.5215834631558597,0.25673242019467485
tfidf,1,5,88,fake,340,0,0.5464293776828982,0.30736777289126654
tfidf,1,5,88,fake,341,0,0.5679870865375062,0.35545156522461363
tfidf,1,5,88,fake,348,1,0.7129016992821386,0.7530291679452945
tfidf,1,5,88,fake,350,1,0.6889006827486341,0.78950019614233
tfidf,1,5,88,fake,360,0,0.5826290909495592,0.5197089634195806
tfidf,1,5,88,fake,368,0,0.38424804983978283,0.16217783904685332
tfidf,1,5,88,fake,370,0,0.22103994579889538,0.07164991017947397
tfidf,1,5,88,fake,385,0,0.28864572669046135,0.14397401047627573
tfidf,1,5,88,fake,388,1,0.6275778612770906,0.8585666332104298
tfidf,1,5,88,fake,406,0,0.22018541043526468,0.11861171023385492
tfidf,1,5,88,fake,409,1,0.5036900094562632,0.4740590087529153
tfidf,1,5,88,fake,417,0,0.26278592377535037,0.072826499317279
tfidf,1,5,88,fake,418,1,0.6136874126352452,0.6268082763945477
tfidf,1,5,88,fake,428,0,0.3978905078206585,0.38345453002080343
tfidf,1,5,88,fake,429,0,0.32425001032269785,0.15350672813731991
tfidf,1,5,88,fake,434,0,0.1940831851294138,0.038392541709082524
tfidf,1,5,88,fake,437,0,0.4115994336463112,0.4917311290919392
tfidf,1,5,88,fake,441,1,0.6343026247704667,0.7096529377036629
tfidf,1,5,88,fake,444,0,0.2804458716743522,0.08952935408504589
tfidf,1,5,88,fake,456,0,0.1848636502066447,0.08610968244321891
tfidf,1,5,88,fake,468,0,0.1977353389436989,0.0583584370732058
tfidf,1,5,88,fake,485,0,0.25880369558246114,0.14938058128545106
tfidf,1,1,89,fake,319,1,0.9945863802623706,0.9959874640252865
tfidf,1,1,89,fake,331,0,0.42660944007505247,0.598615799543544
tfidf,1,1,89,fake,345,1,0.7559613254849249,0.8541233222746107
tfidf,1,1,89,fake,346,1,0.7987382023711256,0.8600366330691668
tfidf,1,1,89,fake,357,0,0.49608091873774446,0.5634753742618729
tfidf,1,1,89,fake,358,0,0.7374451848242927,0.866931635387664
tfidf,1,1,89,fake,362,1,0.9196181779893441,0.9670881777780144
tfidf,1,1,89,fake,363,0,0.1756097382423915,0.16657355775639757
tfidf,1,1,89,fake,364,0,0.7459636469980252,0.8614970194235776
tfidf,1,1,89,fake,369,0,0.16523815928459812,0.1289428901033267
tfidf,1,1,89,fake,372,1,0.8508905379317824,0.8581585321913265
tfidf,1,1,89,fake,391,0,0.6369469824133174,0.770629033876891
tfidf,1,1,89,fake,400,0,0.7664305520115938,0.7181101425437824
tfidf,1,1,89,fake,402,1,0.9912524526849043,0.9931516256068808
tfidf,1,1,89,fake,403,0,0.010114543181186599,0.005785268026712643
tfidf,1,1,89,fake,404,0,0.07590096414598785,0.13270486561020248
tfidf,1,1,89,fake,413,1,0.6330524642808198,0.7597508574810601
tfidf,1,1,89,fake,416,0,0.035105213222566115,0.03741870926182008
tfidf,1,1,89,fake,420,0,0.18293057921224834,0.13688732413057195
tfidf,1,1,89,fake,423,0,0.8696314080806069,0.910213118626801
tfidf,1,1,89,fake,426,1,0.3973715746404108,0.4750713963226791
tfidf,1,1,89,fake,433,1,0.6932116249992604,0.7191445120313033
tfidf,1,1,89,fake,451,0,0.2957927620727624,0.21773651454592596
tfidf,1,1,89,fake,454,0,0.06811054838072264,0.07867330644615474
tfidf,1,1,89,fake,473,0,0.03757938277761708,0.039468518576021995
tfidf,1,1,89,fake,476,0,0.19137409756667073,0.15799705507820122
tfidf,1,1,89,fake,484,0,0.26804636681508004,0.3421057843195959
tfidf,1,1,89,fake,487,0,0.38155145762575454,0.35713431882685065
tfidf,1,1,89,fake,490,0,0.25810995701030826,0.23143114510486554
tfidf,1,2,89,fake,303,0,0.061785889117793674,0.062140577240129495
tfidf,1,2,89,fake,304,0,0.06612871295954326,0.06444716461023027
tfidf,1,2,89,fake,310,0,0.45153454285457123,0.4343202054240318
tfidf,1,2,89,fake,312,0,0.5397554546013665,0.5266951688266798
tfidf,1,2,89,fake,316,0,0.5733160098476442,0.5691261126853894
tfidf,1,2,89,fake,324,0,0.37541493345724897,0.38385540739336077
tfidf,1,2,89,fake,328,0,0.5458515282954218,0.5351722801826997
tfidf,1,2,89,fake,339,1,0.9414873461163923,0.9421459248319344
tfidf,1,2,89,fake,353,1,0.6537165632282664,0.6538931934324893
tfidf,1,2,89,fake,355,1,0.7877171114348913,0.7922324667704924
tfidf,1,2,89,fake,366,0,0.012046628640587045,0.011430752070268129
tfidf,1,2,89,fake,375,0,0.0050401626879529055,0.0046813474938924024
tfidf,1,2,89,fake,376,1,0.9772580381539651,0.9786379788857683
tfidf,1,2,89,fake,379,0,0.5240620446005904,0.5190396544366812
tfidf,1,2,89,fake,381,1,0.796303259726263,0.8038222696997355
tfidf,1,2,89,fake,382,0,0.11632152608019763,0.11046691177815265
tfidf,1,2,89,fake,386,1,0.5318060091040974,0.5423790684991378
tfidf,1,2,89,fake,390,0,0.9661448617678251,0.9682124128599439
tfidf,1,2,89,fake,392,0,0.12459802351587704,0.12132132143826456
tfidf,1,2,89,fake,401,0,0.6234958055001343,0.6205485095747115
tfidf,1,2,89,fake,412,1,0.760023674071691,0.7590771705692819
tfidf,1,2,89,fake,422,1,0.4790020078203403,0.47237566540965087
tfidf,1,2,89,fake,427,0,0.019746012408145688,0.018569060257127554
tfidf,1,2,89,fake,440,1,0.9439307066370602,0.9446610827193913
tfidf,1,2,89,fake,443,0,0.21367126066247089,0.21028454475742495
tfidf,1,2,89,fake,457,0,0.018543332216213543,0.017656112556375596
tfidf,1,2,89,fake,479,0,0.05247784480749799,0.0498957357770467
tfidf,1,2,89,fake,482,0,0.08117290824867014,0.07867029056835988
tfidf,1,2,89,fake,486,0,0.019991124876528307,0.01925741882097783
tfidf,1,3,89,fake,305,0,0.17028010598775803,0.48474064161007857
tfidf,1,3,89,fake,307,0,0.24812134497980753,0.43761547339117385
tfidf,1,3,89,fake,313,0,0.42153284808275976,0.5613641598306353
tfidf,1,3,89,fake,315,0,0.34428953241053517,0.5112068339645135
tfidf,1,3,89,fake,317,0,0.7933277411425065,0.7265945110451014
tfidf,1,3,89,fake,320,1,0.9463739144691311,0.8436128827589573
tfidf,1,3,89,fake,338,1,0.5280243942106007,0.6224984856925516
tfidf,1,3,89,fake,344,1,0.22918438292176027,0.5438417906663803
tfidf,1,3,89,fake,352,1,0.6500305659629865,0.5867382147174259
tfidf,1,3,89,fake,356,1,0.7989159558591888,0.7397185429861721
tfidf,1,3,89,fake,367,1,0.9977465008047561,0.9417177333348536
tfidf,1,3,89,fake,371,0,0.6435246522987922,0.49365863405364463
tfidf,1,3,89,fake,380,1,0.953348977305267,0.7777987142273248
tfidf,1,3,89,fake,383,0,0.09078655515293613,0.3321344243067435
tfidf,1,3,89,fake,393,0,0.11317191931059378,0.27663619282600516
tfidf,1,3,89,fake,395,0,0.9266356182534038,0.6404555167372116
tfidf,1,3,89,fake,397,0,0.45110481389822926,0.3751943675121253
tfidf,1,3,89,fake,425,0,0.6299300684641672,0.6966617126759043
tfidf,1,3,89,fake,430,0,0.1683119731484647,0.3825673512530298
tfidf,1,3,89,fake,436,0,0.023568667929705252,0.14010908661808197
tfidf,1,3,89,fake,439,0,0.13479032316441086,0.33467106316024914
tfidf,1,3,89,fake,446,0,0.042928198454639355,0.2149253782789042
tfidf,1,3,89,fake,447,0,0.12294834202523586,0.2849666236075777
tfidf,1,3,89,fake,459,1,0.8118104906619461,0.765967412810504
tfidf,1,3,89,fake,474,0,0.07074490737209312,0.19293678269242642
tfidf,1,3,89,fake,475,0,0.0226901151201963,0.13530056007973804
tfidf,1,3,89,fake,489,0,0.1355514295049519,0.25959260978912824
tfidf,1,3,89,fake,491,0,0.0964295671378109,0.4312815291226417
tfidf,1,4,89,fake,318,0,0.4489031083839588,0.29379910509227136
tfidf,1,4,89,fake,322,0,0.7064632925165091,0.7404817641588809
tfidf,1,4,89,fake,326,0,0.6168632137954138,0.43331043303591094
tfidf,1,4,89,fake,327,0,0.7714864117869777,0.7533191346123267
tfidf,1,4,89,fake,335,1,0.7201016314104282,0.6762014381884326
tfidf,1,4,89,fake,343,0,0.7072155125181193,0.697769966647578
tfidf,1,4,89,fake,347,1,0.3864913329779684,0.42284204535963243
tfidf,1,4,89,fake,351,1,0.9799472479203241,0.9900379873444186
tfidf,1,4,89,fake,374,0,0.6936654878476827,0.6867228646618643
tfidf,1,4,89,fake,377,1,0.9660375789396518,0.9774724659011607
tfidf,1,4,89,fake,389,1,0.8206193749459465,0.9072632932733357
tfidf,1,4,89,fake,414,1,0.33216400024561726,0.2978020184916305
tfidf,1,4,89,fake,415,0,0.0889326344655125,0.08043379770605265
tfidf,1,4,89,fake,419,0,0.020350285974348216,0.014476559474116928
tfidf,1,4,89,fake,445,0,0.14143677348039124,0.16396333526131865
tfidf,1,4,89,fake,448,1,0.781854609509604,0.810963359554098
tfidf,1,4,89,fake,449,0,0.07368342375890635,0.0624913220542996
tfidf,1,4,89,fake,455,0,0.056568854903692456,0.05875390980637271
tfidf,1,4,89,fake,458,0,0.28705692332105565,0.28596528659123066
tfidf,1,4,89,fake,463,0,0.01017052345454031,0.005365795738798134
tfidf,1,4,89,fake,464,0,0.07460261389460213,0.0570655641874033
tfidf,1,4,89,fake,471,0,0.05724003462234471,0.03946383971610351
tfidf,1,4,89,fake,472,0,0.020710161350760658,0.020449194143116377
tfidf,1,4,89,fake,477,0,0.4333375024931529,0.43185973246823056
tfidf,1,4,89,fake,478,0,0.7535171242842867,0.7759771414244067
tfidf,1,4,89,fake,483,1,0.9411184241607653,0.9374638245824198
tfidf,1,4,89,fake,488,0,0.06008729733842997,0.04103443848085423
tfidf,1,4,89,fake,492,0,0.047761674734090105,0.057636103016390265
tfidf,1,5,89,fake,302,0,0.20763427283580932,0.20802130059191443
tfidf,1,5,89,fake,321,1,0.9768179191787005,0.9768222683350765
tfidf,1,5,89,fake,325,1,0.9417129934271957,0.9417982191587487
tfidf,1,5,89,fake,330,1,0.5048001372220977,0.5040628781769723
tfidf,1,5,89,fake,333,0,0.7811479163169857,0.7814116966962971
tfidf,1,5,89,fake,336,0,0.2842908101849456,0.2857015014507111
tfidf,1,5,89,fake,340,0,0.27220900779086304,0.27286200619404205
tfidf,1,5,89,fake,341,0,0.19742953553651799,0.19744942829348405
tfidf,1,5,89,fake,348,1,0.8523601129238491,0.8529878779422865
tfidf,1,5,89,fake,350,1,0.5056148591828598,0.5028974164488065
tfidf,1,5,89,fake,360,0,0.7765416173918315,0.7758123808139965
tfidf,1,5,89,fake,368,0,0.2744270180047139,0.2747882007075495
tfidf,1,5,89,fake,370,0,0.14066137306755958,0.14000686688645775
tfidf,1,5,89,fake,385,0,0.23136167578087807,0.23130657549746886
tfidf,1,5,89,fake,388,1,0.646740461556485,0.6461601816809586
tfidf,1,5,89,fake,406,0,0.058855916127209223,0.05892321234213985
tfidf,1,5,89,fake,409,1,0.5802855397646185,0.5801836353981238
tfidf,1,5,89,fake,417,0,0.07401475564565806,0.07439888170706077
tfidf,1,5,89,fake,418,1,0.7109612239994265,0.7087150569991644
tfidf,1,5,89,fake,428,0,0.7779229986100827,0.7787877389998367
tfidf,1,5,89,fake,429,0,0.0529378284232174,0.052644449085227814
tfidf,1,5,89,fake,434,0,0.042259932075116954,0.04244447092047367
tfidf,1,5,89,fake,437,0,0.09275065116173407,0.09291267630030443
tfidf,1,5,89,fake,441,1,0.8161360658301203,0.8154170064233939
tfidf,1,5,89,fake,444,0,0.07244043037382283,0.07239424776339683
tfidf,1,5,89,fake,456,0,0.01722008086162021,0.01722523384439196
tfidf,1,5,89,fake,468,0,0.03233644354712952,0.032666842963419346
tfidf,1,5,89,fake,485,0,0.08144899852204272,0.08236021128031505
tfidf,1,1,90,fake,319,1,0.9984929030313701,0.9991093586600254
tfidf,1,1,90,fake,331,0,0.6581291924851025,0.7558409555059896
tfidf,1,1,90,fake,345,1,0.9336066876869684,0.9611577347890741
tfidf,1,1,90,fake,346,1,0.9585996514418219,0.96682725635066
tfidf,1,1,90,fake,357,0,0.43361199326753813,0.4940177097425872
tfidf,1,1,90,fake,358,0,0.7415445749881919,0.8404373769759247
tfidf,1,1,90,fake,362,1,0.6727021025898478,0.8260231682058324
tfidf,1,1,90,fake,363,0,0.03868297654517167,0.041821370803733944
tfidf,1,1,90,fake,364,0,0.5196784461683983,0.6396285481781799
tfidf,1,1,90,fake,369,0,0.29150380461604986,0.2520369047855728
tfidf,1,1,90,fake,372,1,0.5207382165284825,0.5784240085588143
tfidf,1,1,90,fake,391,0,0.49770601256607455,0.6140886585790594
tfidf,1,1,90,fake,400,0,0.6759370685166465,0.6320059157173841
tfidf,1,1,90,fake,402,1,0.9368699624413462,0.9470143653536064
tfidf,1,1,90,fake,403,0,0.038545117978952444,0.02913396949808878
tfidf,1,1,90,fake,404,0,0.06473639821695357,0.10129914813630542
tfidf,1,1,90,fake,413,1,0.9719755053019877,0.979546272439437
tfidf,1,1,90,fake,416,0,0.05811802356680297,0.049409843039835616
tfidf,1,1,90,fake,420,0,0.05812829028783684,0.05254571016790203
tfidf,1,1,90,fake,423,0,0.8766396026841788,0.9017981824856349
tfidf,1,1,90,fake,426,1,0.28719711083088784,0.333483883186646
tfidf,1,1,90,fake,433,1,0.8969422134352459,0.9048118549898861
tfidf,1,1,90,fake,451,0,0.32226947202505063,0.27108902451200384
tfidf,1,1,90,fake,454,0,0.03272393255823442,0.0423544511219347
tfidf,1,1,90,fake,473,0,0.11072290484931396,0.11387506449692063
tfidf,1,1,90,fake,476,0,0.5129581215763821,0.48565878509956084
tfidf,1,1,90,fake,484,0,0.20254444313687822,0.23228383193650773
tfidf,1,1,90,fake,487,0,0.39837635537103894,0.37498352383872813
tfidf,1,1,90,fake,490,0,0.36871212312900337,0.3742002644352493
tfidf,1,2,90,fake,303,0,0.05986409451231715,0.36149932044967864
tfidf,1,2,90,fake,304,0,0.06656784397915227,0.4141695690267589
tfidf,1,2,90,fake,310,0,0.482478663302559,0.628381373893557
tfidf,1,2,90,fake,312,0,0.3889781915868757,0.5971983492555285
tfidf,1,2,90,fake,316,0,0.4986937598917631,0.6946092318588138
tfidf,1,2,90,fake,324,0,0.39060158704928677,0.6478754107863738
tfidf,1,2,90,fake,328,0,0.5876208137860384,0.6501633721718637
tfidf,1,2,90,fake,339,1,0.6334154166573102,0.7507567706122835
tfidf,1,2,90,fake,353,1,0.8576557724606529,0.7714419505263402
tfidf,1,2,90,fake,355,1,0.7465926850195147,0.6858061004352962
tfidf,1,2,90,fake,366,0,0.06753140470404305,0.19986370724317967
tfidf,1,2,90,fake,375,0,0.003224133264108899,0.10878952751953498
tfidf,1,2,90,fake,376,1,0.9869662849717908,0.912398365692463
tfidf,1,2,90,fake,379,0,0.4163956687022924,0.3973000952987437
tfidf,1,2,90,fake,381,1,0.9835439698570824,0.8092004605632118
tfidf,1,2,90,fake,382,0,0.2644670132148137,0.3410977614973122
tfidf,1,2,90,fake,386,1,0.43898000582147895,0.4413978169968672
tfidf,1,2,90,fake,390,0,0.9643075209037255,0.84853615710128
tfidf,1,2,90,fake,392,0,0.21932673246392118,0.31045626727479464
tfidf,1,2,90,fake,401,0,0.538431890485258,0.5249567373281284
tfidf,1,2,90,fake,412,1,0.47179633264686555,0.4543105005410219
tfidf,1,2,90,fake,422,1,0.5650089689555582,0.5080105966259889
tfidf,1,2,90,fake,427,0,0.01394115177244696,0.1296089697930561
tfidf,1,2,90,fake,440,1,0.9535473114636343,0.8563231840301184
tfidf,1,2,90,fake,443,0,0.3632255266719092,0.370575341232946
tfidf,1,2,90,fake,457,0,0.010684854581828914,0.12834643375796098
tfidf,1,2,90,fake,479,0,0.014696374961129499,0.13336837567813023
tfidf,1,2,90,fake,482,0,0.0932413533090036,0.2679716607993011
tfidf,1,2,90,fake,486,0,0.00449586390757125,0.10102659963817286
tfidf,1,3,90,fake,305,0,0.3198845600552643,0.2512325511961396
tfidf,1,3,90,fake,307,0,0.22946448184955634,0.11809458707465215
tfidf,1,3,90,fake,313,0,0.42916741062639946,0.4130361484586427
tfidf,1,3,90,fake,315,0,0.45748932634144457,0.29980204241730257
tfidf,1,3,90,fake,317,0,0.794747532277676,0.8741963732971652
tfidf,1,3,90,fake,320,1,0.9320204119098378,0.955780211935809
tfidf,1,3,90,fake,338,1,0.45749493126414287,0.6041386183179585
tfidf,1,3,90,fake,344,1,0.3620119011350043,0.46988958215392373
tfidf,1,3,90,fake,352,1,0.8718919010090626,0.7355789960694561
tfidf,1,3,90,fake,356,1,0.9128092807850721,0.9395099306904523
tfidf,1,3,90,fake,367,1,0.9864224050696544,0.9877141659197662
tfidf,1,3,90,fake,371,0,0.49142207636109103,0.5501658027378962
tfidf,1,3,90,fake,380,1,0.9565991096841014,0.927557199917955
tfidf,1,3,90,fake,383,0,0.2089479805293333,0.19853267459966226
tfidf,1,3,90,fake,393,0,0.06039368922773314,0.06967982978304248
tfidf,1,3,90,fake,395,0,0.8141902851207765,0.8374073222752952
tfidf,1,3,90,fake,397,0,0.3326742608311511,0.3020651344515999
tfidf,1,3,90,fake,425,0,0.7561818887937948,0.7597795525306457
tfidf,1,3,90,fake,430,0,0.1980556616138299,0.17134937741909692
tfidf,1,3,90,fake,436,0,0.00926685780789828,0.006287157272359266
tfidf,1,3,90,fake,439,0,0.16416736295207132,0.1728772335014703
tfidf,1,3,90,fake,446,0,0.03735656401879773,0.042246494482682015
tfidf,1,3,90,fake,447,0,0.0979761827687806,0.09909393137400219
tfidf,1,3,90,fake,459,1,0.8880540086590915,0.9101012455349953
tfidf,1,3,90,fake,474,0,0.07018679438255891,0.05200639014506407
tfidf,1,3,90,fake,475,0,0.007103438536688337,0.006532226183777247
tfidf,1,3,90,fake,489,0,0.0734133563867351,0.07411144970403119
tfidf,1,3,90,fake,491,0,0.09289368497658956,0.10174330216500206
tfidf,1,4,90,fake,318,0,0.7887418256850685,0.6811516643297745
tfidf,1,4,90,fake,322,0,0.6919231720451328,0.7234416448924856
tfidf,1,4,90,fake,326,0,0.49772855789557596,0.39380701006282687
tfidf,1,4,90,fake,327,0,0.647975610050322,0.6320899678672077
tfidf,1,4,90,fake,335,1,0.782810405794198,0.7286031543935608
tfidf,1,4,90,fake,343,0,0.5204625031401117,0.5339972543448201
tfidf,1,4,90,fake,347,1,0.5067779502285752,0.5248855099107369
tfidf,1,4,90,fake,351,1,0.6493075385868944,0.7321884206140388
tfidf,1,4,90,fake,374,0,0.4273753620888318,0.3933170126040801
tfidf,1,4,90,fake,377,1,0.98643497780159,0.9896683619369253
tfidf,1,4,90,fake,389,1,0.752840088079841,0.7777979821637316
tfidf,1,4,90,fake,414,1,0.6419989668119589,0.6260924721083339
tfidf,1,4,90,fake,415,0,0.14849619353189583,0.13040345521484684
tfidf,1,4,90,fake,419,0,0.029505969922272904,0.023649815231302076
tfidf,1,4,90,fake,445,0,0.18016485405016539,0.19291410689235428
tfidf,1,4,90,fake,448,1,0.6605445870439252,0.6268272727223139
tfidf,1,4,90,fake,449,0,0.21500242011534026,0.20086792532520387
tfidf,1,4,90,fake,455,0,0.056630440192295066,0.05951814994857237
tfidf,1,4,90,fake,458,0,0.09202562090394112,0.1091462142932834
tfidf,1,4,90,fake,463,0,0.009229501999362892,0.00612742299065379
tfidf,1,4,90,fake,464,0,0.06467868554680771,0.055529585259343574
tfidf,1,4,90,fake,471,0,0.08015212115654274,0.061864444872188895
tfidf,1,4,90,fake,472,0,0.01139593685287433,0.01049345003138282
tfidf,1,4,90,fake,477,0,0.5049301469119197,0.514961701759824
tfidf,1,4,90,fake,478,0,0.7363294548568491,0.750381038922541
tfidf,1,4,90,fake,483,1,0.49239703747347446,0.48105043275908466
tfidf,1,4,90,fake,488,0,0.11941528087314247,0.0985213603492186
tfidf,1,4,90,fake,492,0,0.12450602485313964,0.1313984038490384
tfidf,1,5,90,fake,302,0,0.04737342151470871,0.04723992235001357
tfidf,1,5,90,fake,321,1,0.8075972690358663,0.8078563520323438
tfidf,1,5,90,fake,325,1,0.8830709804883136,0.883815299244759
tfidf,1,5,90,fake,330,1,0.18594253989607648,0.18551950206936962
tfidf,1,5,90,fake,333,0,0.35397657734762084,0.3538448837488711
tfidf,1,5,90,fake,336,0,0.3126495005444011,0.31375707499369226
tfidf,1,5,90,fake,340,0,0.3646595559456804,0.3648050633941963
tfidf,1,5,90,fake,341,0,0.9058799102156664,0.9061254055973686
tfidf,1,5,90,fake,348,1,0.9735693350035184,0.9737336241626328
tfidf,1,5,90,fake,350,1,0.797092225755757,0.7950491851065061
tfidf,1,5,90,fake,360,0,0.3502730083011413,0.35045080575866694
tfidf,1,5,90,fake,368,0,0.4855211249237408,0.4866918431606838
tfidf,1,5,90,fake,370,0,0.10267367532909447,0.10223581845778712
tfidf,1,5,90,fake,385,0,0.05802199531087638,0.057889390293344785
tfidf,1,5,90,fake,388,1,0.4026742099996308,0.4004420244284555
tfidf,1,5,90,fake,406,0,0.04806280746597085,0.047976110399819305
tfidf,1,5,90,fake,409,1,0.40059739859029303,0.398909333520758
tfidf,1,5,90,fake,417,0,0.3743504460685613,0.376636478808276
tfidf,1,5,90,fake,418,1,0.9344965095018972,0.9341296434300772
tfidf,1,5,90,fake,428,0,0.03208269119615289,0.032071721869172405
tfidf,1,5,90,fake,429,0,0.055856042564175735,0.05531944936199385
tfidf,1,5,90,fake,434,0,0.028355131170313488,0.028754011933646798
tfidf,1,5,90,fake,437,0,0.058805073072464735,0.05869315414398234
tfidf,1,5,90,fake,441,1,0.9272264120403642,0.9269021499031048
tfidf,1,5,90,fake,444,0,0.4250353760290951,0.42592642250977136
tfidf,1,5,90,fake,456,0,0.03973478974707362,0.03979249601551913
tfidf,1,5,90,fake,468,0,0.04805741611372156,0.048608231750811776
tfidf,1,5,90,fake,485,0,0.07586805334711665,0.07628486069987533
tfidf,1,1,91,fake,319,1,0.4599448481011717,0.5492416325891114
tfidf,1,1,91,fake,331,0,0.3814495082331675,0.4609916585129904
tfidf,1,1,91,fake,345,1,0.9996446987454692,0.999706249036685
tfidf,1,1,91,fake,346,1,0.6968123928401226,0.7545342026302752
tfidf,1,1,91,fake,357,0,0.5309635353131561,0.5731924337415305
tfidf,1,1,91,fake,358,0,0.9431585390969282,0.9624903451449657
tfidf,1,1,91,fake,362,1,0.9637279897336486,0.9769632759110206
tfidf,1,1,91,fake,363,0,0.5458702868940515,0.5474483835585572
tfidf,1,1,91,fake,364,0,0.39619960397897697,0.47938853636002443
tfidf,1,1,91,fake,369,0,0.11296775369041984,0.10574122962780458
tfidf,1,1,91,fake,372,1,0.7368809637136833,0.7603907159087079
tfidf,1,1,91,fake,391,0,0.3268856942644532,0.4136254492692288
tfidf,1,1,91,fake,400,0,0.5961149040924361,0.5962146028628782
tfidf,1,1,91,fake,402,1,0.93435878266297,0.9452170301984562
tfidf,1,1,91,fake,403,0,0.016971035076340516,0.015169054217568622
tfidf,1,1,91,fake,404,0,0.12728124098775842,0.1560054491036296
tfidf,1,1,91,fake,413,1,0.8861802656121585,0.9091490811940222
tfidf,1,1,91,fake,416,0,0.037975703825783316,0.03936171790790062
tfidf,1,1,91,fake,420,0,0.4788539343278734,0.4109203094242102
tfidf,1,1,91,fake,423,0,0.8914292689566171,0.9167483360047954
tfidf,1,1,91,fake,426,1,0.9510625412206364,0.9592046921531066
tfidf,1,1,91,fake,433,1,0.32629619444955393,0.3560385754673729
tfidf,1,1,91,fake,451,0,0.21322123293350015,0.2115596262952976
tfidf,1,1,91,fake,454,0,0.08800868943960297,0.10354970200868317
tfidf,1,1,91,fake,473,0,0.035825730156688114,0.036412627406766894
tfidf,1,1,91,fake,476,0,0.19792077310231118,0.2001684096578893
tfidf,1,1,91,fake,484,0,0.38606491373049545,0.4078092629606272
tfidf,1,1,91,fake,487,0,0.29359835442169324,0.27967592910390654
tfidf,1,1,91,fake,490,0,0.06533142858175604,0.06896813149548268
tfidf,1,2,91,fake,303,0,0.07443524026461365,0.4029017131961959
tfidf,1,2,91,fake,304,0,0.062286177837799044,0.4192508021475007
tfidf,1,2,91,fake,310,0,0.4727135229831493,0.6037069974719702
tfidf,1,2,91,fake,312,0,0.42482264044270546,0.5972857042455818
tfidf,1,2,91,fake,316,0,0.6276247576322882,0.7186386218936409
tfidf,1,2,91,fake,324,0,0.39994167052551455,0.6458653849096813
tfidf,1,2,91,fake,328,0,0.7244201089222557,0.6930317583257584
tfidf,1,2,91,fake,339,1,0.7710504996132826,0.7651670733276469
tfidf,1,2,91,fake,353,1,0.785472497859561,0.7439468227881255
tfidf,1,2,91,fake,355,1,0.7871091972016473,0.7249735315178174
tfidf,1,2,91,fake,366,0,0.037455058693975626,0.1690088105608753
tfidf,1,2,91,fake,375,0,0.00413155150388974,0.10562114837929576
tfidf,1,2,91,fake,376,1,0.9901033450529058,0.908010740246423
tfidf,1,2,91,fake,379,0,0.16903609022952912,0.3450722726711388
tfidf,1,2,91,fake,381,1,0.8882747815006468,0.7228432742529404
tfidf,1,2,91,fake,382,0,0.3517292168081511,0.39069708211962906
tfidf,1,2,91,fake,386,1,0.987757233337031,0.7249771193346748
tfidf,1,2,91,fake,390,0,0.9714483664261994,0.8602889902814245
tfidf,1,2,91,fake,392,0,0.07689801907810721,0.24546616458579415
tfidf,1,2,91,fake,401,0,0.7103685188459165,0.5528007075528755
tfidf,1,2,91,fake,412,1,0.6538669838855253,0.4705933321061813
tfidf,1,2,91,fake,422,1,0.6571342685040474,0.5379410834560112
tfidf,1,2,91,fake,427,0,0.01575869835169438,0.12753780396614964
tfidf,1,2,91,fake,440,1,0.970863790826088,0.7753440152418211
tfidf,1,2,91,fake,443,0,0.35638873562548373,0.38411389402160595
tfidf,1,2,91,fake,457,0,0.02191150573490736,0.14859255655704912
tfidf,1,2,91,fake,479,0,0.031040837418766638,0.1657534082875067
tfidf,1,2,91,fake,482,0,0.09248799526606605,0.2542060720976835
tfidf,1,2,91,fake,486,0,0.024176726248809573,0.14849073185808556
tfidf,1,3,91,fake,305,0,0.517303666506238,0.20629304706841342
tfidf,1,3,91,fake,307,0,0.46107809720262727,0.15130255538992704
tfidf,1,3,91,fake,313,0,0.5582418787403973,0.4141685926075651
tfidf,1,3,91,fake,315,0,0.6585195691398178,0.6361422913885729
tfidf,1,3,91,fake,317,0,0.6264718826187514,0.6334657137411362
tfidf,1,3,91,fake,320,1,0.8019130917384859,0.9372299191083691
tfidf,1,3,91,fake,338,1,0.7001474556281753,0.9077694611636908
tfidf,1,3,91,fake,344,1,0.6639657895109964,0.7561110221156703
tfidf,1,3,91,fake,352,1,0.746508274263677,0.8595431807561702
tfidf,1,3,91,fake,356,1,0.6403661302495164,0.7113528375338531
tfidf,1,3,91,fake,367,1,0.9121054668197384,0.9951008566388938
tfidf,1,3,91,fake,371,0,0.5025619689965731,0.6690843162868122
tfidf,1,3,91,fake,380,1,0.686349584412796,0.6850111730647349
tfidf,1,3,91,fake,383,0,0.37378535543842134,0.18655257161233468
tfidf,1,3,91,fake,393,0,0.36472202074599097,0.21532071673990946
tfidf,1,3,91,fake,395,0,0.4373169122848298,0.5320231185203484
tfidf,1,3,91,fake,397,0,0.3212666042376934,0.29150582161545524
tfidf,1,3,91,fake,425,0,0.7504899174279454,0.8160203811631901
tfidf,1,3,91,fake,430,0,0.4460481419023252,0.16561027904685544
tfidf,1,3,91,fake,436,0,0.1611507661922198,0.02116838663775435
tfidf,1,3,91,fake,439,0,0.2939820518269047,0.13079151158729221
tfidf,1,3,91,fake,446,0,0.21041885127311796,0.04955849676363518
tfidf,1,3,91,fake,447,0,0.3756180453357169,0.46637405135338944
tfidf,1,3,91,fake,459,1,0.7442199123159599,0.7737495021020813
tfidf,1,3,91,fake,474,0,0.18738572414894752,0.03682456168803039
tfidf,1,3,91,fake,475,0,0.1399198041713554,0.018647327622389808
tfidf,1,3,91,fake,489,0,0.2957223204945242,0.1363829822640363
tfidf,1,3,91,fake,491,0,0.4490140969938666,0.14133259800875284
tfidf,1,4,91,fake,318,0,0.7666537451627261,0.629298694350151
tfidf,1,4,91,fake,322,0,0.561404322342732,0.6389734985099594
tfidf,1,4,91,fake,326,0,0.27725665983917125,0.17058973116454493
tfidf,1,4,91,fake,327,0,0.7255667144309152,0.7166591490519377
tfidf,1,4,91,fake,335,1,0.6418954957774597,0.47927029257566595
tfidf,1,4,91,fake,343,0,0.8045710982684864,0.8130335925988939
tfidf,1,4,91,fake,347,1,0.8594180120949659,0.8489141979569834
tfidf,1,4,91,fake,351,1,0.7946296314949252,0.8711443929605658
tfidf,1,4,91,fake,374,0,0.3835950541846762,0.3542719768446294
tfidf,1,4,91,fake,377,1,0.9658376870588138,0.9811534734802966
tfidf,1,4,91,fake,389,1,0.8864425947224289,0.9081770755594504
tfidf,1,4,91,fake,414,1,0.8193447615229471,0.7763731466961036
tfidf,1,4,91,fake,415,0,0.1285049183423016,0.11669875212764508
tfidf,1,4,91,fake,419,0,0.01058063264991734,0.007856668723702704
tfidf,1,4,91,fake,445,0,0.1421874093104426,0.16370243231016823
tfidf,1,4,91,fake,448,1,0.6975837896535017,0.6416279443329316
tfidf,1,4,91,fake,449,0,0.12440903141348472,0.122110973817165
tfidf,1,4,91,fake,455,0,0.09194769987034455,0.09627840664114795
tfidf,1,4,91,fake,458,0,0.20625991734127982,0.20494769298422447
tfidf,1,4,91,fake,463,0,0.007047779669492775,0.004117798801525653
tfidf,1,4,91,fake,464,0,0.16243617205683192,0.11685427161239774
tfidf,1,4,91,fake,471,0,0.18821726249671747,0.1340426875951755
tfidf,1,4,91,fake,472,0,0.009155573305186732,0.008648908272958158
tfidf,1,4,91,fake,477,0,0.3770127629962401,0.42190314029601533
tfidf,1,4,91,fake,478,0,0.6154120587956114,0.6590293735172177
tfidf,1,4,91,fake,483,1,0.5965877899659722,0.5937928968241147
tfidf,1,4,91,fake,488,0,0.11035983913151884,0.0865557534138501
tfidf,1,4,91,fake,492,0,0.15225354278400802,0.16387711354130136
tfidf,1,5,91,fake,302,0,0.1260239968289006,0.12646631467752778
tfidf,1,5,91,fake,321,1,0.564099973700908,0.570567134431634
tfidf,1,5,91,fake,325,1,0.8222312722992584,0.8190282007394638
tfidf,1,5,91,fake,330,1,0.5283676054373123,0.5330735091667028
tfidf,1,5,91,fake,333,0,0.9683022875016741,0.968346908555098
tfidf,1,5,91,fake,336,0,0.36179981984025095,0.3486019335277739
tfidf,1,5,91,fake,340,0,0.19756143574861554,0.1923592159574643
tfidf,1,5,91,fake,341,0,0.25501696022572107,0.24907745782751634
tfidf,1,5,91,fake,348,1,0.5468847997255281,0.5457304395734811
tfidf,1,5,91,fake,350,1,0.9876532809750738,0.988855845500753
tfidf,1,5,91,fake,360,0,0.5162362450254212,0.5271132893331204
tfidf,1,5,91,fake,368,0,0.53808815811662,0.5348526754540259
tfidf,1,5,91,fake,370,0,0.07172866673080115,0.07524147681712517
tfidf,1,5,91,fake,385,0,0.17085116519291574,0.17216538304970405
tfidf,1,5,91,fake,388,1,0.7803205525468924,0.7867622773341855
tfidf,1,5,91,fake,406,0,0.04172880482133975,0.04155280147708215
tfidf,1,5,91,fake,409,1,0.21684052216260144,0.22552850858858461
tfidf,1,5,91,fake,417,0,0.09947644128977311,0.0966949329747687
tfidf,1,5,91,fake,418,1,0.8263401063129893,0.8356305125777733
tfidf,1,5,91,fake,428,0,0.06482521631436639,0.06424288005999629
tfidf,1,5,91,fake,429,0,0.09731599467136134,0.10104808911996334
tfidf,1,5,91,fake,434,0,0.07101046574699424,0.06616753319879051
tfidf,1,5,91,fake,437,0,0.07559034108373042,0.07492120736120642
tfidf,1,5,91,fake,441,1,0.8252463311344564,0.8296805109496759
tfidf,1,5,91,fake,444,0,0.09531951640011338,0.09306352481191736
tfidf,1,5,91,fake,456,0,0.1505119633459697,0.1494770547787028
tfidf,1,5,91,fake,468,0,0.10838874606605561,0.09880232146703083
tfidf,1,5,91,fake,485,0,0.06821854264767753,0.06622678438483662
tfidf,1,1,92,fake,319,1,0.8546976007700617,0.9060145975853506
tfidf,1,1,92,fake,331,0,0.530652921291794,0.648496881272022
tfidf,1,1,92,fake,345,1,0.9450876391318078,0.9668455703662293
tfidf,1,1,92,fake,346,1,0.8428970405900617,0.8767076242779137
tfidf,1,1,92,fake,357,0,0.5966638259607719,0.6448527661923806
tfidf,1,1,92,fake,358,0,0.8189077395669915,0.8943816183435122
tfidf,1,1,92,fake,362,1,0.9512736759387058,0.9721336353093782
tfidf,1,1,92,fake,363,0,0.06486290609880693,0.0657815029178807
tfidf,1,1,92,fake,364,0,0.33429168162135975,0.4944259756831338
tfidf,1,1,92,fake,369,0,0.18195452172220167,0.171288038342325
tfidf,1,1,92,fake,372,1,0.690685065144899,0.7102085533100035
tfidf,1,1,92,fake,391,0,0.526327473864108,0.6379144573999206
tfidf,1,1,92,fake,400,0,0.6562480873130457,0.6623011170332603
tfidf,1,1,92,fake,402,1,0.9284372750292856,0.9344074712760823
tfidf,1,1,92,fake,403,0,0.12725528123054566,0.09117687339835609
tfidf,1,1,92,fake,404,0,0.13671848650393006,0.23660116653217378
tfidf,1,1,92,fake,413,1,0.998668148716322,0.999096121337422
tfidf,1,1,92,fake,416,0,0.030898972897095384,0.027655486196425577
tfidf,1,1,92,fake,420,0,0.22699547601269893,0.1689625645188814
tfidf,1,1,92,fake,423,0,0.953830367001475,0.9707837707566911
tfidf,1,1,92,fake,426,1,0.40427554357335366,0.48481247411711503
tfidf,1,1,92,fake,433,1,0.9186820434516239,0.9141992430852653
tfidf,1,1,92,fake,451,0,0.21714923384283374,0.1998687705972735
tfidf,1,1,92,fake,454,0,0.05010322588512453,0.08630702651206684
tfidf,1,1,92,fake,473,0,0.03854025706216012,0.031165086675512807
tfidf,1,1,92,fake,476,0,0.15503541960683015,0.13242156620898102
tfidf,1,1,92,fake,484,0,0.19274088734224015,0.22477068474772377
tfidf,1,1,92,fake,487,0,0.45108658828350084,0.4513557531407895
tfidf,1,1,92,fake,490,0,0.13260527606444295,0.1244745397935348
tfidf,1,2,92,fake,303,0,0.07940449613227757,0.08475121575338707
tfidf,1,2,92,fake,304,0,0.12735682098928558,0.11597322662912589
tfidf,1,2,92,fake,310,0,0.4950500742290678,0.4441343896507328
tfidf,1,2,92,fake,312,0,0.41072896405046927,0.3830117478965064
tfidf,1,2,92,fake,316,0,0.5485066627138019,0.5561878179674195
tfidf,1,2,92,fake,324,0,0.4392159382443711,0.4619240296675599
tfidf,1,2,92,fake,328,0,0.5418766656662588,0.5141191255789307
tfidf,1,2,92,fake,339,1,0.8500655813941412,0.8592822597162413
tfidf,1,2,92,fake,353,1,0.7755593407712986,0.7772838825807025
tfidf,1,2,92,fake,355,1,0.9734129485895122,0.9757640665021899
tfidf,1,2,92,fake,366,0,0.0309189934592761,0.02498280561395548
tfidf,1,2,92,fake,375,0,0.007677588183093575,0.006000860623720874
tfidf,1,2,92,fake,376,1,0.992798070555886,0.994266523541311
tfidf,1,2,92,fake,379,0,0.5091825831033967,0.47531295700960974
tfidf,1,2,92,fake,381,1,0.9423736949302396,0.9490482434072125
tfidf,1,2,92,fake,382,0,0.4143679263953423,0.36697334543173604
tfidf,1,2,92,fake,386,1,0.4683472108069713,0.48455366150095347
tfidf,1,2,92,fake,390,0,0.941536147973283,0.9457259158430391
tfidf,1,2,92,fake,392,0,0.1523129110223056,0.13997371117004523
tfidf,1,2,92,fake,401,0,0.7546745659426672,0.7532663415021706
tfidf,1,2,92,fake,412,1,0.7800296588797777,0.7703498464873236
tfidf,1,2,92,fake,422,1,0.4396229297501261,0.41902977478582326
tfidf,1,2,92,fake,427,0,0.009075373991466969,0.007555237788970222
tfidf,1,2,92,fake,440,1,0.8325363891616778,0.8372279531540375
tfidf,1,2,92,fake,443,0,0.5063986848950195,0.47984716094057767
tfidf,1,2,92,fake,457,0,0.012138913807817724,0.010793794704459883
tfidf,1,2,92,fake,479,0,0.02253562484548229,0.018770560779588122
tfidf,1,2,92,fake,482,0,0.0791623543496903,0.06973956205204111
tfidf,1,2,92,fake,486,0,0.015091713729617201,0.013384020805074138
tfidf,1,3,92,fake,305,0,0.6245565018908749,0.6163222285408668
tfidf,1,3,92,fake,307,0,0.4941194167964656,0.4555530889560066
tfidf,1,3,92,fake,313,0,0.5699256124919391,0.564355886034388
tfidf,1,3,92,fake,315,0,0.5788921596843294,0.5327772091794861
tfidf,1,3,92,fake,317,0,0.627938509913715,0.6589558693414855
tfidf,1,3,92,fake,320,1,0.8061951831126377,0.8304229767590112
tfidf,1,3,92,fake,338,1,0.5929532986436442,0.631922159918801
tfidf,1,3,92,fake,344,1,0.5727179269751289,0.5942617684825036
tfidf,1,3,92,fake,352,1,0.710661454662716,0.681032900247413
tfidf,1,3,92,fake,356,1,0.7602037192662007,0.7778510438323577
tfidf,1,3,92,fake,367,1,0.9134444404020524,0.9174889988363536
tfidf,1,3,92,fake,371,0,0.5103184309899499,0.517357407194482
tfidf,1,3,92,fake,380,1,0.7714326179974068,0.7548971772424705
tfidf,1,3,92,fake,383,0,0.3615420777902441,0.3561935241794204
tfidf,1,3,92,fake,393,0,0.2130771653190707,0.21403702558354276
tfidf,1,3,92,fake,395,0,0.46455063116035994,0.48030980283193253
tfidf,1,3,92,fake,397,0,0.3849107271777128,0.3801466219593884
tfidf,1,3,92,fake,425,0,0.6692996235518666,0.6805197908485705
tfidf,1,3,92,fake,430,0,0.39912552066605445,0.3945367365539117
tfidf,1,3,92,fake,436,0,0.19485134073075322,0.18725357718898594
tfidf,1,3,92,fake,439,0,0.3541352850563901,0.3598827070948763
tfidf,1,3,92,fake,446,0,0.18913640920779487,0.19508063842392448
tfidf,1,3,92,fake,447,0,0.25529126233981986,0.25593971122929843
tfidf,1,3,92,fake,459,1,0.7364656678196947,0.7417895453810842
tfidf,1,3,92,fake,474,0,0.20539637486473114,0.19140221621375073
tfidf,1,3,92,fake,475,0,0.18204833414410498,0.17666818983654217
tfidf,1,3,92,fake,489,0,0.22959348231560148,0.2295230638247054
tfidf,1,3,92,fake,491,0,0.4352123596620759,0.439481064452916
tfidf,1,4,92,fake,318,0,0.48960362489661285,0.3245385195931184
tfidf,1,4,92,fake,322,0,0.5787394356518515,0.63573191325138
tfidf,1,4,92,fake,326,0,0.33095977792350306,0.20791544908944734
tfidf,1,4,92,fake,327,0,0.8460719257859027,0.838337351808525
tfidf,1,4,92,fake,335,1,0.5861032762300386,0.48989779626298946
tfidf,1,4,92,fake,343,0,0.6610591969953217,0.677094700972939
tfidf,1,4,92,fake,347,1,0.32232669276077497,0.3637944061226885
tfidf,1,4,92,fake,351,1,0.9779178231530576,0.9823640380629343
tfidf,1,4,92,fake,374,0,0.3024722454454924,0.2609133928233894
tfidf,1,4,92,fake,377,1,0.9845612768107673,0.9890434212001256
tfidf,1,4,92,fake,389,1,0.9114180619647019,0.9210450919968887
tfidf,1,4,92,fake,414,1,0.8354386484433945,0.7856615741672542
tfidf,1,4,92,fake,415,0,0.04218176409105607,0.03283907999465223
tfidf,1,4,92,fake,419,0,0.09947449239347128,0.06788685510883914
tfidf,1,4,92,fake,445,0,0.24221961913780815,0.24626857819610296
tfidf,1,4,92,fake,448,1,0.2966652553130417,0.28370120320532577
tfidf,1,4,92,fake,449,0,0.33258289379890454,0.28571628816178746
tfidf,1,4,92,fake,455,0,0.14714578593211555,0.14457490200609519
tfidf,1,4,92,fake,458,0,0.08047911586091018,0.08687256471728705
tfidf,1,4,92,fake,463,0,0.007045666814219434,0.004038072870264804
tfidf,1,4,92,fake,464,0,0.09483462233188504,0.06926838020315104
tfidf,1,4,92,fake,471,0,0.1481719724686291,0.10036134300227287
tfidf,1,4,92,fake,472,0,0.019379622828798532,0.016806740464866386
tfidf,1,4,92,fake,477,0,0.21314376917982683,0.23326058258930907
tfidf,1,4,92,fake,478,0,0.7048328076417577,0.7368337147724386
tfidf,1,4,92,fake,483,1,0.9341575549039436,0.9065116691711437
tfidf,1,4,92,fake,488,0,0.25305868490358524,0.1721499192166599
tfidf,1,4,92,fake,492,0,0.021056290602758765,0.024190052015186654
tfidf,1,5,92,fake,302,0,0.00023623836964701,0.04211980592615268
tfidf,1,5,92,fake,321,1,0.357405110241149,0.6464660254948221
tfidf,1,5,92,fake,325,1,0.8144226740447024,0.8172153478531
tfidf,1,5,92,fake,330,1,0.06777527999980093,0.39977266283286506
tfidf,1,5,92,fake,333,0,0.8921431446499456,0.7653461507550063
tfidf,1,5,92,fake,336,0,0.09722927101803733,0.3289691583539837
tfidf,1,5,92,fake,340,0,0.025603755841429248,0.26940391944476194
tfidf,1,5,92,fake,341,0,0.06989173137572724,0.36091589770583393
tfidf,1,5,92,fake,348,1,0.9996495220593815,0.9788811054559163
tfidf,1,5,92,fake,350,1,0.9522103961232226,0.8325164780805157
tfidf,1,5,92,fake,360,0,0.12164043457473822,0.39769932075432196
tfidf,1,5,92,fake,368,0,0.05364334315414589,0.17674360050613774
tfidf,1,5,92,fake,370,0,0.042110420946349474,0.15420848226904416
tfidf,1,5,92,fake,385,0,0.03298375251211958,0.15961254229198668
tfidf,1,5,92,fake,388,1,0.9318005165701932,0.7664231475085078
tfidf,1,5,92,fake,406,0,0.3339581758604795,0.2719693761152755
tfidf,1,5,92,fake,409,1,0.05744531324909331,0.24672877853015665
tfidf,1,5,92,fake,417,0,0.9975496970074716,0.7461401892263895
tfidf,1,5,92,fake,418,1,0.9176192082911265,0.7665149784132029
tfidf,1,5,92,fake,428,0,0.015858925942937887,0.13293444710663438
tfidf,1,5,92,fake,429,0,0.005600665944316976,0.08499339874561138
tfidf,1,5,92,fake,434,0,0.004798398427137064,0.04595502377489595
tfidf,1,5,92,fake,437,0,0.07487849176376396,0.1693162483947719
tfidf,1,5,92,fake,441,1,0.9282113599552432,0.8399757680950182
tfidf,1,5,92,fake,444,0,0.001207394120825942,0.07485490888725457
tfidf,1,5,92,fake,456,0,0.000498976006274877,0.028175048453529996
tfidf,1,5,92,fake,468,0,0.024967634580538994,0.08382384787949762
tfidf,1,5,92,fake,485,0,0.001448080213313155,0.0235626360611332
tfidf,1,1,93,fake,319,1,0.9981640932645379,0.9990926384827378
tfidf,1,1,93,fake,331,0,0.8632465052891376,0.9170255094739055
tfidf,1,1,93,fake,345,1,0.6110130020100798,0.7659492838750797
tfidf,1,1,93,fake,346,1,0.7748380784068949,0.8161316779743706
tfidf,1,1,93,fake,357,0,0.5878387719551091,0.6228582881311336
tfidf,1,1,93,fake,358,0,0.7513458638901976,0.8459852228778922
tfidf,1,1,93,fake,362,1,0.9550066548143088,0.9797088845556851
tfidf,1,1,93,fake,363,0,0.0889288431762081,0.08577960142792
tfidf,1,1,93,fake,364,0,0.4536020491485275,0.5961237432111954
tfidf,1,1,93,fake,369,0,0.18389154999398716,0.13947674721212344
tfidf,1,1,93,fake,372,1,0.9717570205220863,0.9790924469646275
tfidf,1,1,93,fake,391,0,0.5033507334450249,0.6213870948285216
tfidf,1,1,93,fake,400,0,0.6610824061816879,0.6994734247982172
tfidf,1,1,93,fake,402,1,0.8675729257350185,0.901572130655219
tfidf,1,1,93,fake,403,0,0.028797498825826783,0.025146967136713997
tfidf,1,1,93,fake,404,0,0.09828046661959684,0.1294299861075995
tfidf,1,1,93,fake,413,1,0.9379909178148867,0.9579545981695984
tfidf,1,1,93,fake,416,0,0.19434342909209099,0.15726809549036183
tfidf,1,1,93,fake,420,0,0.09555387012006133,0.07815009090773337
tfidf,1,1,93,fake,423,0,0.8827931567056709,0.9239864794820689
tfidf,1,1,93,fake,426,1,0.6218433924050163,0.6632733927206107
tfidf,1,1,93,fake,433,1,0.7493015367973447,0.734443909764126
tfidf,1,1,93,fake,451,0,0.3049471297484871,0.2594082956804897
tfidf,1,1,93,fake,454,0,0.11156290875385907,0.14982486213460483
tfidf,1,1,93,fake,473,0,0.032978012292690866,0.02903727903109568
tfidf,1,1,93,fake,476,0,0.23190154334589613,0.21855740671866708
tfidf,1,1,93,fake,484,0,0.18385991394335152,0.256408030255686
tfidf,1,1,93,fake,487,0,0.2666788571497062,0.26822324157802535
tfidf,1,1,93,fake,490,0,0.02970021351516739,0.036528498971693864
tfidf,1,2,93,fake,303,0,0.056613898669278996,0.058880272944569864
tfidf,1,2,93,fake,304,0,0.050993726262307124,0.04737673316211093
tfidf,1,2,93,fake,310,0,0.43095488076494076,0.37957494151873955
tfidf,1,2,93,fake,312,0,0.3689345008191261,0.3301917883240211
tfidf,1,2,93,fake,316,0,0.5457893755954624,0.5294306516353311
tfidf,1,2,93,fake,324,0,0.3346559072444678,0.3507327348508149
tfidf,1,2,93,fake,328,0,0.6604658420056083,0.6319692632988686
tfidf,1,2,93,fake,339,1,0.8988070484672693,0.8978237479070114
tfidf,1,2,93,fake,353,1,0.8383260429807705,0.8419910204472311
tfidf,1,2,93,fake,355,1,0.7153981766411185,0.7381635771855182
tfidf,1,2,93,fake,366,0,0.017194721057833404,0.015669567264034633
tfidf,1,2,93,fake,375,0,0.003675216782750399,0.0030479453376739325
tfidf,1,2,93,fake,376,1,0.9785571544538412,0.9799686392821186
tfidf,1,2,93,fake,379,0,0.5678170745078248,0.5480913752028237
tfidf,1,2,93,fake,381,1,0.9932193360011822,0.9939807170263352
tfidf,1,2,93,fake,382,0,0.1927745900336632,0.1649016656707077
tfidf,1,2,93,fake,386,1,0.5785698301654749,0.5901100255803836
tfidf,1,2,93,fake,390,0,0.9639816848450463,0.9672219200608444
tfidf,1,2,93,fake,392,0,0.15040846173226294,0.14879132722969635
tfidf,1,2,93,fake,401,0,0.8992872962962265,0.8906798334820366
tfidf,1,2,93,fake,412,1,0.8936826498334532,0.8884810343390412
tfidf,1,2,93,fake,422,1,0.5519961380302265,0.5199205562972908
tfidf,1,2,93,fake,427,0,0.021964603378256068,0.018829756833753066
tfidf,1,2,93,fake,440,1,0.7482460258911888,0.7511476011966569
tfidf,1,2,93,fake,443,0,0.5013849668385595,0.4707760075829831
tfidf,1,2,93,fake,457,0,0.004964222456334158,0.004081831670200404
tfidf,1,2,93,fake,479,0,0.013152909050043585,0.011619453641419926
tfidf,1,2,93,fake,482,0,0.07530878757930917,0.06635209019861539
tfidf,1,2,93,fake,486,0,0.012984693540106658,0.011283025707548631
tfidf,1,3,93,fake,305,0,0.5886843650118605,0.4352183233611661
tfidf,1,3,93,fake,307,0,0.41940426046379514,0.1495509490359962
tfidf,1,3,93,fake,313,0,0.47751866328633574,0.16514084586675026
tfidf,1,3,93,fake,315,0,0.583418179535352,0.3270642717002604
tfidf,1,3,93,fake,317,0,0.5849808855160565,0.5317602540213783
tfidf,1,3,93,fake,320,1,0.7047134828300416,0.7298624657803398
tfidf,1,3,93,fake,338,1,0.6759211705452203,0.8246018729504653
tfidf,1,3,93,fake,344,1,0.6615083792597538,0.7508172411398337
tfidf,1,3,93,fake,352,1,0.6974342257622801,0.7660432899966764
tfidf,1,3,93,fake,356,1,0.5988074972595444,0.5551052589762709
tfidf,1,3,93,fake,367,1,0.9461711441471021,0.998132486958364
tfidf,1,3,93,fake,371,0,0.43213353537640453,0.3894326422083796
tfidf,1,3,93,fake,380,1,0.6853639633142468,0.7588662681376895
tfidf,1,3,93,fake,383,0,0.4250886646344466,0.42710621351693906
tfidf,1,3,93,fake,393,0,0.22244623969149135,0.05192083153718887
tfidf,1,3,93,fake,395,0,0.5276696208306131,0.7659526374410743
tfidf,1,3,93,fake,397,0,0.394683671774431,0.5193020974427508
tfidf,1,3,93,fake,425,0,0.712788848648087,0.5993200673847343
tfidf,1,3,93,fake,430,0,0.4453159223800845,0.25565892317861466
tfidf,1,3,93,fake,436,0,0.20045769559523097,0.10797556146636497
tfidf,1,3,93,fake,439,0,0.3399529744615631,0.17399458247222252
tfidf,1,3,93,fake,446,0,0.24919246036879564,0.06440535437461314
tfidf,1,3,93,fake,447,0,0.34684658955342484,0.42770442805380987
tfidf,1,3,93,fake,459,1,0.790613181448423,0.8775921791122565
tfidf,1,3,93,fake,474,0,0.18589177269649035,0.024496007020096452
tfidf,1,3,93,fake,475,0,0.21568079488081113,0.08698965232082537
tfidf,1,3,93,fake,489,0,0.2745636735538035,0.1801589170595381
tfidf,1,3,93,fake,491,0,0.45812531019263253,0.154273762929725
tfidf,1,4,93,fake,318,0,0.34942706849588234,0.18323401763545652
tfidf,1,4,93,fake,322,0,0.5822910373107862,0.619032270885519
tfidf,1,4,93,fake,326,0,0.27324005420680314,0.16781149660515596
tfidf,1,4,93,fake,327,0,0.7515932923638843,0.7564765344760603
tfidf,1,4,93,fake,335,1,0.4591385065342322,0.3761660259767362
tfidf,1,4,93,fake,343,0,0.7032592903847549,0.7229307251675403
tfidf,1,4,93,fake,347,1,0.6055035462416332,0.7101215789929959
tfidf,1,4,93,fake,351,1,0.9803567636891017,0.9874581718403566
tfidf,1,4,93,fake,374,0,0.29361220476209315,0.21856915280075748
tfidf,1,4,93,fake,377,1,0.9908175209342138,0.9940886427795403
tfidf,1,4,93,fake,389,1,0.434375189616772,0.5702873260409272
tfidf,1,4,93,fake,414,1,0.9042982680922383,0.8535556040138877
tfidf,1,4,93,fake,415,0,0.09104692054701066,0.0789820932077638
tfidf,1,4,93,fake,419,0,0.013987050531426154,0.009175503713879775
tfidf,1,4,93,fake,445,0,0.12046282952903076,0.11468282609730228
tfidf,1,4,93,fake,448,1,0.6357932323400317,0.6125530482876584
tfidf,1,4,93,fake,449,0,0.1501728906232145,0.10619740622754212
tfidf,1,4,93,fake,455,0,0.06480538957643575,0.0680361801170659
tfidf,1,4,93,fake,458,0,0.3015181705443631,0.2891259024561109
tfidf,1,4,93,fake,463,0,0.010036984848092694,0.004787848289849038
tfidf,1,4,93,fake,464,0,0.132545091638309,0.1085871399289996
tfidf,1,4,93,fake,471,0,0.16607517731342744,0.08566731243781908
tfidf,1,4,93,fake,472,0,0.0174890773349873,0.015664502769828764
tfidf,1,4,93,fake,477,0,0.33926633577282245,0.33838321811881683
tfidf,1,4,93,fake,478,0,0.7517031549393492,0.7822890928035905
tfidf,1,4,93,fake,483,1,0.6657151389868353,0.6373420546463751
tfidf,1,4,93,fake,488,0,0.5581723835093457,0.4322446096720552
tfidf,1,4,93,fake,492,0,0.056436028789119505,0.06362231813871522
tfidf,1,5,93,fake,302,0,0.054562701576099604,0.053148895726016186
tfidf,1,5,93,fake,321,1,0.606890951965096,0.622015361248643
tfidf,1,5,93,fake,325,1,0.9833130094380125,0.9830874158424123
tfidf,1,5,93,fake,330,1,0.6129165475486164,0.6371474239442575
tfidf,1,5,93,fake,333,0,0.3646995136598564,0.3384106570922719
tfidf,1,5,93,fake,336,0,0.41140405069191616,0.3401543511528692
tfidf,1,5,93,fake,340,0,0.45070373372756345,0.3922680571222803
tfidf,1,5,93,fake,341,0,0.7609993544228592,0.7548757214412256
tfidf,1,5,93,fake,348,1,0.8405958481670301,0.8265817196062224
tfidf,1,5,93,fake,350,1,0.7899749398622575,0.8266907041441457
tfidf,1,5,93,fake,360,0,0.62569553966804,0.6225710485385896
tfidf,1,5,93,fake,368,0,0.2631638520814784,0.2718622361534236
tfidf,1,5,93,fake,370,0,0.14814727332959382,0.1729081797786881
tfidf,1,5,93,fake,385,0,0.1452461784017656,0.1399242086141871
tfidf,1,5,93,fake,388,1,0.584617111797591,0.6384051747241881
tfidf,1,5,93,fake,406,0,0.044429028920079584,0.04050663170106014
tfidf,1,5,93,fake,409,1,0.3093057710142163,0.36342594424576097
tfidf,1,5,93,fake,417,0,0.10334985548235888,0.08843650367784749
tfidf,1,5,93,fake,418,1,0.8868419863984385,0.9127305406106963
tfidf,1,5,93,fake,428,0,0.7055530359113567,0.6831548945086134
tfidf,1,5,93,fake,429,0,0.08499291883038262,0.0929761958369862
tfidf,1,5,93,fake,434,0,0.26745979722964647,0.21868190828435713
tfidf,1,5,93,fake,437,0,0.08176048470233939,0.07353548337990905
tfidf,1,5,93,fake,441,1,0.7964580914992655,0.8023257649386358
tfidf,1,5,93,fake,444,0,0.12615575985770125,0.14243791663367372
tfidf,1,5,93,fake,456,0,0.027488892677219438,0.028014605823212784
tfidf,1,5,93,fake,468,0,0.04311146760780942,0.03355556239627011
tfidf,1,5,93,fake,485,0,0.029349717700299902,0.02529752657019006
tfidf,1,1,94,fake,319,1,0.8664829338448854,0.9227273492535684
tfidf,1,1,94,fake,331,0,0.7967758367534816,0.8638009577364967
tfidf,1,1,94,fake,345,1,0.8394547546452277,0.9031615994260507
tfidf,1,1,94,fake,346,1,0.7026463547173768,0.7724704083572046
tfidf,1,1,94,fake,357,0,0.3633370237571118,0.45169816398010254
tfidf,1,1,94,fake,358,0,0.7487946346135914,0.8598243477202677
tfidf,1,1,94,fake,362,1,0.9390844866908525,0.9742993105728731
tfidf,1,1,94,fake,363,0,0.150874368561213,0.1437943026566685
tfidf,1,1,94,fake,364,0,0.4200428880472192,0.5908326387341606
tfidf,1,1,94,fake,369,0,0.23121572142020907,0.20710498482811238
tfidf,1,1,94,fake,372,1,0.4058665084470877,0.45775310243992867
tfidf,1,1,94,fake,391,0,0.4009142627695978,0.5600373496824255
tfidf,1,1,94,fake,400,0,0.5287738227465577,0.5839882134606634
tfidf,1,1,94,fake,402,1,0.9985674538729519,0.9989200263214688
tfidf,1,1,94,fake,403,0,0.024098230456427294,0.02000550843763017
tfidf,1,1,94,fake,404,0,0.07813533526118892,0.12762945520707156
tfidf,1,1,94,fake,413,1,0.6285030546644033,0.7305017111853322
tfidf,1,1,94,fake,416,0,0.07497446617528081,0.07135184177490067
tfidf,1,1,94,fake,420,0,0.21731568489039177,0.14794407905846574
tfidf,1,1,94,fake,423,0,0.7999399016369746,0.8682052274351032
tfidf,1,1,94,fake,426,1,0.5801128992731615,0.6830848472312605
tfidf,1,1,94,fake,433,1,0.8185091807963786,0.8201468318143577
tfidf,1,1,94,fake,451,0,0.3380361618755413,0.3387427284427849
tfidf,1,1,94,fake,454,0,0.32251936193896175,0.321949338269811
tfidf,1,1,94,fake,473,0,0.05333005588839321,0.048800725397383685
tfidf,1,1,94,fake,476,0,0.11375346086016248,0.11017564500220824
tfidf,1,1,94,fake,484,0,0.14955680604482943,0.207389378226714
tfidf,1,1,94,fake,487,0,0.45782704071903924,0.4381394600922945
tfidf,1,1,94,fake,490,0,0.07935451523614556,0.06579972173933761
tfidf,1,2,94,fake,303,0,0.334287382778892,0.03300536679452804
tfidf,1,2,94,fake,304,0,0.4458509197000243,0.06683437052665152
tfidf,1,2,94,fake,310,0,0.6166031646856533,0.41301240707433656
tfidf,1,2,94,fake,312,0,0.6283864592424652,0.4465077797966657
tfidf,1,2,94,fake,316,0,0.7438971062873238,0.6740050644008062
tfidf,1,2,94,fake,324,0,0.6509814902587687,0.5000304869611898
tfidf,1,2,94,fake,328,0,0.6936685962569388,0.7197803124759966
tfidf,1,2,94,fake,339,1,0.8336863657217963,0.9117194898433003
tfidf,1,2,94,fake,353,1,0.7655417299190005,0.8622189719950821
tfidf,1,2,94,fake,355,1,0.6754412941403335,0.7349834787018611
tfidf,1,2,94,fake,366,0,0.15751772824812751,0.01207173764151845
tfidf,1,2,94,fake,375,0,0.13126841316488053,0.006556656176414429
tfidf,1,2,94,fake,376,1,0.8891792891216717,0.9862630493098213
tfidf,1,2,94,fake,379,0,0.38991348303389795,0.24190479389781996
tfidf,1,2,94,fake,381,1,0.785412577046945,0.9716856929041622
tfidf,1,2,94,fake,382,0,0.2923691388728947,0.17517361769953751
tfidf,1,2,94,fake,386,1,0.419386132719323,0.5365548651698031
tfidf,1,2,94,fake,390,0,0.8375842796354941,0.9507341538880452
tfidf,1,2,94,fake,392,0,0.33025010340436245,0.3109814658697003
tfidf,1,2,94,fake,401,0,0.5694392841864916,0.711256231808328
tfidf,1,2,94,fake,412,1,0.4592289565261701,0.7245130918177053
tfidf,1,2,94,fake,422,1,0.5757847745863625,0.6416678779002333
tfidf,1,2,94,fake,427,0,0.11352371009263366,0.0064399764909209775
tfidf,1,2,94,fake,440,1,0.8544402095283461,0.9674471949829252
tfidf,1,2,94,fake,443,0,0.30485447921870046,0.1653017707446347
tfidf,1,2,94,fake,457,0,0.1492482977828105,0.014682744356795282
tfidf,1,2,94,fake,479,0,0.13148796589943518,0.010170213155831683
tfidf,1,2,94,fake,482,0,0.2881639156064665,0.1182929878269866
tfidf,1,2,94,fake,486,0,0.14659859855867233,0.018279220729919866
tfidf,1,3,94,fake,305,0,0.03495222501613578,0.3386715843596109
tfidf,1,3,94,fake,307,0,0.016093222399379544,0.13479819903104892
tfidf,1,3,94,fake,313,0,0.1212217503235898,0.4352244757466772
tfidf,1,3,94,fake,315,0,0.8800455014910071,0.5831526370147124
tfidf,1,3,94,fake,317,0,0.26792893918030947,0.6315303306594265
tfidf,1,3,94,fake,320,1,0.8682280947204514,0.8942120007199541
tfidf,1,3,94,fake,338,1,0.9878384781624899,0.9203377704771709
tfidf,1,3,94,fake,344,1,0.06965190055844829,0.5103544497433204
tfidf,1,3,94,fake,352,1,0.9997735514103836,0.9384216648783608
tfidf,1,3,94,fake,356,1,0.937467369883783,0.8073201070608542
tfidf,1,3,94,fake,367,1,0.9999447373362778,0.994969448327665
tfidf,1,3,94,fake,371,0,0.79854873098209,0.7131187074961226
tfidf,1,3,94,fake,380,1,0.9953992160075401,0.9335707034297019
tfidf,1,3,94,fake,383,0,0.29685152169126466,0.2769814591191737
tfidf,1,3,94,fake,393,0,0.039149634413505816,0.10009611261856564
tfidf,1,3,94,fake,395,0,0.7870848572891319,0.6767920144476071
tfidf,1,3,94,fake,397,0,0.27348185750512993,0.273000389844866
tfidf,1,3,94,fake,425,0,0.6049291980537845,0.5893076436485498
tfidf,1,3,94,fake,430,0,0.0002788246419780107,0.038591469124278445
tfidf,1,3,94,fake,436,0,0.10323106069368558,0.0733347209225924
tfidf,1,3,94,fake,439,0,0.010870177076017836,0.1372862854921203
tfidf,1,3,94,fake,446,0,0.0011786157174870175,0.04096889344061365
tfidf,1,3,94,fake,447,0,0.09624329986226447,0.21191535901752565
tfidf,1,3,94,fake,459,1,0.9838437802246566,0.9098988902943042
tfidf,1,3,94,fake,474,0,0.5512259274643179,0.22731537848600947
tfidf,1,3,94,fake,475,0,0.004557039367522147,0.02252540925446929
tfidf,1,3,94,fake,489,0,0.03566230360700632,0.10678718007200703
tfidf,1,3,94,fake,491,0,0.0077613973164325735,0.11750982412724187
tfidf,1,4,94,fake,318,0,0.2762454109031815,0.1908519177023674
tfidf,1,4,94,fake,322,0,0.755744632548617,0.787288709287756
tfidf,1,4,94,fake,326,0,0.4466347134338797,0.3285146197949156
tfidf,1,4,94,fake,327,0,0.7316096035225423,0.7168496549678677
tfidf,1,4,94,fake,335,1,0.4583239050693135,0.411622510894023
tfidf,1,4,94,fake,343,0,0.6978485847961576,0.7123669188538831
tfidf,1,4,94,fake,347,1,0.9024465284627912,0.9182856420928185
tfidf,1,4,94,fake,351,1,0.9685567921147805,0.9820966438102493
tfidf,1,4,94,fake,374,0,0.07306266443769932,0.06708916701323177
tfidf,1,4,94,fake,377,1,0.9627916230628562,0.9766680100678614
tfidf,1,4,94,fake,389,1,0.49631259505567293,0.5578884620196434
tfidf,1,4,94,fake,414,1,0.5642364628688021,0.4454389632467315
tfidf,1,4,94,fake,415,0,0.11847256199900032,0.10610096002789794
tfidf,1,4,94,fake,419,0,0.01320392882227907,0.009898031100095683
tfidf,1,4,94,fake,445,0,0.06781221750531488,0.0699122541247047
tfidf,1,4,94,fake,448,1,0.7323707218406211,0.6920141565739707
tfidf,1,4,94,fake,449,0,0.21359116374849857,0.19233592773347546
tfidf,1,4,94,fake,455,0,0.3293823993852864,0.341386359926339
tfidf,1,4,94,fake,458,0,0.23325535223632582,0.2117272528745811
tfidf,1,4,94,fake,463,0,0.0026442578018706173,0.001668002516241306
tfidf,1,4,94,fake,464,0,0.060753050489647714,0.052306974186914434
tfidf,1,4,94,fake,471,0,0.14845126615670592,0.11756047211469418
tfidf,1,4,94,fake,472,0,0.016467483833025973,0.01478669159909067
tfidf,1,4,94,fake,477,0,0.6235999954732605,0.6396834626457323
tfidf,1,4,94,fake,478,0,0.6837033084379943,0.6974568179776502
tfidf,1,4,94,fake,483,1,0.9521072614094342,0.9545103892160693
tfidf,1,4,94,fake,488,0,0.2657910948754091,0.22407550317941485
tfidf,1,4,94,fake,492,0,0.05955450126391085,0.06246208264345507
tfidf,1,5,94,fake,302,0,0.03650408891034632,0.00020656124933192478
tfidf,1,5,94,fake,321,1,0.5342388195178361,0.30958262057933805
tfidf,1,5,94,fake,325,1,0.8883398558301596,0.9268241452344865
tfidf,1,5,94,fake,330,1,0.27630631223833513,0.01741632610995007
tfidf,1,5,94,fake,333,0,0.34514641525974704,0.04850946566522676
tfidf,1,5,94,fake,336,0,0.28538237712634307,0.04314222232946376
tfidf,1,5,94,fake,340,0,0.24521170586075883,0.023326359593184045
tfidf,1,5,94,fake,341,0,0.8717354162816224,0.8858842528841349
tfidf,1,5,94,fake,348,1,0.9828613795376285,0.9997743227052396
tfidf,1,5,94,fake,350,1,0.7861983331994634,0.9713516391161426
tfidf,1,5,94,fake,360,0,0.8582639539756411,0.9607445867193996
tfidf,1,5,94,fake,368,0,0.10763897178060489,0.00603552230411603
tfidf,1,5,94,fake,370,0,0.06627588376999669,0.01300268175828767
tfidf,1,5,94,fake,385,0,0.37292974313321436,0.2378308369976598
tfidf,1,5,94,fake,388,1,0.6478307329663947,0.8259355690537561
tfidf,1,5,94,fake,406,0,0.05294740353807027,0.011416842422348037
tfidf,1,5,94,fake,409,1,0.654556238652592,0.7784891001612173
tfidf,1,5,94,fake,417,0,0.08399509067695372,0.01046441643914115
tfidf,1,5,94,fake,418,1,0.9645240076113608,0.9993243967471649
tfidf,1,5,94,fake,428,0,0.10257489297181369,0.019357472502847643
tfidf,1,5,94,fake,429,0,0.060429836368287713,0.006220720670568339
tfidf,1,5,94,fake,434,0,0.11375064009545957,0.02703231738616178
tfidf,1,5,94,fake,437,0,0.06354917481204027,0.003936190403334567
tfidf,1,5,94,fake,441,1,0.7569380482634371,0.9271868282985153
tfidf,1,5,94,fake,444,0,0.1163871820582311,0.039120226362783256
tfidf,1,5,94,fake,456,0,0.048711658382784774,0.010025959856635194
tfidf,1,5,94,fake,468,0,0.07475471829466387,0.012482987482054559
tfidf,1,5,94,fake,485,0,0.0817768133655345,0.015241171995188433
tfidf,1,1,95,fake,319,1,0.9999986865294767,0.997486897616778
tfidf,1,1,95,fake,331,0,0.13506053200967444,0.506940446272304
tfidf,1,1,95,fake,345,1,0.8813339140536268,0.8729370260802586
tfidf,1,1,95,fake,346,1,0.9989384787860396,0.9721086660475924
tfidf,1,1,95,fake,357,0,0.27085909197134717,0.5299625938133414
tfidf,1,1,95,fake,358,0,0.6517646543463025,0.7686891003590327
tfidf,1,1,95,fake,362,1,0.06177090847561175,0.608728667316737
tfidf,1,1,95,fake,363,0,0.016327144836332467,0.1096914397168515
tfidf,1,1,95,fake,364,0,0.05415919811829945,0.5480362181186987
tfidf,1,1,95,fake,369,0,0.009793320161941718,0.10839237376058253
tfidf,1,1,95,fake,372,1,0.04815874145369199,0.5283700751714638
tfidf,1,1,95,fake,391,0,0.5756683210963326,0.5870281128122976
tfidf,1,1,95,fake,400,0,0.8439624494622825,0.7850310507975704
tfidf,1,1,95,fake,402,1,0.9875691939902859,0.9535627421462566
tfidf,1,1,95,fake,403,0,0.03255301955214172,0.05571094208994719
tfidf,1,1,95,fake,404,0,0.004896261559224319,0.14526908454006843
tfidf,1,1,95,fake,413,1,0.9927087551501916,0.9334015528998711
tfidf,1,1,95,fake,416,0,0.05844726109144972,0.08353580622790367
tfidf,1,1,95,fake,420,0,0.04043887543594807,0.1446203078953039
tfidf,1,1,95,fake,423,0,0.9586870160658687,0.9256658555535063
tfidf,1,1,95,fake,426,1,0.82194402565901,0.8629132723320222
tfidf,1,1,95,fake,433,1,0.93166706071283,0.6362434523713307
tfidf,1,1,95,fake,451,0,0.015157246887706243,0.1986713571842803
tfidf,1,1,95,fake,454,0,0.0007389865916015691,0.024898368140826393
tfidf,1,1,95,fake,473,0,0.01246922909326715,0.04803317325812426
tfidf,1,1,95,fake,476,0,0.021038763581975175,0.1193267952781283
tfidf,1,1,95,fake,484,0,0.07016393554849198,0.291386173230067
tfidf,1,1,95,fake,487,0,0.28405840356961387,0.3832601063482771
tfidf,1,1,95,fake,490,0,0.006623590081300345,0.06787467472534627
tfidf,1,2,95,fake,303,0,0.042609735809722764,0.04080737660746875
tfidf,1,2,95,fake,304,0,0.03274409987371653,0.02509969737812564
tfidf,1,2,95,fake,310,0,0.41739287929021335,0.32135607979668307
tfidf,1,2,95,fake,312,0,0.4063221234069333,0.34126491501435624
tfidf,1,2,95,fake,316,0,0.4767646901338101,0.45617540210242075
tfidf,1,2,95,fake,324,0,0.48394528414127513,0.5115610587647814
tfidf,1,2,95,fake,328,0,0.6206256961764193,0.5851529827686183
tfidf,1,2,95,fake,339,1,0.9019409823998096,0.906015017933228
tfidf,1,2,95,fake,353,1,0.8227362244708447,0.824210946645356
tfidf,1,2,95,fake,355,1,0.9712023319009326,0.9791044982507672
tfidf,1,2,95,fake,366,0,0.015092612002949845,0.011595351025981875
tfidf,1,2,95,fake,375,0,0.004522194960931005,0.0031782763637848085
tfidf,1,2,95,fake,376,1,0.9351552998676524,0.9395327003937552
tfidf,1,2,95,fake,379,0,0.25329318726541666,0.20230105276423666
tfidf,1,2,95,fake,381,1,0.9306740794481563,0.9391610078008966
tfidf,1,2,95,fake,382,0,0.2812566172243724,0.2142740220435345
tfidf,1,2,95,fake,386,1,0.891662203693365,0.8912159201132872
tfidf,1,2,95,fake,390,0,0.942929353415863,0.9533265471186138
tfidf,1,2,95,fake,392,0,0.0687511988056867,0.057854810522046794
tfidf,1,2,95,fake,401,0,0.8970351651383117,0.8872236802645265
tfidf,1,2,95,fake,412,1,0.7402594547068294,0.7242432275495708
tfidf,1,2,95,fake,422,1,0.6673020558129109,0.6120303034114682
tfidf,1,2,95,fake,427,0,0.028933668624943776,0.02099325526119523
tfidf,1,2,95,fake,440,1,0.9402151080363592,0.9409171734820472
tfidf,1,2,95,fake,443,0,0.12473349465424191,0.10159239012581851
tfidf,1,2,95,fake,457,0,0.01103137836486407,0.007535687711891114
tfidf,1,2,95,fake,479,0,0.00953410986365379,0.006413383767621949
tfidf,1,2,95,fake,482,0,0.04565995108780134,0.03488328744292268
tfidf,1,2,95,fake,486,0,0.007967443003957828,0.006540221058146195
tfidf,1,3,95,fake,305,0,0.5520325727857164,0.5537889613751815
tfidf,1,3,95,fake,307,0,0.40601720763865623,0.3768545509069146
tfidf,1,3,95,fake,313,0,0.5592305796615081,0.5534481395852939
tfidf,1,3,95,fake,315,0,0.7049548822538046,0.6662705033704023
tfidf,1,3,95,fake,317,0,0.5707903364750625,0.5987807515231728
tfidf,1,3,95,fake,320,1,0.7938501529747513,0.819241937390096
tfidf,1,3,95,fake,338,1,0.581129373299861,0.618587388810692
tfidf,1,3,95,fake,344,1,0.5427724769563022,0.5640148293041743
tfidf,1,3,95,fake,352,1,0.7403204049645824,0.7114150843650597
tfidf,1,3,95,fake,356,1,0.6321921835864882,0.6562397826524669
tfidf,1,3,95,fake,367,1,0.9472918342052417,0.9503978857200468
tfidf,1,3,95,fake,371,0,0.49560601603981386,0.5094859933737901
tfidf,1,3,95,fake,380,1,0.7651313440844693,0.7510597684541791
tfidf,1,3,95,fake,383,0,0.3216143881730758,0.3205704729291969
tfidf,1,3,95,fake,393,0,0.228862390383167,0.22585793087913683
tfidf,1,3,95,fake,395,0,0.5518301136800945,0.5672149315675493
tfidf,1,3,95,fake,397,0,0.3095671584050283,0.30889567952533115
tfidf,1,3,95,fake,425,0,0.686263849812914,0.6938354179807733
tfidf,1,3,95,fake,430,0,0.4733962410288037,0.46573883952420325
tfidf,1,3,95,fake,436,0,0.1769446432872425,0.1670030501155094
tfidf,1,3,95,fake,439,0,0.34755720415492203,0.3506127068316634
tfidf,1,3,95,fake,446,0,0.2249997524110251,0.23197462063793092
tfidf,1,3,95,fake,447,0,0.32672434717105475,0.32342659326024525
tfidf,1,3,95,fake,459,1,0.7713176018013919,0.7762880519094806
tfidf,1,3,95,fake,474,0,0.16779020118935445,0.15744063065525765
tfidf,1,3,95,fake,475,0,0.12036149133344226,0.11669673610239925
tfidf,1,3,95,fake,489,0,0.27817616967086334,0.27296240975792346
tfidf,1,3,95,fake,491,0,0.5236631663908001,0.5244452740256154
tfidf,1,4,95,fake,318,0,0.340904401398559,0.3008241851460026
tfidf,1,4,95,fake,322,0,0.11640525743500267,0.4771050366354048
tfidf,1,4,95,fake,326,0,0.023853482234450565,0.15529478981278627
tfidf,1,4,95,fake,327,0,0.5094383833650171,0.6088675864635769
tfidf,1,4,95,fake,335,1,0.9805329448031009,0.7461591613694855
tfidf,1,4,95,fake,343,0,0.7046070185606097,0.679526074719578
tfidf,1,4,95,fake,347,1,0.16989163342448682,0.5576396299882125
tfidf,1,4,95,fake,351,1,0.6546948741303159,0.7716283885764728
tfidf,1,4,95,fake,374,0,0.296294220936864,0.45079349248005374
tfidf,1,4,95,fake,377,1,0.9999838344583807,0.9977621948469276
tfidf,1,4,95,fake,389,1,0.2639061857126441,0.6891252752131409
tfidf,1,4,95,fake,414,1,0.996151216208946,0.8381970221741176
tfidf,1,4,95,fake,415,0,0.035236218579101454,0.07733861491826466
tfidf,1,4,95,fake,419,0,0.0013360806302578298,0.01586375042795856
tfidf,1,4,95,fake,445,0,0.04634151967054124,0.12260717728806084
tfidf,1,4,95,fake,448,1,0.6713604481650606,0.5266097801671302
tfidf,1,4,95,fake,449,0,0.6492243301677313,0.24775169724405183
tfidf,1,4,95,fake,455,0,0.029118411641024626,0.15044238994203823
tfidf,1,4,95,fake,458,0,0.21501846302075373,0.1642753937978796
tfidf,1,4,95,fake,463,0,0.0010395447506700226,0.006985022998637513
tfidf,1,4,95,fake,464,0,0.002878584851177357,0.04169533976292294
tfidf,1,4,95,fake,471,0,0.04747360461757064,0.13726885223429933
tfidf,1,4,95,fake,472,0,0.00015883304867645738,0.01042899249006399
tfidf,1,4,95,fake,477,0,0.5207895013825132,0.6809197723576079
tfidf,1,4,95,fake,478,0,0.9097260241026736,0.7089554149212004
tfidf,1,4,95,fake,483,1,0.13225462232446764,0.43974162568791686
tfidf,1,4,95,fake,488,0,0.16584571729548228,0.22551099481349704
tfidf,1,4,95,fake,492,0,0.0024359151663360034,0.07579002034974405
tfidf,1,5,95,fake,302,0,0.031011007087088295,0.3198962867526143
tfidf,1,5,95,fake,321,1,0.8490627213244626,0.7689992849820949
tfidf,1,5,95,fake,325,1,0.8449392034735578,0.7199826654917582
tfidf,1,5,95,fake,330,1,0.6451792983944058,0.6752906538106217
tfidf,1,5,95,fake,333,0,0.3729354823498241,0.5734023623931174
tfidf,1,5,95,fake,336,0,0.3112859224748486,0.5457204731680054
tfidf,1,5,95,fake,340,0,0.21591579174539274,0.5169577507614365
tfidf,1,5,95,fake,341,0,0.738880912566084,0.6880824108122217
tfidf,1,5,95,fake,348,1,0.5000052651019423,0.623296824187854
tfidf,1,5,95,fake,350,1,0.7099103186143825,0.7104797674177273
tfidf,1,5,95,fake,360,0,0.576271805853575,0.5870803751498453
tfidf,1,5,95,fake,368,0,0.19423809493751046,0.39337863214083985
tfidf,1,5,95,fake,370,0,0.07205565876379522,0.20460810886077516
tfidf,1,5,95,fake,385,0,0.23777887043037063,0.32253969147811057
tfidf,1,5,95,fake,388,1,0.7812537413343603,0.5688808054044244
tfidf,1,5,95,fake,406,0,0.027441668878268842,0.16131494042409386
tfidf,1,5,95,fake,409,1,0.1786147203463364,0.41380652188195394
tfidf,1,5,95,fake,417,0,0.6518725606120492,0.4911757502413491
tfidf,1,5,95,fake,418,1,0.9900264442218714,0.8626821472369395
tfidf,1,5,95,fake,428,0,0.1259644221761889,0.27163878781161627
tfidf,1,5,95,fake,429,0,0.17468182263068827,0.32908478723423185
tfidf,1,5,95,fake,434,0,0.19629470683204403,0.33799167383582984
tfidf,1,5,95,fake,437,0,0.04425435812018495,0.2018014385480829
tfidf,1,5,95,fake,441,1,0.5912366421383938,0.6383399762792298
tfidf,1,5,95,fake,444,0,0.09063013559589633,0.3170997464747419
tfidf,1,5,95,fake,456,0,0.07968989997572237,0.20470145242560364
tfidf,1,5,95,fake,468,0,0.048106251379171586,0.16531711525725995
tfidf,1,5,95,fake,485,0,0.04508062978830701,0.1708806806609955
tfidf,1,1,96,fake,319,1,0.8739108221428715,0.7735003634694166
tfidf,1,1,96,fake,331,0,0.542212815172163,0.6398278941311966
tfidf,1,1,96,fake,345,1,0.9640339489770867,0.8246416069658131
tfidf,1,1,96,fake,346,1,0.8729463518463687,0.7654959270629247
tfidf,1,1,96,fake,357,0,0.6600144623552039,0.6487667380756656
tfidf,1,1,96,fake,358,0,0.6927983315165069,0.6936641096876517
tfidf,1,1,96,fake,362,1,0.9541327702529622,0.8662048609028845
tfidf,1,1,96,fake,363,0,0.023203836562303477,0.22861796834780793
tfidf,1,1,96,fake,364,0,0.5037537893385181,0.5905034427776464
tfidf,1,1,96,fake,369,0,0.4511785951749141,0.4148297215495933
tfidf,1,1,96,fake,372,1,0.6089527730056279,0.7263280637520214
tfidf,1,1,96,fake,391,0,0.8245389732033301,0.6164833849536765
tfidf,1,1,96,fake,400,0,0.5767559144667442,0.5552420605304877
tfidf,1,1,96,fake,402,1,0.9481745274860376,0.7593730901952639
tfidf,1,1,96,fake,403,0,0.06563646853493924,0.1783097822057253
tfidf,1,1,96,fake,404,0,0.08881512336564695,0.3199094948971411
tfidf,1,1,96,fake,413,1,0.774249343690367,0.6580746839941661
tfidf,1,1,96,fake,416,0,0.041449263866519176,0.19265020310899553
tfidf,1,1,96,fake,420,0,0.13372356634810484,0.3257080451131209
tfidf,1,1,96,fake,423,0,0.8600052925939651,0.714483481979227
tfidf,1,1,96,fake,426,1,0.9900179408802051,0.8924231969373154
tfidf,1,1,96,fake,433,1,0.7590110265891962,0.4617902739351892
tfidf,1,1,96,fake,451,0,0.5447518316637388,0.48396287374433133
tfidf,1,1,96,fake,454,0,0.11208652022382327,0.21080752436535594
tfidf,1,1,96,fake,473,0,0.049757202077540606,0.15339671032086957
tfidf,1,1,96,fake,476,0,0.16915366216121686,0.26662638806285865
tfidf,1,1,96,fake,484,0,0.27041956077898416,0.4608833650657453
tfidf,1,1,96,fake,487,0,0.3095424299172481,0.4192218501444843
tfidf,1,1,96,fake,490,0,0.18116299919510637,0.25940258511746017
tfidf,1,2,96,fake,303,0,0.030636551013244778,0.036883334645520995
tfidf,1,2,96,fake,304,0,0.024587511061528598,0.022440555745559018
tfidf,1,2,96,fake,310,0,0.5649555110315307,0.4594072295064751
tfidf,1,2,96,fake,312,0,0.3238957339969887,0.268687152965838
tfidf,1,2,96,fake,316,0,0.6782884771801425,0.6761471664569845
tfidf,1,2,96,fake,324,0,0.3700197533068875,0.40224931336803
tfidf,1,2,96,fake,328,0,0.5887705835455936,0.5292034598871469
tfidf,1,2,96,fake,339,1,0.7273110524023354,0.735290532500951
tfidf,1,2,96,fake,353,1,0.8431336174421094,0.8392724060153136
tfidf,1,2,96,fake,355,1,0.3989255071070803,0.45038259737317515
tfidf,1,2,96,fake,366,0,0.03928152908667698,0.03180957339325977
tfidf,1,2,96,fake,375,0,0.0027372325080512335,0.001907191660949813
tfidf,1,2,96,fake,376,1,0.976701610359848,0.9817779946318708
tfidf,1,2,96,fake,379,0,0.3671614839662894,0.3692186181988014
tfidf,1,2,96,fake,381,1,0.9772696805802131,0.9782951071560269
tfidf,1,2,96,fake,382,0,0.2576863394869055,0.1982362714399967
tfidf,1,2,96,fake,386,1,0.8332998909607617,0.8381066895516253
tfidf,1,2,96,fake,390,0,0.9310269646367548,0.9441400168904348
tfidf,1,2,96,fake,392,0,0.1600874198132311,0.15314027758761237
tfidf,1,2,96,fake,401,0,0.5966361665637226,0.5713450068064823
tfidf,1,2,96,fake,412,1,0.7810450145907287,0.7529400969130918
tfidf,1,2,96,fake,422,1,0.6840441866595385,0.6518961863425169
tfidf,1,2,96,fake,427,0,0.010964347754651027,0.007969722354604613
tfidf,1,2,96,fake,440,1,0.9844877046865441,0.9867060715582259
tfidf,1,2,96,fake,443,0,0.14084192966255044,0.12397550489201721
tfidf,1,2,96,fake,457,0,0.005320121198194488,0.004122095752842785
tfidf,1,2,96,fake,479,0,0.049133049811992194,0.04056330931787592
tfidf,1,2,96,fake,482,0,0.07506291505281866,0.05994045124595645
tfidf,1,2,96,fake,486,0,0.022921679595889234,0.018654645580501082
tfidf,1,3,96,fake,305,0,0.5730668118032375,0.40307151619269077
tfidf,1,3,96,fake,307,0,0.5216472996933885,0.3269968749244872
tfidf,1,3,96,fake,313,0,0.6316997655561712,0.571120460041451
tfidf,1,3,96,fake,315,0,0.5786410164985001,0.2638936483532498
tfidf,1,3,96,fake,317,0,0.6608769651183132,0.6910188584663574
tfidf,1,3,96,fake,320,1,0.7398957635766886,0.8240470062671991
tfidf,1,3,96,fake,338,1,0.598711696088981,0.7061026998041967
tfidf,1,3,96,fake,344,1,0.7084629100617075,0.9016506195118076
tfidf,1,3,96,fake,352,1,0.7092271504138873,0.8149511513703758
tfidf,1,3,96,fake,356,1,0.6518885474447218,0.7710858097575961
tfidf,1,3,96,fake,367,1,0.910343417528383,0.9917087415797441
tfidf,1,3,96,fake,371,0,0.5187130647951307,0.7665001600428331
tfidf,1,3,96,fake,380,1,0.8286949763669281,0.9777740110596231
tfidf,1,3,96,fake,383,0,0.3720969132360209,0.11031274624487677
tfidf,1,3,96,fake,393,0,0.22946385061732727,0.038394348359493444
tfidf,1,3,96,fake,395,0,0.5620931833933002,0.8207782341420333
tfidf,1,3,96,fake,397,0,0.26938031613653535,0.1430802577102643
tfidf,1,3,96,fake,425,0,0.6701414950791894,0.6074359159231465
tfidf,1,3,96,fake,430,0,0.4170428921891632,0.17938846064123737
tfidf,1,3,96,fake,436,0,0.15316420117380788,0.02747743137836257
tfidf,1,3,96,fake,439,0,0.36114772320595645,0.31660034255912756
tfidf,1,3,96,fake,446,0,0.2533295000579045,0.09249733373053101
tfidf,1,3,96,fake,447,0,0.32545107100600734,0.22527439078896738
tfidf,1,3,96,fake,459,1,0.8184277808489206,0.94468863391127
tfidf,1,3,96,fake,474,0,0.1538853357024342,0.015415025793807869
tfidf,1,3,96,fake,475,0,0.11261344925884179,0.009011037606366583
tfidf,1,3,96,fake,489,0,0.23010860383811388,0.06008620594852161
tfidf,1,3,96,fake,491,0,0.5002879005281234,0.23703852734841188
tfidf,1,4,96,fake,318,0,0.561153660558426,0.25405970978614006
tfidf,1,4,96,fake,322,0,0.7446900200350423,0.8171956732984074
tfidf,1,4,96,fake,326,0,0.636393059992285,0.40243463373925986
tfidf,1,4,96,fake,327,0,0.8103987550638696,0.9326737295916231
tfidf,1,4,96,fake,335,1,0.5754285623563874,0.287099734145675
tfidf,1,4,96,fake,343,0,0.7172690084577342,0.7047464915729389
tfidf,1,4,96,fake,347,1,0.6867854203713529,0.667578450214645
tfidf,1,4,96,fake,351,1,0.7853666097098493,0.9325094771648904
tfidf,1,4,96,fake,374,0,0.5502294695872251,0.14507383503144108
tfidf,1,4,96,fake,377,1,0.9151202083292488,0.9951675035339574
tfidf,1,4,96,fake,389,1,0.7048527345056932,0.7146264619937527
tfidf,1,4,96,fake,414,1,0.5851730687965698,0.5643882423855462
tfidf,1,4,96,fake,415,0,0.19102848004346745,0.03624700975449878
tfidf,1,4,96,fake,419,0,0.13660207682260572,0.004385594486767408
tfidf,1,4,96,fake,445,0,0.24612828080846227,0.11548830655177597
tfidf,1,4,96,fake,448,1,0.6403329805768964,0.5841870805478729
tfidf,1,4,96,fake,449,0,0.30795859123555336,0.2603457542978332
tfidf,1,4,96,fake,455,0,0.2561038088270251,0.09544407481942252
tfidf,1,4,96,fake,458,0,0.35724435277873906,0.07140387925004422
tfidf,1,4,96,fake,463,0,0.07135189502664581,0.0025310270884665504
tfidf,1,4,96,fake,464,0,0.21496171823657945,0.08029002653820258
tfidf,1,4,96,fake,471,0,0.238990681892651,0.09352475558094332
tfidf,1,4,96,fake,472,0,0.16505824535595914,0.019260953915042865
tfidf,1,4,96,fake,477,0,0.4654596735734026,0.3897691594205251
tfidf,1,4,96,fake,478,0,0.5864773137476554,0.7995470636265309
tfidf,1,4,96,fake,483,1,0.5509848670256711,0.39747896240223274
tfidf,1,4,96,fake,488,0,0.3299212372653156,0.2479802006210304
tfidf,1,4,96,fake,492,0,0.1829364293144046,0.025019549439146197
tfidf,1,5,96,fake,302,0,0.12247105887721131,0.12083728826359001
tfidf,1,5,96,fake,321,1,0.8935948301148481,0.8929686242351088
tfidf,1,5,96,fake,325,1,0.9101849470269525,0.907952506182952
tfidf,1,5,96,fake,330,1,0.5311086805484934,0.5376878070934886
tfidf,1,5,96,fake,333,0,0.3304840738513261,0.3313292892219277
tfidf,1,5,96,fake,336,0,0.28600303581074016,0.27404317060684824
tfidf,1,5,96,fake,340,0,0.33563168044956926,0.33146332575898624
tfidf,1,5,96,fake,341,0,0.2753310049302959,0.2699800144697045
tfidf,1,5,96,fake,348,1,0.6902180681181048,0.6903359837925773
tfidf,1,5,96,fake,350,1,0.6430059970007331,0.6645819850899266
tfidf,1,5,96,fake,360,0,0.6911063791469073,0.6966920042292897
tfidf,1,5,96,fake,368,0,0.3034640493779602,0.30137385056825156
tfidf,1,5,96,fake,370,0,0.1207807446791383,0.12438286188075402
tfidf,1,5,96,fake,385,0,0.17288591225312458,0.17446740199904734
tfidf,1,5,96,fake,388,1,0.9740795219916294,0.9755890948438839
tfidf,1,5,96,fake,406,0,0.3502975833223676,0.3467342967769403
tfidf,1,5,96,fake,409,1,0.5946514749957895,0.6059581658885732
tfidf,1,5,96,fake,417,0,0.10915042265492214,0.10657500134503878
tfidf,1,5,96,fake,418,1,0.5469294837748834,0.5664905267277945
tfidf,1,5,96,fake,428,0,0.1438155254647697,0.14262367840492896
tfidf,1,5,96,fake,429,0,0.47880078703706436,0.49292356847718755
tfidf,1,5,96,fake,434,0,0.017133600568381126,0.016096791028317597
tfidf,1,5,96,fake,437,0,0.24625615555820093,0.24160710179485556
tfidf,1,5,96,fake,441,1,0.8542845607537871,0.8564258310038408
tfidf,1,5,96,fake,444,0,0.02581880482025576,0.02532149791346591
tfidf,1,5,96,fake,456,0,0.08928843303363797,0.08852998548504996
tfidf,1,5,96,fake,468,0,0.04630751461012662,0.04244759904338517
tfidf,1,5,96,fake,485,0,0.019227322624043055,0.018233085544594397
tfidf,1,1,97,fake,319,1,0.7926837075704363,0.8741052253700661
tfidf,1,1,97,fake,331,0,0.8577484028702308,0.9159746350030687
tfidf,1,1,97,fake,345,1,0.7523484527675394,0.846056886538786
tfidf,1,1,97,fake,346,1,0.7977620035455846,0.855569990173095
tfidf,1,1,97,fake,357,0,0.7827841264197654,0.780784315533115
tfidf,1,1,97,fake,358,0,0.7392684979444922,0.8638706057167627
tfidf,1,1,97,fake,362,1,0.7133201456485119,0.8399796108959312
tfidf,1,1,97,fake,363,0,0.13816389954688152,0.1252275123812907
tfidf,1,1,97,fake,364,0,0.6862709216621561,0.806178856365886
tfidf,1,1,97,fake,369,0,0.30108906029249466,0.2656149085639259
tfidf,1,1,97,fake,372,1,0.9240434632209303,0.9512612677074066
tfidf,1,1,97,fake,391,0,0.46398113643330985,0.659183340102346
tfidf,1,1,97,fake,400,0,0.480880057174429,0.49434183860082903
tfidf,1,1,97,fake,402,1,0.9931563166078365,0.9930759373998006
tfidf,1,1,97,fake,403,0,0.017954516393639847,0.012435373746513646
tfidf,1,1,97,fake,404,0,0.11696418500012822,0.18402609646251025
tfidf,1,1,97,fake,413,1,0.6777602357722073,0.766002619212874
tfidf,1,1,97,fake,416,0,0.02855444415288222,0.02867291405240878
tfidf,1,1,97,fake,420,0,0.1602788066183585,0.11550909475307544
tfidf,1,1,97,fake,423,0,0.9138726344163635,0.9425157403089929
tfidf,1,1,97,fake,426,1,0.7212020789416911,0.7867837372953176
tfidf,1,1,97,fake,433,1,0.9773134673673585,0.9803496591951798
tfidf,1,1,97,fake,451,0,0.2735906998330277,0.2110252400357685
tfidf,1,1,97,fake,454,0,0.08852555124605345,0.10457475150283282
tfidf,1,1,97,fake,473,0,0.0359804801413305,0.03665026440450872
tfidf,1,1,97,fake,476,0,0.203454127521473,0.18289359519559004
tfidf,1,1,97,fake,484,0,0.4110941068915954,0.5194884121837412
tfidf,1,1,97,fake,487,0,0.611365513336422,0.5870731800961061
tfidf,1,1,97,fake,490,0,0.055110011106534705,0.0516187635031341
tfidf,1,2,97,fake,303,0,0.38367634500980075,0.049603417183754
tfidf,1,2,97,fake,304,0,0.40021248534749326,0.025582737985328143
tfidf,1,2,97,fake,310,0,0.618826080924594,0.38804661394667933
tfidf,1,2,97,fake,312,0,0.6452131945855454,0.475241090005366
tfidf,1,2,97,fake,316,0,0.7319894703885744,0.6741275899932639
tfidf,1,2,97,fake,324,0,0.6852113503174289,0.5754635498999964
tfidf,1,2,97,fake,328,0,0.6640972422388765,0.6346636641374294
tfidf,1,2,97,fake,339,1,0.9280314634091557,0.9982833878721148
tfidf,1,2,97,fake,353,1,0.7729351424939285,0.8676674573431477
tfidf,1,2,97,fake,355,1,0.6805571482092666,0.7402748528495324
tfidf,1,2,97,fake,366,0,0.15989500459829545,0.015065446389692662
tfidf,1,2,97,fake,375,0,0.11875406385798352,0.0035815935293475065
tfidf,1,2,97,fake,376,1,0.8674183982508847,0.9525459473675568
tfidf,1,2,97,fake,379,0,0.41084296064670794,0.3743887231855905
tfidf,1,2,97,fake,381,1,0.7082137430549054,0.883603541562645
tfidf,1,2,97,fake,382,0,0.31321977630464726,0.2103354742125485
tfidf,1,2,97,fake,386,1,0.45383331192943954,0.5045142824635891
tfidf,1,2,97,fake,390,0,0.8452328035861074,0.9650634230802222
tfidf,1,2,97,fake,392,0,0.23197541507976022,0.05161260720082368
tfidf,1,2,97,fake,401,0,0.5406912623228554,0.6387973611609722
tfidf,1,2,97,fake,412,1,0.42937675697722394,0.5649630752179414
tfidf,1,2,97,fake,422,1,0.6102774784946075,0.7838071672688923
tfidf,1,2,97,fake,427,0,0.12071156308577179,0.010419232590498389
tfidf,1,2,97,fake,440,1,0.7422439434405446,0.9011628398183924
tfidf,1,2,97,fake,443,0,0.35433544891840596,0.2888990586884291
tfidf,1,2,97,fake,457,0,0.12809125932383364,0.009619494139204678
tfidf,1,2,97,fake,479,0,0.14266136081577444,0.01004875569597629
tfidf,1,2,97,fake,482,0,0.23098593280348506,0.04904597416617735
tfidf,1,2,97,fake,486,0,0.1310863040537256,0.01441100647852999
tfidf,1,3,97,fake,305,0,0.23210634028076843,0.23109119543699214
tfidf,1,3,97,fake,307,0,0.22325303101004504,0.16118115809558037
tfidf,1,3,97,fake,313,0,0.43224830831675437,0.4259779083810139
tfidf,1,3,97,fake,315,0,0.334821711380162,0.25283855087825063
tfidf,1,3,97,fake,317,0,0.660571625999582,0.7367775520330078
tfidf,1,3,97,fake,320,1,0.8075538997710909,0.8618349878316425
tfidf,1,3,97,fake,338,1,0.8673006339535888,0.9091009024321751
tfidf,1,3,97,fake,344,1,0.7507690756923964,0.7999841926503186
tfidf,1,3,97,fake,352,1,0.6589315622961046,0.5843414626540868
tfidf,1,3,97,fake,356,1,0.7130188709764355,0.7624843243708184
tfidf,1,3,97,fake,367,1,0.9993156115418815,0.9993213636946674
tfidf,1,3,97,fake,371,0,0.23308011047604804,0.29471538907301814
tfidf,1,3,97,fake,380,1,0.9479240509131557,0.9383409559628193
tfidf,1,3,97,fake,383,0,0.48156370834280854,0.4596044801353389
tfidf,1,3,97,fake,393,0,0.051506466731834365,0.05151515794893767
tfidf,1,3,97,fake,395,0,0.6944075849182403,0.7404969535686892
tfidf,1,3,97,fake,397,0,0.2049958645985175,0.21308050758906788
tfidf,1,3,97,fake,425,0,0.8625158901631269,0.8667419750396996
tfidf,1,3,97,fake,430,0,0.1212674174773558,0.12041898126819559
tfidf,1,3,97,fake,436,0,0.03094877148380008,0.02644338608424369
tfidf,1,3,97,fake,439,0,0.305333057765405,0.3291239495537367
tfidf,1,3,97,fake,446,0,0.03323945187957151,0.03694838045510259
tfidf,1,3,97,fake,447,0,0.1483613792083666,0.1556567983326853
tfidf,1,3,97,fake,459,1,0.8818189774159824,0.8915482335038032
tfidf,1,3,97,fake,474,0,0.08788759698939975,0.068933659484041
tfidf,1,3,97,fake,475,0,0.0077774651566681775,0.007675137295379649
tfidf,1,3,97,fake,489,0,0.0495463947538455,0.04705778648681649
tfidf,1,3,97,fake,491,0,0.1392219911529832,0.14978662735960868
tfidf,1,4,97,fake,318,0,0.5778783184234603,0.4027417622037442
tfidf,1,4,97,fake,322,0,0.684222984325326,0.7224924156968673
tfidf,1,4,97,fake,326,0,0.304616522489728,0.19909618190744877
tfidf,1,4,97,fake,327,0,0.6093926793280124,0.5759934161749932
tfidf,1,4,97,fake,335,1,0.3853847231453508,0.3229450073853578
tfidf,1,4,97,fake,343,0,0.78867056702199,0.7966284852394777
tfidf,1,4,97,fake,347,1,0.627349389143281,0.6818741693081576
tfidf,1,4,97,fake,351,1,0.9387984830904837,0.9669890160150574
tfidf,1,4,97,fake,374,0,0.3161313796399308,0.27372183642065345
tfidf,1,4,97,fake,377,1,0.9609055631171538,0.9758119059551946
tfidf,1,4,97,fake,389,1,0.5771583231034827,0.6882545211509358
tfidf,1,4,97,fake,414,1,0.6483170482513436,0.5859824472020579
tfidf,1,4,97,fake,415,0,0.12279517393917394,0.10920597439413027
tfidf,1,4,97,fake,419,0,0.01626994315217943,0.011052368586145748
tfidf,1,4,97,fake,445,0,0.0851740153038936,0.08923564630630199
tfidf,1,4,97,fake,448,1,0.8236901046957305,0.8000742608555491
tfidf,1,4,97,fake,449,0,0.2741928612839155,0.23216881449211085
tfidf,1,4,97,fake,455,0,0.1164231075030493,0.11464700410123364
tfidf,1,4,97,fake,458,0,0.23529872553896844,0.25939446918010034
tfidf,1,4,97,fake,463,0,0.006387412594935242,0.003987676284061839
tfidf,1,4,97,fake,464,0,0.04935877121350896,0.03809981227318046
tfidf,1,4,97,fake,471,0,0.12834805050702,0.08186555868999197
tfidf,1,4,97,fake,472,0,0.035529208716398225,0.039550782064859236
tfidf,1,4,97,fake,477,0,0.3819215507296355,0.37940409905430905
tfidf,1,4,97,fake,478,0,0.6705417735361326,0.7101935284243746
tfidf,1,4,97,fake,483,1,0.9212305677714854,0.9191979617995286
tfidf,1,4,97,fake,488,0,0.14335861204334477,0.09470273435532349
tfidf,1,4,97,fake,492,0,0.3314143599581185,0.3587968953538689
tfidf,1,5,97,fake,302,0,2.8764610476492492e-05,0.023182476052158913
tfidf,1,5,97,fake,321,1,0.9687623573335823,0.8927128886858161
tfidf,1,5,97,fake,325,1,0.9085953186985349,0.7479702721415962
tfidf,1,5,97,fake,330,1,0.11865681464321266,0.571667737442517
tfidf,1,5,97,fake,333,0,0.047042912715417856,0.34074323553695657
tfidf,1,5,97,fake,336,0,0.04152916182157926,0.29834951191305603
tfidf,1,5,97,fake,340,0,0.05942805826300567,0.4077053333270447
tfidf,1,5,97,fake,341,0,0.8362132609681983,0.7664481203231566
tfidf,1,5,97,fake,348,1,0.7854054817379966,0.6614850910840662
tfidf,1,5,97,fake,350,1,0.9998909183399547,0.9901488262976053
tfidf,1,5,97,fake,360,0,0.30630078572287317,0.5628778451277728
tfidf,1,5,97,fake,368,0,0.1442439446131453,0.18175659159588786
tfidf,1,5,97,fake,370,0,0.013555153468466917,0.07762025438939732
tfidf,1,5,97,fake,385,0,0.0019858623650735215,0.056831507393704093
tfidf,1,5,97,fake,388,1,0.9716422984892901,0.8341365829861507
tfidf,1,5,97,fake,406,0,0.0021231125003461264,0.049506839264313554
tfidf,1,5,97,fake,409,1,0.5205681962134616,0.5027035996520768
tfidf,1,5,97,fake,417,0,0.03257479042835876,0.04897571477750361
tfidf,1,5,97,fake,418,1,0.8966956246209439,0.8354507885460909
tfidf,1,5,97,fake,428,0,0.005350501679158823,0.08240273883859364
tfidf,1,5,97,fake,429,0,0.6715213353815696,0.46515719097585206
tfidf,1,5,97,fake,434,0,0.001667592405922751,0.029304749969979078
tfidf,1,5,97,fake,437,0,0.0032756709927235068,0.05758552050329435
tfidf,1,5,97,fake,441,1,0.9588807508209624,0.8623211689485484
tfidf,1,5,97,fake,444,0,0.0074944292191980845,0.09693341355188681
tfidf,1,5,97,fake,456,0,0.0011198823039886019,0.025457117243457915
tfidf,1,5,97,fake,468,0,0.0021113359098206786,0.02316203964174533
tfidf,1,5,97,fake,485,0,0.4343330063686478,0.35970017049091846
tfidf,1,1,98,fake,319,1,0.8819943061582026,0.9307049645828664
tfidf,1,1,98,fake,331,0,0.35947659199813187,0.4745685627247453
tfidf,1,1,98,fake,345,1,0.9999107057576362,0.9999394283391452
tfidf,1,1,98,fake,346,1,0.846851100001645,0.8912376149815352
tfidf,1,1,98,fake,357,0,0.5565521016773319,0.6069019794511165
tfidf,1,1,98,fake,358,0,0.7941245225636702,0.8696242116142588
tfidf,1,1,98,fake,362,1,0.689838613859823,0.8208256166930812
tfidf,1,1,98,fake,363,0,0.5187091962098129,0.46911228255804854
tfidf,1,1,98,fake,364,0,0.5208575465863281,0.6293881628241825
tfidf,1,1,98,fake,369,0,0.30375266129281936,0.2774463870682413
tfidf,1,1,98,fake,372,1,0.4950163884808575,0.5560707934863729
tfidf,1,1,98,fake,391,0,0.5765038073338352,0.7056064492192207
tfidf,1,1,98,fake,400,0,0.4065189031812433,0.3741693794090279
tfidf,1,1,98,fake,402,1,0.9915719228135581,0.9923240606792756
tfidf,1,1,98,fake,403,0,0.04940671406654031,0.034231751309147636
tfidf,1,1,98,fake,404,0,0.0665199305908565,0.0924853677326028
tfidf,1,1,98,fake,413,1,0.9759481894057306,0.9835766891710401
tfidf,1,1,98,fake,416,0,0.03605706340594784,0.04020243987697227
tfidf,1,1,98,fake,420,0,0.5352385769288452,0.4532783724796752
tfidf,1,1,98,fake,423,0,0.7004355802248677,0.780752952783138
tfidf,1,1,98,fake,426,1,0.5934137959415051,0.6396018960163667
tfidf,1,1,98,fake,433,1,0.7072537315800174,0.6804427638133874
tfidf,1,1,98,fake,451,0,0.12263508165011695,0.11845437337681633
tfidf,1,1,98,fake,454,0,0.13880391393572838,0.1668268472684119
tfidf,1,1,98,fake,473,0,0.05039116479025176,0.043829444559557354
tfidf,1,1,98,fake,476,0,0.08147850044484328,0.07239389893347929
tfidf,1,1,98,fake,484,0,0.2284448518539461,0.30865605889046227
tfidf,1,1,98,fake,487,0,0.5686558844081105,0.549205883149458
tfidf,1,1,98,fake,490,0,0.1272861325058531,0.12297852479304718
tfidf,1,2,98,fake,303,0,0.06450996181359793,0.06590429468808548
tfidf,1,2,98,fake,304,0,0.11169305747588983,0.10827287921443234
tfidf,1,2,98,fake,310,0,0.4256733131665941,0.4082667810988906
tfidf,1,2,98,fake,312,0,0.45014260239719167,0.4381518726133049
tfidf,1,2,98,fake,316,0,0.5827664436456238,0.5796779168883782
tfidf,1,2,98,fake,324,0,0.2568888308655623,0.26188863113327054
tfidf,1,2,98,fake,328,0,0.47616901500494296,0.46978668505477195
tfidf,1,2,98,fake,339,1,0.9905006557153588,0.9899611676644393
tfidf,1,2,98,fake,353,1,0.6871864710635828,0.690628859753447
tfidf,1,2,98,fake,355,1,0.6164140377708067,0.6255588579983187
tfidf,1,2,98,fake,366,0,0.013525727383317664,0.013019446338526582
tfidf,1,2,98,fake,375,0,0.005945514893263674,0.005438448346441794
tfidf,1,2,98,fake,376,1,0.9664501792325321,0.9676229997788114
tfidf,1,2,98,fake,379,0,0.49096762981691155,0.478253980094738
tfidf,1,2,98,fake,381,1,0.9508948396470639,0.9520889859642253
tfidf,1,2,98,fake,382,0,0.323961388359452,0.3041532969814426
tfidf,1,2,98,fake,386,1,0.7494739497707931,0.7495997998402387
tfidf,1,2,98,fake,390,0,0.950593417220779,0.9522139164406581
tfidf,1,2,98,fake,392,0,0.0883984667754331,0.08690126163196532
tfidf,1,2,98,fake,401,0,0.6297974778909937,0.6255988134868775
tfidf,1,2,98,fake,412,1,0.6744145242638222,0.6714645786699917
tfidf,1,2,98,fake,422,1,0.7001225993675619,0.6903926676127978
tfidf,1,2,98,fake,427,0,0.018377933236331967,0.017266564399695983
tfidf,1,2,98,fake,440,1,0.8990657278478759,0.8950288488516033
tfidf,1,2,98,fake,443,0,0.32938810318671125,0.3236400512796691
tfidf,1,2,98,fake,457,0,0.023418647222880666,0.02254687209300651
tfidf,1,2,98,fake,479,0,0.02658102768649787,0.024970360409548368
tfidf,1,2,98,fake,482,0,0.10211122113298758,0.09827322405529224
tfidf,1,2,98,fake,486,0,0.015633109154674415,0.015151372144645675
tfidf,1,3,98,fake,305,0,0.5540452188660835,0.5229183889882354
tfidf,1,3,98,fake,307,0,0.3402946488728357,0.2546971344950308
tfidf,1,3,98,fake,313,0,0.647853370865808,0.6353489817858313
tfidf,1,3,98,fake,315,0,0.5044505888332838,0.3824801825391769
tfidf,1,3,98,fake,317,0,0.6090365763480391,0.6776818178885098
tfidf,1,3,98,fake,320,1,0.6329923302979744,0.7441750048572675
tfidf,1,3,98,fake,338,1,0.9107326193771421,0.9345052899124323
tfidf,1,3,98,fake,344,1,0.751925148117999,0.8154078311470894
tfidf,1,3,98,fake,352,1,0.8372179571279734,0.7747395116721413
tfidf,1,3,98,fake,356,1,0.553117674625737,0.6388329256386998
tfidf,1,3,98,fake,367,1,0.9928788241244167,0.993514991512148
tfidf,1,3,98,fake,371,0,0.8551313092303683,0.8659318254415493
tfidf,1,3,98,fake,380,1,0.9749215052833999,0.9687947455700355
tfidf,1,3,98,fake,383,0,0.21841146356424235,0.2051453595084251
tfidf,1,3,98,fake,393,0,0.023164864054365554,0.026238945658553
tfidf,1,3,98,fake,395,0,0.5073932359236386,0.5524231937415781
tfidf,1,3,98,fake,397,0,0.12261888156059801,0.12459348155827785
tfidf,1,3,98,fake,425,0,0.507265389007059,0.5693818230549205
tfidf,1,3,98,fake,430,0,0.244498541195002,0.20671193528271475
tfidf,1,3,98,fake,436,0,0.09436824979053464,0.07945502092389867
tfidf,1,3,98,fake,439,0,0.17237886573990963,0.1725481922138817
tfidf,1,3,98,fake,446,0,0.06919215485802664,0.07704880736993512
tfidf,1,3,98,fake,447,0,0.24344886457494985,0.25153146308166346
tfidf,1,3,98,fake,459,1,0.8326042739078413,0.838658116000837
tfidf,1,3,98,fake,474,0,0.04861489165874229,0.040600745942353016
tfidf,1,3,98,fake,475,0,0.05354728901132672,0.04631172099462955
tfidf,1,3,98,fake,489,0,0.19280948760307065,0.18730831243419221
tfidf,1,3,98,fake,491,0,0.12453963027995514,0.12964720987061398
tfidf,1,4,98,fake,318,0,0.35758072685844516,0.24005677869932876
tfidf,1,4,98,fake,322,0,0.7177063628859355,0.7423596584262964
tfidf,1,4,98,fake,326,0,0.3108034912526177,0.21108462091035932
tfidf,1,4,98,fake,327,0,0.8179719766445768,0.8077985561370249
tfidf,1,4,98,fake,335,1,0.8650603306696278,0.8158332744024955
tfidf,1,4,98,fake,343,0,0.8137733322295259,0.8087547578756088
tfidf,1,4,98,fake,347,1,0.42425386731906056,0.43032630961562723
tfidf,1,4,98,fake,351,1,0.9921907609618468,0.9925551855069511
tfidf,1,4,98,fake,374,0,0.1352878218454425,0.10866525578045734
tfidf,1,4,98,fake,377,1,0.9574917244901482,0.9741032416266131
tfidf,1,4,98,fake,389,1,0.7200978806046455,0.7593204698423232
tfidf,1,4,98,fake,414,1,0.5777135527194093,0.5138069371294247
tfidf,1,4,98,fake,415,0,0.15883615437649268,0.16297635655031523
tfidf,1,4,98,fake,419,0,0.03440413483885441,0.02572204053956087
tfidf,1,4,98,fake,445,0,0.08727347009326156,0.0970237451531266
tfidf,1,4,98,fake,448,1,0.7635975489553908,0.724681443479479
tfidf,1,4,98,fake,449,0,0.10633683569839972,0.09714118409567413
tfidf,1,4,98,fake,455,0,0.07816966093471264,0.07786903184371341
tfidf,1,4,98,fake,458,0,0.31609949107165486,0.29690498692201006
tfidf,1,4,98,fake,463,0,0.005434825664404569,0.0034609349075084158
tfidf,1,4,98,fake,464,0,0.08871215570669001,0.07333525302442799
tfidf,1,4,98,fake,471,0,0.11578086857322961,0.08443309401660551
tfidf,1,4,98,fake,472,0,0.007339881416166693,0.006288013219502711
tfidf,1,4,98,fake,477,0,0.2590950075767484,0.279825169139236
tfidf,1,4,98,fake,478,0,0.4901447011409493,0.5279238691731545
tfidf,1,4,98,fake,483,1,0.7252216368348195,0.7307470521715586
tfidf,1,4,98,fake,488,0,0.2690286514184136,0.2093625907626051
tfidf,1,4,98,fake,492,0,0.24191570299847226,0.26089112851935614
tfidf,1,5,98,fake,302,0,0.03241968335843677,0.2930555295548081
tfidf,1,5,98,fake,321,1,0.6872806279841058,0.75658521749165
tfidf,1,5,98,fake,325,1,0.9995188415446906,0.9852686935707352
tfidf,1,5,98,fake,330,1,0.009869822641015519,0.2365520245098691
tfidf,1,5,98,fake,333,0,0.04076926894755798,0.34768048791457845
tfidf,1,5,98,fake,336,0,0.013210158112279815,0.2626368166389226
tfidf,1,5,98,fake,340,0,0.05225766114697167,0.317762436669441
tfidf,1,5,98,fake,341,0,0.9649450834171353,0.9113419079442288
tfidf,1,5,98,fake,348,1,0.8799058023682829,0.8435670263115835
tfidf,1,5,98,fake,350,1,0.9106494943839791,0.7986681189924334
tfidf,1,5,98,fake,360,0,0.6741183267199322,0.5757619097345658
tfidf,1,5,98,fake,368,0,0.07023092420863791,0.3313069069864656
tfidf,1,5,98,fake,370,0,0.029202393732800955,0.15990537230097895
tfidf,1,5,98,fake,385,0,0.7773324351037275,0.6697021513312983
tfidf,1,5,98,fake,388,1,0.6686023104771595,0.690035077069503
tfidf,1,5,98,fake,406,0,0.025607124233096995,0.07744717605628515
tfidf,1,5,98,fake,409,1,0.029201867299034387,0.19065063777202568
tfidf,1,5,98,fake,417,0,0.0058357580041249295,0.04941718774977996
tfidf,1,5,98,fake,418,1,0.8705233883615214,0.7389157753794751
tfidf,1,5,98,fake,428,0,0.004856381173725758,0.07337535846177433
tfidf,1,5,98,fake,429,0,0.01695303897104014,0.10047832759858402
tfidf,1,5,98,fake,434,0,0.0014161460793601203,0.02526407197869509
tfidf,1,5,98,fake,437,0,0.008050449928500965,0.08763165929452864
tfidf,1,5,98,fake,441,1,0.9824834370892389,0.911497840998665
tfidf,1,5,98,fake,444,0,0.000561036047094837,0.03815302626783894
tfidf,1,5,98,fake,456,0,0.0006365949563636401,0.019721747794143908
tfidf,1,5,98,fake,468,0,0.0012346195643387528,0.03544982640506594
tfidf,1,5,98,fake,485,0,0.00019037532936566756,0.017517418275684232
tfidf,1,1,99,fake,319,1,0.6191561785211402,0.7161581489748141
tfidf,1,1,99,fake,331,0,0.4862632262796019,0.5784718170498244
tfidf,1,1,99,fake,345,1,0.9043580663853433,0.9301612960358597
tfidf,1,1,99,fake,346,1,0.5918255157317259,0.6656159140138945
tfidf,1,1,99,fake,357,0,0.4147059665490609,0.4474485375886434
tfidf,1,1,99,fake,358,0,0.6975945205126616,0.7835509932591567
tfidf,1,1,99,fake,362,1,0.6948693044714171,0.795713885868308
tfidf,1,1,99,fake,363,0,0.23289518826735814,0.2307214412930109
tfidf,1,1,99,fake,364,0,0.5787451958491693,0.6861344267295495
tfidf,1,1,99,fake,369,0,0.42016996560239717,0.3743966590985813
tfidf,1,1,99,fake,372,1,0.9988484371315459,0.9989146412728181
tfidf,1,1,99,fake,391,0,0.2556009847069177,0.3453615168345593
tfidf,1,1,99,fake,400,0,0.5528910671445839,0.545165507264092
tfidf,1,1,99,fake,402,1,0.9972853304940761,0.9972933145990334
tfidf,1,1,99,fake,403,0,0.025838941603849332,0.021484632432582657
tfidf,1,1,99,fake,404,0,0.28558347880404916,0.33144546171294087
tfidf,1,1,99,fake,413,1,0.9725594474421221,0.9761670707011617
tfidf,1,1,99,fake,416,0,0.0181303784956848,0.01684369293896766
tfidf,1,1,99,fake,420,0,0.19505280956159204,0.14948038052250706
tfidf,1,1,99,fake,423,0,0.7317128006134647,0.7973211486519209
tfidf,1,1,99,fake,426,1,0.314848326517116,0.3566678964233208
tfidf,1,1,99,fake,433,1,0.7609792452635334,0.758314795453546
tfidf,1,1,99,fake,451,0,0.11092054807761048,0.11121413778997978
tfidf,1,1,99,fake,454,0,0.08732275426316097,0.09921401590391084
tfidf,1,1,99,fake,473,0,0.06072481646171978,0.057575669039872275
tfidf,1,1,99,fake,476,0,0.4024666505558204,0.35221349837016663
tfidf,1,1,99,fake,484,0,0.11325652818343808,0.13739831274946546
tfidf,1,1,99,fake,487,0,0.29024300195794167,0.2843720883890497
tfidf,1,1,99,fake,490,0,0.2893898775721877,0.2780449200934214
tfidf,1,2,99,fake,303,0,0.03546450481035925,0.03742580116073378
tfidf,1,2,99,fake,304,0,0.06926839393274582,0.06510387408719816
tfidf,1,2,99,fake,310,0,0.5319768544136922,0.4855046472915117
tfidf,1,2,99,fake,312,0,0.3647100426131766,0.3325964756054427
tfidf,1,2,99,fake,316,0,0.5573210514411719,0.5454128312205658
tfidf,1,2,99,fake,324,0,0.6391487189081182,0.6606013403264526
tfidf,1,2,99,fake,328,0,0.5206720935079872,0.5009312407701648
tfidf,1,2,99,fake,339,1,0.751304221501621,0.7447952127968571
tfidf,1,2,99,fake,353,1,0.994426817034821,0.9935241348227002
tfidf,1,2,99,fake,355,1,0.571124385679353,0.5994412842313077
tfidf,1,2,99,fake,366,0,0.02795396743045988,0.024937538994660082
tfidf,1,2,99,fake,375,0,0.0033080784792345846,0.002653996103644188
tfidf,1,2,99,fake,376,1,0.9869651493603095,0.9871825677802144
tfidf,1,2,99,fake,379,0,0.2954553098922847,0.2821666726590181
tfidf,1,2,99,fake,381,1,0.9323648954427993,0.9402872864035207
tfidf,1,2,99,fake,382,0,0.16766297448940576,0.14586380061703078
tfidf,1,2,99,fake,386,1,0.48651917792370564,0.4871135127380348
tfidf,1,2,99,fake,390,0,0.9615883601578938,0.9650004323923494
tfidf,1,2,99,fake,392,0,0.14771503681061074,0.13590680335110125
tfidf,1,2,99,fake,401,0,0.7450530224880172,0.7289575234574143
tfidf,1,2,99,fake,412,1,0.42625964792069376,0.42483408233819997
tfidf,1,2,99,fake,422,1,0.7236661855232878,0.6910405862334374
tfidf,1,2,99,fake,427,0,0.008870174964960356,0.007417554826999302
tfidf,1,2,99,fake,440,1,0.9673454171107202,0.9676781685145455
tfidf,1,2,99,fake,443,0,0.23033091576670545,0.21063544436860376
tfidf,1,2,99,fake,457,0,0.013129385594579003,0.011322921111986163
tfidf,1,2,99,fake,479,0,0.012659390985115308,0.010233263859050585
tfidf,1,2,99,fake,482,0,0.12183601699123736,0.10658625343666488
tfidf,1,2,99,fake,486,0,0.012713222537097495,0.01160099833830879
tfidf,1,3,99,fake,305,0,0.5090106065233846,0.20265324541990656
tfidf,1,3,99,fake,307,0,0.4250261587250133,0.08386231991114022
tfidf,1,3,99,fake,313,0,0.5694921085053457,0.47845177992361415
tfidf,1,3,99,fake,315,0,0.5750065533435011,0.3186970297829586
tfidf,1,3,99,fake,317,0,0.67020323712666,0.7494977920112386
tfidf,1,3,99,fake,320,1,0.7569684223010655,0.8986623374075047
tfidf,1,3,99,fake,338,1,0.6888088666882407,0.8498914124133155
tfidf,1,3,99,fake,344,1,0.6592948579914526,0.7586824354724676
tfidf,1,3,99,fake,352,1,0.5896788107624042,0.4070900008839422
tfidf,1,3,99,fake,356,1,0.6264966754865072,0.6836819084884935
tfidf,1,3,99,fake,367,1,0.9507729064476755,0.9991715208074746
tfidf,1,3,99,fake,371,0,0.4881173105728221,0.6833550930404345
tfidf,1,3,99,fake,380,1,0.7989818312082289,0.9489808571260312
tfidf,1,3,99,fake,383,0,0.32144233585674653,0.09420768383132411
tfidf,1,3,99,fake,393,0,0.22317770371386622,0.041856021377901634
tfidf,1,3,99,fake,395,0,0.43554549888527416,0.47648432826765025
tfidf,1,3,99,fake,397,0,0.29621323749191636,0.2543660691888594
tfidf,1,3,99,fake,425,0,0.756498743846316,0.8472207267821072
tfidf,1,3,99,fake,430,0,0.3943374499322006,0.09560889982028384
tfidf,1,3,99,fake,436,0,0.2170209293819469,0.10839686138332538
tfidf,1,3,99,fake,439,0,0.37393660995494654,0.28617645137696535
tfidf,1,3,99,fake,446,0,0.17461943319053036,0.028573007247062705
tfidf,1,3,99,fake,447,0,0.2708717969493741,0.11588517739311141
tfidf,1,3,99,fake,459,1,0.7877509841233863,0.9006790403373697
tfidf,1,3,99,fake,474,0,0.31953921970082566,0.2072491134307265
tfidf,1,3,99,fake,475,0,0.10778758202423384,0.007704260145512546
tfidf,1,3,99,fake,489,0,0.26012272037198475,0.08494698251557539
tfidf,1,3,99,fake,491,0,0.5285259606686983,0.24633464328833277
tfidf,1,4,99,fake,318,0,0.626533483580817,0.4444672934212935
tfidf,1,4,99,fake,322,0,0.8836810530786431,0.8935169548231622
tfidf,1,4,99,fake,326,0,0.2884684322895459,0.18804759569117105
tfidf,1,4,99,fake,327,0,0.6960132366310376,0.6697521710333711
tfidf,1,4,99,fake,335,1,0.8514423077314794,0.7983773235346732
tfidf,1,4,99,fake,343,0,0.8203117250857097,0.8154212039289455
tfidf,1,4,99,fake,347,1,0.7440887124183112,0.7288356455442413
tfidf,1,4,99,fake,351,1,0.8790910863065889,0.9220758870105417
tfidf,1,4,99,fake,374,0,0.31732219308291776,0.32409341861361907
tfidf,1,4,99,fake,377,1,0.9014495001007212,0.9312075781251581
tfidf,1,4,99,fake,389,1,0.8054736821765386,0.879684522840762
tfidf,1,4,99,fake,414,1,0.7777522720472689,0.6994303295557052
tfidf,1,4,99,fake,415,0,0.07748082609146398,0.06740082957515171
tfidf,1,4,99,fake,419,0,0.02361054208473741,0.01755811503494973
tfidf,1,4,99,fake,445,0,0.2601641505682278,0.26208253997860564
tfidf,1,4,99,fake,448,1,0.3059524738289245,0.2831259558221212
tfidf,1,4,99,fake,449,0,0.19137425008654288,0.1703343038789905
tfidf,1,4,99,fake,455,0,0.055818241852885066,0.05808363466787222
tfidf,1,4,99,fake,458,0,0.23161546533626826,0.25549209144882207
tfidf,1,4,99,fake,463,0,0.0037822539380322094,0.0021479572358322494
tfidf,1,4,99,fake,464,0,0.12718106108162883,0.09486780250658663
tfidf,1,4,99,fake,471,0,0.13204820819052188,0.08078628105036995
tfidf,1,4,99,fake,472,0,0.011620603260060158,0.009062979844526019
tfidf,1,4,99,fake,477,0,0.1997876208244654,0.21481930751543948
tfidf,1,4,99,fake,478,0,0.6486043108964671,0.6764756933887024
tfidf,1,4,99,fake,483,1,0.8377934472694178,0.8205647423671708
tfidf,1,4,99,fake,488,0,0.15304635641295383,0.09853354893638472
tfidf,1,4,99,fake,492,0,0.06097123581095334,0.07201713774047051
tfidf,1,5,99,fake,302,0,0.031520392776231,0.030726943821974696
tfidf,1,5,99,fake,321,1,0.5802069751245974,0.5838428470867457
tfidf,1,5,99,fake,325,1,0.9118078376759203,0.9093881776816478
tfidf,1,5,99,fake,330,1,0.3314052497314764,0.364651722405183
tfidf,1,5,99,fake,333,0,0.8944431276109749,0.8886781629241869
tfidf,1,5,99,fake,336,0,0.3779452510266964,0.34038935700738615
tfidf,1,5,99,fake,340,0,0.18176569122172584,0.17168726906062665
tfidf,1,5,99,fake,341,0,0.2187373970694535,0.20283739144895205
tfidf,1,5,99,fake,348,1,0.8084611943044013,0.7935198448809558
tfidf,1,5,99,fake,350,1,0.8547278573866509,0.8859196500859409
tfidf,1,5,99,fake,360,0,0.7950627363261469,0.7956179064710407
tfidf,1,5,99,fake,368,0,0.32447712107829774,0.30846000472556634
tfidf,1,5,99,fake,370,0,0.06933938810938882,0.0782853244988633
tfidf,1,5,99,fake,385,0,0.1256848740926465,0.12829724208095203
tfidf,1,5,99,fake,388,1,0.852704740833429,0.858507522013373
tfidf,1,5,99,fake,406,0,0.043240743457543335,0.040083503333574945
tfidf,1,5,99,fake,409,1,0.309715952062117,0.3287357774862042
tfidf,1,5,99,fake,417,0,0.11178639607148777,0.08964441539545602
tfidf,1,5,99,fake,418,1,0.9969081537830642,0.9974603563656843
tfidf,1,5,99,fake,428,0,0.3739324978893704,0.3647928871738289
tfidf,1,5,99,fake,429,0,0.07644074478145862,0.08555555189069039
tfidf,1,5,99,fake,434,0,0.039547974194723313,0.03169237527725697
tfidf,1,5,99,fake,437,0,0.053453552268557435,0.04930123610226287
tfidf,1,5,99,fake,441,1,0.8268502487165856,0.8409248476148955
tfidf,1,5,99,fake,444,0,0.08436871085187245,0.08669465843249163
tfidf,1,5,99,fake,456,0,0.01982235135178594,0.018325949987048964
tfidf,1,5,99,fake,468,0,0.0493430119259559,0.039707758396087665
tfidf,1,5,99,fake,485,0,0.015470971704097834,0.013067027893937282
tfidf,1,1,100,fake,319,1,0.7363860919726868,0.8704784748625062
tfidf,1,1,100,fake,331,0,0.5245640250125654,0.6734255134345651
tfidf,1,1,100,fake,345,1,0.8412551316845854,0.922885429157133
tfidf,1,1,100,fake,346,1,0.7002625228833156,0.7711155327140446
tfidf,1,1,100,fake,357,0,0.41753833614108404,0.48856113513077193
tfidf,1,1,100,fake,358,0,0.7733821784443552,0.892221546332814
tfidf,1,1,100,fake,362,1,0.8884763881691173,0.9703706372217185
tfidf,1,1,100,fake,363,0,0.06155921773939673,0.061958161170098024
tfidf,1,1,100,fake,364,0,0.38804801196319666,0.5815005297713588
tfidf,1,1,100,fake,369,0,0.17441011538856707,0.1341875181973773
tfidf,1,1,100,fake,372,1,0.7665503171284705,0.8188469632199613
tfidf,1,1,100,fake,391,0,0.23766716047701147,0.39053252206163
tfidf,1,1,100,fake,400,0,0.7027961215447491,0.7502347489337332
tfidf,1,1,100,fake,402,1,0.9944125548189984,0.9949734538698619
tfidf,1,1,100,fake,403,0,0.03752898484647959,0.026990397676974507
tfidf,1,1,100,fake,404,0,0.09772110553368372,0.18721021827252107
tfidf,1,1,100,fake,413,1,0.7634115971035003,0.8659163179526722
tfidf,1,1,100,fake,416,0,0.07965095824870569,0.07561277979840514
tfidf,1,1,100,fake,420,0,0.27235281687686586,0.20522385941908153
tfidf,1,1,100,fake,423,0,0.8868718349592721,0.9387790850370714
tfidf,1,1,100,fake,426,1,0.990126313584687,0.9947037663990368
tfidf,1,1,100,fake,433,1,0.7651954801927973,0.8157022953984158
tfidf,1,1,100,fake,451,0,0.5230886855727548,0.45756196685950434
tfidf,1,1,100,fake,454,0,0.11467759316452668,0.15697607565168753
tfidf,1,1,100,fake,473,0,0.10759674958103821,0.09992547573378574
tfidf,1,1,100,fake,476,0,0.09557816518827049,0.08163715162185224
tfidf,1,1,100,fake,484,0,0.39675688061632725,0.5128194702568817
tfidf,1,1,100,fake,487,0,0.3226646855539919,0.2905876439570093
tfidf,1,1,100,fake,490,0,0.125874786741868,0.11518800709435655
tfidf,1,2,100,fake,303,0,0.3430964629500931,0.03488912489225949
tfidf,1,2,100,fake,304,0,0.38182631828063135,0.0329018152861146
tfidf,1,2,100,fake,310,0,0.6268996756242523,0.5046394854783929
tfidf,1,2,100,fake,312,0,0.6457152036430581,0.5489444706609585
tfidf,1,2,100,fake,316,0,0.7393121274814484,0.6351541831097353
tfidf,1,2,100,fake,324,0,0.6526584351944389,0.41832711809634227
tfidf,1,2,100,fake,328,0,0.6942873934961851,0.7650555843951089
tfidf,1,2,100,fake,339,1,0.8613922961038571,0.9593722264435652
tfidf,1,2,100,fake,353,1,0.8876470530180861,0.9904788037718467
tfidf,1,2,100,fake,355,1,0.6783283006729496,0.715172753563421
tfidf,1,2,100,fake,366,0,0.1499423251189368,0.012897828765006903
tfidf,1,2,100,fake,375,0,0.1351374913194388,0.005948792443233798
tfidf,1,2,100,fake,376,1,0.8975346092250226,0.9784759523199715
tfidf,1,2,100,fake,379,0,0.3766768489717082,0.4052956818828548
tfidf,1,2,100,fake,381,1,0.7280027289962652,0.9294620834142672
tfidf,1,2,100,fake,382,0,0.30034409348989577,0.2538515051237168
tfidf,1,2,100,fake,386,1,0.4267244309310747,0.5464959585199552
tfidf,1,2,100,fake,390,0,0.8380768537554213,0.9533790586191462
tfidf,1,2,100,fake,392,0,0.2642710565999079,0.11573697694313984
tfidf,1,2,100,fake,401,0,0.5310999482972926,0.580883134677458
tfidf,1,2,100,fake,412,1,0.44759800568812785,0.5943556104002055
tfidf,1,2,100,fake,422,1,0.4666001488513152,0.4248099887961877
tfidf,1,2,100,fake,427,0,0.12708878162894668,0.013675630090167689
tfidf,1,2,100,fake,440,1,0.7544848639748172,0.9496768858653288
tfidf,1,2,100,fake,443,0,0.37156407130711766,0.3587371629080347
tfidf,1,2,100,fake,457,0,0.13813959161335376,0.012936517661481226
tfidf,1,2,100,fake,479,0,0.21391744515452282,0.06490487647843542
tfidf,1,2,100,fake,482,0,0.2458949657596727,0.043524492840278727
tfidf,1,2,100,fake,486,0,0.14415950922514098,0.018704932869913475
tfidf,1,3,100,fake,305,0,0.20278232297883986,0.20739669151525064
tfidf,1,3,100,fake,307,0,0.1441383331260268,0.10092202537293085
tfidf,1,3,100,fake,313,0,0.5056904355782506,0.5205429578008126
tfidf,1,3,100,fake,315,0,0.32258892393285554,0.21097196297662904
tfidf,1,3,100,fake,317,0,0.4079343487706142,0.5080911177391128
tfidf,1,3,100,fake,320,1,0.9320940144021428,0.9516967152760668
tfidf,1,3,100,fake,338,1,0.6588915852346307,0.7775277193677259
tfidf,1,3,100,fake,344,1,0.9268951708034404,0.9438844273569647
tfidf,1,3,100,fake,352,1,0.8124065452368571,0.7032148903995021
tfidf,1,3,100,fake,356,1,0.9022880122428482,0.9217860264313235
tfidf,1,3,100,fake,367,1,0.995504723150304,0.9957385382027418
tfidf,1,3,100,fake,371,0,0.5871399634079039,0.602724843262641
tfidf,1,3,100,fake,380,1,0.5092201589904256,0.4286571873328125
tfidf,1,3,100,fake,383,0,0.263818033767998,0.2428687018620508
tfidf,1,3,100,fake,393,0,0.04741692175612212,0.0498957230821259
tfidf,1,3,100,fake,395,0,0.685881286326723,0.7608293392347483
tfidf,1,3,100,fake,397,0,0.32129621151221843,0.322341915545381
tfidf,1,3,100,fake,425,0,0.5437920373859533,0.5890632890611246
tfidf,1,3,100,fake,430,0,0.03443275692237924,0.03592886522925752
tfidf,1,3,100,fake,436,0,0.024695918932085476,0.021982034769299653
tfidf,1,3,100,fake,439,0,0.4031306257057828,0.40344917530234675
tfidf,1,3,100,fake,446,0,0.05078459533070114,0.053362021203623516
tfidf,1,3,100,fake,447,0,0.34944590540051834,0.34547535578809163
tfidf,1,3,100,fake,459,1,0.952168319397847,0.952133642075389
tfidf,1,3,100,fake,474,0,0.032231204347939545,0.02757288056250253
tfidf,1,3,100,fake,475,0,0.023189058203037384,0.0217646793772977
tfidf,1,3,100,fake,489,0,0.39611597198401893,0.36687163451248334
tfidf,1,3,100,fake,491,0,0.12149551263181049,0.12706570662880204
tfidf,1,4,100,fake,318,0,0.36786324757525835,0.23462520383990107
tfidf,1,4,100,fake,322,0,0.681070376612626,0.7219941384030841
tfidf,1,4,100,fake,326,0,0.5052707095817247,0.37121994681146353
tfidf,1,4,100,fake,327,0,0.5955615375435954,0.5454208281853915
tfidf,1,4,100,fake,335,1,0.9163573703721074,0.8458047164745573
tfidf,1,4,100,fake,343,0,0.7153488695895002,0.7133419517543349
tfidf,1,4,100,fake,347,1,0.28253695718164296,0.3145024747659571
tfidf,1,4,100,fake,351,1,0.8396597642826579,0.8926261766123342
tfidf,1,4,100,fake,374,0,0.30083914978691606,0.2932690381561005
tfidf,1,4,100,fake,377,1,0.9846783882796155,0.9908300724845632
tfidf,1,4,100,fake,389,1,0.24112816848164015,0.34596804396118713
tfidf,1,4,100,fake,414,1,0.7786983705300965,0.6896659710380005
tfidf,1,4,100,fake,415,0,0.06738963649541366,0.05739209452590271
tfidf,1,4,100,fake,419,0,0.013392824988665966,0.00906306541286642
tfidf,1,4,100,fake,445,0,0.08467263185713728,0.09233041980915419
tfidf,1,4,100,fake,448,1,0.6788036935854721,0.6623967011247586
tfidf,1,4,100,fake,449,0,0.2943187904781914,0.25278175755337035
tfidf,1,4,100,fake,455,0,0.04626915200244779,0.042832443731410326
tfidf,1,4,100,fake,458,0,0.11981114895073827,0.13126091450228225
tfidf,1,4,100,fake,463,0,0.019298772861885218,0.01130919039766773
tfidf,1,4,100,fake,464,0,0.04531105263360405,0.037167616828773224
tfidf,1,4,100,fake,471,0,0.06593781472933992,0.04496009611144672
tfidf,1,4,100,fake,472,0,0.036676591413689286,0.03019443056754524
tfidf,1,4,100,fake,477,0,0.4048814401132318,0.4677657589472035
tfidf,1,4,100,fake,478,0,0.4168893765587998,0.46611737983882817
tfidf,1,4,100,fake,483,1,0.8554046339235163,0.8703829329004685
tfidf,1,4,100,fake,488,0,0.19454663864736943,0.14511920230768993
tfidf,1,4,100,fake,492,0,0.10049118346213431,0.11512935712270872
tfidf,1,5,100,fake,302,0,0.35894470015566915,0.35905836711379174
tfidf,1,5,100,fake,321,1,0.7681386644347001,0.7680581568235556
tfidf,1,5,100,fake,325,1,0.9510144387561794,0.9510678116793875
tfidf,1,5,100,fake,330,1,0.9413803030345183,0.9414057026823351
tfidf,1,5,100,fake,333,0,0.4743588034471177,0.4743250193899077
tfidf,1,5,100,fake,336,0,0.966410952647499,0.9664516561098857
tfidf,1,5,100,fake,340,0,0.3413887015534538,0.3415795362859229
tfidf,1,5,100,fake,341,0,0.4166837515538597,0.4166034713829929
tfidf,1,5,100,fake,348,1,0.4582305336109181,0.4583630474231868
tfidf,1,5,100,fake,350,1,0.8534446611406604,0.8531979552150495
tfidf,1,5,100,fake,360,0,0.7178179813682598,0.7177000579588056
tfidf,1,5,100,fake,368,0,0.4337883434568111,0.4337841072834458
tfidf,1,5,100,fake,370,0,0.5318955194398121,0.5318930117179886
tfidf,1,5,100,fake,385,0,0.12370760578503369,0.12357606969889288
tfidf,1,5,100,fake,388,1,0.46566640283359373,0.46534261941573923
tfidf,1,5,100,fake,406,0,0.034423961340297383,0.03440096876850718
tfidf,1,5,100,fake,409,1,0.6676127151043648,0.6676156456619611
tfidf,1,5,100,fake,417,0,0.06242535463484647,0.062468251033430705
tfidf,1,5,100,fake,418,1,0.8722213711994934,0.8719713030720864
tfidf,1,5,100,fake,428,0,0.12232838165426047,0.12229621990178186
tfidf,1,5,100,fake,429,0,0.04915089973314496,0.04907723373620012
tfidf,1,5,100,fake,434,0,0.05450460064664871,0.054563494526939205
tfidf,1,5,100,fake,437,0,0.05218104394064654,0.052206060594722624
tfidf,1,5,100,fake,441,1,0.5090054021121971,0.5089025766041061
tfidf,1,5,100,fake,444,0,0.06034644533935375,0.060388180046817064
tfidf,1,5,100,fake,456,0,0.02042111500604141,0.02042637268931005
tfidf,1,5,100,fake,468,0,0.06728534062543151,0.06738232011143923
tfidf,1,5,100,fake,485,0,0.01588990410498554,0.0159060853992951
tfidf,1,1,0,real,319,1,0.5734732195521978,0.683336793168302
tfidf,1,1,0,real,331,0,0.6596478071944164,0.6772464977794349
tfidf,1,1,0,real,345,1,0.9641964525498106,0.8426821776455333
tfidf,1,1,0,real,346,1,0.9965131512489328,0.9290931167347889
tfidf,1,1,0,real,357,0,0.6279083727885667,0.6369976441332043
tfidf,1,1,0,real,358,0,0.6817420366520213,0.7235899137959113
tfidf,1,1,0,real,362,1,0.6446781845877447,0.7284138001713065
tfidf,1,1,0,real,363,0,0.06792095337042398,0.2702041691454171
tfidf,1,1,0,real,364,0,0.6503500247609972,0.6464509783311001
tfidf,1,1,0,real,369,0,0.12520852660211718,0.33290254968401317
tfidf,1,1,0,real,372,1,0.9415260232820356,0.8190352690031124
tfidf,1,1,0,real,391,0,0.5847867696191875,0.4687292888551546
tfidf,1,1,0,real,400,0,0.5808647853611487,0.5907034455857505
tfidf,1,1,0,real,402,1,0.9809652598206404,0.8410231208984056
tfidf,1,1,0,real,403,0,0.04063764301622203,0.14978428037948902
tfidf,1,1,0,real,404,0,0.2580442532020959,0.3787021862917533
tfidf,1,1,0,real,413,1,0.8025065212548557,0.6840117203309156
tfidf,1,1,0,real,416,0,0.07734322113985129,0.21807916402459818
tfidf,1,1,0,real,420,0,0.25452761401282975,0.3410879748703894
tfidf,1,1,0,real,423,0,0.8720836164219938,0.7243677831968477
tfidf,1,1,0,real,426,1,0.45351575321643045,0.5687028158891608
tfidf,1,1,0,real,433,1,0.27324978202169503,0.2856156898380801
tfidf,1,1,0,real,451,0,0.2697940422706346,0.4777497800312383
tfidf,1,1,0,real,454,0,0.08703332241685716,0.19179574978429106
tfidf,1,1,0,real,473,0,0.03687724451587758,0.140878052474564
tfidf,1,1,0,real,476,0,0.15685581656448133,0.2307822993324195
tfidf,1,1,0,real,484,0,0.28806218059421157,0.4898721134971371
tfidf,1,1,0,real,487,0,0.2795982643221046,0.3820897739860004
tfidf,1,1,0,real,490,0,0.06743557376253673,0.22266863612272172
tfidf,1,2,0,real,303,0,0.045873143080505205,0.34819701806296
tfidf,1,2,0,real,304,0,0.05330052832978511,0.4059270560234948
tfidf,1,2,0,real,310,0,0.6648881012634581,0.6733673210553741
tfidf,1,2,0,real,312,0,0.41083319133257484,0.6018130830982811
tfidf,1,2,0,real,316,0,0.6246623365120217,0.7366785787597444
tfidf,1,2,0,real,324,0,0.5345541080553048,0.663832908824361
tfidf,1,2,0,real,328,0,0.5740256740127463,0.6485993264498044
tfidf,1,2,0,real,339,1,0.829334801636115,0.8055245496414213
tfidf,1,2,0,real,353,1,0.9185363247725749,0.8013421809324118
tfidf,1,2,0,real,355,1,0.6252615557755732,0.6481635426332987
tfidf,1,2,0,real,366,0,0.04694095391130094,0.20418417852786308
tfidf,1,2,0,real,375,0,0.00671960803471351,0.10902631808227776
tfidf,1,2,0,real,376,1,0.9970607889351405,0.9472279616503688
tfidf,1,2,0,real,379,0,0.4242135184493442,0.4187310457575001
tfidf,1,2,0,real,381,1,0.8567960948610375,0.7115276795462692
tfidf,1,2,0,real,382,0,0.2714196267790824,0.32880505238623514
tfidf,1,2,0,real,386,1,0.8009114177787828,0.5276520709051707
tfidf,1,2,0,real,390,0,0.978526947842417,0.8708645087665527
tfidf,1,2,0,real,392,0,0.21935123667311462,0.29407392727653814
tfidf,1,2,0,real,401,0,0.7455507427680983,0.584944218078951
tfidf,1,2,0,real,412,1,0.6596760890537983,0.42706772567032675
tfidf,1,2,0,real,422,1,0.6849516474339239,0.5379484410421816
tfidf,1,2,0,real,427,0,0.011480212482367856,0.12111530297308255
tfidf,1,2,0,real,440,1,0.83577038044381,0.717644838341273
tfidf,1,2,0,real,443,0,0.23789330322884178,0.34552146102900827
tfidf,1,2,0,real,457,0,0.01042738829576028,0.1347311783141185
tfidf,1,2,0,real,479,0,0.02271561555371032,0.15906127200938971
tfidf,1,2,0,real,482,0,0.13906971286143505,0.2845997746841482
tfidf,1,2,0,real,486,0,0.017707640554805875,0.1284745717778734
tfidf,1,3,0,real,305,0,0.6502031701257337,0.47268203348128657
tfidf,1,3,0,real,307,0,0.504800886040236,0.1736466651016352
tfidf,1,3,0,real,313,0,0.5450186756240997,0.41104833061216434
tfidf,1,3,0,real,315,0,0.54039872465041,0.20850960720409295
tfidf,1,3,0,real,317,0,0.637272968500486,0.6817129588156897
tfidf,1,3,0,real,320,1,0.829028386499265,0.9682414420607193
tfidf,1,3,0,real,338,1,0.5839400871269378,0.6890778939853826
tfidf,1,3,0,real,344,1,0.5578582328263456,0.5267990767551259
tfidf,1,3,0,real,352,1,0.6318750426987272,0.581363015379286
tfidf,1,3,0,real,356,1,0.7204037394175199,0.8817595775321315
tfidf,1,3,0,real,367,1,0.9249861492123987,0.9923518600081586
tfidf,1,3,0,real,371,0,0.46741721416441673,0.5253351038307147
tfidf,1,3,0,real,380,1,0.6479221481865879,0.47828108514868783
tfidf,1,3,0,real,383,0,0.322226152517911,0.07006831413545173
tfidf,1,3,0,real,393,0,0.2828309057471993,0.12347293194505882
tfidf,1,3,0,real,395,0,0.4772706250571584,0.6329803914554458
tfidf,1,3,0,real,397,0,0.303628910398826,0.18049686803957207
tfidf,1,3,0,real,425,0,0.7014298811585306,0.6629016101518288
tfidf,1,3,0,real,430,0,0.42199240958224216,0.14784918270562344
tfidf,1,3,0,real,436,0,0.1534827859087442,0.0212768053749238
tfidf,1,3,0,real,439,0,0.37824541941881956,0.32203296427488
tfidf,1,3,0,real,446,0,0.18818179188937978,0.028392708317235456
tfidf,1,3,0,real,447,0,0.3343473425103488,0.21808816744697002
tfidf,1,3,0,real,459,1,0.8124014618142675,0.9137902843845093
tfidf,1,3,0,real,474,0,0.19617488671864697,0.046372037485263654
tfidf,1,3,0,real,475,0,0.14019471927284882,0.028739379762222576
tfidf,1,3,0,real,489,0,0.267393182322499,0.11002823277605767
tfidf,1,3,0,real,491,0,0.4920814942911596,0.1677055544710097
tfidf,1,4,0,real,318,0,0.571849240432681,0.29144650932769467
tfidf,1,4,0,real,322,0,0.6910661173733852,0.629743680058128
tfidf,1,4,0,real,326,0,0.5505369481923292,0.23619966203408346
tfidf,1,4,0,real,327,0,0.7387850274232155,0.7726452368649911
tfidf,1,4,0,real,335,1,0.6349480866124938,0.516904058570619
tfidf,1,4,0,real,343,0,0.7152825285748805,0.7213367684727957
tfidf,1,4,0,real,347,1,0.5315464042925158,0.3615271638000933
tfidf,1,4,0,real,351,1,0.8116982786757694,0.9477841124558944
tfidf,1,4,0,real,374,0,0.5941554675661596,0.17747507444344288
tfidf,1,4,0,real,377,1,0.9137877790467004,0.9961864781707593
tfidf,1,4,0,real,389,1,0.6192002861834479,0.5920960918752705
tfidf,1,4,0,real,414,1,0.634570317407537,0.746175096535074
tfidf,1,4,0,real,415,0,0.26478278420927615,0.1442634980926522
tfidf,1,4,0,real,419,0,0.18680250849408034,0.016830887013220622
tfidf,1,4,0,real,445,0,0.29772682140490725,0.241348183892011
tfidf,1,4,0,real,448,1,0.5547817574434726,0.4551123224802959
tfidf,1,4,0,real,449,0,0.2246632497641084,0.08385618251641663
tfidf,1,4,0,real,455,0,0.2660017871470535,0.12459457941235853
tfidf,1,4,0,real,458,0,0.3908741821906729,0.20733300612329153
tfidf,1,4,0,real,463,0,0.09236675290678589,0.006066073482934218
tfidf,1,4,0,real,464,0,0.24504664327978576,0.17292745571853557
tfidf,1,4,0,real,471,0,0.23226731752896804,0.05499059629632862
tfidf,1,4,0,real,472,0,0.14578265647652153,0.018636341828849247
tfidf,1,4,0,real,477,0,0.5197981759063889,0.5688721973815721
tfidf,1,4,0,real,478,0,0.6735379279303781,0.8790436436816554
tfidf,1,4,0,real,483,1,0.706032436027036,0.7983604833232526
tfidf,1,4,0,real,488,0,0.32228444048048277,0.16800527922066233
tfidf,1,4,0,real,492,0,0.23457054458416887,0.0824201506346848
tfidf,1,5,0,real,302,0,0.0013229283784187286,0.06488022312218224
tfidf,1,5,0,real,321,1,0.8869301076911177,0.860912277362554
tfidf,1,5,0,real,325,1,0.7398663401723933,0.811205635624677
tfidf,1,5,0,real,330,1,0.0409930029580443,0.30155202530074005
tfidf,1,5,0,real,333,0,0.05427360165133516,0.39715376575961303
tfidf,1,5,0,real,336,0,0.9721351882220431,0.8675204537216631
tfidf,1,5,0,real,340,0,0.22449055146698443,0.4308529596471564
tfidf,1,5,0,real,341,0,0.3145296819260028,0.5084394856122604
tfidf,1,5,0,real,348,1,0.8144710052624893,0.7720677954619258
tfidf,1,5,0,real,350,1,0.9869024147798836,0.9109588089941025
tfidf,1,5,0,real,360,0,0.92279863398207,0.7585935518504272
tfidf,1,5,0,real,368,0,0.9833857880354419,0.8409942994604762
tfidf,1,5,0,real,370,0,0.014937351672014806,0.08235800260418571
tfidf,1,5,0,real,385,0,0.09411459168230708,0.16539165091212757
tfidf,1,5,0,real,388,1,0.8495362876467989,0.6937963147971651
tfidf,1,5,0,real,406,0,0.010784176867361555,0.07624383901582431
tfidf,1,5,0,real,409,1,0.061781313643152716,0.26261747445848566
tfidf,1,5,0,real,417,0,0.010593154044797949,0.06401218288076913
tfidf,1,5,0,real,418,1,0.7783693628683439,0.7370367638924078
tfidf,1,5,0,real,428,0,0.029385032014679794,0.13426229644479493
tfidf,1,5,0,real,429,0,0.07241844085703437,0.17495278432098776
tfidf,1,5,0,real,434,0,0.019404730123000813,0.08707978224427966
tfidf,1,5,0,real,437,0,0.006593506628472211,0.06643324238151985
tfidf,1,5,0,real,441,1,0.9998229829906096,0.9840303715716596
tfidf,1,5,0,real,444,0,0.16345632152337317,0.27634233436405503
tfidf,1,5,0,real,456,0,0.004102020479639776,0.03540867606184376
tfidf,1,5,0,real,468,0,0.006393954212918426,0.05788241738835438
tfidf,1,5,0,real,485,0,0.004116049675264236,0.048426414195281056
