condition,repeat,fold,participant_id,label,raw_probability,model_seed,train_ids_sha256,test_ids_sha256
nonsymptom_same_word,1,1,319,1,0.46033142852761244,20260625,e730d1138a995a210216a7f9c12d1405ed6f24fdbade2e3907cb6cabae0e04c1,9bd60b452a99fd3fe74334703b28b6103849534c5da6eecb548faa5f0fcbe342
nonsymptom_same_word,1,1,331,0,0.5101024217834896,20260625,e730d1138a995a210216a7f9c12d1405ed6f24fdbade2e3907cb6cabae0e04c1,9bd60b452a99fd3fe74334703b28b6103849534c5da6eecb548faa5f0fcbe342
nonsymptom_same_word,1,1,345,1,0.5581147771213834,20260625,e730d1138a995a210216a7f9c12d1405ed6f24fdbade2e3907cb6cabae0e04c1,9bd60b452a99fd3fe74334703b28b6103849534c5da6eecb548faa5f0fcbe342
nonsymptom_same_word,1,1,346,1,0.5756545377035479,20260625,e730d1138a995a210216a7f9c12d1405ed6f24fdbade2e3907cb6cabae0e04c1,9bd60b452a99fd3fe74334703b28b6103849534c5da6eecb548faa5f0fcbe342
nonsymptom_same_word,1,1,357,0,0.40738138273300223,20260625,e730d1138a995a210216a7f9c12d1405ed6f24fdbade2e3907cb6cabae0e04c1,9bd60b452a99fd3fe74334703b28b6103849534c5da6eecb548faa5f0fcbe342
nonsymptom_same_word,1,1,358,0,0.46445192095229476,20260625,e730d1138a995a210216a7f9c12d1405ed6f24fdbade2e3907cb6cabae0e04c1,9bd60b452a99fd3fe74334703b28b6103849534c5da6eecb548faa5f0fcbe342
nonsymptom_same_word,1,1,362,1,0.4705053459344069,20260625,e730d1138a995a210216a7f9c12d1405ed6f24fdbade2e3907cb6cabae0e04c1,9bd60b452a99fd3fe74334703b28b6103849534c5da6eecb548faa5f0fcbe342
nonsymptom_same_word,1,1,363,0,0.49845552717983627,20260625,e730d1138a995a210216a7f9c12d1405ed6f24fdbade2e3907cb6cabae0e04c1,9bd60b452a99fd3fe74334703b28b6103849534c5da6eecb548faa5f0fcbe342
nonsymptom_same_word,1,1,364,0,0.4586971845419981,20260625,e730d1138a995a210216a7f9c12d1405ed6f24fdbade2e3907cb6cabae0e04c1,9bd60b452a99fd3fe74334703b28b6103849534c5da6eecb548faa5f0fcbe342
nonsymptom_same_word,1,1,369,0,0.4601346244295799,20260625,e730d1138a995a210216a7f9c12d1405ed6f24fdbade2e3907cb6cabae0e04c1,9bd60b452a99fd3fe74334703b28b6103849534c5da6eecb548faa5f0fcbe342
nonsymptom_same_word,1,1,372,1,0.5225720588919461,20260625,e730d1138a995a210216a7f9c12d1405ed6f24fdbade2e3907cb6cabae0e04c1,9bd60b452a99fd3fe74334703b28b6103849534c5da6eecb548faa5f0fcbe342
nonsymptom_same_word,1,1,391,0,0.4301541400628203,20260625,e730d1138a995a210216a7f9c12d1405ed6f24fdbade2e3907cb6cabae0e04c1,9bd60b452a99fd3fe74334703b28b6103849534c5da6eecb548faa5f0fcbe342
nonsymptom_same_word,1,1,400,0,0.4689272122282743,20260625,e730d1138a995a210216a7f9c12d1405ed6f24fdbade2e3907cb6cabae0e04c1,9bd60b452a99fd3fe74334703b28b6103849534c5da6eecb548faa5f0fcbe342
nonsymptom_same_word,1,1,402,1,0.46312308664272067,20260625,e730d1138a995a210216a7f9c12d1405ed6f24fdbade2e3907cb6cabae0e04c1,9bd60b452a99fd3fe74334703b28b6103849534c5da6eecb548faa5f0fcbe342
nonsymptom_same_word,1,1,403,0,0.45718817830658326,20260625,e730d1138a995a210216a7f9c12d1405ed6f24fdbade2e3907cb6cabae0e04c1,9bd60b452a99fd3fe74334703b28b6103849534c5da6eecb548faa5f0fcbe342
nonsymptom_same_word,1,1,404,0,0.5009565101354045,20260625,e730d1138a995a210216a7f9c12d1405ed6f24fdbade2e3907cb6cabae0e04c1,9bd60b452a99fd3fe74334703b28b6103849534c5da6eecb548faa5f0fcbe342
nonsymptom_same_word,1,1,413,1,0.5316302827351288,20260625,e730d1138a995a210216a7f9c12d1405ed6f24fdbade2e3907cb6cabae0e04c1,9bd60b452a99fd3fe74334703b28b6103849534c5da6eecb548faa5f0fcbe342
nonsymptom_same_word,1,1,416,0,0.5031361241671873,20260625,e730d1138a995a210216a7f9c12d1405ed6f24fdbade2e3907cb6cabae0e04c1,9bd60b452a99fd3fe74334703b28b6103849534c5da6eecb548faa5f0fcbe342
nonsymptom_same_word,1,1,420,0,0.4505438366880713,20260625,e730d1138a995a210216a7f9c12d1405ed6f24fdbade2e3907cb6cabae0e04c1,9bd60b452a99fd3fe74334703b28b6103849534c5da6eecb548faa5f0fcbe342
nonsymptom_same_word,1,1,423,0,0.4515023347523178,20260625,e730d1138a995a210216a7f9c12d1405ed6f24fdbade2e3907cb6cabae0e04c1,9bd60b452a99fd3fe74334703b28b6103849534c5da6eecb548faa5f0fcbe342
nonsymptom_same_word,1,1,426,1,0.49429295194882206,20260625,e730d1138a995a210216a7f9c12d1405ed6f24fdbade2e3907cb6cabae0e04c1,9bd60b452a99fd3fe74334703b28b6103849534c5da6eecb548faa5f0fcbe342
nonsymptom_same_word,1,1,433,1,0.5126543122827919,20260625,e730d1138a995a210216a7f9c12d1405ed6f24fdbade2e3907cb6cabae0e04c1,9bd60b452a99fd3fe74334703b28b6103849534c5da6eecb548faa5f0fcbe342
nonsymptom_same_word,1,1,451,0,0.5600421395116474,20260625,e730d1138a995a210216a7f9c12d1405ed6f24fdbade2e3907cb6cabae0e04c1,9bd60b452a99fd3fe74334703b28b6103849534c5da6eecb548faa5f0fcbe342
nonsymptom_same_word,1,1,454,0,0.45116162014231825,20260625,e730d1138a995a210216a7f9c12d1405ed6f24fdbade2e3907cb6cabae0e04c1,9bd60b452a99fd3fe74334703b28b6103849534c5da6eecb548faa5f0fcbe342
nonsymptom_same_word,1,1,473,0,0.5062271633867594,20260625,e730d1138a995a210216a7f9c12d1405ed6f24fdbade2e3907cb6cabae0e04c1,9bd60b452a99fd3fe74334703b28b6103849534c5da6eecb548faa5f0fcbe342
nonsymptom_same_word,1,1,476,0,0.44036657759721365,20260625,e730d1138a995a210216a7f9c12d1405ed6f24fdbade2e3907cb6cabae0e04c1,9bd60b452a99fd3fe74334703b28b6103849534c5da6eecb548faa5f0fcbe342
nonsymptom_same_word,1,1,484,0,0.5166170147104157,20260625,e730d1138a995a210216a7f9c12d1405ed6f24fdbade2e3907cb6cabae0e04c1,9bd60b452a99fd3fe74334703b28b6103849534c5da6eecb548faa5f0fcbe342
nonsymptom_same_word,1,1,487,0,0.5014352556297164,20260625,e730d1138a995a210216a7f9c12d1405ed6f24fdbade2e3907cb6cabae0e04c1,9bd60b452a99fd3fe74334703b28b6103849534c5da6eecb548faa5f0fcbe342
nonsymptom_same_word,1,1,490,0,0.450985760403863,20260625,e730d1138a995a210216a7f9c12d1405ed6f24fdbade2e3907cb6cabae0e04c1,9bd60b452a99fd3fe74334703b28b6103849534c5da6eecb548faa5f0fcbe342
nonsymptom_same_word,1,2,303,0,0.4718019221616985,20260625,915c6e8ad24faf499277f1d94c24da85f7a75dcc1bc619fcc79e03708fae1185,bedf43dd0f7573adea1654fa2c4d66a65f9e7f2031012d1ce4c250f8278ff66a
nonsymptom_same_word,1,2,304,0,0.41764033403093964,20260625,915c6e8ad24faf499277f1d94c24da85f7a75dcc1bc619fcc79e03708fae1185,bedf43dd0f7573adea1654fa2c4d66a65f9e7f2031012d1ce4c250f8278ff66a
nonsymptom_same_word,1,2,310,0,0.462074860576237,20260625,915c6e8ad24faf499277f1d94c24da85f7a75dcc1bc619fcc79e03708fae1185,bedf43dd0f7573adea1654fa2c4d66a65f9e7f2031012d1ce4c250f8278ff66a
nonsymptom_same_word,1,2,312,0,0.45091533020884333,20260625,915c6e8ad24faf499277f1d94c24da85f7a75dcc1bc619fcc79e03708fae1185,bedf43dd0f7573adea1654fa2c4d66a65f9e7f2031012d1ce4c250f8278ff66a
nonsymptom_same_word,1,2,316,0,0.49075559245933964,20260625,915c6e8ad24faf499277f1d94c24da85f7a75dcc1bc619fcc79e03708fae1185,bedf43dd0f7573adea1654fa2c4d66a65f9e7f2031012d1ce4c250f8278ff66a
nonsymptom_same_word,1,2,324,0,0.5023420811283209,20260625,915c6e8ad24faf499277f1d94c24da85f7a75dcc1bc619fcc79e03708fae1185,bedf43dd0f7573adea1654fa2c4d66a65f9e7f2031012d1ce4c250f8278ff66a
nonsymptom_same_word,1,2,328,0,0.4409783823527317,20260625,915c6e8ad24faf499277f1d94c24da85f7a75dcc1bc619fcc79e03708fae1185,bedf43dd0f7573adea1654fa2c4d66a65f9e7f2031012d1ce4c250f8278ff66a
nonsymptom_same_word,1,2,339,1,0.49559778581898467,20260625,915c6e8ad24faf499277f1d94c24da85f7a75dcc1bc619fcc79e03708fae1185,bedf43dd0f7573adea1654fa2c4d66a65f9e7f2031012d1ce4c250f8278ff66a
nonsymptom_same_word,1,2,353,1,0.4874277702306613,20260625,915c6e8ad24faf499277f1d94c24da85f7a75dcc1bc619fcc79e03708fae1185,bedf43dd0f7573adea1654fa2c4d66a65f9e7f2031012d1ce4c250f8278ff66a
nonsymptom_same_word,1,2,355,1,0.4420235048321813,20260625,915c6e8ad24faf499277f1d94c24da85f7a75dcc1bc619fcc79e03708fae1185,bedf43dd0f7573adea1654fa2c4d66a65f9e7f2031012d1ce4c250f8278ff66a
nonsymptom_same_word,1,2,366,0,0.46402205460403906,20260625,915c6e8ad24faf499277f1d94c24da85f7a75dcc1bc619fcc79e03708fae1185,bedf43dd0f7573adea1654fa2c4d66a65f9e7f2031012d1ce4c250f8278ff66a
nonsymptom_same_word,1,2,375,0,0.45580640111416576,20260625,915c6e8ad24faf499277f1d94c24da85f7a75dcc1bc619fcc79e03708fae1185,bedf43dd0f7573adea1654fa2c4d66a65f9e7f2031012d1ce4c250f8278ff66a
nonsymptom_same_word,1,2,376,1,0.5225740183587875,20260625,915c6e8ad24faf499277f1d94c24da85f7a75dcc1bc619fcc79e03708fae1185,bedf43dd0f7573adea1654fa2c4d66a65f9e7f2031012d1ce4c250f8278ff66a
nonsymptom_same_word,1,2,379,0,0.46310277243615616,20260625,915c6e8ad24faf499277f1d94c24da85f7a75dcc1bc619fcc79e03708fae1185,bedf43dd0f7573adea1654fa2c4d66a65f9e7f2031012d1ce4c250f8278ff66a
nonsymptom_same_word,1,2,381,1,0.5397728368986628,20260625,915c6e8ad24faf499277f1d94c24da85f7a75dcc1bc619fcc79e03708fae1185,bedf43dd0f7573adea1654fa2c4d66a65f9e7f2031012d1ce4c250f8278ff66a
nonsymptom_same_word,1,2,382,0,0.45444014503139446,20260625,915c6e8ad24faf499277f1d94c24da85f7a75dcc1bc619fcc79e03708fae1185,bedf43dd0f7573adea1654fa2c4d66a65f9e7f2031012d1ce4c250f8278ff66a
nonsymptom_same_word,1,2,386,1,0.5116517880857896,20260625,915c6e8ad24faf499277f1d94c24da85f7a75dcc1bc619fcc79e03708fae1185,bedf43dd0f7573adea1654fa2c4d66a65f9e7f2031012d1ce4c250f8278ff66a
nonsymptom_same_word,1,2,390,0,0.5084556570514103,20260625,915c6e8ad24faf499277f1d94c24da85f7a75dcc1bc619fcc79e03708fae1185,bedf43dd0f7573adea1654fa2c4d66a65f9e7f2031012d1ce4c250f8278ff66a
nonsymptom_same_word,1,2,392,0,0.4113935599343902,20260625,915c6e8ad24faf499277f1d94c24da85f7a75dcc1bc619fcc79e03708fae1185,bedf43dd0f7573adea1654fa2c4d66a65f9e7f2031012d1ce4c250f8278ff66a
nonsymptom_same_word,1,2,401,0,0.4830671071441364,20260625,915c6e8ad24faf499277f1d94c24da85f7a75dcc1bc619fcc79e03708fae1185,bedf43dd0f7573adea1654fa2c4d66a65f9e7f2031012d1ce4c250f8278ff66a
nonsymptom_same_word,1,2,412,1,0.42509346155405986,20260625,915c6e8ad24faf499277f1d94c24da85f7a75dcc1bc619fcc79e03708fae1185,bedf43dd0f7573adea1654fa2c4d66a65f9e7f2031012d1ce4c250f8278ff66a
nonsymptom_same_word,1,2,422,1,0.49504240811265376,20260625,915c6e8ad24faf499277f1d94c24da85f7a75dcc1bc619fcc79e03708fae1185,bedf43dd0f7573adea1654fa2c4d66a65f9e7f2031012d1ce4c250f8278ff66a
nonsymptom_same_word,1,2,427,0,0.4395938190307487,20260625,915c6e8ad24faf499277f1d94c24da85f7a75dcc1bc619fcc79e03708fae1185,bedf43dd0f7573adea1654fa2c4d66a65f9e7f2031012d1ce4c250f8278ff66a
nonsymptom_same_word,1,2,440,1,0.46906159635175976,20260625,915c6e8ad24faf499277f1d94c24da85f7a75dcc1bc619fcc79e03708fae1185,bedf43dd0f7573adea1654fa2c4d66a65f9e7f2031012d1ce4c250f8278ff66a
nonsymptom_same_word,1,2,443,0,0.4013009378216253,20260625,915c6e8ad24faf499277f1d94c24da85f7a75dcc1bc619fcc79e03708fae1185,bedf43dd0f7573adea1654fa2c4d66a65f9e7f2031012d1ce4c250f8278ff66a
nonsymptom_same_word,1,2,457,0,0.4727131305826058,20260625,915c6e8ad24faf499277f1d94c24da85f7a75dcc1bc619fcc79e03708fae1185,bedf43dd0f7573adea1654fa2c4d66a65f9e7f2031012d1ce4c250f8278ff66a
nonsymptom_same_word,1,2,479,0,0.41241728312274784,20260625,915c6e8ad24faf499277f1d94c24da85f7a75dcc1bc619fcc79e03708fae1185,bedf43dd0f7573adea1654fa2c4d66a65f9e7f2031012d1ce4c250f8278ff66a
nonsymptom_same_word,1,2,482,0,0.49560447498959687,20260625,915c6e8ad24faf499277f1d94c24da85f7a75dcc1bc619fcc79e03708fae1185,bedf43dd0f7573adea1654fa2c4d66a65f9e7f2031012d1ce4c250f8278ff66a
nonsymptom_same_word,1,2,486,0,0.4379847415606068,20260625,915c6e8ad24faf499277f1d94c24da85f7a75dcc1bc619fcc79e03708fae1185,bedf43dd0f7573adea1654fa2c4d66a65f9e7f2031012d1ce4c250f8278ff66a
nonsymptom_same_word,1,3,305,0,0.4812023022210037,20260625,40b11b1f2b69a58a40ae07cd201d72fd8e439c6f413eaec59ff4ebf9bb08182e,8c20b147f3f5fff0bbf7e8418b6b76ddaeff21201831dda7e2fd9e3606e39d22
nonsymptom_same_word,1,3,307,0,0.4648128907550567,20260625,40b11b1f2b69a58a40ae07cd201d72fd8e439c6f413eaec59ff4ebf9bb08182e,8c20b147f3f5fff0bbf7e8418b6b76ddaeff21201831dda7e2fd9e3606e39d22
nonsymptom_same_word,1,3,313,0,0.41975641173081185,20260625,40b11b1f2b69a58a40ae07cd201d72fd8e439c6f413eaec59ff4ebf9bb08182e,8c20b147f3f5fff0bbf7e8418b6b76ddaeff21201831dda7e2fd9e3606e39d22
nonsymptom_same_word,1,3,315,0,0.4849463069882656,20260625,40b11b1f2b69a58a40ae07cd201d72fd8e439c6f413eaec59ff4ebf9bb08182e,8c20b147f3f5fff0bbf7e8418b6b76ddaeff21201831dda7e2fd9e3606e39d22
nonsymptom_same_word,1,3,317,0,0.3947487418909799,20260625,40b11b1f2b69a58a40ae07cd201d72fd8e439c6f413eaec59ff4ebf9bb08182e,8c20b147f3f5fff0bbf7e8418b6b76ddaeff21201831dda7e2fd9e3606e39d22
nonsymptom_same_word,1,3,320,1,0.4553203028007983,20260625,40b11b1f2b69a58a40ae07cd201d72fd8e439c6f413eaec59ff4ebf9bb08182e,8c20b147f3f5fff0bbf7e8418b6b76ddaeff21201831dda7e2fd9e3606e39d22
nonsymptom_same_word,1,3,338,1,0.46515451867016117,20260625,40b11b1f2b69a58a40ae07cd201d72fd8e439c6f413eaec59ff4ebf9bb08182e,8c20b147f3f5fff0bbf7e8418b6b76ddaeff21201831dda7e2fd9e3606e39d22
nonsymptom_same_word,1,3,344,1,0.5229137549111518,20260625,40b11b1f2b69a58a40ae07cd201d72fd8e439c6f413eaec59ff4ebf9bb08182e,8c20b147f3f5fff0bbf7e8418b6b76ddaeff21201831dda7e2fd9e3606e39d22
nonsymptom_same_word,1,3,352,1,0.5300424384303312,20260625,40b11b1f2b69a58a40ae07cd201d72fd8e439c6f413eaec59ff4ebf9bb08182e,8c20b147f3f5fff0bbf7e8418b6b76ddaeff21201831dda7e2fd9e3606e39d22
nonsymptom_same_word,1,3,356,1,0.5015349953833728,20260625,40b11b1f2b69a58a40ae07cd201d72fd8e439c6f413eaec59ff4ebf9bb08182e,8c20b147f3f5fff0bbf7e8418b6b76ddaeff21201831dda7e2fd9e3606e39d22
nonsymptom_same_word,1,3,367,1,0.5216166630036372,20260625,40b11b1f2b69a58a40ae07cd201d72fd8e439c6f413eaec59ff4ebf9bb08182e,8c20b147f3f5fff0bbf7e8418b6b76ddaeff21201831dda7e2fd9e3606e39d22
nonsymptom_same_word,1,3,371,0,0.42388997706360626,20260625,40b11b1f2b69a58a40ae07cd201d72fd8e439c6f413eaec59ff4ebf9bb08182e,8c20b147f3f5fff0bbf7e8418b6b76ddaeff21201831dda7e2fd9e3606e39d22
nonsymptom_same_word,1,3,380,1,0.4780876896580501,20260625,40b11b1f2b69a58a40ae07cd201d72fd8e439c6f413eaec59ff4ebf9bb08182e,8c20b147f3f5fff0bbf7e8418b6b76ddaeff21201831dda7e2fd9e3606e39d22
nonsymptom_same_word,1,3,383,0,0.42589305681705686,20260625,40b11b1f2b69a58a40ae07cd201d72fd8e439c6f413eaec59ff4ebf9bb08182e,8c20b147f3f5fff0bbf7e8418b6b76ddaeff21201831dda7e2fd9e3606e39d22
nonsymptom_same_word,1,3,393,0,0.3944409265680229,20260625,40b11b1f2b69a58a40ae07cd201d72fd8e439c6f413eaec59ff4ebf9bb08182e,8c20b147f3f5fff0bbf7e8418b6b76ddaeff21201831dda7e2fd9e3606e39d22
nonsymptom_same_word,1,3,395,0,0.47255348597516644,20260625,40b11b1f2b69a58a40ae07cd201d72fd8e439c6f413eaec59ff4ebf9bb08182e,8c20b147f3f5fff0bbf7e8418b6b76ddaeff21201831dda7e2fd9e3606e39d22
nonsymptom_same_word,1,3,397,0,0.44387094436939867,20260625,40b11b1f2b69a58a40ae07cd201d72fd8e439c6f413eaec59ff4ebf9bb08182e,8c20b147f3f5fff0bbf7e8418b6b76ddaeff21201831dda7e2fd9e3606e39d22
nonsymptom_same_word,1,3,425,0,0.48108226565200446,20260625,40b11b1f2b69a58a40ae07cd201d72fd8e439c6f413eaec59ff4ebf9bb08182e,8c20b147f3f5fff0bbf7e8418b6b76ddaeff21201831dda7e2fd9e3606e39d22
nonsymptom_same_word,1,3,430,0,0.4626677590427724,20260625,40b11b1f2b69a58a40ae07cd201d72fd8e439c6f413eaec59ff4ebf9bb08182e,8c20b147f3f5fff0bbf7e8418b6b76ddaeff21201831dda7e2fd9e3606e39d22
nonsymptom_same_word,1,3,436,0,0.43314654884529524,20260625,40b11b1f2b69a58a40ae07cd201d72fd8e439c6f413eaec59ff4ebf9bb08182e,8c20b147f3f5fff0bbf7e8418b6b76ddaeff21201831dda7e2fd9e3606e39d22
nonsymptom_same_word,1,3,439,0,0.4285499693366186,20260625,40b11b1f2b69a58a40ae07cd201d72fd8e439c6f413eaec59ff4ebf9bb08182e,8c20b147f3f5fff0bbf7e8418b6b76ddaeff21201831dda7e2fd9e3606e39d22
nonsymptom_same_word,1,3,446,0,0.47006871334913836,20260625,40b11b1f2b69a58a40ae07cd201d72fd8e439c6f413eaec59ff4ebf9bb08182e,8c20b147f3f5fff0bbf7e8418b6b76ddaeff21201831dda7e2fd9e3606e39d22
nonsymptom_same_word,1,3,447,0,0.5260486206534112,20260625,40b11b1f2b69a58a40ae07cd201d72fd8e439c6f413eaec59ff4ebf9bb08182e,8c20b147f3f5fff0bbf7e8418b6b76ddaeff21201831dda7e2fd9e3606e39d22
nonsymptom_same_word,1,3,459,1,0.49182776752262525,20260625,40b11b1f2b69a58a40ae07cd201d72fd8e439c6f413eaec59ff4ebf9bb08182e,8c20b147f3f5fff0bbf7e8418b6b76ddaeff21201831dda7e2fd9e3606e39d22
nonsymptom_same_word,1,3,474,0,0.4808373795457983,20260625,40b11b1f2b69a58a40ae07cd201d72fd8e439c6f413eaec59ff4ebf9bb08182e,8c20b147f3f5fff0bbf7e8418b6b76ddaeff21201831dda7e2fd9e3606e39d22
nonsymptom_same_word,1,3,475,0,0.46245932067029927,20260625,40b11b1f2b69a58a40ae07cd201d72fd8e439c6f413eaec59ff4ebf9bb08182e,8c20b147f3f5fff0bbf7e8418b6b76ddaeff21201831dda7e2fd9e3606e39d22
nonsymptom_same_word,1,3,489,0,0.4384766392846673,20260625,40b11b1f2b69a58a40ae07cd201d72fd8e439c6f413eaec59ff4ebf9bb08182e,8c20b147f3f5fff0bbf7e8418b6b76ddaeff21201831dda7e2fd9e3606e39d22
nonsymptom_same_word,1,3,491,0,0.4513235221669204,20260625,40b11b1f2b69a58a40ae07cd201d72fd8e439c6f413eaec59ff4ebf9bb08182e,8c20b147f3f5fff0bbf7e8418b6b76ddaeff21201831dda7e2fd9e3606e39d22
nonsymptom_same_word,1,4,318,0,0.3867674259219778,20260625,661aecd0428a842ecabaa96046e595de0bea3503f47a77e56c1b6faabd8f50ec,20f3f098ee7a0655ecaf9d880b4c2181ce0aecce0329183790c4ba2d065ee744
nonsymptom_same_word,1,4,322,0,0.4784787413592847,20260625,661aecd0428a842ecabaa96046e595de0bea3503f47a77e56c1b6faabd8f50ec,20f3f098ee7a0655ecaf9d880b4c2181ce0aecce0329183790c4ba2d065ee744
nonsymptom_same_word,1,4,326,0,0.4036687888437663,20260625,661aecd0428a842ecabaa96046e595de0bea3503f47a77e56c1b6faabd8f50ec,20f3f098ee7a0655ecaf9d880b4c2181ce0aecce0329183790c4ba2d065ee744
nonsymptom_same_word,1,4,327,0,0.4704657483113471,20260625,661aecd0428a842ecabaa96046e595de0bea3503f47a77e56c1b6faabd8f50ec,20f3f098ee7a0655ecaf9d880b4c2181ce0aecce0329183790c4ba2d065ee744
nonsymptom_same_word,1,4,335,1,0.5107310948274649,20260625,661aecd0428a842ecabaa96046e595de0bea3503f47a77e56c1b6faabd8f50ec,20f3f098ee7a0655ecaf9d880b4c2181ce0aecce0329183790c4ba2d065ee744
nonsymptom_same_word,1,4,343,0,0.4756012041776809,20260625,661aecd0428a842ecabaa96046e595de0bea3503f47a77e56c1b6faabd8f50ec,20f3f098ee7a0655ecaf9d880b4c2181ce0aecce0329183790c4ba2d065ee744
nonsymptom_same_word,1,4,347,1,0.45813433405721815,20260625,661aecd0428a842ecabaa96046e595de0bea3503f47a77e56c1b6faabd8f50ec,20f3f098ee7a0655ecaf9d880b4c2181ce0aecce0329183790c4ba2d065ee744
nonsymptom_same_word,1,4,351,1,0.543097457958137,20260625,661aecd0428a842ecabaa96046e595de0bea3503f47a77e56c1b6faabd8f50ec,20f3f098ee7a0655ecaf9d880b4c2181ce0aecce0329183790c4ba2d065ee744
nonsymptom_same_word,1,4,374,0,0.4738771108683082,20260625,661aecd0428a842ecabaa96046e595de0bea3503f47a77e56c1b6faabd8f50ec,20f3f098ee7a0655ecaf9d880b4c2181ce0aecce0329183790c4ba2d065ee744
nonsymptom_same_word,1,4,377,1,0.5156116963398124,20260625,661aecd0428a842ecabaa96046e595de0bea3503f47a77e56c1b6faabd8f50ec,20f3f098ee7a0655ecaf9d880b4c2181ce0aecce0329183790c4ba2d065ee744
nonsymptom_same_word,1,4,389,1,0.45055416524658226,20260625,661aecd0428a842ecabaa96046e595de0bea3503f47a77e56c1b6faabd8f50ec,20f3f098ee7a0655ecaf9d880b4c2181ce0aecce0329183790c4ba2d065ee744
nonsymptom_same_word,1,4,414,1,0.4796866741899279,20260625,661aecd0428a842ecabaa96046e595de0bea3503f47a77e56c1b6faabd8f50ec,20f3f098ee7a0655ecaf9d880b4c2181ce0aecce0329183790c4ba2d065ee744
nonsymptom_same_word,1,4,415,0,0.470301846237212,20260625,661aecd0428a842ecabaa96046e595de0bea3503f47a77e56c1b6faabd8f50ec,20f3f098ee7a0655ecaf9d880b4c2181ce0aecce0329183790c4ba2d065ee744
nonsymptom_same_word,1,4,419,0,0.4594444370934548,20260625,661aecd0428a842ecabaa96046e595de0bea3503f47a77e56c1b6faabd8f50ec,20f3f098ee7a0655ecaf9d880b4c2181ce0aecce0329183790c4ba2d065ee744
nonsymptom_same_word,1,4,445,0,0.49192966321338216,20260625,661aecd0428a842ecabaa96046e595de0bea3503f47a77e56c1b6faabd8f50ec,20f3f098ee7a0655ecaf9d880b4c2181ce0aecce0329183790c4ba2d065ee744
nonsymptom_same_word,1,4,448,1,0.500281290461539,20260625,661aecd0428a842ecabaa96046e595de0bea3503f47a77e56c1b6faabd8f50ec,20f3f098ee7a0655ecaf9d880b4c2181ce0aecce0329183790c4ba2d065ee744
nonsymptom_same_word,1,4,449,0,0.48966059092658815,20260625,661aecd0428a842ecabaa96046e595de0bea3503f47a77e56c1b6faabd8f50ec,20f3f098ee7a0655ecaf9d880b4c2181ce0aecce0329183790c4ba2d065ee744
nonsymptom_same_word,1,4,455,0,0.4950259090489067,20260625,661aecd0428a842ecabaa96046e595de0bea3503f47a77e56c1b6faabd8f50ec,20f3f098ee7a0655ecaf9d880b4c2181ce0aecce0329183790c4ba2d065ee744
nonsymptom_same_word,1,4,458,0,0.45893360887329737,20260625,661aecd0428a842ecabaa96046e595de0bea3503f47a77e56c1b6faabd8f50ec,20f3f098ee7a0655ecaf9d880b4c2181ce0aecce0329183790c4ba2d065ee744
nonsymptom_same_word,1,4,463,0,0.45975204664149516,20260625,661aecd0428a842ecabaa96046e595de0bea3503f47a77e56c1b6faabd8f50ec,20f3f098ee7a0655ecaf9d880b4c2181ce0aecce0329183790c4ba2d065ee744
nonsymptom_same_word,1,4,464,0,0.49394016825195874,20260625,661aecd0428a842ecabaa96046e595de0bea3503f47a77e56c1b6faabd8f50ec,20f3f098ee7a0655ecaf9d880b4c2181ce0aecce0329183790c4ba2d065ee744
nonsymptom_same_word,1,4,471,0,0.46756075438660716,20260625,661aecd0428a842ecabaa96046e595de0bea3503f47a77e56c1b6faabd8f50ec,20f3f098ee7a0655ecaf9d880b4c2181ce0aecce0329183790c4ba2d065ee744
nonsymptom_same_word,1,4,472,0,0.5141125859836807,20260625,661aecd0428a842ecabaa96046e595de0bea3503f47a77e56c1b6faabd8f50ec,20f3f098ee7a0655ecaf9d880b4c2181ce0aecce0329183790c4ba2d065ee744
nonsymptom_same_word,1,4,477,0,0.5424214311283868,20260625,661aecd0428a842ecabaa96046e595de0bea3503f47a77e56c1b6faabd8f50ec,20f3f098ee7a0655ecaf9d880b4c2181ce0aecce0329183790c4ba2d065ee744
nonsymptom_same_word,1,4,478,0,0.4984713668176439,20260625,661aecd0428a842ecabaa96046e595de0bea3503f47a77e56c1b6faabd8f50ec,20f3f098ee7a0655ecaf9d880b4c2181ce0aecce0329183790c4ba2d065ee744
nonsymptom_same_word,1,4,483,1,0.5076692624535771,20260625,661aecd0428a842ecabaa96046e595de0bea3503f47a77e56c1b6faabd8f50ec,20f3f098ee7a0655ecaf9d880b4c2181ce0aecce0329183790c4ba2d065ee744
nonsymptom_same_word,1,4,488,0,0.48059192065757406,20260625,661aecd0428a842ecabaa96046e595de0bea3503f47a77e56c1b6faabd8f50ec,20f3f098ee7a0655ecaf9d880b4c2181ce0aecce0329183790c4ba2d065ee744
nonsymptom_same_word,1,4,492,0,0.42431323665896703,20260625,661aecd0428a842ecabaa96046e595de0bea3503f47a77e56c1b6faabd8f50ec,20f3f098ee7a0655ecaf9d880b4c2181ce0aecce0329183790c4ba2d065ee744
nonsymptom_same_word,1,5,302,0,0.49043632605155607,20260625,a4bf959d120841b8c2c73bac3c5ff2e4eb6b5d77f5e322654a438bec05c2c92e,981d18d88e3ee43ec34f182c66366e389688cd978cfc412aef8239e5872f5573
nonsymptom_same_word,1,5,321,1,0.5218914302615184,20260625,a4bf959d120841b8c2c73bac3c5ff2e4eb6b5d77f5e322654a438bec05c2c92e,981d18d88e3ee43ec34f182c66366e389688cd978cfc412aef8239e5872f5573
nonsymptom_same_word,1,5,325,1,0.5643006535105664,20260625,a4bf959d120841b8c2c73bac3c5ff2e4eb6b5d77f5e322654a438bec05c2c92e,981d18d88e3ee43ec34f182c66366e389688cd978cfc412aef8239e5872f5573
nonsymptom_same_word,1,5,330,1,0.43399579889812734,20260625,a4bf959d120841b8c2c73bac3c5ff2e4eb6b5d77f5e322654a438bec05c2c92e,981d18d88e3ee43ec34f182c66366e389688cd978cfc412aef8239e5872f5573
nonsymptom_same_word,1,5,333,0,0.4805264320928532,20260625,a4bf959d120841b8c2c73bac3c5ff2e4eb6b5d77f5e322654a438bec05c2c92e,981d18d88e3ee43ec34f182c66366e389688cd978cfc412aef8239e5872f5573
nonsymptom_same_word,1,5,336,0,0.47103579772915244,20260625,a4bf959d120841b8c2c73bac3c5ff2e4eb6b5d77f5e322654a438bec05c2c92e,981d18d88e3ee43ec34f182c66366e389688cd978cfc412aef8239e5872f5573
nonsymptom_same_word,1,5,340,0,0.4259558153416561,20260625,a4bf959d120841b8c2c73bac3c5ff2e4eb6b5d77f5e322654a438bec05c2c92e,981d18d88e3ee43ec34f182c66366e389688cd978cfc412aef8239e5872f5573
nonsymptom_same_word,1,5,341,0,0.48989936629884,20260625,a4bf959d120841b8c2c73bac3c5ff2e4eb6b5d77f5e322654a438bec05c2c92e,981d18d88e3ee43ec34f182c66366e389688cd978cfc412aef8239e5872f5573
nonsymptom_same_word,1,5,348,1,0.4611886882351524,20260625,a4bf959d120841b8c2c73bac3c5ff2e4eb6b5d77f5e322654a438bec05c2c92e,981d18d88e3ee43ec34f182c66366e389688cd978cfc412aef8239e5872f5573
nonsymptom_same_word,1,5,350,1,0.5019345910727507,20260625,a4bf959d120841b8c2c73bac3c5ff2e4eb6b5d77f5e322654a438bec05c2c92e,981d18d88e3ee43ec34f182c66366e389688cd978cfc412aef8239e5872f5573
nonsymptom_same_word,1,5,360,0,0.4906031976180039,20260625,a4bf959d120841b8c2c73bac3c5ff2e4eb6b5d77f5e322654a438bec05c2c92e,981d18d88e3ee43ec34f182c66366e389688cd978cfc412aef8239e5872f5573
nonsymptom_same_word,1,5,368,0,0.532173575423443,20260625,a4bf959d120841b8c2c73bac3c5ff2e4eb6b5d77f5e322654a438bec05c2c92e,981d18d88e3ee43ec34f182c66366e389688cd978cfc412aef8239e5872f5573
nonsymptom_same_word,1,5,370,0,0.481642745028173,20260625,a4bf959d120841b8c2c73bac3c5ff2e4eb6b5d77f5e322654a438bec05c2c92e,981d18d88e3ee43ec34f182c66366e389688cd978cfc412aef8239e5872f5573
nonsymptom_same_word,1,5,385,0,0.37326508549373266,20260625,a4bf959d120841b8c2c73bac3c5ff2e4eb6b5d77f5e322654a438bec05c2c92e,981d18d88e3ee43ec34f182c66366e389688cd978cfc412aef8239e5872f5573
nonsymptom_same_word,1,5,388,1,0.5166113233636157,20260625,a4bf959d120841b8c2c73bac3c5ff2e4eb6b5d77f5e322654a438bec05c2c92e,981d18d88e3ee43ec34f182c66366e389688cd978cfc412aef8239e5872f5573
nonsymptom_same_word,1,5,406,0,0.4677653320766129,20260625,a4bf959d120841b8c2c73bac3c5ff2e4eb6b5d77f5e322654a438bec05c2c92e,981d18d88e3ee43ec34f182c66366e389688cd978cfc412aef8239e5872f5573
nonsymptom_same_word,1,5,409,1,0.5008023472695263,20260625,a4bf959d120841b8c2c73bac3c5ff2e4eb6b5d77f5e322654a438bec05c2c92e,981d18d88e3ee43ec34f182c66366e389688cd978cfc412aef8239e5872f5573
nonsymptom_same_word,1,5,417,0,0.4884743119006721,20260625,a4bf959d120841b8c2c73bac3c5ff2e4eb6b5d77f5e322654a438bec05c2c92e,981d18d88e3ee43ec34f182c66366e389688cd978cfc412aef8239e5872f5573
nonsymptom_same_word,1,5,418,1,0.5013014429932522,20260625,a4bf959d120841b8c2c73bac3c5ff2e4eb6b5d77f5e322654a438bec05c2c92e,981d18d88e3ee43ec34f182c66366e389688cd978cfc412aef8239e5872f5573
nonsymptom_same_word,1,5,428,0,0.4890199281296281,20260625,a4bf959d120841b8c2c73bac3c5ff2e4eb6b5d77f5e322654a438bec05c2c92e,981d18d88e3ee43ec34f182c66366e389688cd978cfc412aef8239e5872f5573
nonsymptom_same_word,1,5,429,0,0.4137970588968379,20260625,a4bf959d120841b8c2c73bac3c5ff2e4eb6b5d77f5e322654a438bec05c2c92e,981d18d88e3ee43ec34f182c66366e389688cd978cfc412aef8239e5872f5573
nonsymptom_same_word,1,5,434,0,0.49922725902336385,20260625,a4bf959d120841b8c2c73bac3c5ff2e4eb6b5d77f5e322654a438bec05c2c92e,981d18d88e3ee43ec34f182c66366e389688cd978cfc412aef8239e5872f5573
nonsymptom_same_word,1,5,437,0,0.4677738747832905,20260625,a4bf959d120841b8c2c73bac3c5ff2e4eb6b5d77f5e322654a438bec05c2c92e,981d18d88e3ee43ec34f182c66366e389688cd978cfc412aef8239e5872f5573
nonsymptom_same_word,1,5,441,1,0.5142928229317584,20260625,a4bf959d120841b8c2c73bac3c5ff2e4eb6b5d77f5e322654a438bec05c2c92e,981d18d88e3ee43ec34f182c66366e389688cd978cfc412aef8239e5872f5573
nonsymptom_same_word,1,5,444,0,0.522753572344451,20260625,a4bf959d120841b8c2c73bac3c5ff2e4eb6b5d77f5e322654a438bec05c2c92e,981d18d88e3ee43ec34f182c66366e389688cd978cfc412aef8239e5872f5573
nonsymptom_same_word,1,5,456,0,0.5215300403629364,20260625,a4bf959d120841b8c2c73bac3c5ff2e4eb6b5d77f5e322654a438bec05c2c92e,981d18d88e3ee43ec34f182c66366e389688cd978cfc412aef8239e5872f5573
nonsymptom_same_word,1,5,468,0,0.44229885875076336,20260625,a4bf959d120841b8c2c73bac3c5ff2e4eb6b5d77f5e322654a438bec05c2c92e,981d18d88e3ee43ec34f182c66366e389688cd978cfc412aef8239e5872f5573
nonsymptom_same_word,1,5,485,0,0.42078383558810284,20260625,a4bf959d120841b8c2c73bac3c5ff2e4eb6b5d77f5e322654a438bec05c2c92e,981d18d88e3ee43ec34f182c66366e389688cd978cfc412aef8239e5872f5573
nonsymptom_same_word,2,1,303,0,0.4770704523882991,20260626,2c12dff8a9fa58dd8cc77e84cde3d4ee9c50e7a3ee4807abcb00afa8648af4ef,57347e2b732a1402c8df2bf331609fcd08e72adc97c6b7b9a84d3602650054ed
nonsymptom_same_word,2,1,304,0,0.441958311623697,20260626,2c12dff8a9fa58dd8cc77e84cde3d4ee9c50e7a3ee4807abcb00afa8648af4ef,57347e2b732a1402c8df2bf331609fcd08e72adc97c6b7b9a84d3602650054ed
nonsymptom_same_word,2,1,327,0,0.4576732685417671,20260626,2c12dff8a9fa58dd8cc77e84cde3d4ee9c50e7a3ee4807abcb00afa8648af4ef,57347e2b732a1402c8df2bf331609fcd08e72adc97c6b7b9a84d3602650054ed
nonsymptom_same_word,2,1,335,1,0.4925728547119006,20260626,2c12dff8a9fa58dd8cc77e84cde3d4ee9c50e7a3ee4807abcb00afa8648af4ef,57347e2b732a1402c8df2bf331609fcd08e72adc97c6b7b9a84d3602650054ed
nonsymptom_same_word,2,1,341,0,0.5146859924526878,20260626,2c12dff8a9fa58dd8cc77e84cde3d4ee9c50e7a3ee4807abcb00afa8648af4ef,57347e2b732a1402c8df2bf331609fcd08e72adc97c6b7b9a84d3602650054ed
nonsymptom_same_word,2,1,345,1,0.5581927723793084,20260626,2c12dff8a9fa58dd8cc77e84cde3d4ee9c50e7a3ee4807abcb00afa8648af4ef,57347e2b732a1402c8df2bf331609fcd08e72adc97c6b7b9a84d3602650054ed
nonsymptom_same_word,2,1,347,1,0.4449606242146713,20260626,2c12dff8a9fa58dd8cc77e84cde3d4ee9c50e7a3ee4807abcb00afa8648af4ef,57347e2b732a1402c8df2bf331609fcd08e72adc97c6b7b9a84d3602650054ed
nonsymptom_same_word,2,1,360,0,0.4725708050736246,20260626,2c12dff8a9fa58dd8cc77e84cde3d4ee9c50e7a3ee4807abcb00afa8648af4ef,57347e2b732a1402c8df2bf331609fcd08e72adc97c6b7b9a84d3602650054ed
nonsymptom_same_word,2,1,362,1,0.4649382192901836,20260626,2c12dff8a9fa58dd8cc77e84cde3d4ee9c50e7a3ee4807abcb00afa8648af4ef,57347e2b732a1402c8df2bf331609fcd08e72adc97c6b7b9a84d3602650054ed
nonsymptom_same_word,2,1,370,0,0.4408111566245521,20260626,2c12dff8a9fa58dd8cc77e84cde3d4ee9c50e7a3ee4807abcb00afa8648af4ef,57347e2b732a1402c8df2bf331609fcd08e72adc97c6b7b9a84d3602650054ed
nonsymptom_same_word,2,1,374,0,0.4586849075048049,20260626,2c12dff8a9fa58dd8cc77e84cde3d4ee9c50e7a3ee4807abcb00afa8648af4ef,57347e2b732a1402c8df2bf331609fcd08e72adc97c6b7b9a84d3602650054ed
nonsymptom_same_word,2,1,375,0,0.44559049566679404,20260626,2c12dff8a9fa58dd8cc77e84cde3d4ee9c50e7a3ee4807abcb00afa8648af4ef,57347e2b732a1402c8df2bf331609fcd08e72adc97c6b7b9a84d3602650054ed
nonsymptom_same_word,2,1,382,0,0.4319751204085073,20260626,2c12dff8a9fa58dd8cc77e84cde3d4ee9c50e7a3ee4807abcb00afa8648af4ef,57347e2b732a1402c8df2bf331609fcd08e72adc97c6b7b9a84d3602650054ed
nonsymptom_same_word,2,1,389,1,0.44817838529036325,20260626,2c12dff8a9fa58dd8cc77e84cde3d4ee9c50e7a3ee4807abcb00afa8648af4ef,57347e2b732a1402c8df2bf331609fcd08e72adc97c6b7b9a84d3602650054ed
nonsymptom_same_word,2,1,393,0,0.4133832122024421,20260626,2c12dff8a9fa58dd8cc77e84cde3d4ee9c50e7a3ee4807abcb00afa8648af4ef,57347e2b732a1402c8df2bf331609fcd08e72adc97c6b7b9a84d3602650054ed
nonsymptom_same_word,2,1,401,0,0.48059439145533334,20260626,2c12dff8a9fa58dd8cc77e84cde3d4ee9c50e7a3ee4807abcb00afa8648af4ef,57347e2b732a1402c8df2bf331609fcd08e72adc97c6b7b9a84d3602650054ed
nonsymptom_same_word,2,1,403,0,0.44313617921330545,20260626,2c12dff8a9fa58dd8cc77e84cde3d4ee9c50e7a3ee4807abcb00afa8648af4ef,57347e2b732a1402c8df2bf331609fcd08e72adc97c6b7b9a84d3602650054ed
nonsymptom_same_word,2,1,422,1,0.5060201517083607,20260626,2c12dff8a9fa58dd8cc77e84cde3d4ee9c50e7a3ee4807abcb00afa8648af4ef,57347e2b732a1402c8df2bf331609fcd08e72adc97c6b7b9a84d3602650054ed
nonsymptom_same_word,2,1,425,0,0.4828195489930007,20260626,2c12dff8a9fa58dd8cc77e84cde3d4ee9c50e7a3ee4807abcb00afa8648af4ef,57347e2b732a1402c8df2bf331609fcd08e72adc97c6b7b9a84d3602650054ed
nonsymptom_same_word,2,1,426,1,0.46398728956360447,20260626,2c12dff8a9fa58dd8cc77e84cde3d4ee9c50e7a3ee4807abcb00afa8648af4ef,57347e2b732a1402c8df2bf331609fcd08e72adc97c6b7b9a84d3602650054ed
nonsymptom_same_word,2,1,427,0,0.41691505522059596,20260626,2c12dff8a9fa58dd8cc77e84cde3d4ee9c50e7a3ee4807abcb00afa8648af4ef,57347e2b732a1402c8df2bf331609fcd08e72adc97c6b7b9a84d3602650054ed
nonsymptom_same_word,2,1,433,1,0.4721043650753435,20260626,2c12dff8a9fa58dd8cc77e84cde3d4ee9c50e7a3ee4807abcb00afa8648af4ef,57347e2b732a1402c8df2bf331609fcd08e72adc97c6b7b9a84d3602650054ed
nonsymptom_same_word,2,1,439,0,0.4247993310007721,20260626,2c12dff8a9fa58dd8cc77e84cde3d4ee9c50e7a3ee4807abcb00afa8648af4ef,57347e2b732a1402c8df2bf331609fcd08e72adc97c6b7b9a84d3602650054ed
nonsymptom_same_word,2,1,445,0,0.5036818286390916,20260626,2c12dff8a9fa58dd8cc77e84cde3d4ee9c50e7a3ee4807abcb00afa8648af4ef,57347e2b732a1402c8df2bf331609fcd08e72adc97c6b7b9a84d3602650054ed
nonsymptom_same_word,2,1,449,0,0.4903656803187402,20260626,2c12dff8a9fa58dd8cc77e84cde3d4ee9c50e7a3ee4807abcb00afa8648af4ef,57347e2b732a1402c8df2bf331609fcd08e72adc97c6b7b9a84d3602650054ed
nonsymptom_same_word,2,1,454,0,0.437193508847701,20260626,2c12dff8a9fa58dd8cc77e84cde3d4ee9c50e7a3ee4807abcb00afa8648af4ef,57347e2b732a1402c8df2bf331609fcd08e72adc97c6b7b9a84d3602650054ed
nonsymptom_same_word,2,1,475,0,0.4822803528365531,20260626,2c12dff8a9fa58dd8cc77e84cde3d4ee9c50e7a3ee4807abcb00afa8648af4ef,57347e2b732a1402c8df2bf331609fcd08e72adc97c6b7b9a84d3602650054ed
nonsymptom_same_word,2,1,483,1,0.48137973554793184,20260626,2c12dff8a9fa58dd8cc77e84cde3d4ee9c50e7a3ee4807abcb00afa8648af4ef,57347e2b732a1402c8df2bf331609fcd08e72adc97c6b7b9a84d3602650054ed
nonsymptom_same_word,2,1,491,0,0.4454547188446028,20260626,2c12dff8a9fa58dd8cc77e84cde3d4ee9c50e7a3ee4807abcb00afa8648af4ef,57347e2b732a1402c8df2bf331609fcd08e72adc97c6b7b9a84d3602650054ed
nonsymptom_same_word,2,2,310,0,0.4506616446218221,20260626,3ee8c0b6c18bffd775f57dbb47434db635c980fd26177b0232c582ec640803b5,c96e307910b06257d668e45fe34cbe39cddba5268f1b5bac97099d9dd0b52e9b
nonsymptom_same_word,2,2,320,1,0.44764202051950364,20260626,3ee8c0b6c18bffd775f57dbb47434db635c980fd26177b0232c582ec640803b5,c96e307910b06257d668e45fe34cbe39cddba5268f1b5bac97099d9dd0b52e9b
nonsymptom_same_word,2,2,321,1,0.5338740285654331,20260626,3ee8c0b6c18bffd775f57dbb47434db635c980fd26177b0232c582ec640803b5,c96e307910b06257d668e45fe34cbe39cddba5268f1b5bac97099d9dd0b52e9b
nonsymptom_same_word,2,2,325,1,0.5702562242564556,20260626,3ee8c0b6c18bffd775f57dbb47434db635c980fd26177b0232c582ec640803b5,c96e307910b06257d668e45fe34cbe39cddba5268f1b5bac97099d9dd0b52e9b
nonsymptom_same_word,2,2,326,0,0.41225104443401556,20260626,3ee8c0b6c18bffd775f57dbb47434db635c980fd26177b0232c582ec640803b5,c96e307910b06257d668e45fe34cbe39cddba5268f1b5bac97099d9dd0b52e9b
nonsymptom_same_word,2,2,339,1,0.47715940848099475,20260626,3ee8c0b6c18bffd775f57dbb47434db635c980fd26177b0232c582ec640803b5,c96e307910b06257d668e45fe34cbe39cddba5268f1b5bac97099d9dd0b52e9b
nonsymptom_same_word,2,2,343,0,0.46811022704477195,20260626,3ee8c0b6c18bffd775f57dbb47434db635c980fd26177b0232c582ec640803b5,c96e307910b06257d668e45fe34cbe39cddba5268f1b5bac97099d9dd0b52e9b
nonsymptom_same_word,2,2,350,1,0.47634159630590356,20260626,3ee8c0b6c18bffd775f57dbb47434db635c980fd26177b0232c582ec640803b5,c96e307910b06257d668e45fe34cbe39cddba5268f1b5bac97099d9dd0b52e9b
nonsymptom_same_word,2,2,351,1,0.5213386563371556,20260626,3ee8c0b6c18bffd775f57dbb47434db635c980fd26177b0232c582ec640803b5,c96e307910b06257d668e45fe34cbe39cddba5268f1b5bac97099d9dd0b52e9b
nonsymptom_same_word,2,2,353,1,0.4875639774220857,20260626,3ee8c0b6c18bffd775f57dbb47434db635c980fd26177b0232c582ec640803b5,c96e307910b06257d668e45fe34cbe39cddba5268f1b5bac97099d9dd0b52e9b
nonsymptom_same_word,2,2,357,0,0.4188175740254045,20260626,3ee8c0b6c18bffd775f57dbb47434db635c980fd26177b0232c582ec640803b5,c96e307910b06257d668e45fe34cbe39cddba5268f1b5bac97099d9dd0b52e9b
nonsymptom_same_word,2,2,390,0,0.49649380454579933,20260626,3ee8c0b6c18bffd775f57dbb47434db635c980fd26177b0232c582ec640803b5,c96e307910b06257d668e45fe34cbe39cddba5268f1b5bac97099d9dd0b52e9b
nonsymptom_same_word,2,2,395,0,0.4808054522747142,20260626,3ee8c0b6c18bffd775f57dbb47434db635c980fd26177b0232c582ec640803b5,c96e307910b06257d668e45fe34cbe39cddba5268f1b5bac97099d9dd0b52e9b
nonsymptom_same_word,2,2,406,0,0.46504883145552034,20260626,3ee8c0b6c18bffd775f57dbb47434db635c980fd26177b0232c582ec640803b5,c96e307910b06257d668e45fe34cbe39cddba5268f1b5bac97099d9dd0b52e9b
nonsymptom_same_word,2,2,416,0,0.5194200685551414,20260626,3ee8c0b6c18bffd775f57dbb47434db635c980fd26177b0232c582ec640803b5,c96e307910b06257d668e45fe34cbe39cddba5268f1b5bac97099d9dd0b52e9b
nonsymptom_same_word,2,2,417,0,0.5004312214045986,20260626,3ee8c0b6c18bffd775f57dbb47434db635c980fd26177b0232c582ec640803b5,c96e307910b06257d668e45fe34cbe39cddba5268f1b5bac97099d9dd0b52e9b
nonsymptom_same_word,2,2,419,0,0.4407425467638448,20260626,3ee8c0b6c18bffd775f57dbb47434db635c980fd26177b0232c582ec640803b5,c96e307910b06257d668e45fe34cbe39cddba5268f1b5bac97099d9dd0b52e9b
nonsymptom_same_word,2,2,420,0,0.4480813767752666,20260626,3ee8c0b6c18bffd775f57dbb47434db635c980fd26177b0232c582ec640803b5,c96e307910b06257d668e45fe34cbe39cddba5268f1b5bac97099d9dd0b52e9b
nonsymptom_same_word,2,2,429,0,0.4501701252536261,20260626,3ee8c0b6c18bffd775f57dbb47434db635c980fd26177b0232c582ec640803b5,c96e307910b06257d668e45fe34cbe39cddba5268f1b5bac97099d9dd0b52e9b
nonsymptom_same_word,2,2,434,0,0.477000109354533,20260626,3ee8c0b6c18bffd775f57dbb47434db635c980fd26177b0232c582ec640803b5,c96e307910b06257d668e45fe34cbe39cddba5268f1b5bac97099d9dd0b52e9b
nonsymptom_same_word,2,2,443,0,0.4060128542726569,20260626,3ee8c0b6c18bffd775f57dbb47434db635c980fd26177b0232c582ec640803b5,c96e307910b06257d668e45fe34cbe39cddba5268f1b5bac97099d9dd0b52e9b
nonsymptom_same_word,2,2,444,0,0.4977458328111223,20260626,3ee8c0b6c18bffd775f57dbb47434db635c980fd26177b0232c582ec640803b5,c96e307910b06257d668e45fe34cbe39cddba5268f1b5bac97099d9dd0b52e9b
nonsymptom_same_word,2,2,448,1,0.47358236662340863,20260626,3ee8c0b6c18bffd775f57dbb47434db635c980fd26177b0232c582ec640803b5,c96e307910b06257d668e45fe34cbe39cddba5268f1b5bac97099d9dd0b52e9b
nonsymptom_same_word,2,2,456,0,0.509655536496965,20260626,3ee8c0b6c18bffd775f57dbb47434db635c980fd26177b0232c582ec640803b5,c96e307910b06257d668e45fe34cbe39cddba5268f1b5bac97099d9dd0b52e9b
nonsymptom_same_word,2,2,459,1,0.5022901820922923,20260626,3ee8c0b6c18bffd775f57dbb47434db635c980fd26177b0232c582ec640803b5,c96e307910b06257d668e45fe34cbe39cddba5268f1b5bac97099d9dd0b52e9b
nonsymptom_same_word,2,2,463,0,0.45993465137066747,20260626,3ee8c0b6c18bffd775f57dbb47434db635c980fd26177b0232c582ec640803b5,c96e307910b06257d668e45fe34cbe39cddba5268f1b5bac97099d9dd0b52e9b
nonsymptom_same_word,2,2,474,0,0.4713692790252948,20260626,3ee8c0b6c18bffd775f57dbb47434db635c980fd26177b0232c582ec640803b5,c96e307910b06257d668e45fe34cbe39cddba5268f1b5bac97099d9dd0b52e9b
nonsymptom_same_word,2,2,476,0,0.4370552162610808,20260626,3ee8c0b6c18bffd775f57dbb47434db635c980fd26177b0232c582ec640803b5,c96e307910b06257d668e45fe34cbe39cddba5268f1b5bac97099d9dd0b52e9b
nonsymptom_same_word,2,2,482,0,0.49176433803427555,20260626,3ee8c0b6c18bffd775f57dbb47434db635c980fd26177b0232c582ec640803b5,c96e307910b06257d668e45fe34cbe39cddba5268f1b5bac97099d9dd0b52e9b
nonsymptom_same_word,2,3,305,0,0.4766359706423183,20260626,45cd1ad823f3a94a89fdcf8a2a0aa9391ea612d88c3d6d06ec8836268a3733b5,d57c76d4e0a65c6a55a81a23eb533d200d3426913638fad14bcb7210184cddf5
nonsymptom_same_word,2,3,313,0,0.41174494336608475,20260626,45cd1ad823f3a94a89fdcf8a2a0aa9391ea612d88c3d6d06ec8836268a3733b5,d57c76d4e0a65c6a55a81a23eb533d200d3426913638fad14bcb7210184cddf5
nonsymptom_same_word,2,3,340,0,0.44012358380504374,20260626,45cd1ad823f3a94a89fdcf8a2a0aa9391ea612d88c3d6d06ec8836268a3733b5,d57c76d4e0a65c6a55a81a23eb533d200d3426913638fad14bcb7210184cddf5
nonsymptom_same_word,2,3,352,1,0.5351679244786426,20260626,45cd1ad823f3a94a89fdcf8a2a0aa9391ea612d88c3d6d06ec8836268a3733b5,d57c76d4e0a65c6a55a81a23eb533d200d3426913638fad14bcb7210184cddf5
nonsymptom_same_word,2,3,363,0,0.4942099124542568,20260626,45cd1ad823f3a94a89fdcf8a2a0aa9391ea612d88c3d6d06ec8836268a3733b5,d57c76d4e0a65c6a55a81a23eb533d200d3426913638fad14bcb7210184cddf5
nonsymptom_same_word,2,3,377,1,0.45841354249263583,20260626,45cd1ad823f3a94a89fdcf8a2a0aa9391ea612d88c3d6d06ec8836268a3733b5,d57c76d4e0a65c6a55a81a23eb533d200d3426913638fad14bcb7210184cddf5
nonsymptom_same_word,2,3,385,0,0.38504685123694277,20260626,45cd1ad823f3a94a89fdcf8a2a0aa9391ea612d88c3d6d06ec8836268a3733b5,d57c76d4e0a65c6a55a81a23eb533d200d3426913638fad14bcb7210184cddf5
nonsymptom_same_word,2,3,386,1,0.5046477536976895,20260626,45cd1ad823f3a94a89fdcf8a2a0aa9391ea612d88c3d6d06ec8836268a3733b5,d57c76d4e0a65c6a55a81a23eb533d200d3426913638fad14bcb7210184cddf5
nonsymptom_same_word,2,3,391,0,0.4130413604562122,20260626,45cd1ad823f3a94a89fdcf8a2a0aa9391ea612d88c3d6d06ec8836268a3733b5,d57c76d4e0a65c6a55a81a23eb533d200d3426913638fad14bcb7210184cddf5
nonsymptom_same_word,2,3,397,0,0.4653275346821122,20260626,45cd1ad823f3a94a89fdcf8a2a0aa9391ea612d88c3d6d06ec8836268a3733b5,d57c76d4e0a65c6a55a81a23eb533d200d3426913638fad14bcb7210184cddf5
nonsymptom_same_word,2,3,402,1,0.44214355570538477,20260626,45cd1ad823f3a94a89fdcf8a2a0aa9391ea612d88c3d6d06ec8836268a3733b5,d57c76d4e0a65c6a55a81a23eb533d200d3426913638fad14bcb7210184cddf5
nonsymptom_same_word,2,3,409,1,0.4740634289841692,20260626,45cd1ad823f3a94a89fdcf8a2a0aa9391ea612d88c3d6d06ec8836268a3733b5,d57c76d4e0a65c6a55a81a23eb533d200d3426913638fad14bcb7210184cddf5
nonsymptom_same_word,2,3,412,1,0.4183269120676538,20260626,45cd1ad823f3a94a89fdcf8a2a0aa9391ea612d88c3d6d06ec8836268a3733b5,d57c76d4e0a65c6a55a81a23eb533d200d3426913638fad14bcb7210184cddf5
nonsymptom_same_word,2,3,413,1,0.522589089225445,20260626,45cd1ad823f3a94a89fdcf8a2a0aa9391ea612d88c3d6d06ec8836268a3733b5,d57c76d4e0a65c6a55a81a23eb533d200d3426913638fad14bcb7210184cddf5
nonsymptom_same_word,2,3,415,0,0.46100615356682445,20260626,45cd1ad823f3a94a89fdcf8a2a0aa9391ea612d88c3d6d06ec8836268a3733b5,d57c76d4e0a65c6a55a81a23eb533d200d3426913638fad14bcb7210184cddf5
nonsymptom_same_word,2,3,428,0,0.4823767781313937,20260626,45cd1ad823f3a94a89fdcf8a2a0aa9391ea612d88c3d6d06ec8836268a3733b5,d57c76d4e0a65c6a55a81a23eb533d200d3426913638fad14bcb7210184cddf5
nonsymptom_same_word,2,3,436,0,0.4384737266295648,20260626,45cd1ad823f3a94a89fdcf8a2a0aa9391ea612d88c3d6d06ec8836268a3733b5,d57c76d4e0a65c6a55a81a23eb533d200d3426913638fad14bcb7210184cddf5
nonsymptom_same_word,2,3,437,0,0.4748725228739679,20260626,45cd1ad823f3a94a89fdcf8a2a0aa9391ea612d88c3d6d06ec8836268a3733b5,d57c76d4e0a65c6a55a81a23eb533d200d3426913638fad14bcb7210184cddf5
nonsymptom_same_word,2,3,441,1,0.5089800538502912,20260626,45cd1ad823f3a94a89fdcf8a2a0aa9391ea612d88c3d6d06ec8836268a3733b5,d57c76d4e0a65c6a55a81a23eb533d200d3426913638fad14bcb7210184cddf5
nonsymptom_same_word,2,3,446,0,0.4879516333091042,20260626,45cd1ad823f3a94a89fdcf8a2a0aa9391ea612d88c3d6d06ec8836268a3733b5,d57c76d4e0a65c6a55a81a23eb533d200d3426913638fad14bcb7210184cddf5
nonsymptom_same_word,2,3,447,0,0.5120974446219547,20260626,45cd1ad823f3a94a89fdcf8a2a0aa9391ea612d88c3d6d06ec8836268a3733b5,d57c76d4e0a65c6a55a81a23eb533d200d3426913638fad14bcb7210184cddf5
nonsymptom_same_word,2,3,457,0,0.48130388730444745,20260626,45cd1ad823f3a94a89fdcf8a2a0aa9391ea612d88c3d6d06ec8836268a3733b5,d57c76d4e0a65c6a55a81a23eb533d200d3426913638fad14bcb7210184cddf5
nonsymptom_same_word,2,3,472,0,0.5093519376273468,20260626,45cd1ad823f3a94a89fdcf8a2a0aa9391ea612d88c3d6d06ec8836268a3733b5,d57c76d4e0a65c6a55a81a23eb533d200d3426913638fad14bcb7210184cddf5
nonsymptom_same_word,2,3,478,0,0.502918608936695,20260626,45cd1ad823f3a94a89fdcf8a2a0aa9391ea612d88c3d6d06ec8836268a3733b5,d57c76d4e0a65c6a55a81a23eb533d200d3426913638fad14bcb7210184cddf5
nonsymptom_same_word,2,3,479,0,0.4101440371032141,20260626,45cd1ad823f3a94a89fdcf8a2a0aa9391ea612d88c3d6d06ec8836268a3733b5,d57c76d4e0a65c6a55a81a23eb533d200d3426913638fad14bcb7210184cddf5
nonsymptom_same_word,2,3,488,0,0.48469779727628376,20260626,45cd1ad823f3a94a89fdcf8a2a0aa9391ea612d88c3d6d06ec8836268a3733b5,d57c76d4e0a65c6a55a81a23eb533d200d3426913638fad14bcb7210184cddf5
nonsymptom_same_word,2,3,489,0,0.4280033906009379,20260626,45cd1ad823f3a94a89fdcf8a2a0aa9391ea612d88c3d6d06ec8836268a3733b5,d57c76d4e0a65c6a55a81a23eb533d200d3426913638fad14bcb7210184cddf5
nonsymptom_same_word,2,3,492,0,0.4438027474603377,20260626,45cd1ad823f3a94a89fdcf8a2a0aa9391ea612d88c3d6d06ec8836268a3733b5,d57c76d4e0a65c6a55a81a23eb533d200d3426913638fad14bcb7210184cddf5
nonsymptom_same_word,2,4,307,0,0.479118538889696,20260626,60d4a4f7258ba0d0e6381545dd3aa2b6cb37179f5a3a12407c9031b552accf64,4a9111312b2ff783e4670aec05b2de80f7b216f435aa24fe73bfe18843201db2
nonsymptom_same_word,2,4,315,0,0.5099079575537284,20260626,60d4a4f7258ba0d0e6381545dd3aa2b6cb37179f5a3a12407c9031b552accf64,4a9111312b2ff783e4670aec05b2de80f7b216f435aa24fe73bfe18843201db2
nonsymptom_same_word,2,4,318,0,0.41238023960414144,20260626,60d4a4f7258ba0d0e6381545dd3aa2b6cb37179f5a3a12407c9031b552accf64,4a9111312b2ff783e4670aec05b2de80f7b216f435aa24fe73bfe18843201db2
nonsymptom_same_word,2,4,319,1,0.45563653959562517,20260626,60d4a4f7258ba0d0e6381545dd3aa2b6cb37179f5a3a12407c9031b552accf64,4a9111312b2ff783e4670aec05b2de80f7b216f435aa24fe73bfe18843201db2
nonsymptom_same_word,2,4,322,0,0.4595416807968155,20260626,60d4a4f7258ba0d0e6381545dd3aa2b6cb37179f5a3a12407c9031b552accf64,4a9111312b2ff783e4670aec05b2de80f7b216f435aa24fe73bfe18843201db2
nonsymptom_same_word,2,4,324,0,0.4859213953946767,20260626,60d4a4f7258ba0d0e6381545dd3aa2b6cb37179f5a3a12407c9031b552accf64,4a9111312b2ff783e4670aec05b2de80f7b216f435aa24fe73bfe18843201db2
nonsymptom_same_word,2,4,328,0,0.5056805046516242,20260626,60d4a4f7258ba0d0e6381545dd3aa2b6cb37179f5a3a12407c9031b552accf64,4a9111312b2ff783e4670aec05b2de80f7b216f435aa24fe73bfe18843201db2
nonsymptom_same_word,2,4,336,0,0.45249192088818185,20260626,60d4a4f7258ba0d0e6381545dd3aa2b6cb37179f5a3a12407c9031b552accf64,4a9111312b2ff783e4670aec05b2de80f7b216f435aa24fe73bfe18843201db2
nonsymptom_same_word,2,4,344,1,0.5298501637513903,20260626,60d4a4f7258ba0d0e6381545dd3aa2b6cb37179f5a3a12407c9031b552accf64,4a9111312b2ff783e4670aec05b2de80f7b216f435aa24fe73bfe18843201db2
nonsymptom_same_word,2,4,346,1,0.5726660662261941,20260626,60d4a4f7258ba0d0e6381545dd3aa2b6cb37179f5a3a12407c9031b552accf64,4a9111312b2ff783e4670aec05b2de80f7b216f435aa24fe73bfe18843201db2
nonsymptom_same_word,2,4,356,1,0.5398656041832668,20260626,60d4a4f7258ba0d0e6381545dd3aa2b6cb37179f5a3a12407c9031b552accf64,4a9111312b2ff783e4670aec05b2de80f7b216f435aa24fe73bfe18843201db2
nonsymptom_same_word,2,4,364,0,0.46742964844908874,20260626,60d4a4f7258ba0d0e6381545dd3aa2b6cb37179f5a3a12407c9031b552accf64,4a9111312b2ff783e4670aec05b2de80f7b216f435aa24fe73bfe18843201db2
nonsymptom_same_word,2,4,366,0,0.47572161370979016,20260626,60d4a4f7258ba0d0e6381545dd3aa2b6cb37179f5a3a12407c9031b552accf64,4a9111312b2ff783e4670aec05b2de80f7b216f435aa24fe73bfe18843201db2
nonsymptom_same_word,2,4,368,0,0.5078422336205158,20260626,60d4a4f7258ba0d0e6381545dd3aa2b6cb37179f5a3a12407c9031b552accf64,4a9111312b2ff783e4670aec05b2de80f7b216f435aa24fe73bfe18843201db2
nonsymptom_same_word,2,4,369,0,0.47519679183349867,20260626,60d4a4f7258ba0d0e6381545dd3aa2b6cb37179f5a3a12407c9031b552accf64,4a9111312b2ff783e4670aec05b2de80f7b216f435aa24fe73bfe18843201db2
nonsymptom_same_word,2,4,372,1,0.49219382351617785,20260626,60d4a4f7258ba0d0e6381545dd3aa2b6cb37179f5a3a12407c9031b552accf64,4a9111312b2ff783e4670aec05b2de80f7b216f435aa24fe73bfe18843201db2
nonsymptom_same_word,2,4,376,1,0.5365810044359111,20260626,60d4a4f7258ba0d0e6381545dd3aa2b6cb37179f5a3a12407c9031b552accf64,4a9111312b2ff783e4670aec05b2de80f7b216f435aa24fe73bfe18843201db2
nonsymptom_same_word,2,4,380,1,0.5019839674676331,20260626,60d4a4f7258ba0d0e6381545dd3aa2b6cb37179f5a3a12407c9031b552accf64,4a9111312b2ff783e4670aec05b2de80f7b216f435aa24fe73bfe18843201db2
nonsymptom_same_word,2,4,404,0,0.49001812294645786,20260626,60d4a4f7258ba0d0e6381545dd3aa2b6cb37179f5a3a12407c9031b552accf64,4a9111312b2ff783e4670aec05b2de80f7b216f435aa24fe73bfe18843201db2
nonsymptom_same_word,2,4,418,1,0.5114530116304646,20260626,60d4a4f7258ba0d0e6381545dd3aa2b6cb37179f5a3a12407c9031b552accf64,4a9111312b2ff783e4670aec05b2de80f7b216f435aa24fe73bfe18843201db2
nonsymptom_same_word,2,4,423,0,0.47760984426843067,20260626,60d4a4f7258ba0d0e6381545dd3aa2b6cb37179f5a3a12407c9031b552accf64,4a9111312b2ff783e4670aec05b2de80f7b216f435aa24fe73bfe18843201db2
nonsymptom_same_word,2,4,430,0,0.4942978152395567,20260626,60d4a4f7258ba0d0e6381545dd3aa2b6cb37179f5a3a12407c9031b552accf64,4a9111312b2ff783e4670aec05b2de80f7b216f435aa24fe73bfe18843201db2
nonsymptom_same_word,2,4,451,0,0.5455711673663899,20260626,60d4a4f7258ba0d0e6381545dd3aa2b6cb37179f5a3a12407c9031b552accf64,4a9111312b2ff783e4670aec05b2de80f7b216f435aa24fe73bfe18843201db2
nonsymptom_same_word,2,4,455,0,0.5075129925861731,20260626,60d4a4f7258ba0d0e6381545dd3aa2b6cb37179f5a3a12407c9031b552accf64,4a9111312b2ff783e4670aec05b2de80f7b216f435aa24fe73bfe18843201db2
nonsymptom_same_word,2,4,471,0,0.4686162346158085,20260626,60d4a4f7258ba0d0e6381545dd3aa2b6cb37179f5a3a12407c9031b552accf64,4a9111312b2ff783e4670aec05b2de80f7b216f435aa24fe73bfe18843201db2
nonsymptom_same_word,2,4,473,0,0.4911302242746116,20260626,60d4a4f7258ba0d0e6381545dd3aa2b6cb37179f5a3a12407c9031b552accf64,4a9111312b2ff783e4670aec05b2de80f7b216f435aa24fe73bfe18843201db2
nonsymptom_same_word,2,4,486,0,0.43457460565292755,20260626,60d4a4f7258ba0d0e6381545dd3aa2b6cb37179f5a3a12407c9031b552accf64,4a9111312b2ff783e4670aec05b2de80f7b216f435aa24fe73bfe18843201db2
nonsymptom_same_word,2,4,487,0,0.5156610183163717,20260626,60d4a4f7258ba0d0e6381545dd3aa2b6cb37179f5a3a12407c9031b552accf64,4a9111312b2ff783e4670aec05b2de80f7b216f435aa24fe73bfe18843201db2
nonsymptom_same_word,2,5,302,0,0.48557501649453705,20260626,806d6f0c65de9d785617d112c76ee68ed2ab2e167a27e7d990500f8205f4f185,b02f5cd0a9a1d7aadfa4438bab72f69a297056383552949e9cd24334b7e3c3ea
nonsymptom_same_word,2,5,312,0,0.442483014494687,20260626,806d6f0c65de9d785617d112c76ee68ed2ab2e167a27e7d990500f8205f4f185,b02f5cd0a9a1d7aadfa4438bab72f69a297056383552949e9cd24334b7e3c3ea
nonsymptom_same_word,2,5,316,0,0.49719971427125087,20260626,806d6f0c65de9d785617d112c76ee68ed2ab2e167a27e7d990500f8205f4f185,b02f5cd0a9a1d7aadfa4438bab72f69a297056383552949e9cd24334b7e3c3ea
nonsymptom_same_word,2,5,317,0,0.39511247134155775,20260626,806d6f0c65de9d785617d112c76ee68ed2ab2e167a27e7d990500f8205f4f185,b02f5cd0a9a1d7aadfa4438bab72f69a297056383552949e9cd24334b7e3c3ea
nonsymptom_same_word,2,5,330,1,0.4447715098646146,20260626,806d6f0c65de9d785617d112c76ee68ed2ab2e167a27e7d990500f8205f4f185,b02f5cd0a9a1d7aadfa4438bab72f69a297056383552949e9cd24334b7e3c3ea
nonsymptom_same_word,2,5,331,0,0.5277095281441861,20260626,806d6f0c65de9d785617d112c76ee68ed2ab2e167a27e7d990500f8205f4f185,b02f5cd0a9a1d7aadfa4438bab72f69a297056383552949e9cd24334b7e3c3ea
nonsymptom_same_word,2,5,333,0,0.4828729710805503,20260626,806d6f0c65de9d785617d112c76ee68ed2ab2e167a27e7d990500f8205f4f185,b02f5cd0a9a1d7aadfa4438bab72f69a297056383552949e9cd24334b7e3c3ea
nonsymptom_same_word,2,5,338,1,0.5034789296257258,20260626,806d6f0c65de9d785617d112c76ee68ed2ab2e167a27e7d990500f8205f4f185,b02f5cd0a9a1d7aadfa4438bab72f69a297056383552949e9cd24334b7e3c3ea
nonsymptom_same_word,2,5,348,1,0.4614754697596101,20260626,806d6f0c65de9d785617d112c76ee68ed2ab2e167a27e7d990500f8205f4f185,b02f5cd0a9a1d7aadfa4438bab72f69a297056383552949e9cd24334b7e3c3ea
nonsymptom_same_word,2,5,355,1,0.4520592208450289,20260626,806d6f0c65de9d785617d112c76ee68ed2ab2e167a27e7d990500f8205f4f185,b02f5cd0a9a1d7aadfa4438bab72f69a297056383552949e9cd24334b7e3c3ea
nonsymptom_same_word,2,5,358,0,0.45749069903132444,20260626,806d6f0c65de9d785617d112c76ee68ed2ab2e167a27e7d990500f8205f4f185,b02f5cd0a9a1d7aadfa4438bab72f69a297056383552949e9cd24334b7e3c3ea
nonsymptom_same_word,2,5,367,1,0.5101651399668979,20260626,806d6f0c65de9d785617d112c76ee68ed2ab2e167a27e7d990500f8205f4f185,b02f5cd0a9a1d7aadfa4438bab72f69a297056383552949e9cd24334b7e3c3ea
nonsymptom_same_word,2,5,371,0,0.417643672275588,20260626,806d6f0c65de9d785617d112c76ee68ed2ab2e167a27e7d990500f8205f4f185,b02f5cd0a9a1d7aadfa4438bab72f69a297056383552949e9cd24334b7e3c3ea
nonsymptom_same_word,2,5,379,0,0.46773790603178433,20260626,806d6f0c65de9d785617d112c76ee68ed2ab2e167a27e7d990500f8205f4f185,b02f5cd0a9a1d7aadfa4438bab72f69a297056383552949e9cd24334b7e3c3ea
nonsymptom_same_word,2,5,381,1,0.5446699628012883,20260626,806d6f0c65de9d785617d112c76ee68ed2ab2e167a27e7d990500f8205f4f185,b02f5cd0a9a1d7aadfa4438bab72f69a297056383552949e9cd24334b7e3c3ea
nonsymptom_same_word,2,5,383,0,0.42255895527054577,20260626,806d6f0c65de9d785617d112c76ee68ed2ab2e167a27e7d990500f8205f4f185,b02f5cd0a9a1d7aadfa4438bab72f69a297056383552949e9cd24334b7e3c3ea
nonsymptom_same_word,2,5,388,1,0.4747476146169057,20260626,806d6f0c65de9d785617d112c76ee68ed2ab2e167a27e7d990500f8205f4f185,b02f5cd0a9a1d7aadfa4438bab72f69a297056383552949e9cd24334b7e3c3ea
nonsymptom_same_word,2,5,392,0,0.4367182255289319,20260626,806d6f0c65de9d785617d112c76ee68ed2ab2e167a27e7d990500f8205f4f185,b02f5cd0a9a1d7aadfa4438bab72f69a297056383552949e9cd24334b7e3c3ea
nonsymptom_same_word,2,5,400,0,0.48948577873016963,20260626,806d6f0c65de9d785617d112c76ee68ed2ab2e167a27e7d990500f8205f4f185,b02f5cd0a9a1d7aadfa4438bab72f69a297056383552949e9cd24334b7e3c3ea
nonsymptom_same_word,2,5,414,1,0.4733622533407536,20260626,806d6f0c65de9d785617d112c76ee68ed2ab2e167a27e7d990500f8205f4f185,b02f5cd0a9a1d7aadfa4438bab72f69a297056383552949e9cd24334b7e3c3ea
nonsymptom_same_word,2,5,440,1,0.4813370850959416,20260626,806d6f0c65de9d785617d112c76ee68ed2ab2e167a27e7d990500f8205f4f185,b02f5cd0a9a1d7aadfa4438bab72f69a297056383552949e9cd24334b7e3c3ea
nonsymptom_same_word,2,5,458,0,0.46916526540600134,20260626,806d6f0c65de9d785617d112c76ee68ed2ab2e167a27e7d990500f8205f4f185,b02f5cd0a9a1d7aadfa4438bab72f69a297056383552949e9cd24334b7e3c3ea
nonsymptom_same_word,2,5,464,0,0.4901636396082052,20260626,806d6f0c65de9d785617d112c76ee68ed2ab2e167a27e7d990500f8205f4f185,b02f5cd0a9a1d7aadfa4438bab72f69a297056383552949e9cd24334b7e3c3ea
nonsymptom_same_word,2,5,468,0,0.4427560523634032,20260626,806d6f0c65de9d785617d112c76ee68ed2ab2e167a27e7d990500f8205f4f185,b02f5cd0a9a1d7aadfa4438bab72f69a297056383552949e9cd24334b7e3c3ea
nonsymptom_same_word,2,5,477,0,0.5354861098794301,20260626,806d6f0c65de9d785617d112c76ee68ed2ab2e167a27e7d990500f8205f4f185,b02f5cd0a9a1d7aadfa4438bab72f69a297056383552949e9cd24334b7e3c3ea
nonsymptom_same_word,2,5,484,0,0.5065931413322249,20260626,806d6f0c65de9d785617d112c76ee68ed2ab2e167a27e7d990500f8205f4f185,b02f5cd0a9a1d7aadfa4438bab72f69a297056383552949e9cd24334b7e3c3ea
nonsymptom_same_word,2,5,485,0,0.4131672093657562,20260626,806d6f0c65de9d785617d112c76ee68ed2ab2e167a27e7d990500f8205f4f185,b02f5cd0a9a1d7aadfa4438bab72f69a297056383552949e9cd24334b7e3c3ea
nonsymptom_same_word,2,5,490,0,0.4120976237763661,20260626,806d6f0c65de9d785617d112c76ee68ed2ab2e167a27e7d990500f8205f4f185,b02f5cd0a9a1d7aadfa4438bab72f69a297056383552949e9cd24334b7e3c3ea
nonsymptom_same_word,3,1,305,0,0.4823747616832371,20260627,2eea3dd5e7f5614b03483db4b1fce8c9f45257cace13029b9d9f16dcca04327e,1f16fc714b8611747bef399987f1a60b24b476bf73e87fd932f5e23a6d230ca6
nonsymptom_same_word,3,1,310,0,0.4588130826351464,20260627,2eea3dd5e7f5614b03483db4b1fce8c9f45257cace13029b9d9f16dcca04327e,1f16fc714b8611747bef399987f1a60b24b476bf73e87fd932f5e23a6d230ca6
nonsymptom_same_word,3,1,322,0,0.46536466015898464,20260627,2eea3dd5e7f5614b03483db4b1fce8c9f45257cace13029b9d9f16dcca04327e,1f16fc714b8611747bef399987f1a60b24b476bf73e87fd932f5e23a6d230ca6
nonsymptom_same_word,3,1,339,1,0.4574100499606579,20260627,2eea3dd5e7f5614b03483db4b1fce8c9f45257cace13029b9d9f16dcca04327e,1f16fc714b8611747bef399987f1a60b24b476bf73e87fd932f5e23a6d230ca6
nonsymptom_same_word,3,1,340,0,0.4312898533309901,20260627,2eea3dd5e7f5614b03483db4b1fce8c9f45257cace13029b9d9f16dcca04327e,1f16fc714b8611747bef399987f1a60b24b476bf73e87fd932f5e23a6d230ca6
nonsymptom_same_word,3,1,341,0,0.46528631538238535,20260627,2eea3dd5e7f5614b03483db4b1fce8c9f45257cace13029b9d9f16dcca04327e,1f16fc714b8611747bef399987f1a60b24b476bf73e87fd932f5e23a6d230ca6
nonsymptom_same_word,3,1,344,1,0.5235489321624035,20260627,2eea3dd5e7f5614b03483db4b1fce8c9f45257cace13029b9d9f16dcca04327e,1f16fc714b8611747bef399987f1a60b24b476bf73e87fd932f5e23a6d230ca6
nonsymptom_same_word,3,1,350,1,0.4877289644156991,20260627,2eea3dd5e7f5614b03483db4b1fce8c9f45257cace13029b9d9f16dcca04327e,1f16fc714b8611747bef399987f1a60b24b476bf73e87fd932f5e23a6d230ca6
nonsymptom_same_word,3,1,351,1,0.5148036323144612,20260627,2eea3dd5e7f5614b03483db4b1fce8c9f45257cace13029b9d9f16dcca04327e,1f16fc714b8611747bef399987f1a60b24b476bf73e87fd932f5e23a6d230ca6
nonsymptom_same_word,3,1,353,1,0.4820100456122084,20260627,2eea3dd5e7f5614b03483db4b1fce8c9f45257cace13029b9d9f16dcca04327e,1f16fc714b8611747bef399987f1a60b24b476bf73e87fd932f5e23a6d230ca6
nonsymptom_same_word,3,1,357,0,0.4236454371046923,20260627,2eea3dd5e7f5614b03483db4b1fce8c9f45257cace13029b9d9f16dcca04327e,1f16fc714b8611747bef399987f1a60b24b476bf73e87fd932f5e23a6d230ca6
nonsymptom_same_word,3,1,371,0,0.42255173909188604,20260627,2eea3dd5e7f5614b03483db4b1fce8c9f45257cace13029b9d9f16dcca04327e,1f16fc714b8611747bef399987f1a60b24b476bf73e87fd932f5e23a6d230ca6
nonsymptom_same_word,3,1,379,0,0.4669267533165591,20260627,2eea3dd5e7f5614b03483db4b1fce8c9f45257cace13029b9d9f16dcca04327e,1f16fc714b8611747bef399987f1a60b24b476bf73e87fd932f5e23a6d230ca6
nonsymptom_same_word,3,1,382,0,0.45509791718839226,20260627,2eea3dd5e7f5614b03483db4b1fce8c9f45257cace13029b9d9f16dcca04327e,1f16fc714b8611747bef399987f1a60b24b476bf73e87fd932f5e23a6d230ca6
nonsymptom_same_word,3,1,385,0,0.3876381852623847,20260627,2eea3dd5e7f5614b03483db4b1fce8c9f45257cace13029b9d9f16dcca04327e,1f16fc714b8611747bef399987f1a60b24b476bf73e87fd932f5e23a6d230ca6
nonsymptom_same_word,3,1,392,0,0.42023905988487187,20260627,2eea3dd5e7f5614b03483db4b1fce8c9f45257cace13029b9d9f16dcca04327e,1f16fc714b8611747bef399987f1a60b24b476bf73e87fd932f5e23a6d230ca6
nonsymptom_same_word,3,1,395,0,0.46614758039828785,20260627,2eea3dd5e7f5614b03483db4b1fce8c9f45257cace13029b9d9f16dcca04327e,1f16fc714b8611747bef399987f1a60b24b476bf73e87fd932f5e23a6d230ca6
nonsymptom_same_word,3,1,409,1,0.47556707103921053,20260627,2eea3dd5e7f5614b03483db4b1fce8c9f45257cace13029b9d9f16dcca04327e,1f16fc714b8611747bef399987f1a60b24b476bf73e87fd932f5e23a6d230ca6
nonsymptom_same_word,3,1,418,1,0.4832475605890501,20260627,2eea3dd5e7f5614b03483db4b1fce8c9f45257cace13029b9d9f16dcca04327e,1f16fc714b8611747bef399987f1a60b24b476bf73e87fd932f5e23a6d230ca6
nonsymptom_same_word,3,1,425,0,0.48611566404604983,20260627,2eea3dd5e7f5614b03483db4b1fce8c9f45257cace13029b9d9f16dcca04327e,1f16fc714b8611747bef399987f1a60b24b476bf73e87fd932f5e23a6d230ca6
nonsymptom_same_word,3,1,428,0,0.4578686891717769,20260627,2eea3dd5e7f5614b03483db4b1fce8c9f45257cace13029b9d9f16dcca04327e,1f16fc714b8611747bef399987f1a60b24b476bf73e87fd932f5e23a6d230ca6
nonsymptom_same_word,3,1,434,0,0.4732338704240456,20260627,2eea3dd5e7f5614b03483db4b1fce8c9f45257cace13029b9d9f16dcca04327e,1f16fc714b8611747bef399987f1a60b24b476bf73e87fd932f5e23a6d230ca6
nonsymptom_same_word,3,1,436,0,0.45516966146930055,20260627,2eea3dd5e7f5614b03483db4b1fce8c9f45257cace13029b9d9f16dcca04327e,1f16fc714b8611747bef399987f1a60b24b476bf73e87fd932f5e23a6d230ca6
nonsymptom_same_word,3,1,440,1,0.4525308708538655,20260627,2eea3dd5e7f5614b03483db4b1fce8c9f45257cace13029b9d9f16dcca04327e,1f16fc714b8611747bef399987f1a60b24b476bf73e87fd932f5e23a6d230ca6
nonsymptom_same_word,3,1,441,1,0.4980728749791893,20260627,2eea3dd5e7f5614b03483db4b1fce8c9f45257cace13029b9d9f16dcca04327e,1f16fc714b8611747bef399987f1a60b24b476bf73e87fd932f5e23a6d230ca6
nonsymptom_same_word,3,1,443,0,0.40600556678101885,20260627,2eea3dd5e7f5614b03483db4b1fce8c9f45257cace13029b9d9f16dcca04327e,1f16fc714b8611747bef399987f1a60b24b476bf73e87fd932f5e23a6d230ca6
nonsymptom_same_word,3,1,447,0,0.5224019267618667,20260627,2eea3dd5e7f5614b03483db4b1fce8c9f45257cace13029b9d9f16dcca04327e,1f16fc714b8611747bef399987f1a60b24b476bf73e87fd932f5e23a6d230ca6
nonsymptom_same_word,3,1,464,0,0.5034969143234675,20260627,2eea3dd5e7f5614b03483db4b1fce8c9f45257cace13029b9d9f16dcca04327e,1f16fc714b8611747bef399987f1a60b24b476bf73e87fd932f5e23a6d230ca6
nonsymptom_same_word,3,1,478,0,0.49874425954336987,20260627,2eea3dd5e7f5614b03483db4b1fce8c9f45257cace13029b9d9f16dcca04327e,1f16fc714b8611747bef399987f1a60b24b476bf73e87fd932f5e23a6d230ca6
nonsymptom_same_word,3,2,304,0,0.4358386929504806,20260627,5c170937764175f5f31fb62d39ae06413022f4305aa9482cfe98fa93001c67e0,c5f49266352ec843cb801f3ba88c103f7659e83330bb024f28b7a8eb25e9f274
nonsymptom_same_word,3,2,307,0,0.4838597033909906,20260627,5c170937764175f5f31fb62d39ae06413022f4305aa9482cfe98fa93001c67e0,c5f49266352ec843cb801f3ba88c103f7659e83330bb024f28b7a8eb25e9f274
nonsymptom_same_word,3,2,312,0,0.449159191918636,20260627,5c170937764175f5f31fb62d39ae06413022f4305aa9482cfe98fa93001c67e0,c5f49266352ec843cb801f3ba88c103f7659e83330bb024f28b7a8eb25e9f274
nonsymptom_same_word,3,2,316,0,0.487622740527799,20260627,5c170937764175f5f31fb62d39ae06413022f4305aa9482cfe98fa93001c67e0,c5f49266352ec843cb801f3ba88c103f7659e83330bb024f28b7a8eb25e9f274
nonsymptom_same_word,3,2,319,1,0.4474187174235654,20260627,5c170937764175f5f31fb62d39ae06413022f4305aa9482cfe98fa93001c67e0,c5f49266352ec843cb801f3ba88c103f7659e83330bb024f28b7a8eb25e9f274
nonsymptom_same_word,3,2,320,1,0.46044069649894853,20260627,5c170937764175f5f31fb62d39ae06413022f4305aa9482cfe98fa93001c67e0,c5f49266352ec843cb801f3ba88c103f7659e83330bb024f28b7a8eb25e9f274
nonsymptom_same_word,3,2,328,0,0.48481904519025765,20260627,5c170937764175f5f31fb62d39ae06413022f4305aa9482cfe98fa93001c67e0,c5f49266352ec843cb801f3ba88c103f7659e83330bb024f28b7a8eb25e9f274
nonsymptom_same_word,3,2,335,1,0.5066906571335145,20260627,5c170937764175f5f31fb62d39ae06413022f4305aa9482cfe98fa93001c67e0,c5f49266352ec843cb801f3ba88c103f7659e83330bb024f28b7a8eb25e9f274
nonsymptom_same_word,3,2,336,0,0.45295475903075016,20260627,5c170937764175f5f31fb62d39ae06413022f4305aa9482cfe98fa93001c67e0,c5f49266352ec843cb801f3ba88c103f7659e83330bb024f28b7a8eb25e9f274
nonsymptom_same_word,3,2,362,1,0.4708050457697185,20260627,5c170937764175f5f31fb62d39ae06413022f4305aa9482cfe98fa93001c67e0,c5f49266352ec843cb801f3ba88c103f7659e83330bb024f28b7a8eb25e9f274
nonsymptom_same_word,3,2,363,0,0.5090939447406011,20260627,5c170937764175f5f31fb62d39ae06413022f4305aa9482cfe98fa93001c67e0,c5f49266352ec843cb801f3ba88c103f7659e83330bb024f28b7a8eb25e9f274
nonsymptom_same_word,3,2,364,0,0.45990371817814546,20260627,5c170937764175f5f31fb62d39ae06413022f4305aa9482cfe98fa93001c67e0,c5f49266352ec843cb801f3ba88c103f7659e83330bb024f28b7a8eb25e9f274
nonsymptom_same_word,3,2,367,1,0.5442146587570247,20260627,5c170937764175f5f31fb62d39ae06413022f4305aa9482cfe98fa93001c67e0,c5f49266352ec843cb801f3ba88c103f7659e83330bb024f28b7a8eb25e9f274
nonsymptom_same_word,3,2,369,0,0.47609311185310166,20260627,5c170937764175f5f31fb62d39ae06413022f4305aa9482cfe98fa93001c67e0,c5f49266352ec843cb801f3ba88c103f7659e83330bb024f28b7a8eb25e9f274
nonsymptom_same_word,3,2,374,0,0.47144695054376523,20260627,5c170937764175f5f31fb62d39ae06413022f4305aa9482cfe98fa93001c67e0,c5f49266352ec843cb801f3ba88c103f7659e83330bb024f28b7a8eb25e9f274
nonsymptom_same_word,3,2,377,1,0.49853388717264463,20260627,5c170937764175f5f31fb62d39ae06413022f4305aa9482cfe98fa93001c67e0,c5f49266352ec843cb801f3ba88c103f7659e83330bb024f28b7a8eb25e9f274
nonsymptom_same_word,3,2,381,1,0.5605924143578288,20260627,5c170937764175f5f31fb62d39ae06413022f4305aa9482cfe98fa93001c67e0,c5f49266352ec843cb801f3ba88c103f7659e83330bb024f28b7a8eb25e9f274
nonsymptom_same_word,3,2,388,1,0.4501703228088369,20260627,5c170937764175f5f31fb62d39ae06413022f4305aa9482cfe98fa93001c67e0,c5f49266352ec843cb801f3ba88c103f7659e83330bb024f28b7a8eb25e9f274
nonsymptom_same_word,3,2,415,0,0.49113252130933605,20260627,5c170937764175f5f31fb62d39ae06413022f4305aa9482cfe98fa93001c67e0,c5f49266352ec843cb801f3ba88c103f7659e83330bb024f28b7a8eb25e9f274
nonsymptom_same_word,3,2,416,0,0.48835489574930824,20260627,5c170937764175f5f31fb62d39ae06413022f4305aa9482cfe98fa93001c67e0,c5f49266352ec843cb801f3ba88c103f7659e83330bb024f28b7a8eb25e9f274
nonsymptom_same_word,3,2,417,0,0.49882306852079167,20260627,5c170937764175f5f31fb62d39ae06413022f4305aa9482cfe98fa93001c67e0,c5f49266352ec843cb801f3ba88c103f7659e83330bb024f28b7a8eb25e9f274
nonsymptom_same_word,3,2,420,0,0.4546130716296828,20260627,5c170937764175f5f31fb62d39ae06413022f4305aa9482cfe98fa93001c67e0,c5f49266352ec843cb801f3ba88c103f7659e83330bb024f28b7a8eb25e9f274
nonsymptom_same_word,3,2,433,1,0.4856750923254767,20260627,5c170937764175f5f31fb62d39ae06413022f4305aa9482cfe98fa93001c67e0,c5f49266352ec843cb801f3ba88c103f7659e83330bb024f28b7a8eb25e9f274
nonsymptom_same_word,3,2,445,0,0.49444691292081355,20260627,5c170937764175f5f31fb62d39ae06413022f4305aa9482cfe98fa93001c67e0,c5f49266352ec843cb801f3ba88c103f7659e83330bb024f28b7a8eb25e9f274
nonsymptom_same_word,3,2,455,0,0.4820083331358049,20260627,5c170937764175f5f31fb62d39ae06413022f4305aa9482cfe98fa93001c67e0,c5f49266352ec843cb801f3ba88c103f7659e83330bb024f28b7a8eb25e9f274
nonsymptom_same_word,3,2,463,0,0.4577420057160542,20260627,5c170937764175f5f31fb62d39ae06413022f4305aa9482cfe98fa93001c67e0,c5f49266352ec843cb801f3ba88c103f7659e83330bb024f28b7a8eb25e9f274
nonsymptom_same_word,3,2,468,0,0.46769620817313057,20260627,5c170937764175f5f31fb62d39ae06413022f4305aa9482cfe98fa93001c67e0,c5f49266352ec843cb801f3ba88c103f7659e83330bb024f28b7a8eb25e9f274
nonsymptom_same_word,3,2,477,0,0.5204497291424222,20260627,5c170937764175f5f31fb62d39ae06413022f4305aa9482cfe98fa93001c67e0,c5f49266352ec843cb801f3ba88c103f7659e83330bb024f28b7a8eb25e9f274
nonsymptom_same_word,3,2,487,0,0.5045103835823844,20260627,5c170937764175f5f31fb62d39ae06413022f4305aa9482cfe98fa93001c67e0,c5f49266352ec843cb801f3ba88c103f7659e83330bb024f28b7a8eb25e9f274
nonsymptom_same_word,3,3,302,0,0.48440919593281434,20260627,151f3b81d21b6df90b4094c82ac29565bb81f4e356bd1b5a8cbd94ed11cd6983,9486a7e21f505c2481cf5f97f4f297e7145bd1423a39282e04f732067a655bfc
nonsymptom_same_word,3,3,303,0,0.44918539923603323,20260627,151f3b81d21b6df90b4094c82ac29565bb81f4e356bd1b5a8cbd94ed11cd6983,9486a7e21f505c2481cf5f97f4f297e7145bd1423a39282e04f732067a655bfc
nonsymptom_same_word,3,3,313,0,0.44751831285270083,20260627,151f3b81d21b6df90b4094c82ac29565bb81f4e356bd1b5a8cbd94ed11cd6983,9486a7e21f505c2481cf5f97f4f297e7145bd1423a39282e04f732067a655bfc
nonsymptom_same_word,3,3,326,0,0.3855871376115429,20260627,151f3b81d21b6df90b4094c82ac29565bb81f4e356bd1b5a8cbd94ed11cd6983,9486a7e21f505c2481cf5f97f4f297e7145bd1423a39282e04f732067a655bfc
nonsymptom_same_word,3,3,333,0,0.4716183108469487,20260627,151f3b81d21b6df90b4094c82ac29565bb81f4e356bd1b5a8cbd94ed11cd6983,9486a7e21f505c2481cf5f97f4f297e7145bd1423a39282e04f732067a655bfc
nonsymptom_same_word,3,3,346,1,0.5751011376261904,20260627,151f3b81d21b6df90b4094c82ac29565bb81f4e356bd1b5a8cbd94ed11cd6983,9486a7e21f505c2481cf5f97f4f297e7145bd1423a39282e04f732067a655bfc
nonsymptom_same_word,3,3,347,1,0.4409846177887086,20260627,151f3b81d21b6df90b4094c82ac29565bb81f4e356bd1b5a8cbd94ed11cd6983,9486a7e21f505c2481cf5f97f4f297e7145bd1423a39282e04f732067a655bfc
nonsymptom_same_word,3,3,348,1,0.47737871165477685,20260627,151f3b81d21b6df90b4094c82ac29565bb81f4e356bd1b5a8cbd94ed11cd6983,9486a7e21f505c2481cf5f97f4f297e7145bd1423a39282e04f732067a655bfc
nonsymptom_same_word,3,3,352,1,0.55122061628694,20260627,151f3b81d21b6df90b4094c82ac29565bb81f4e356bd1b5a8cbd94ed11cd6983,9486a7e21f505c2481cf5f97f4f297e7145bd1423a39282e04f732067a655bfc
nonsymptom_same_word,3,3,358,0,0.46377223735605283,20260627,151f3b81d21b6df90b4094c82ac29565bb81f4e356bd1b5a8cbd94ed11cd6983,9486a7e21f505c2481cf5f97f4f297e7145bd1423a39282e04f732067a655bfc
nonsymptom_same_word,3,3,360,0,0.4777796592638556,20260627,151f3b81d21b6df90b4094c82ac29565bb81f4e356bd1b5a8cbd94ed11cd6983,9486a7e21f505c2481cf5f97f4f297e7145bd1423a39282e04f732067a655bfc
nonsymptom_same_word,3,3,366,0,0.5044086829775216,20260627,151f3b81d21b6df90b4094c82ac29565bb81f4e356bd1b5a8cbd94ed11cd6983,9486a7e21f505c2481cf5f97f4f297e7145bd1423a39282e04f732067a655bfc
nonsymptom_same_word,3,3,368,0,0.5157813737783654,20260627,151f3b81d21b6df90b4094c82ac29565bb81f4e356bd1b5a8cbd94ed11cd6983,9486a7e21f505c2481cf5f97f4f297e7145bd1423a39282e04f732067a655bfc
nonsymptom_same_word,3,3,393,0,0.41096897805461224,20260627,151f3b81d21b6df90b4094c82ac29565bb81f4e356bd1b5a8cbd94ed11cd6983,9486a7e21f505c2481cf5f97f4f297e7145bd1423a39282e04f732067a655bfc
nonsymptom_same_word,3,3,397,0,0.46382011721444255,20260627,151f3b81d21b6df90b4094c82ac29565bb81f4e356bd1b5a8cbd94ed11cd6983,9486a7e21f505c2481cf5f97f4f297e7145bd1423a39282e04f732067a655bfc
nonsymptom_same_word,3,3,400,0,0.4722663788187223,20260627,151f3b81d21b6df90b4094c82ac29565bb81f4e356bd1b5a8cbd94ed11cd6983,9486a7e21f505c2481cf5f97f4f297e7145bd1423a39282e04f732067a655bfc
nonsymptom_same_word,3,3,401,0,0.4900194189128673,20260627,151f3b81d21b6df90b4094c82ac29565bb81f4e356bd1b5a8cbd94ed11cd6983,9486a7e21f505c2481cf5f97f4f297e7145bd1423a39282e04f732067a655bfc
nonsymptom_same_word,3,3,403,0,0.4516191944382738,20260627,151f3b81d21b6df90b4094c82ac29565bb81f4e356bd1b5a8cbd94ed11cd6983,9486a7e21f505c2481cf5f97f4f297e7145bd1423a39282e04f732067a655bfc
nonsymptom_same_word,3,3,413,1,0.5239567900976306,20260627,151f3b81d21b6df90b4094c82ac29565bb81f4e356bd1b5a8cbd94ed11cd6983,9486a7e21f505c2481cf5f97f4f297e7145bd1423a39282e04f732067a655bfc
nonsymptom_same_word,3,3,426,1,0.4603995527073317,20260627,151f3b81d21b6df90b4094c82ac29565bb81f4e356bd1b5a8cbd94ed11cd6983,9486a7e21f505c2481cf5f97f4f297e7145bd1423a39282e04f732067a655bfc
nonsymptom_same_word,3,3,454,0,0.4438845248573932,20260627,151f3b81d21b6df90b4094c82ac29565bb81f4e356bd1b5a8cbd94ed11cd6983,9486a7e21f505c2481cf5f97f4f297e7145bd1423a39282e04f732067a655bfc
nonsymptom_same_word,3,3,458,0,0.47719674390562616,20260627,151f3b81d21b6df90b4094c82ac29565bb81f4e356bd1b5a8cbd94ed11cd6983,9486a7e21f505c2481cf5f97f4f297e7145bd1423a39282e04f732067a655bfc
nonsymptom_same_word,3,3,459,1,0.5145511374662042,20260627,151f3b81d21b6df90b4094c82ac29565bb81f4e356bd1b5a8cbd94ed11cd6983,9486a7e21f505c2481cf5f97f4f297e7145bd1423a39282e04f732067a655bfc
nonsymptom_same_word,3,3,476,0,0.4384644981954299,20260627,151f3b81d21b6df90b4094c82ac29565bb81f4e356bd1b5a8cbd94ed11cd6983,9486a7e21f505c2481cf5f97f4f297e7145bd1423a39282e04f732067a655bfc
nonsymptom_same_word,3,3,482,0,0.4984854673021047,20260627,151f3b81d21b6df90b4094c82ac29565bb81f4e356bd1b5a8cbd94ed11cd6983,9486a7e21f505c2481cf5f97f4f297e7145bd1423a39282e04f732067a655bfc
nonsymptom_same_word,3,3,483,1,0.4750952929409618,20260627,151f3b81d21b6df90b4094c82ac29565bb81f4e356bd1b5a8cbd94ed11cd6983,9486a7e21f505c2481cf5f97f4f297e7145bd1423a39282e04f732067a655bfc
nonsymptom_same_word,3,3,484,0,0.5103438938916827,20260627,151f3b81d21b6df90b4094c82ac29565bb81f4e356bd1b5a8cbd94ed11cd6983,9486a7e21f505c2481cf5f97f4f297e7145bd1423a39282e04f732067a655bfc
nonsymptom_same_word,3,3,488,0,0.47372775995035793,20260627,151f3b81d21b6df90b4094c82ac29565bb81f4e356bd1b5a8cbd94ed11cd6983,9486a7e21f505c2481cf5f97f4f297e7145bd1423a39282e04f732067a655bfc
nonsymptom_same_word,3,4,318,0,0.4079327365400258,20260627,aa81a7bca4153bf078228e2c8004f3f7c1cce137579ab6067dd67a4d7536e066,0d129a00b4a34ff11e762fb72f347f485c65acd726d6aeeb0c2edb4f3f437b03
nonsymptom_same_word,3,4,321,1,0.5288598188954763,20260627,aa81a7bca4153bf078228e2c8004f3f7c1cce137579ab6067dd67a4d7536e066,0d129a00b4a34ff11e762fb72f347f485c65acd726d6aeeb0c2edb4f3f437b03
nonsymptom_same_word,3,4,324,0,0.48723429006731667,20260627,aa81a7bca4153bf078228e2c8004f3f7c1cce137579ab6067dd67a4d7536e066,0d129a00b4a34ff11e762fb72f347f485c65acd726d6aeeb0c2edb4f3f437b03
nonsymptom_same_word,3,4,325,1,0.5556694740066286,20260627,aa81a7bca4153bf078228e2c8004f3f7c1cce137579ab6067dd67a4d7536e066,0d129a00b4a34ff11e762fb72f347f485c65acd726d6aeeb0c2edb4f3f437b03
nonsymptom_same_word,3,4,327,0,0.47684504133782707,20260627,aa81a7bca4153bf078228e2c8004f3f7c1cce137579ab6067dd67a4d7536e066,0d129a00b4a34ff11e762fb72f347f485c65acd726d6aeeb0c2edb4f3f437b03
nonsymptom_same_word,3,4,330,1,0.4406217132015217,20260627,aa81a7bca4153bf078228e2c8004f3f7c1cce137579ab6067dd67a4d7536e066,0d129a00b4a34ff11e762fb72f347f485c65acd726d6aeeb0c2edb4f3f437b03
nonsymptom_same_word,3,4,331,0,0.5170365798819603,20260627,aa81a7bca4153bf078228e2c8004f3f7c1cce137579ab6067dd67a4d7536e066,0d129a00b4a34ff11e762fb72f347f485c65acd726d6aeeb0c2edb4f3f437b03
nonsymptom_same_word,3,4,372,1,0.4962133993093647,20260627,aa81a7bca4153bf078228e2c8004f3f7c1cce137579ab6067dd67a4d7536e066,0d129a00b4a34ff11e762fb72f347f485c65acd726d6aeeb0c2edb4f3f437b03
nonsymptom_same_word,3,4,376,1,0.517208864914711,20260627,aa81a7bca4153bf078228e2c8004f3f7c1cce137579ab6067dd67a4d7536e066,0d129a00b4a34ff11e762fb72f347f485c65acd726d6aeeb0c2edb4f3f437b03
nonsymptom_same_word,3,4,380,1,0.4690400665117167,20260627,aa81a7bca4153bf078228e2c8004f3f7c1cce137579ab6067dd67a4d7536e066,0d129a00b4a34ff11e762fb72f347f485c65acd726d6aeeb0c2edb4f3f437b03
nonsymptom_same_word,3,4,386,1,0.49695835763584995,20260627,aa81a7bca4153bf078228e2c8004f3f7c1cce137579ab6067dd67a4d7536e066,0d129a00b4a34ff11e762fb72f347f485c65acd726d6aeeb0c2edb4f3f437b03
nonsymptom_same_word,3,4,391,0,0.4180181235376977,20260627,aa81a7bca4153bf078228e2c8004f3f7c1cce137579ab6067dd67a4d7536e066,0d129a00b4a34ff11e762fb72f347f485c65acd726d6aeeb0c2edb4f3f437b03
nonsymptom_same_word,3,4,402,1,0.48123017181104166,20260627,aa81a7bca4153bf078228e2c8004f3f7c1cce137579ab6067dd67a4d7536e066,0d129a00b4a34ff11e762fb72f347f485c65acd726d6aeeb0c2edb4f3f437b03
nonsymptom_same_word,3,4,406,0,0.4541429546679531,20260627,aa81a7bca4153bf078228e2c8004f3f7c1cce137579ab6067dd67a4d7536e066,0d129a00b4a34ff11e762fb72f347f485c65acd726d6aeeb0c2edb4f3f437b03
nonsymptom_same_word,3,4,419,0,0.46500867787727695,20260627,aa81a7bca4153bf078228e2c8004f3f7c1cce137579ab6067dd67a4d7536e066,0d129a00b4a34ff11e762fb72f347f485c65acd726d6aeeb0c2edb4f3f437b03
nonsymptom_same_word,3,4,423,0,0.46451489521125916,20260627,aa81a7bca4153bf078228e2c8004f3f7c1cce137579ab6067dd67a4d7536e066,0d129a00b4a34ff11e762fb72f347f485c65acd726d6aeeb0c2edb4f3f437b03
nonsymptom_same_word,3,4,427,0,0.42684462893359243,20260627,aa81a7bca4153bf078228e2c8004f3f7c1cce137579ab6067dd67a4d7536e066,0d129a00b4a34ff11e762fb72f347f485c65acd726d6aeeb0c2edb4f3f437b03
nonsymptom_same_word,3,4,430,0,0.48434914353664615,20260627,aa81a7bca4153bf078228e2c8004f3f7c1cce137579ab6067dd67a4d7536e066,0d129a00b4a34ff11e762fb72f347f485c65acd726d6aeeb0c2edb4f3f437b03
nonsymptom_same_word,3,4,437,0,0.47566697370193395,20260627,aa81a7bca4153bf078228e2c8004f3f7c1cce137579ab6067dd67a4d7536e066,0d129a00b4a34ff11e762fb72f347f485c65acd726d6aeeb0c2edb4f3f437b03
nonsymptom_same_word,3,4,439,0,0.40749533531051885,20260627,aa81a7bca4153bf078228e2c8004f3f7c1cce137579ab6067dd67a4d7536e066,0d129a00b4a34ff11e762fb72f347f485c65acd726d6aeeb0c2edb4f3f437b03
nonsymptom_same_word,3,4,444,0,0.527433354325808,20260627,aa81a7bca4153bf078228e2c8004f3f7c1cce137579ab6067dd67a4d7536e066,0d129a00b4a34ff11e762fb72f347f485c65acd726d6aeeb0c2edb4f3f437b03
nonsymptom_same_word,3,4,449,0,0.4901602104877338,20260627,aa81a7bca4153bf078228e2c8004f3f7c1cce137579ab6067dd67a4d7536e066,0d129a00b4a34ff11e762fb72f347f485c65acd726d6aeeb0c2edb4f3f437b03
nonsymptom_same_word,3,4,457,0,0.4997799547509079,20260627,aa81a7bca4153bf078228e2c8004f3f7c1cce137579ab6067dd67a4d7536e066,0d129a00b4a34ff11e762fb72f347f485c65acd726d6aeeb0c2edb4f3f437b03
nonsymptom_same_word,3,4,471,0,0.46806372280374825,20260627,aa81a7bca4153bf078228e2c8004f3f7c1cce137579ab6067dd67a4d7536e066,0d129a00b4a34ff11e762fb72f347f485c65acd726d6aeeb0c2edb4f3f437b03
nonsymptom_same_word,3,4,472,0,0.5106198304153998,20260627,aa81a7bca4153bf078228e2c8004f3f7c1cce137579ab6067dd67a4d7536e066,0d129a00b4a34ff11e762fb72f347f485c65acd726d6aeeb0c2edb4f3f437b03
nonsymptom_same_word,3,4,475,0,0.4793466501626154,20260627,aa81a7bca4153bf078228e2c8004f3f7c1cce137579ab6067dd67a4d7536e066,0d129a00b4a34ff11e762fb72f347f485c65acd726d6aeeb0c2edb4f3f437b03
nonsymptom_same_word,3,4,486,0,0.43838682180060734,20260627,aa81a7bca4153bf078228e2c8004f3f7c1cce137579ab6067dd67a4d7536e066,0d129a00b4a34ff11e762fb72f347f485c65acd726d6aeeb0c2edb4f3f437b03
nonsymptom_same_word,3,4,490,0,0.4470838273405737,20260627,aa81a7bca4153bf078228e2c8004f3f7c1cce137579ab6067dd67a4d7536e066,0d129a00b4a34ff11e762fb72f347f485c65acd726d6aeeb0c2edb4f3f437b03
nonsymptom_same_word,3,5,315,0,0.5100526907517592,20260627,9ccec4f70f31a45ac34db13d647deb0a60f71ce20e9357fcb57a2a17d9ac9350,440e9617346cae42399159e9fd361cb43b50262d938187e84d1cc4a872f4dca8
nonsymptom_same_word,3,5,317,0,0.40303028094000537,20260627,9ccec4f70f31a45ac34db13d647deb0a60f71ce20e9357fcb57a2a17d9ac9350,440e9617346cae42399159e9fd361cb43b50262d938187e84d1cc4a872f4dca8
nonsymptom_same_word,3,5,338,1,0.4889279172762316,20260627,9ccec4f70f31a45ac34db13d647deb0a60f71ce20e9357fcb57a2a17d9ac9350,440e9617346cae42399159e9fd361cb43b50262d938187e84d1cc4a872f4dca8
nonsymptom_same_word,3,5,343,0,0.46074416334506196,20260627,9ccec4f70f31a45ac34db13d647deb0a60f71ce20e9357fcb57a2a17d9ac9350,440e9617346cae42399159e9fd361cb43b50262d938187e84d1cc4a872f4dca8
nonsymptom_same_word,3,5,345,1,0.5711873454951181,20260627,9ccec4f70f31a45ac34db13d647deb0a60f71ce20e9357fcb57a2a17d9ac9350,440e9617346cae42399159e9fd361cb43b50262d938187e84d1cc4a872f4dca8
nonsymptom_same_word,3,5,355,1,0.4444136377570152,20260627,9ccec4f70f31a45ac34db13d647deb0a60f71ce20e9357fcb57a2a17d9ac9350,440e9617346cae42399159e9fd361cb43b50262d938187e84d1cc4a872f4dca8
nonsymptom_same_word,3,5,356,1,0.5153737774848275,20260627,9ccec4f70f31a45ac34db13d647deb0a60f71ce20e9357fcb57a2a17d9ac9350,440e9617346cae42399159e9fd361cb43b50262d938187e84d1cc4a872f4dca8
nonsymptom_same_word,3,5,370,0,0.4629590649218382,20260627,9ccec4f70f31a45ac34db13d647deb0a60f71ce20e9357fcb57a2a17d9ac9350,440e9617346cae42399159e9fd361cb43b50262d938187e84d1cc4a872f4dca8
nonsymptom_same_word,3,5,375,0,0.4704223933689894,20260627,9ccec4f70f31a45ac34db13d647deb0a60f71ce20e9357fcb57a2a17d9ac9350,440e9617346cae42399159e9fd361cb43b50262d938187e84d1cc4a872f4dca8
nonsymptom_same_word,3,5,383,0,0.45026107547642646,20260627,9ccec4f70f31a45ac34db13d647deb0a60f71ce20e9357fcb57a2a17d9ac9350,440e9617346cae42399159e9fd361cb43b50262d938187e84d1cc4a872f4dca8
nonsymptom_same_word,3,5,389,1,0.4717396259448203,20260627,9ccec4f70f31a45ac34db13d647deb0a60f71ce20e9357fcb57a2a17d9ac9350,440e9617346cae42399159e9fd361cb43b50262d938187e84d1cc4a872f4dca8
nonsymptom_same_word,3,5,390,0,0.5071434090323462,20260627,9ccec4f70f31a45ac34db13d647deb0a60f71ce20e9357fcb57a2a17d9ac9350,440e9617346cae42399159e9fd361cb43b50262d938187e84d1cc4a872f4dca8
nonsymptom_same_word,3,5,404,0,0.4758343407398403,20260627,9ccec4f70f31a45ac34db13d647deb0a60f71ce20e9357fcb57a2a17d9ac9350,440e9617346cae42399159e9fd361cb43b50262d938187e84d1cc4a872f4dca8
nonsymptom_same_word,3,5,412,1,0.4133639375973931,20260627,9ccec4f70f31a45ac34db13d647deb0a60f71ce20e9357fcb57a2a17d9ac9350,440e9617346cae42399159e9fd361cb43b50262d938187e84d1cc4a872f4dca8
nonsymptom_same_word,3,5,414,1,0.49966480027448595,20260627,9ccec4f70f31a45ac34db13d647deb0a60f71ce20e9357fcb57a2a17d9ac9350,440e9617346cae42399159e9fd361cb43b50262d938187e84d1cc4a872f4dca8
nonsymptom_same_word,3,5,422,1,0.5298387636573498,20260627,9ccec4f70f31a45ac34db13d647deb0a60f71ce20e9357fcb57a2a17d9ac9350,440e9617346cae42399159e9fd361cb43b50262d938187e84d1cc4a872f4dca8
nonsymptom_same_word,3,5,429,0,0.4571822084758013,20260627,9ccec4f70f31a45ac34db13d647deb0a60f71ce20e9357fcb57a2a17d9ac9350,440e9617346cae42399159e9fd361cb43b50262d938187e84d1cc4a872f4dca8
nonsymptom_same_word,3,5,446,0,0.49022237230698046,20260627,9ccec4f70f31a45ac34db13d647deb0a60f71ce20e9357fcb57a2a17d9ac9350,440e9617346cae42399159e9fd361cb43b50262d938187e84d1cc4a872f4dca8
nonsymptom_same_word,3,5,448,1,0.4982594596472879,20260627,9ccec4f70f31a45ac34db13d647deb0a60f71ce20e9357fcb57a2a17d9ac9350,440e9617346cae42399159e9fd361cb43b50262d938187e84d1cc4a872f4dca8
nonsymptom_same_word,3,5,451,0,0.53694428651493,20260627,9ccec4f70f31a45ac34db13d647deb0a60f71ce20e9357fcb57a2a17d9ac9350,440e9617346cae42399159e9fd361cb43b50262d938187e84d1cc4a872f4dca8
nonsymptom_same_word,3,5,456,0,0.5037403983006064,20260627,9ccec4f70f31a45ac34db13d647deb0a60f71ce20e9357fcb57a2a17d9ac9350,440e9617346cae42399159e9fd361cb43b50262d938187e84d1cc4a872f4dca8
nonsymptom_same_word,3,5,473,0,0.4895675110152513,20260627,9ccec4f70f31a45ac34db13d647deb0a60f71ce20e9357fcb57a2a17d9ac9350,440e9617346cae42399159e9fd361cb43b50262d938187e84d1cc4a872f4dca8
nonsymptom_same_word,3,5,474,0,0.5000278916390719,20260627,9ccec4f70f31a45ac34db13d647deb0a60f71ce20e9357fcb57a2a17d9ac9350,440e9617346cae42399159e9fd361cb43b50262d938187e84d1cc4a872f4dca8
nonsymptom_same_word,3,5,479,0,0.41094000598028,20260627,9ccec4f70f31a45ac34db13d647deb0a60f71ce20e9357fcb57a2a17d9ac9350,440e9617346cae42399159e9fd361cb43b50262d938187e84d1cc4a872f4dca8
nonsymptom_same_word,3,5,485,0,0.41415855422686076,20260627,9ccec4f70f31a45ac34db13d647deb0a60f71ce20e9357fcb57a2a17d9ac9350,440e9617346cae42399159e9fd361cb43b50262d938187e84d1cc4a872f4dca8
nonsymptom_same_word,3,5,489,0,0.42318603266064386,20260627,9ccec4f70f31a45ac34db13d647deb0a60f71ce20e9357fcb57a2a17d9ac9350,440e9617346cae42399159e9fd361cb43b50262d938187e84d1cc4a872f4dca8
nonsymptom_same_word,3,5,491,0,0.4309613919182037,20260627,9ccec4f70f31a45ac34db13d647deb0a60f71ce20e9357fcb57a2a17d9ac9350,440e9617346cae42399159e9fd361cb43b50262d938187e84d1cc4a872f4dca8
nonsymptom_same_word,3,5,492,0,0.4280236602374018,20260627,9ccec4f70f31a45ac34db13d647deb0a60f71ce20e9357fcb57a2a17d9ac9350,440e9617346cae42399159e9fd361cb43b50262d938187e84d1cc4a872f4dca8
nonsymptom_same_word,4,1,302,0,0.48836962369405307,20260628,43d4576df537443a3264e5c057a3cfbe98824c3a3152dc3892e41762d4412f24,05f50d44395f28de7854a38c9567b9edc015cf7a37d69ce602674798742deab9
nonsymptom_same_word,4,1,305,0,0.49752502174200686,20260628,43d4576df537443a3264e5c057a3cfbe98824c3a3152dc3892e41762d4412f24,05f50d44395f28de7854a38c9567b9edc015cf7a37d69ce602674798742deab9
nonsymptom_same_word,4,1,313,0,0.4226307591710826,20260628,43d4576df537443a3264e5c057a3cfbe98824c3a3152dc3892e41762d4412f24,05f50d44395f28de7854a38c9567b9edc015cf7a37d69ce602674798742deab9
nonsymptom_same_word,4,1,319,1,0.44723047631779445,20260628,43d4576df537443a3264e5c057a3cfbe98824c3a3152dc3892e41762d4412f24,05f50d44395f28de7854a38c9567b9edc015cf7a37d69ce602674798742deab9
nonsymptom_same_word,4,1,330,1,0.41144950097636024,20260628,43d4576df537443a3264e5c057a3cfbe98824c3a3152dc3892e41762d4412f24,05f50d44395f28de7854a38c9567b9edc015cf7a37d69ce602674798742deab9
nonsymptom_same_word,4,1,339,1,0.475078803141227,20260628,43d4576df537443a3264e5c057a3cfbe98824c3a3152dc3892e41762d4412f24,05f50d44395f28de7854a38c9567b9edc015cf7a37d69ce602674798742deab9
nonsymptom_same_word,4,1,340,0,0.4223049034215173,20260628,43d4576df537443a3264e5c057a3cfbe98824c3a3152dc3892e41762d4412f24,05f50d44395f28de7854a38c9567b9edc015cf7a37d69ce602674798742deab9
nonsymptom_same_word,4,1,343,0,0.47502912853814605,20260628,43d4576df537443a3264e5c057a3cfbe98824c3a3152dc3892e41762d4412f24,05f50d44395f28de7854a38c9567b9edc015cf7a37d69ce602674798742deab9
nonsymptom_same_word,4,1,344,1,0.5197558914313871,20260628,43d4576df537443a3264e5c057a3cfbe98824c3a3152dc3892e41762d4412f24,05f50d44395f28de7854a38c9567b9edc015cf7a37d69ce602674798742deab9
nonsymptom_same_word,4,1,345,1,0.576463884852723,20260628,43d4576df537443a3264e5c057a3cfbe98824c3a3152dc3892e41762d4412f24,05f50d44395f28de7854a38c9567b9edc015cf7a37d69ce602674798742deab9
nonsymptom_same_word,4,1,355,1,0.426422509193386,20260628,43d4576df537443a3264e5c057a3cfbe98824c3a3152dc3892e41762d4412f24,05f50d44395f28de7854a38c9567b9edc015cf7a37d69ce602674798742deab9
nonsymptom_same_word,4,1,364,0,0.4635777611447616,20260628,43d4576df537443a3264e5c057a3cfbe98824c3a3152dc3892e41762d4412f24,05f50d44395f28de7854a38c9567b9edc015cf7a37d69ce602674798742deab9
nonsymptom_same_word,4,1,370,0,0.4796313498931767,20260628,43d4576df537443a3264e5c057a3cfbe98824c3a3152dc3892e41762d4412f24,05f50d44395f28de7854a38c9567b9edc015cf7a37d69ce602674798742deab9
nonsymptom_same_word,4,1,390,0,0.5094023648942522,20260628,43d4576df537443a3264e5c057a3cfbe98824c3a3152dc3892e41762d4412f24,05f50d44395f28de7854a38c9567b9edc015cf7a37d69ce602674798742deab9
nonsymptom_same_word,4,1,393,0,0.4242369439314993,20260628,43d4576df537443a3264e5c057a3cfbe98824c3a3152dc3892e41762d4412f24,05f50d44395f28de7854a38c9567b9edc015cf7a37d69ce602674798742deab9
nonsymptom_same_word,4,1,400,0,0.4742831627239837,20260628,43d4576df537443a3264e5c057a3cfbe98824c3a3152dc3892e41762d4412f24,05f50d44395f28de7854a38c9567b9edc015cf7a37d69ce602674798742deab9
nonsymptom_same_word,4,1,404,0,0.48748526014357246,20260628,43d4576df537443a3264e5c057a3cfbe98824c3a3152dc3892e41762d4412f24,05f50d44395f28de7854a38c9567b9edc015cf7a37d69ce602674798742deab9
nonsymptom_same_word,4,1,412,1,0.43361605518504254,20260628,43d4576df537443a3264e5c057a3cfbe98824c3a3152dc3892e41762d4412f24,05f50d44395f28de7854a38c9567b9edc015cf7a37d69ce602674798742deab9
nonsymptom_same_word,4,1,414,1,0.4874434675541932,20260628,43d4576df537443a3264e5c057a3cfbe98824c3a3152dc3892e41762d4412f24,05f50d44395f28de7854a38c9567b9edc015cf7a37d69ce602674798742deab9
nonsymptom_same_word,4,1,425,0,0.48684769599300565,20260628,43d4576df537443a3264e5c057a3cfbe98824c3a3152dc3892e41762d4412f24,05f50d44395f28de7854a38c9567b9edc015cf7a37d69ce602674798742deab9
nonsymptom_same_word,4,1,427,0,0.41261227925204386,20260628,43d4576df537443a3264e5c057a3cfbe98824c3a3152dc3892e41762d4412f24,05f50d44395f28de7854a38c9567b9edc015cf7a37d69ce602674798742deab9
nonsymptom_same_word,4,1,429,0,0.44150429123475365,20260628,43d4576df537443a3264e5c057a3cfbe98824c3a3152dc3892e41762d4412f24,05f50d44395f28de7854a38c9567b9edc015cf7a37d69ce602674798742deab9
nonsymptom_same_word,4,1,436,0,0.43937801954553396,20260628,43d4576df537443a3264e5c057a3cfbe98824c3a3152dc3892e41762d4412f24,05f50d44395f28de7854a38c9567b9edc015cf7a37d69ce602674798742deab9
nonsymptom_same_word,4,1,440,1,0.4871518681930003,20260628,43d4576df537443a3264e5c057a3cfbe98824c3a3152dc3892e41762d4412f24,05f50d44395f28de7854a38c9567b9edc015cf7a37d69ce602674798742deab9
nonsymptom_same_word,4,1,449,0,0.50125591987724,20260628,43d4576df537443a3264e5c057a3cfbe98824c3a3152dc3892e41762d4412f24,05f50d44395f28de7854a38c9567b9edc015cf7a37d69ce602674798742deab9
nonsymptom_same_word,4,1,456,0,0.5143228674852188,20260628,43d4576df537443a3264e5c057a3cfbe98824c3a3152dc3892e41762d4412f24,05f50d44395f28de7854a38c9567b9edc015cf7a37d69ce602674798742deab9
nonsymptom_same_word,4,1,482,0,0.5013670674404108,20260628,43d4576df537443a3264e5c057a3cfbe98824c3a3152dc3892e41762d4412f24,05f50d44395f28de7854a38c9567b9edc015cf7a37d69ce602674798742deab9
nonsymptom_same_word,4,1,485,0,0.41789444357844785,20260628,43d4576df537443a3264e5c057a3cfbe98824c3a3152dc3892e41762d4412f24,05f50d44395f28de7854a38c9567b9edc015cf7a37d69ce602674798742deab9
nonsymptom_same_word,4,1,487,0,0.5106080415837928,20260628,43d4576df537443a3264e5c057a3cfbe98824c3a3152dc3892e41762d4412f24,05f50d44395f28de7854a38c9567b9edc015cf7a37d69ce602674798742deab9
nonsymptom_same_word,4,2,303,0,0.486372569704816,20260628,4cf36b3a9510c9ae2de34fe040aedee932f46c25500790663ed966ae26395e45,09757f28c5fc6147e2c76be80cfbcc1cf6dedef37eb5d924f3d64560441fbcae
nonsymptom_same_word,4,2,316,0,0.5018140028205252,20260628,4cf36b3a9510c9ae2de34fe040aedee932f46c25500790663ed966ae26395e45,09757f28c5fc6147e2c76be80cfbcc1cf6dedef37eb5d924f3d64560441fbcae
nonsymptom_same_word,4,2,325,1,0.5629863376639548,20260628,4cf36b3a9510c9ae2de34fe040aedee932f46c25500790663ed966ae26395e45,09757f28c5fc6147e2c76be80cfbcc1cf6dedef37eb5d924f3d64560441fbcae
nonsymptom_same_word,4,2,328,0,0.49588111508836474,20260628,4cf36b3a9510c9ae2de34fe040aedee932f46c25500790663ed966ae26395e45,09757f28c5fc6147e2c76be80cfbcc1cf6dedef37eb5d924f3d64560441fbcae
nonsymptom_same_word,4,2,333,0,0.47964658154820106,20260628,4cf36b3a9510c9ae2de34fe040aedee932f46c25500790663ed966ae26395e45,09757f28c5fc6147e2c76be80cfbcc1cf6dedef37eb5d924f3d64560441fbcae
nonsymptom_same_word,4,2,346,1,0.59234943030433,20260628,4cf36b3a9510c9ae2de34fe040aedee932f46c25500790663ed966ae26395e45,09757f28c5fc6147e2c76be80cfbcc1cf6dedef37eb5d924f3d64560441fbcae
nonsymptom_same_word,4,2,347,1,0.4474057258055652,20260628,4cf36b3a9510c9ae2de34fe040aedee932f46c25500790663ed966ae26395e45,09757f28c5fc6147e2c76be80cfbcc1cf6dedef37eb5d924f3d64560441fbcae
nonsymptom_same_word,4,2,350,1,0.4953576137412699,20260628,4cf36b3a9510c9ae2de34fe040aedee932f46c25500790663ed966ae26395e45,09757f28c5fc6147e2c76be80cfbcc1cf6dedef37eb5d924f3d64560441fbcae
nonsymptom_same_word,4,2,360,0,0.4669136623393612,20260628,4cf36b3a9510c9ae2de34fe040aedee932f46c25500790663ed966ae26395e45,09757f28c5fc6147e2c76be80cfbcc1cf6dedef37eb5d924f3d64560441fbcae
nonsymptom_same_word,4,2,363,0,0.4807315863851388,20260628,4cf36b3a9510c9ae2de34fe040aedee932f46c25500790663ed966ae26395e45,09757f28c5fc6147e2c76be80cfbcc1cf6dedef37eb5d924f3d64560441fbcae
nonsymptom_same_word,4,2,369,0,0.4542618152546588,20260628,4cf36b3a9510c9ae2de34fe040aedee932f46c25500790663ed966ae26395e45,09757f28c5fc6147e2c76be80cfbcc1cf6dedef37eb5d924f3d64560441fbcae
nonsymptom_same_word,4,2,389,1,0.44270784344282865,20260628,4cf36b3a9510c9ae2de34fe040aedee932f46c25500790663ed966ae26395e45,09757f28c5fc6147e2c76be80cfbcc1cf6dedef37eb5d924f3d64560441fbcae
nonsymptom_same_word,4,2,392,0,0.4331334659029725,20260628,4cf36b3a9510c9ae2de34fe040aedee932f46c25500790663ed966ae26395e45,09757f28c5fc6147e2c76be80cfbcc1cf6dedef37eb5d924f3d64560441fbcae
nonsymptom_same_word,4,2,401,0,0.47796986977868544,20260628,4cf36b3a9510c9ae2de34fe040aedee932f46c25500790663ed966ae26395e45,09757f28c5fc6147e2c76be80cfbcc1cf6dedef37eb5d924f3d64560441fbcae
nonsymptom_same_word,4,2,415,0,0.4859543601751401,20260628,4cf36b3a9510c9ae2de34fe040aedee932f46c25500790663ed966ae26395e45,09757f28c5fc6147e2c76be80cfbcc1cf6dedef37eb5d924f3d64560441fbcae
nonsymptom_same_word,4,2,418,1,0.5038959701816164,20260628,4cf36b3a9510c9ae2de34fe040aedee932f46c25500790663ed966ae26395e45,09757f28c5fc6147e2c76be80cfbcc1cf6dedef37eb5d924f3d64560441fbcae
nonsymptom_same_word,4,2,420,0,0.45602788792788784,20260628,4cf36b3a9510c9ae2de34fe040aedee932f46c25500790663ed966ae26395e45,09757f28c5fc6147e2c76be80cfbcc1cf6dedef37eb5d924f3d64560441fbcae
nonsymptom_same_word,4,2,433,1,0.46875010298986236,20260628,4cf36b3a9510c9ae2de34fe040aedee932f46c25500790663ed966ae26395e45,09757f28c5fc6147e2c76be80cfbcc1cf6dedef37eb5d924f3d64560441fbcae
nonsymptom_same_word,4,2,437,0,0.4819290383302144,20260628,4cf36b3a9510c9ae2de34fe040aedee932f46c25500790663ed966ae26395e45,09757f28c5fc6147e2c76be80cfbcc1cf6dedef37eb5d924f3d64560441fbcae
nonsymptom_same_word,4,2,439,0,0.4403924771850911,20260628,4cf36b3a9510c9ae2de34fe040aedee932f46c25500790663ed966ae26395e45,09757f28c5fc6147e2c76be80cfbcc1cf6dedef37eb5d924f3d64560441fbcae
nonsymptom_same_word,4,2,441,1,0.5143301527343052,20260628,4cf36b3a9510c9ae2de34fe040aedee932f46c25500790663ed966ae26395e45,09757f28c5fc6147e2c76be80cfbcc1cf6dedef37eb5d924f3d64560441fbcae
nonsymptom_same_word,4,2,444,0,0.5268476472846779,20260628,4cf36b3a9510c9ae2de34fe040aedee932f46c25500790663ed966ae26395e45,09757f28c5fc6147e2c76be80cfbcc1cf6dedef37eb5d924f3d64560441fbcae
nonsymptom_same_word,4,2,446,0,0.4886550778148104,20260628,4cf36b3a9510c9ae2de34fe040aedee932f46c25500790663ed966ae26395e45,09757f28c5fc6147e2c76be80cfbcc1cf6dedef37eb5d924f3d64560441fbcae
nonsymptom_same_word,4,2,447,0,0.5310503020599789,20260628,4cf36b3a9510c9ae2de34fe040aedee932f46c25500790663ed966ae26395e45,09757f28c5fc6147e2c76be80cfbcc1cf6dedef37eb5d924f3d64560441fbcae
nonsymptom_same_word,4,2,459,1,0.522108501593638,20260628,4cf36b3a9510c9ae2de34fe040aedee932f46c25500790663ed966ae26395e45,09757f28c5fc6147e2c76be80cfbcc1cf6dedef37eb5d924f3d64560441fbcae
nonsymptom_same_word,4,2,468,0,0.45582944772929956,20260628,4cf36b3a9510c9ae2de34fe040aedee932f46c25500790663ed966ae26395e45,09757f28c5fc6147e2c76be80cfbcc1cf6dedef37eb5d924f3d64560441fbcae
nonsymptom_same_word,4,2,476,0,0.45412388543162446,20260628,4cf36b3a9510c9ae2de34fe040aedee932f46c25500790663ed966ae26395e45,09757f28c5fc6147e2c76be80cfbcc1cf6dedef37eb5d924f3d64560441fbcae
nonsymptom_same_word,4,2,477,0,0.547683552368715,20260628,4cf36b3a9510c9ae2de34fe040aedee932f46c25500790663ed966ae26395e45,09757f28c5fc6147e2c76be80cfbcc1cf6dedef37eb5d924f3d64560441fbcae
nonsymptom_same_word,4,2,491,0,0.4557499541999185,20260628,4cf36b3a9510c9ae2de34fe040aedee932f46c25500790663ed966ae26395e45,09757f28c5fc6147e2c76be80cfbcc1cf6dedef37eb5d924f3d64560441fbcae
nonsymptom_same_word,4,3,310,0,0.44496719802088464,20260628,0e2954ba7aab83a697256619ec2e53b27b7df4e5dd7ebb6963a9e3d18d2452e1,bc28ca8b123dfffa1ad107301c242826fb3a5297311658619bbf86617677088b
nonsymptom_same_word,4,3,315,0,0.4886005626601335,20260628,0e2954ba7aab83a697256619ec2e53b27b7df4e5dd7ebb6963a9e3d18d2452e1,bc28ca8b123dfffa1ad107301c242826fb3a5297311658619bbf86617677088b
nonsymptom_same_word,4,3,326,0,0.4107524439484358,20260628,0e2954ba7aab83a697256619ec2e53b27b7df4e5dd7ebb6963a9e3d18d2452e1,bc28ca8b123dfffa1ad107301c242826fb3a5297311658619bbf86617677088b
nonsymptom_same_word,4,3,327,0,0.4752725022179726,20260628,0e2954ba7aab83a697256619ec2e53b27b7df4e5dd7ebb6963a9e3d18d2452e1,bc28ca8b123dfffa1ad107301c242826fb3a5297311658619bbf86617677088b
nonsymptom_same_word,4,3,331,0,0.5030393866791267,20260628,0e2954ba7aab83a697256619ec2e53b27b7df4e5dd7ebb6963a9e3d18d2452e1,bc28ca8b123dfffa1ad107301c242826fb3a5297311658619bbf86617677088b
nonsymptom_same_word,4,3,335,1,0.4899894395518035,20260628,0e2954ba7aab83a697256619ec2e53b27b7df4e5dd7ebb6963a9e3d18d2452e1,bc28ca8b123dfffa1ad107301c242826fb3a5297311658619bbf86617677088b
nonsymptom_same_word,4,3,338,1,0.48037159275312763,20260628,0e2954ba7aab83a697256619ec2e53b27b7df4e5dd7ebb6963a9e3d18d2452e1,bc28ca8b123dfffa1ad107301c242826fb3a5297311658619bbf86617677088b
nonsymptom_same_word,4,3,351,1,0.5190805635125839,20260628,0e2954ba7aab83a697256619ec2e53b27b7df4e5dd7ebb6963a9e3d18d2452e1,bc28ca8b123dfffa1ad107301c242826fb3a5297311658619bbf86617677088b
nonsymptom_same_word,4,3,353,1,0.499374184381101,20260628,0e2954ba7aab83a697256619ec2e53b27b7df4e5dd7ebb6963a9e3d18d2452e1,bc28ca8b123dfffa1ad107301c242826fb3a5297311658619bbf86617677088b
nonsymptom_same_word,4,3,372,1,0.4815792771590625,20260628,0e2954ba7aab83a697256619ec2e53b27b7df4e5dd7ebb6963a9e3d18d2452e1,bc28ca8b123dfffa1ad107301c242826fb3a5297311658619bbf86617677088b
nonsymptom_same_word,4,3,374,0,0.4618682345783794,20260628,0e2954ba7aab83a697256619ec2e53b27b7df4e5dd7ebb6963a9e3d18d2452e1,bc28ca8b123dfffa1ad107301c242826fb3a5297311658619bbf86617677088b
nonsymptom_same_word,4,3,375,0,0.4759418988568185,20260628,0e2954ba7aab83a697256619ec2e53b27b7df4e5dd7ebb6963a9e3d18d2452e1,bc28ca8b123dfffa1ad107301c242826fb3a5297311658619bbf86617677088b
nonsymptom_same_word,4,3,380,1,0.4895288525810784,20260628,0e2954ba7aab83a697256619ec2e53b27b7df4e5dd7ebb6963a9e3d18d2452e1,bc28ca8b123dfffa1ad107301c242826fb3a5297311658619bbf86617677088b
nonsymptom_same_word,4,3,383,0,0.39558073339810357,20260628,0e2954ba7aab83a697256619ec2e53b27b7df4e5dd7ebb6963a9e3d18d2452e1,bc28ca8b123dfffa1ad107301c242826fb3a5297311658619bbf86617677088b
nonsymptom_same_word,4,3,388,1,0.48094063434136786,20260628,0e2954ba7aab83a697256619ec2e53b27b7df4e5dd7ebb6963a9e3d18d2452e1,bc28ca8b123dfffa1ad107301c242826fb3a5297311658619bbf86617677088b
nonsymptom_same_word,4,3,395,0,0.48721416571543347,20260628,0e2954ba7aab83a697256619ec2e53b27b7df4e5dd7ebb6963a9e3d18d2452e1,bc28ca8b123dfffa1ad107301c242826fb3a5297311658619bbf86617677088b
nonsymptom_same_word,4,3,403,0,0.44769901429001596,20260628,0e2954ba7aab83a697256619ec2e53b27b7df4e5dd7ebb6963a9e3d18d2452e1,bc28ca8b123dfffa1ad107301c242826fb3a5297311658619bbf86617677088b
nonsymptom_same_word,4,3,422,1,0.5000279276679511,20260628,0e2954ba7aab83a697256619ec2e53b27b7df4e5dd7ebb6963a9e3d18d2452e1,bc28ca8b123dfffa1ad107301c242826fb3a5297311658619bbf86617677088b
nonsymptom_same_word,4,3,430,0,0.47344124449592473,20260628,0e2954ba7aab83a697256619ec2e53b27b7df4e5dd7ebb6963a9e3d18d2452e1,bc28ca8b123dfffa1ad107301c242826fb3a5297311658619bbf86617677088b
nonsymptom_same_word,4,3,434,0,0.4945700439488556,20260628,0e2954ba7aab83a697256619ec2e53b27b7df4e5dd7ebb6963a9e3d18d2452e1,bc28ca8b123dfffa1ad107301c242826fb3a5297311658619bbf86617677088b
nonsymptom_same_word,4,3,455,0,0.48910457566377663,20260628,0e2954ba7aab83a697256619ec2e53b27b7df4e5dd7ebb6963a9e3d18d2452e1,bc28ca8b123dfffa1ad107301c242826fb3a5297311658619bbf86617677088b
nonsymptom_same_word,4,3,464,0,0.4582719521984859,20260628,0e2954ba7aab83a697256619ec2e53b27b7df4e5dd7ebb6963a9e3d18d2452e1,bc28ca8b123dfffa1ad107301c242826fb3a5297311658619bbf86617677088b
nonsymptom_same_word,4,3,475,0,0.4670188902676599,20260628,0e2954ba7aab83a697256619ec2e53b27b7df4e5dd7ebb6963a9e3d18d2452e1,bc28ca8b123dfffa1ad107301c242826fb3a5297311658619bbf86617677088b
nonsymptom_same_word,4,3,479,0,0.4149626321732604,20260628,0e2954ba7aab83a697256619ec2e53b27b7df4e5dd7ebb6963a9e3d18d2452e1,bc28ca8b123dfffa1ad107301c242826fb3a5297311658619bbf86617677088b
nonsymptom_same_word,4,3,488,0,0.4511996086818074,20260628,0e2954ba7aab83a697256619ec2e53b27b7df4e5dd7ebb6963a9e3d18d2452e1,bc28ca8b123dfffa1ad107301c242826fb3a5297311658619bbf86617677088b
nonsymptom_same_word,4,3,489,0,0.434904466348607,20260628,0e2954ba7aab83a697256619ec2e53b27b7df4e5dd7ebb6963a9e3d18d2452e1,bc28ca8b123dfffa1ad107301c242826fb3a5297311658619bbf86617677088b
nonsymptom_same_word,4,3,490,0,0.4438721767055162,20260628,0e2954ba7aab83a697256619ec2e53b27b7df4e5dd7ebb6963a9e3d18d2452e1,bc28ca8b123dfffa1ad107301c242826fb3a5297311658619bbf86617677088b
nonsymptom_same_word,4,3,492,0,0.44142951083863813,20260628,0e2954ba7aab83a697256619ec2e53b27b7df4e5dd7ebb6963a9e3d18d2452e1,bc28ca8b123dfffa1ad107301c242826fb3a5297311658619bbf86617677088b
nonsymptom_same_word,4,4,304,0,0.42530324304581496,20260628,7aa19d0459bb0993e6cd955f8d1a6c5744c45421a0c99c077ec0da27d353d3cb,b0b8f2818b96349efeb9dd97c1f64014dc928ecd0454b9acfc268cb9128f6d8e
nonsymptom_same_word,4,4,307,0,0.4515191687976925,20260628,7aa19d0459bb0993e6cd955f8d1a6c5744c45421a0c99c077ec0da27d353d3cb,b0b8f2818b96349efeb9dd97c1f64014dc928ecd0454b9acfc268cb9128f6d8e
nonsymptom_same_word,4,4,312,0,0.45447785284913333,20260628,7aa19d0459bb0993e6cd955f8d1a6c5744c45421a0c99c077ec0da27d353d3cb,b0b8f2818b96349efeb9dd97c1f64014dc928ecd0454b9acfc268cb9128f6d8e
nonsymptom_same_word,4,4,318,0,0.3984839401233424,20260628,7aa19d0459bb0993e6cd955f8d1a6c5744c45421a0c99c077ec0da27d353d3cb,b0b8f2818b96349efeb9dd97c1f64014dc928ecd0454b9acfc268cb9128f6d8e
nonsymptom_same_word,4,4,321,1,0.5302078624079973,20260628,7aa19d0459bb0993e6cd955f8d1a6c5744c45421a0c99c077ec0da27d353d3cb,b0b8f2818b96349efeb9dd97c1f64014dc928ecd0454b9acfc268cb9128f6d8e
nonsymptom_same_word,4,4,322,0,0.47620997366309276,20260628,7aa19d0459bb0993e6cd955f8d1a6c5744c45421a0c99c077ec0da27d353d3cb,b0b8f2818b96349efeb9dd97c1f64014dc928ecd0454b9acfc268cb9128f6d8e
nonsymptom_same_word,4,4,341,0,0.5042509656778741,20260628,7aa19d0459bb0993e6cd955f8d1a6c5744c45421a0c99c077ec0da27d353d3cb,b0b8f2818b96349efeb9dd97c1f64014dc928ecd0454b9acfc268cb9128f6d8e
nonsymptom_same_word,4,4,356,1,0.5209549849366539,20260628,7aa19d0459bb0993e6cd955f8d1a6c5744c45421a0c99c077ec0da27d353d3cb,b0b8f2818b96349efeb9dd97c1f64014dc928ecd0454b9acfc268cb9128f6d8e
nonsymptom_same_word,4,4,357,0,0.430385505143072,20260628,7aa19d0459bb0993e6cd955f8d1a6c5744c45421a0c99c077ec0da27d353d3cb,b0b8f2818b96349efeb9dd97c1f64014dc928ecd0454b9acfc268cb9128f6d8e
nonsymptom_same_word,4,4,358,0,0.457298855758632,20260628,7aa19d0459bb0993e6cd955f8d1a6c5744c45421a0c99c077ec0da27d353d3cb,b0b8f2818b96349efeb9dd97c1f64014dc928ecd0454b9acfc268cb9128f6d8e
nonsymptom_same_word,4,4,366,0,0.48900072803019784,20260628,7aa19d0459bb0993e6cd955f8d1a6c5744c45421a0c99c077ec0da27d353d3cb,b0b8f2818b96349efeb9dd97c1f64014dc928ecd0454b9acfc268cb9128f6d8e
nonsymptom_same_word,4,4,367,1,0.5068162496839357,20260628,7aa19d0459bb0993e6cd955f8d1a6c5744c45421a0c99c077ec0da27d353d3cb,b0b8f2818b96349efeb9dd97c1f64014dc928ecd0454b9acfc268cb9128f6d8e
nonsymptom_same_word,4,4,377,1,0.4687690841671152,20260628,7aa19d0459bb0993e6cd955f8d1a6c5744c45421a0c99c077ec0da27d353d3cb,b0b8f2818b96349efeb9dd97c1f64014dc928ecd0454b9acfc268cb9128f6d8e
nonsymptom_same_word,4,4,379,0,0.4968965972362846,20260628,7aa19d0459bb0993e6cd955f8d1a6c5744c45421a0c99c077ec0da27d353d3cb,b0b8f2818b96349efeb9dd97c1f64014dc928ecd0454b9acfc268cb9128f6d8e
nonsymptom_same_word,4,4,382,0,0.4411726049160566,20260628,7aa19d0459bb0993e6cd955f8d1a6c5744c45421a0c99c077ec0da27d353d3cb,b0b8f2818b96349efeb9dd97c1f64014dc928ecd0454b9acfc268cb9128f6d8e
nonsymptom_same_word,4,4,386,1,0.4919102102650525,20260628,7aa19d0459bb0993e6cd955f8d1a6c5744c45421a0c99c077ec0da27d353d3cb,b0b8f2818b96349efeb9dd97c1f64014dc928ecd0454b9acfc268cb9128f6d8e
nonsymptom_same_word,4,4,397,0,0.47983761746538683,20260628,7aa19d0459bb0993e6cd955f8d1a6c5744c45421a0c99c077ec0da27d353d3cb,b0b8f2818b96349efeb9dd97c1f64014dc928ecd0454b9acfc268cb9128f6d8e
nonsymptom_same_word,4,4,402,1,0.4477869393480711,20260628,7aa19d0459bb0993e6cd955f8d1a6c5744c45421a0c99c077ec0da27d353d3cb,b0b8f2818b96349efeb9dd97c1f64014dc928ecd0454b9acfc268cb9128f6d8e
nonsymptom_same_word,4,4,413,1,0.510036597686488,20260628,7aa19d0459bb0993e6cd955f8d1a6c5744c45421a0c99c077ec0da27d353d3cb,b0b8f2818b96349efeb9dd97c1f64014dc928ecd0454b9acfc268cb9128f6d8e
nonsymptom_same_word,4,4,416,0,0.4962466380965101,20260628,7aa19d0459bb0993e6cd955f8d1a6c5744c45421a0c99c077ec0da27d353d3cb,b0b8f2818b96349efeb9dd97c1f64014dc928ecd0454b9acfc268cb9128f6d8e
nonsymptom_same_word,4,4,426,1,0.4757095289950914,20260628,7aa19d0459bb0993e6cd955f8d1a6c5744c45421a0c99c077ec0da27d353d3cb,b0b8f2818b96349efeb9dd97c1f64014dc928ecd0454b9acfc268cb9128f6d8e
nonsymptom_same_word,4,4,443,0,0.39571912534617265,20260628,7aa19d0459bb0993e6cd955f8d1a6c5744c45421a0c99c077ec0da27d353d3cb,b0b8f2818b96349efeb9dd97c1f64014dc928ecd0454b9acfc268cb9128f6d8e
nonsymptom_same_word,4,4,457,0,0.5269849527779117,20260628,7aa19d0459bb0993e6cd955f8d1a6c5744c45421a0c99c077ec0da27d353d3cb,b0b8f2818b96349efeb9dd97c1f64014dc928ecd0454b9acfc268cb9128f6d8e
nonsymptom_same_word,4,4,458,0,0.4653164546990245,20260628,7aa19d0459bb0993e6cd955f8d1a6c5744c45421a0c99c077ec0da27d353d3cb,b0b8f2818b96349efeb9dd97c1f64014dc928ecd0454b9acfc268cb9128f6d8e
nonsymptom_same_word,4,4,463,0,0.4522361693738938,20260628,7aa19d0459bb0993e6cd955f8d1a6c5744c45421a0c99c077ec0da27d353d3cb,b0b8f2818b96349efeb9dd97c1f64014dc928ecd0454b9acfc268cb9128f6d8e
nonsymptom_same_word,4,4,471,0,0.4871453222742362,20260628,7aa19d0459bb0993e6cd955f8d1a6c5744c45421a0c99c077ec0da27d353d3cb,b0b8f2818b96349efeb9dd97c1f64014dc928ecd0454b9acfc268cb9128f6d8e
nonsymptom_same_word,4,4,478,0,0.47500053217761157,20260628,7aa19d0459bb0993e6cd955f8d1a6c5744c45421a0c99c077ec0da27d353d3cb,b0b8f2818b96349efeb9dd97c1f64014dc928ecd0454b9acfc268cb9128f6d8e
nonsymptom_same_word,4,4,486,0,0.42223447260951524,20260628,7aa19d0459bb0993e6cd955f8d1a6c5744c45421a0c99c077ec0da27d353d3cb,b0b8f2818b96349efeb9dd97c1f64014dc928ecd0454b9acfc268cb9128f6d8e
nonsymptom_same_word,4,5,317,0,0.38825625932612684,20260628,762fe24b4af2d40ef2918bfe911c39b7ef42c429c383fde6aebd23542af3c045,ed527e63aa30daa6a6010d52d413e8842789ee62da4dca30cd9f3876e2a2e5dc
nonsymptom_same_word,4,5,320,1,0.4712448096422658,20260628,762fe24b4af2d40ef2918bfe911c39b7ef42c429c383fde6aebd23542af3c045,ed527e63aa30daa6a6010d52d413e8842789ee62da4dca30cd9f3876e2a2e5dc
nonsymptom_same_word,4,5,324,0,0.4678177333159356,20260628,762fe24b4af2d40ef2918bfe911c39b7ef42c429c383fde6aebd23542af3c045,ed527e63aa30daa6a6010d52d413e8842789ee62da4dca30cd9f3876e2a2e5dc
nonsymptom_same_word,4,5,336,0,0.46647234930980297,20260628,762fe24b4af2d40ef2918bfe911c39b7ef42c429c383fde6aebd23542af3c045,ed527e63aa30daa6a6010d52d413e8842789ee62da4dca30cd9f3876e2a2e5dc
nonsymptom_same_word,4,5,348,1,0.4789272588185151,20260628,762fe24b4af2d40ef2918bfe911c39b7ef42c429c383fde6aebd23542af3c045,ed527e63aa30daa6a6010d52d413e8842789ee62da4dca30cd9f3876e2a2e5dc
nonsymptom_same_word,4,5,352,1,0.5452787908415196,20260628,762fe24b4af2d40ef2918bfe911c39b7ef42c429c383fde6aebd23542af3c045,ed527e63aa30daa6a6010d52d413e8842789ee62da4dca30cd9f3876e2a2e5dc
nonsymptom_same_word,4,5,362,1,0.47192296006577156,20260628,762fe24b4af2d40ef2918bfe911c39b7ef42c429c383fde6aebd23542af3c045,ed527e63aa30daa6a6010d52d413e8842789ee62da4dca30cd9f3876e2a2e5dc
nonsymptom_same_word,4,5,368,0,0.5091646184943268,20260628,762fe24b4af2d40ef2918bfe911c39b7ef42c429c383fde6aebd23542af3c045,ed527e63aa30daa6a6010d52d413e8842789ee62da4dca30cd9f3876e2a2e5dc
nonsymptom_same_word,4,5,371,0,0.4427043053571436,20260628,762fe24b4af2d40ef2918bfe911c39b7ef42c429c383fde6aebd23542af3c045,ed527e63aa30daa6a6010d52d413e8842789ee62da4dca30cd9f3876e2a2e5dc
nonsymptom_same_word,4,5,376,1,0.5228566438444926,20260628,762fe24b4af2d40ef2918bfe911c39b7ef42c429c383fde6aebd23542af3c045,ed527e63aa30daa6a6010d52d413e8842789ee62da4dca30cd9f3876e2a2e5dc
nonsymptom_same_word,4,5,381,1,0.5509893127765175,20260628,762fe24b4af2d40ef2918bfe911c39b7ef42c429c383fde6aebd23542af3c045,ed527e63aa30daa6a6010d52d413e8842789ee62da4dca30cd9f3876e2a2e5dc
nonsymptom_same_word,4,5,385,0,0.389674574881105,20260628,762fe24b4af2d40ef2918bfe911c39b7ef42c429c383fde6aebd23542af3c045,ed527e63aa30daa6a6010d52d413e8842789ee62da4dca30cd9f3876e2a2e5dc
nonsymptom_same_word,4,5,391,0,0.4276876190593305,20260628,762fe24b4af2d40ef2918bfe911c39b7ef42c429c383fde6aebd23542af3c045,ed527e63aa30daa6a6010d52d413e8842789ee62da4dca30cd9f3876e2a2e5dc
nonsymptom_same_word,4,5,406,0,0.4626920179631192,20260628,762fe24b4af2d40ef2918bfe911c39b7ef42c429c383fde6aebd23542af3c045,ed527e63aa30daa6a6010d52d413e8842789ee62da4dca30cd9f3876e2a2e5dc
nonsymptom_same_word,4,5,409,1,0.47175201342200856,20260628,762fe24b4af2d40ef2918bfe911c39b7ef42c429c383fde6aebd23542af3c045,ed527e63aa30daa6a6010d52d413e8842789ee62da4dca30cd9f3876e2a2e5dc
nonsymptom_same_word,4,5,417,0,0.5053707802913313,20260628,762fe24b4af2d40ef2918bfe911c39b7ef42c429c383fde6aebd23542af3c045,ed527e63aa30daa6a6010d52d413e8842789ee62da4dca30cd9f3876e2a2e5dc
nonsymptom_same_word,4,5,419,0,0.4674305490463689,20260628,762fe24b4af2d40ef2918bfe911c39b7ef42c429c383fde6aebd23542af3c045,ed527e63aa30daa6a6010d52d413e8842789ee62da4dca30cd9f3876e2a2e5dc
nonsymptom_same_word,4,5,423,0,0.4799422804319699,20260628,762fe24b4af2d40ef2918bfe911c39b7ef42c429c383fde6aebd23542af3c045,ed527e63aa30daa6a6010d52d413e8842789ee62da4dca30cd9f3876e2a2e5dc
nonsymptom_same_word,4,5,428,0,0.49969846251200145,20260628,762fe24b4af2d40ef2918bfe911c39b7ef42c429c383fde6aebd23542af3c045,ed527e63aa30daa6a6010d52d413e8842789ee62da4dca30cd9f3876e2a2e5dc
nonsymptom_same_word,4,5,445,0,0.48656553822163884,20260628,762fe24b4af2d40ef2918bfe911c39b7ef42c429c383fde6aebd23542af3c045,ed527e63aa30daa6a6010d52d413e8842789ee62da4dca30cd9f3876e2a2e5dc
nonsymptom_same_word,4,5,448,1,0.4741667519755627,20260628,762fe24b4af2d40ef2918bfe911c39b7ef42c429c383fde6aebd23542af3c045,ed527e63aa30daa6a6010d52d413e8842789ee62da4dca30cd9f3876e2a2e5dc
nonsymptom_same_word,4,5,451,0,0.5571311364217905,20260628,762fe24b4af2d40ef2918bfe911c39b7ef42c429c383fde6aebd23542af3c045,ed527e63aa30daa6a6010d52d413e8842789ee62da4dca30cd9f3876e2a2e5dc
nonsymptom_same_word,4,5,454,0,0.46967002965606686,20260628,762fe24b4af2d40ef2918bfe911c39b7ef42c429c383fde6aebd23542af3c045,ed527e63aa30daa6a6010d52d413e8842789ee62da4dca30cd9f3876e2a2e5dc
nonsymptom_same_word,4,5,472,0,0.510456512658703,20260628,762fe24b4af2d40ef2918bfe911c39b7ef42c429c383fde6aebd23542af3c045,ed527e63aa30daa6a6010d52d413e8842789ee62da4dca30cd9f3876e2a2e5dc
nonsymptom_same_word,4,5,473,0,0.5033362762980548,20260628,762fe24b4af2d40ef2918bfe911c39b7ef42c429c383fde6aebd23542af3c045,ed527e63aa30daa6a6010d52d413e8842789ee62da4dca30cd9f3876e2a2e5dc
nonsymptom_same_word,4,5,474,0,0.4801814775692149,20260628,762fe24b4af2d40ef2918bfe911c39b7ef42c429c383fde6aebd23542af3c045,ed527e63aa30daa6a6010d52d413e8842789ee62da4dca30cd9f3876e2a2e5dc
nonsymptom_same_word,4,5,483,1,0.4734064875624447,20260628,762fe24b4af2d40ef2918bfe911c39b7ef42c429c383fde6aebd23542af3c045,ed527e63aa30daa6a6010d52d413e8842789ee62da4dca30cd9f3876e2a2e5dc
nonsymptom_same_word,4,5,484,0,0.5106694797501731,20260628,762fe24b4af2d40ef2918bfe911c39b7ef42c429c383fde6aebd23542af3c045,ed527e63aa30daa6a6010d52d413e8842789ee62da4dca30cd9f3876e2a2e5dc
nonsymptom_same_word,5,1,310,0,0.44509584801191215,20260629,3d5d5a969d4418718f57bc7a8ec260d5db9bdb960986ece972ce17286b9daf33,6f9de77bd0ee0dba26707829b7c4c344eb6d6012960e32c0f2d4b797387cc340
nonsymptom_same_word,5,1,313,0,0.4330928042169549,20260629,3d5d5a969d4418718f57bc7a8ec260d5db9bdb960986ece972ce17286b9daf33,6f9de77bd0ee0dba26707829b7c4c344eb6d6012960e32c0f2d4b797387cc340
nonsymptom_same_word,5,1,316,0,0.518072784210455,20260629,3d5d5a969d4418718f57bc7a8ec260d5db9bdb960986ece972ce17286b9daf33,6f9de77bd0ee0dba26707829b7c4c344eb6d6012960e32c0f2d4b797387cc340
nonsymptom_same_word,5,1,319,1,0.454136971411009,20260629,3d5d5a969d4418718f57bc7a8ec260d5db9bdb960986ece972ce17286b9daf33,6f9de77bd0ee0dba26707829b7c4c344eb6d6012960e32c0f2d4b797387cc340
nonsymptom_same_word,5,1,320,1,0.4598345012378328,20260629,3d5d5a969d4418718f57bc7a8ec260d5db9bdb960986ece972ce17286b9daf33,6f9de77bd0ee0dba26707829b7c4c344eb6d6012960e32c0f2d4b797387cc340
nonsymptom_same_word,5,1,348,1,0.47849935749394285,20260629,3d5d5a969d4418718f57bc7a8ec260d5db9bdb960986ece972ce17286b9daf33,6f9de77bd0ee0dba26707829b7c4c344eb6d6012960e32c0f2d4b797387cc340
nonsymptom_same_word,5,1,356,1,0.5250158086285425,20260629,3d5d5a969d4418718f57bc7a8ec260d5db9bdb960986ece972ce17286b9daf33,6f9de77bd0ee0dba26707829b7c4c344eb6d6012960e32c0f2d4b797387cc340
nonsymptom_same_word,5,1,368,0,0.5294295082083147,20260629,3d5d5a969d4418718f57bc7a8ec260d5db9bdb960986ece972ce17286b9daf33,6f9de77bd0ee0dba26707829b7c4c344eb6d6012960e32c0f2d4b797387cc340
nonsymptom_same_word,5,1,369,0,0.4574409335348043,20260629,3d5d5a969d4418718f57bc7a8ec260d5db9bdb960986ece972ce17286b9daf33,6f9de77bd0ee0dba26707829b7c4c344eb6d6012960e32c0f2d4b797387cc340
nonsymptom_same_word,5,1,379,0,0.48986536877363546,20260629,3d5d5a969d4418718f57bc7a8ec260d5db9bdb960986ece972ce17286b9daf33,6f9de77bd0ee0dba26707829b7c4c344eb6d6012960e32c0f2d4b797387cc340
nonsymptom_same_word,5,1,381,1,0.5273236789350277,20260629,3d5d5a969d4418718f57bc7a8ec260d5db9bdb960986ece972ce17286b9daf33,6f9de77bd0ee0dba26707829b7c4c344eb6d6012960e32c0f2d4b797387cc340
nonsymptom_same_word,5,1,385,0,0.38300009887458514,20260629,3d5d5a969d4418718f57bc7a8ec260d5db9bdb960986ece972ce17286b9daf33,6f9de77bd0ee0dba26707829b7c4c344eb6d6012960e32c0f2d4b797387cc340
nonsymptom_same_word,5,1,413,1,0.5134906510851547,20260629,3d5d5a969d4418718f57bc7a8ec260d5db9bdb960986ece972ce17286b9daf33,6f9de77bd0ee0dba26707829b7c4c344eb6d6012960e32c0f2d4b797387cc340
nonsymptom_same_word,5,1,414,1,0.4742861833362172,20260629,3d5d5a969d4418718f57bc7a8ec260d5db9bdb960986ece972ce17286b9daf33,6f9de77bd0ee0dba26707829b7c4c344eb6d6012960e32c0f2d4b797387cc340
nonsymptom_same_word,5,1,415,0,0.4742709880043612,20260629,3d5d5a969d4418718f57bc7a8ec260d5db9bdb960986ece972ce17286b9daf33,6f9de77bd0ee0dba26707829b7c4c344eb6d6012960e32c0f2d4b797387cc340
nonsymptom_same_word,5,1,419,0,0.48603659362176826,20260629,3d5d5a969d4418718f57bc7a8ec260d5db9bdb960986ece972ce17286b9daf33,6f9de77bd0ee0dba26707829b7c4c344eb6d6012960e32c0f2d4b797387cc340
nonsymptom_same_word,5,1,425,0,0.4742006431947547,20260629,3d5d5a969d4418718f57bc7a8ec260d5db9bdb960986ece972ce17286b9daf33,6f9de77bd0ee0dba26707829b7c4c344eb6d6012960e32c0f2d4b797387cc340
nonsymptom_same_word,5,1,444,0,0.5339381171430838,20260629,3d5d5a969d4418718f57bc7a8ec260d5db9bdb960986ece972ce17286b9daf33,6f9de77bd0ee0dba26707829b7c4c344eb6d6012960e32c0f2d4b797387cc340
nonsymptom_same_word,5,1,445,0,0.49563229242675394,20260629,3d5d5a969d4418718f57bc7a8ec260d5db9bdb960986ece972ce17286b9daf33,6f9de77bd0ee0dba26707829b7c4c344eb6d6012960e32c0f2d4b797387cc340
nonsymptom_same_word,5,1,448,1,0.49053587348378636,20260629,3d5d5a969d4418718f57bc7a8ec260d5db9bdb960986ece972ce17286b9daf33,6f9de77bd0ee0dba26707829b7c4c344eb6d6012960e32c0f2d4b797387cc340
nonsymptom_same_word,5,1,457,0,0.5007100424214681,20260629,3d5d5a969d4418718f57bc7a8ec260d5db9bdb960986ece972ce17286b9daf33,6f9de77bd0ee0dba26707829b7c4c344eb6d6012960e32c0f2d4b797387cc340
nonsymptom_same_word,5,1,458,0,0.4582780715161975,20260629,3d5d5a969d4418718f57bc7a8ec260d5db9bdb960986ece972ce17286b9daf33,6f9de77bd0ee0dba26707829b7c4c344eb6d6012960e32c0f2d4b797387cc340
nonsymptom_same_word,5,1,463,0,0.46385865615003236,20260629,3d5d5a969d4418718f57bc7a8ec260d5db9bdb960986ece972ce17286b9daf33,6f9de77bd0ee0dba26707829b7c4c344eb6d6012960e32c0f2d4b797387cc340
nonsymptom_same_word,5,1,468,0,0.4548898800335167,20260629,3d5d5a969d4418718f57bc7a8ec260d5db9bdb960986ece972ce17286b9daf33,6f9de77bd0ee0dba26707829b7c4c344eb6d6012960e32c0f2d4b797387cc340
nonsymptom_same_word,5,1,471,0,0.47867942269905234,20260629,3d5d5a969d4418718f57bc7a8ec260d5db9bdb960986ece972ce17286b9daf33,6f9de77bd0ee0dba26707829b7c4c344eb6d6012960e32c0f2d4b797387cc340
nonsymptom_same_word,5,1,474,0,0.4934637084173809,20260629,3d5d5a969d4418718f57bc7a8ec260d5db9bdb960986ece972ce17286b9daf33,6f9de77bd0ee0dba26707829b7c4c344eb6d6012960e32c0f2d4b797387cc340
nonsymptom_same_word,5,1,475,0,0.4702210282132931,20260629,3d5d5a969d4418718f57bc7a8ec260d5db9bdb960986ece972ce17286b9daf33,6f9de77bd0ee0dba26707829b7c4c344eb6d6012960e32c0f2d4b797387cc340
nonsymptom_same_word,5,1,482,0,0.5128888843210329,20260629,3d5d5a969d4418718f57bc7a8ec260d5db9bdb960986ece972ce17286b9daf33,6f9de77bd0ee0dba26707829b7c4c344eb6d6012960e32c0f2d4b797387cc340
nonsymptom_same_word,5,1,483,1,0.4627819237625635,20260629,3d5d5a969d4418718f57bc7a8ec260d5db9bdb960986ece972ce17286b9daf33,6f9de77bd0ee0dba26707829b7c4c344eb6d6012960e32c0f2d4b797387cc340
nonsymptom_same_word,5,2,302,0,0.4720838897981016,20260629,b26985cba149a54a4479773554e71c9fe5328bb275a085ba27acd7c3562fb628,041ac17d888dc108fb8e5f61822fb393fcbd491b68bdd2afad6ba5ac65b04cc3
nonsymptom_same_word,5,2,303,0,0.4786602854317401,20260629,b26985cba149a54a4479773554e71c9fe5328bb275a085ba27acd7c3562fb628,041ac17d888dc108fb8e5f61822fb393fcbd491b68bdd2afad6ba5ac65b04cc3
nonsymptom_same_word,5,2,307,0,0.48013557065322093,20260629,b26985cba149a54a4479773554e71c9fe5328bb275a085ba27acd7c3562fb628,041ac17d888dc108fb8e5f61822fb393fcbd491b68bdd2afad6ba5ac65b04cc3
nonsymptom_same_word,5,2,312,0,0.46274020705381236,20260629,b26985cba149a54a4479773554e71c9fe5328bb275a085ba27acd7c3562fb628,041ac17d888dc108fb8e5f61822fb393fcbd491b68bdd2afad6ba5ac65b04cc3
nonsymptom_same_word,5,2,317,0,0.4132321282110573,20260629,b26985cba149a54a4479773554e71c9fe5328bb275a085ba27acd7c3562fb628,041ac17d888dc108fb8e5f61822fb393fcbd491b68bdd2afad6ba5ac65b04cc3
nonsymptom_same_word,5,2,318,0,0.402352113394617,20260629,b26985cba149a54a4479773554e71c9fe5328bb275a085ba27acd7c3562fb628,041ac17d888dc108fb8e5f61822fb393fcbd491b68bdd2afad6ba5ac65b04cc3
nonsymptom_same_word,5,2,331,0,0.5125062946399591,20260629,b26985cba149a54a4479773554e71c9fe5328bb275a085ba27acd7c3562fb628,041ac17d888dc108fb8e5f61822fb393fcbd491b68bdd2afad6ba5ac65b04cc3
nonsymptom_same_word,5,2,333,0,0.4731420287308007,20260629,b26985cba149a54a4479773554e71c9fe5328bb275a085ba27acd7c3562fb628,041ac17d888dc108fb8e5f61822fb393fcbd491b68bdd2afad6ba5ac65b04cc3
nonsymptom_same_word,5,2,338,1,0.47225149177091474,20260629,b26985cba149a54a4479773554e71c9fe5328bb275a085ba27acd7c3562fb628,041ac17d888dc108fb8e5f61822fb393fcbd491b68bdd2afad6ba5ac65b04cc3
nonsymptom_same_word,5,2,339,1,0.47733043268957437,20260629,b26985cba149a54a4479773554e71c9fe5328bb275a085ba27acd7c3562fb628,041ac17d888dc108fb8e5f61822fb393fcbd491b68bdd2afad6ba5ac65b04cc3
nonsymptom_same_word,5,2,344,1,0.5291850299458377,20260629,b26985cba149a54a4479773554e71c9fe5328bb275a085ba27acd7c3562fb628,041ac17d888dc108fb8e5f61822fb393fcbd491b68bdd2afad6ba5ac65b04cc3
nonsymptom_same_word,5,2,347,1,0.432928457156407,20260629,b26985cba149a54a4479773554e71c9fe5328bb275a085ba27acd7c3562fb628,041ac17d888dc108fb8e5f61822fb393fcbd491b68bdd2afad6ba5ac65b04cc3
nonsymptom_same_word,5,2,351,1,0.5142347390169697,20260629,b26985cba149a54a4479773554e71c9fe5328bb275a085ba27acd7c3562fb628,041ac17d888dc108fb8e5f61822fb393fcbd491b68bdd2afad6ba5ac65b04cc3
nonsymptom_same_word,5,2,360,0,0.4730752111039328,20260629,b26985cba149a54a4479773554e71c9fe5328bb275a085ba27acd7c3562fb628,041ac17d888dc108fb8e5f61822fb393fcbd491b68bdd2afad6ba5ac65b04cc3
nonsymptom_same_word,5,2,370,0,0.4800697784599388,20260629,b26985cba149a54a4479773554e71c9fe5328bb275a085ba27acd7c3562fb628,041ac17d888dc108fb8e5f61822fb393fcbd491b68bdd2afad6ba5ac65b04cc3
nonsymptom_same_word,5,2,375,0,0.48183465938501047,20260629,b26985cba149a54a4479773554e71c9fe5328bb275a085ba27acd7c3562fb628,041ac17d888dc108fb8e5f61822fb393fcbd491b68bdd2afad6ba5ac65b04cc3
nonsymptom_same_word,5,2,390,0,0.48777397665367117,20260629,b26985cba149a54a4479773554e71c9fe5328bb275a085ba27acd7c3562fb628,041ac17d888dc108fb8e5f61822fb393fcbd491b68bdd2afad6ba5ac65b04cc3
nonsymptom_same_word,5,2,400,0,0.4562195849493122,20260629,b26985cba149a54a4479773554e71c9fe5328bb275a085ba27acd7c3562fb628,041ac17d888dc108fb8e5f61822fb393fcbd491b68bdd2afad6ba5ac65b04cc3
nonsymptom_same_word,5,2,409,1,0.46969263866017813,20260629,b26985cba149a54a4479773554e71c9fe5328bb275a085ba27acd7c3562fb628,041ac17d888dc108fb8e5f61822fb393fcbd491b68bdd2afad6ba5ac65b04cc3
nonsymptom_same_word,5,2,418,1,0.492809210150904,20260629,b26985cba149a54a4479773554e71c9fe5328bb275a085ba27acd7c3562fb628,041ac17d888dc108fb8e5f61822fb393fcbd491b68bdd2afad6ba5ac65b04cc3
nonsymptom_same_word,5,2,423,0,0.4659578290305505,20260629,b26985cba149a54a4479773554e71c9fe5328bb275a085ba27acd7c3562fb628,041ac17d888dc108fb8e5f61822fb393fcbd491b68bdd2afad6ba5ac65b04cc3
nonsymptom_same_word,5,2,426,1,0.48441000909176524,20260629,b26985cba149a54a4479773554e71c9fe5328bb275a085ba27acd7c3562fb628,041ac17d888dc108fb8e5f61822fb393fcbd491b68bdd2afad6ba5ac65b04cc3
nonsymptom_same_word,5,2,427,0,0.42115886036195993,20260629,b26985cba149a54a4479773554e71c9fe5328bb275a085ba27acd7c3562fb628,041ac17d888dc108fb8e5f61822fb393fcbd491b68bdd2afad6ba5ac65b04cc3
nonsymptom_same_word,5,2,433,1,0.4758770468715111,20260629,b26985cba149a54a4479773554e71c9fe5328bb275a085ba27acd7c3562fb628,041ac17d888dc108fb8e5f61822fb393fcbd491b68bdd2afad6ba5ac65b04cc3
nonsymptom_same_word,5,2,472,0,0.5017171412659142,20260629,b26985cba149a54a4479773554e71c9fe5328bb275a085ba27acd7c3562fb628,041ac17d888dc108fb8e5f61822fb393fcbd491b68bdd2afad6ba5ac65b04cc3
nonsymptom_same_word,5,2,473,0,0.4765259139601352,20260629,b26985cba149a54a4479773554e71c9fe5328bb275a085ba27acd7c3562fb628,041ac17d888dc108fb8e5f61822fb393fcbd491b68bdd2afad6ba5ac65b04cc3
nonsymptom_same_word,5,2,476,0,0.4570389057842309,20260629,b26985cba149a54a4479773554e71c9fe5328bb275a085ba27acd7c3562fb628,041ac17d888dc108fb8e5f61822fb393fcbd491b68bdd2afad6ba5ac65b04cc3
nonsymptom_same_word,5,2,484,0,0.48146956195487156,20260629,b26985cba149a54a4479773554e71c9fe5328bb275a085ba27acd7c3562fb628,041ac17d888dc108fb8e5f61822fb393fcbd491b68bdd2afad6ba5ac65b04cc3
nonsymptom_same_word,5,2,488,0,0.47801205007675707,20260629,b26985cba149a54a4479773554e71c9fe5328bb275a085ba27acd7c3562fb628,041ac17d888dc108fb8e5f61822fb393fcbd491b68bdd2afad6ba5ac65b04cc3
nonsymptom_same_word,5,3,304,0,0.4420207031776629,20260629,8c964f5394ce89a6842a905d768373abcaa21d4349f7005395a0177805a0a891,b9e937265572c8708f0c582b586c89bbe58d79d8d3634f7826983d6e9be1d985
nonsymptom_same_word,5,3,321,1,0.5250681569904995,20260629,8c964f5394ce89a6842a905d768373abcaa21d4349f7005395a0177805a0a891,b9e937265572c8708f0c582b586c89bbe58d79d8d3634f7826983d6e9be1d985
nonsymptom_same_word,5,3,324,0,0.504159107899866,20260629,8c964f5394ce89a6842a905d768373abcaa21d4349f7005395a0177805a0a891,b9e937265572c8708f0c582b586c89bbe58d79d8d3634f7826983d6e9be1d985
nonsymptom_same_word,5,3,326,0,0.38150971377095366,20260629,8c964f5394ce89a6842a905d768373abcaa21d4349f7005395a0177805a0a891,b9e937265572c8708f0c582b586c89bbe58d79d8d3634f7826983d6e9be1d985
nonsymptom_same_word,5,3,330,1,0.45878311389685356,20260629,8c964f5394ce89a6842a905d768373abcaa21d4349f7005395a0177805a0a891,b9e937265572c8708f0c582b586c89bbe58d79d8d3634f7826983d6e9be1d985
nonsymptom_same_word,5,3,341,0,0.4848794487976665,20260629,8c964f5394ce89a6842a905d768373abcaa21d4349f7005395a0177805a0a891,b9e937265572c8708f0c582b586c89bbe58d79d8d3634f7826983d6e9be1d985
nonsymptom_same_word,5,3,343,0,0.47984196259535294,20260629,8c964f5394ce89a6842a905d768373abcaa21d4349f7005395a0177805a0a891,b9e937265572c8708f0c582b586c89bbe58d79d8d3634f7826983d6e9be1d985
nonsymptom_same_word,5,3,352,1,0.5473192282763139,20260629,8c964f5394ce89a6842a905d768373abcaa21d4349f7005395a0177805a0a891,b9e937265572c8708f0c582b586c89bbe58d79d8d3634f7826983d6e9be1d985
nonsymptom_same_word,5,3,362,1,0.4655527852731545,20260629,8c964f5394ce89a6842a905d768373abcaa21d4349f7005395a0177805a0a891,b9e937265572c8708f0c582b586c89bbe58d79d8d3634f7826983d6e9be1d985
nonsymptom_same_word,5,3,372,1,0.5127900076855157,20260629,8c964f5394ce89a6842a905d768373abcaa21d4349f7005395a0177805a0a891,b9e937265572c8708f0c582b586c89bbe58d79d8d3634f7826983d6e9be1d985
nonsymptom_same_word,5,3,380,1,0.4674882851834228,20260629,8c964f5394ce89a6842a905d768373abcaa21d4349f7005395a0177805a0a891,b9e937265572c8708f0c582b586c89bbe58d79d8d3634f7826983d6e9be1d985
nonsymptom_same_word,5,3,383,0,0.4309272476305102,20260629,8c964f5394ce89a6842a905d768373abcaa21d4349f7005395a0177805a0a891,b9e937265572c8708f0c582b586c89bbe58d79d8d3634f7826983d6e9be1d985
nonsymptom_same_word,5,3,391,0,0.4269381083342731,20260629,8c964f5394ce89a6842a905d768373abcaa21d4349f7005395a0177805a0a891,b9e937265572c8708f0c582b586c89bbe58d79d8d3634f7826983d6e9be1d985
nonsymptom_same_word,5,3,401,0,0.46017831231737,20260629,8c964f5394ce89a6842a905d768373abcaa21d4349f7005395a0177805a0a891,b9e937265572c8708f0c582b586c89bbe58d79d8d3634f7826983d6e9be1d985
nonsymptom_same_word,5,3,412,1,0.414167949179494,20260629,8c964f5394ce89a6842a905d768373abcaa21d4349f7005395a0177805a0a891,b9e937265572c8708f0c582b586c89bbe58d79d8d3634f7826983d6e9be1d985
nonsymptom_same_word,5,3,416,0,0.5155144535263874,20260629,8c964f5394ce89a6842a905d768373abcaa21d4349f7005395a0177805a0a891,b9e937265572c8708f0c582b586c89bbe58d79d8d3634f7826983d6e9be1d985
nonsymptom_same_word,5,3,417,0,0.5036625319172418,20260629,8c964f5394ce89a6842a905d768373abcaa21d4349f7005395a0177805a0a891,b9e937265572c8708f0c582b586c89bbe58d79d8d3634f7826983d6e9be1d985
nonsymptom_same_word,5,3,420,0,0.43646951396218775,20260629,8c964f5394ce89a6842a905d768373abcaa21d4349f7005395a0177805a0a891,b9e937265572c8708f0c582b586c89bbe58d79d8d3634f7826983d6e9be1d985
nonsymptom_same_word,5,3,428,0,0.5018445114163296,20260629,8c964f5394ce89a6842a905d768373abcaa21d4349f7005395a0177805a0a891,b9e937265572c8708f0c582b586c89bbe58d79d8d3634f7826983d6e9be1d985
nonsymptom_same_word,5,3,429,0,0.42569874928345214,20260629,8c964f5394ce89a6842a905d768373abcaa21d4349f7005395a0177805a0a891,b9e937265572c8708f0c582b586c89bbe58d79d8d3634f7826983d6e9be1d985
nonsymptom_same_word,5,3,437,0,0.47400222169317546,20260629,8c964f5394ce89a6842a905d768373abcaa21d4349f7005395a0177805a0a891,b9e937265572c8708f0c582b586c89bbe58d79d8d3634f7826983d6e9be1d985
nonsymptom_same_word,5,3,439,0,0.4228109626594863,20260629,8c964f5394ce89a6842a905d768373abcaa21d4349f7005395a0177805a0a891,b9e937265572c8708f0c582b586c89bbe58d79d8d3634f7826983d6e9be1d985
nonsymptom_same_word,5,3,441,1,0.5054055896072273,20260629,8c964f5394ce89a6842a905d768373abcaa21d4349f7005395a0177805a0a891,b9e937265572c8708f0c582b586c89bbe58d79d8d3634f7826983d6e9be1d985
nonsymptom_same_word,5,3,446,0,0.47525286673278333,20260629,8c964f5394ce89a6842a905d768373abcaa21d4349f7005395a0177805a0a891,b9e937265572c8708f0c582b586c89bbe58d79d8d3634f7826983d6e9be1d985
nonsymptom_same_word,5,3,464,0,0.4993801851301238,20260629,8c964f5394ce89a6842a905d768373abcaa21d4349f7005395a0177805a0a891,b9e937265572c8708f0c582b586c89bbe58d79d8d3634f7826983d6e9be1d985
nonsymptom_same_word,5,3,479,0,0.4039300973899922,20260629,8c964f5394ce89a6842a905d768373abcaa21d4349f7005395a0177805a0a891,b9e937265572c8708f0c582b586c89bbe58d79d8d3634f7826983d6e9be1d985
nonsymptom_same_word,5,3,486,0,0.41976003336648704,20260629,8c964f5394ce89a6842a905d768373abcaa21d4349f7005395a0177805a0a891,b9e937265572c8708f0c582b586c89bbe58d79d8d3634f7826983d6e9be1d985
nonsymptom_same_word,5,3,490,0,0.41687265160862697,20260629,8c964f5394ce89a6842a905d768373abcaa21d4349f7005395a0177805a0a891,b9e937265572c8708f0c582b586c89bbe58d79d8d3634f7826983d6e9be1d985
nonsymptom_same_word,5,4,315,0,0.48321338659541513,20260629,8a15a79096d51e7c2c7bbf55e995f3de0ec10655f325409624b8612d4a91cb8b,9783bdd426cbd56d49c36badc909550c56cdabe1df574d6feeabb1a20ea9b930
nonsymptom_same_word,5,4,322,0,0.4956335867470465,20260629,8a15a79096d51e7c2c7bbf55e995f3de0ec10655f325409624b8612d4a91cb8b,9783bdd426cbd56d49c36badc909550c56cdabe1df574d6feeabb1a20ea9b930
nonsymptom_same_word,5,4,325,1,0.5557411456913045,20260629,8a15a79096d51e7c2c7bbf55e995f3de0ec10655f325409624b8612d4a91cb8b,9783bdd426cbd56d49c36badc909550c56cdabe1df574d6feeabb1a20ea9b930
nonsymptom_same_word,5,4,336,0,0.4720016942718795,20260629,8a15a79096d51e7c2c7bbf55e995f3de0ec10655f325409624b8612d4a91cb8b,9783bdd426cbd56d49c36badc909550c56cdabe1df574d6feeabb1a20ea9b930
nonsymptom_same_word,5,4,340,0,0.45072824689469926,20260629,8a15a79096d51e7c2c7bbf55e995f3de0ec10655f325409624b8612d4a91cb8b,9783bdd426cbd56d49c36badc909550c56cdabe1df574d6feeabb1a20ea9b930
nonsymptom_same_word,5,4,345,1,0.563009580954576,20260629,8a15a79096d51e7c2c7bbf55e995f3de0ec10655f325409624b8612d4a91cb8b,9783bdd426cbd56d49c36badc909550c56cdabe1df574d6feeabb1a20ea9b930
nonsymptom_same_word,5,4,350,1,0.4996239557915483,20260629,8a15a79096d51e7c2c7bbf55e995f3de0ec10655f325409624b8612d4a91cb8b,9783bdd426cbd56d49c36badc909550c56cdabe1df574d6feeabb1a20ea9b930
nonsymptom_same_word,5,4,357,0,0.414785841139866,20260629,8a15a79096d51e7c2c7bbf55e995f3de0ec10655f325409624b8612d4a91cb8b,9783bdd426cbd56d49c36badc909550c56cdabe1df574d6feeabb1a20ea9b930
nonsymptom_same_word,5,4,358,0,0.4699554801094288,20260629,8a15a79096d51e7c2c7bbf55e995f3de0ec10655f325409624b8612d4a91cb8b,9783bdd426cbd56d49c36badc909550c56cdabe1df574d6feeabb1a20ea9b930
nonsymptom_same_word,5,4,364,0,0.46009563508890977,20260629,8a15a79096d51e7c2c7bbf55e995f3de0ec10655f325409624b8612d4a91cb8b,9783bdd426cbd56d49c36badc909550c56cdabe1df574d6feeabb1a20ea9b930
nonsymptom_same_word,5,4,366,0,0.48964834200901924,20260629,8a15a79096d51e7c2c7bbf55e995f3de0ec10655f325409624b8612d4a91cb8b,9783bdd426cbd56d49c36badc909550c56cdabe1df574d6feeabb1a20ea9b930
nonsymptom_same_word,5,4,367,1,0.5274548514436388,20260629,8a15a79096d51e7c2c7bbf55e995f3de0ec10655f325409624b8612d4a91cb8b,9783bdd426cbd56d49c36badc909550c56cdabe1df574d6feeabb1a20ea9b930
nonsymptom_same_word,5,4,374,0,0.46048905165018533,20260629,8a15a79096d51e7c2c7bbf55e995f3de0ec10655f325409624b8612d4a91cb8b,9783bdd426cbd56d49c36badc909550c56cdabe1df574d6feeabb1a20ea9b930
nonsymptom_same_word,5,4,376,1,0.5244519625668757,20260629,8a15a79096d51e7c2c7bbf55e995f3de0ec10655f325409624b8612d4a91cb8b,9783bdd426cbd56d49c36badc909550c56cdabe1df574d6feeabb1a20ea9b930
nonsymptom_same_word,5,4,386,1,0.49983450564729603,20260629,8a15a79096d51e7c2c7bbf55e995f3de0ec10655f325409624b8612d4a91cb8b,9783bdd426cbd56d49c36badc909550c56cdabe1df574d6feeabb1a20ea9b930
nonsymptom_same_word,5,4,388,1,0.48738147170972557,20260629,8a15a79096d51e7c2c7bbf55e995f3de0ec10655f325409624b8612d4a91cb8b,9783bdd426cbd56d49c36badc909550c56cdabe1df574d6feeabb1a20ea9b930
nonsymptom_same_word,5,4,392,0,0.4284627049852568,20260629,8a15a79096d51e7c2c7bbf55e995f3de0ec10655f325409624b8612d4a91cb8b,9783bdd426cbd56d49c36badc909550c56cdabe1df574d6feeabb1a20ea9b930
nonsymptom_same_word,5,4,393,0,0.3973711276082514,20260629,8a15a79096d51e7c2c7bbf55e995f3de0ec10655f325409624b8612d4a91cb8b,9783bdd426cbd56d49c36badc909550c56cdabe1df574d6feeabb1a20ea9b930
nonsymptom_same_word,5,4,395,0,0.47964635730013294,20260629,8a15a79096d51e7c2c7bbf55e995f3de0ec10655f325409624b8612d4a91cb8b,9783bdd426cbd56d49c36badc909550c56cdabe1df574d6feeabb1a20ea9b930
nonsymptom_same_word,5,4,397,0,0.4609032900888238,20260629,8a15a79096d51e7c2c7bbf55e995f3de0ec10655f325409624b8612d4a91cb8b,9783bdd426cbd56d49c36badc909550c56cdabe1df574d6feeabb1a20ea9b930
nonsymptom_same_word,5,4,406,0,0.4547016679728904,20260629,8a15a79096d51e7c2c7bbf55e995f3de0ec10655f325409624b8612d4a91cb8b,9783bdd426cbd56d49c36badc909550c56cdabe1df574d6feeabb1a20ea9b930
nonsymptom_same_word,5,4,436,0,0.4306592222975025,20260629,8a15a79096d51e7c2c7bbf55e995f3de0ec10655f325409624b8612d4a91cb8b,9783bdd426cbd56d49c36badc909550c56cdabe1df574d6feeabb1a20ea9b930
nonsymptom_same_word,5,4,440,1,0.4709238890399364,20260629,8a15a79096d51e7c2c7bbf55e995f3de0ec10655f325409624b8612d4a91cb8b,9783bdd426cbd56d49c36badc909550c56cdabe1df574d6feeabb1a20ea9b930
nonsymptom_same_word,5,4,447,0,0.5332400691787693,20260629,8a15a79096d51e7c2c7bbf55e995f3de0ec10655f325409624b8612d4a91cb8b,9783bdd426cbd56d49c36badc909550c56cdabe1df574d6feeabb1a20ea9b930
nonsymptom_same_word,5,4,455,0,0.5086508920214724,20260629,8a15a79096d51e7c2c7bbf55e995f3de0ec10655f325409624b8612d4a91cb8b,9783bdd426cbd56d49c36badc909550c56cdabe1df574d6feeabb1a20ea9b930
nonsymptom_same_word,5,4,477,0,0.5246221149645628,20260629,8a15a79096d51e7c2c7bbf55e995f3de0ec10655f325409624b8612d4a91cb8b,9783bdd426cbd56d49c36badc909550c56cdabe1df574d6feeabb1a20ea9b930
nonsymptom_same_word,5,4,478,0,0.4903979713824287,20260629,8a15a79096d51e7c2c7bbf55e995f3de0ec10655f325409624b8612d4a91cb8b,9783bdd426cbd56d49c36badc909550c56cdabe1df574d6feeabb1a20ea9b930
nonsymptom_same_word,5,4,491,0,0.4569591317727072,20260629,8a15a79096d51e7c2c7bbf55e995f3de0ec10655f325409624b8612d4a91cb8b,9783bdd426cbd56d49c36badc909550c56cdabe1df574d6feeabb1a20ea9b930
nonsymptom_same_word,5,5,305,0,0.47955213592531776,20260629,f0d00d1b909453047f4a1b8bd30fff0f8987c1d77b10645f7a6dfbdc0935e2ba,c8ab65ceb92ef644d95edbc45dd4bcfaa20a4d03eb5e56a9261d3984b3b191c7
nonsymptom_same_word,5,5,327,0,0.4669262340924122,20260629,f0d00d1b909453047f4a1b8bd30fff0f8987c1d77b10645f7a6dfbdc0935e2ba,c8ab65ceb92ef644d95edbc45dd4bcfaa20a4d03eb5e56a9261d3984b3b191c7
nonsymptom_same_word,5,5,328,0,0.48936908804547774,20260629,f0d00d1b909453047f4a1b8bd30fff0f8987c1d77b10645f7a6dfbdc0935e2ba,c8ab65ceb92ef644d95edbc45dd4bcfaa20a4d03eb5e56a9261d3984b3b191c7
nonsymptom_same_word,5,5,335,1,0.4946420459641983,20260629,f0d00d1b909453047f4a1b8bd30fff0f8987c1d77b10645f7a6dfbdc0935e2ba,c8ab65ceb92ef644d95edbc45dd4bcfaa20a4d03eb5e56a9261d3984b3b191c7
nonsymptom_same_word,5,5,346,1,0.5820744083414614,20260629,f0d00d1b909453047f4a1b8bd30fff0f8987c1d77b10645f7a6dfbdc0935e2ba,c8ab65ceb92ef644d95edbc45dd4bcfaa20a4d03eb5e56a9261d3984b3b191c7
nonsymptom_same_word,5,5,353,1,0.4947236521270362,20260629,f0d00d1b909453047f4a1b8bd30fff0f8987c1d77b10645f7a6dfbdc0935e2ba,c8ab65ceb92ef644d95edbc45dd4bcfaa20a4d03eb5e56a9261d3984b3b191c7
nonsymptom_same_word,5,5,355,1,0.4613697173017687,20260629,f0d00d1b909453047f4a1b8bd30fff0f8987c1d77b10645f7a6dfbdc0935e2ba,c8ab65ceb92ef644d95edbc45dd4bcfaa20a4d03eb5e56a9261d3984b3b191c7
nonsymptom_same_word,5,5,363,0,0.479255077980542,20260629,f0d00d1b909453047f4a1b8bd30fff0f8987c1d77b10645f7a6dfbdc0935e2ba,c8ab65ceb92ef644d95edbc45dd4bcfaa20a4d03eb5e56a9261d3984b3b191c7
nonsymptom_same_word,5,5,371,0,0.41241282135557383,20260629,f0d00d1b909453047f4a1b8bd30fff0f8987c1d77b10645f7a6dfbdc0935e2ba,c8ab65ceb92ef644d95edbc45dd4bcfaa20a4d03eb5e56a9261d3984b3b191c7
nonsymptom_same_word,5,5,377,1,0.47070180666838596,20260629,f0d00d1b909453047f4a1b8bd30fff0f8987c1d77b10645f7a6dfbdc0935e2ba,c8ab65ceb92ef644d95edbc45dd4bcfaa20a4d03eb5e56a9261d3984b3b191c7
nonsymptom_same_word,5,5,382,0,0.4498760017831211,20260629,f0d00d1b909453047f4a1b8bd30fff0f8987c1d77b10645f7a6dfbdc0935e2ba,c8ab65ceb92ef644d95edbc45dd4bcfaa20a4d03eb5e56a9261d3984b3b191c7
nonsymptom_same_word,5,5,389,1,0.4628820540180493,20260629,f0d00d1b909453047f4a1b8bd30fff0f8987c1d77b10645f7a6dfbdc0935e2ba,c8ab65ceb92ef644d95edbc45dd4bcfaa20a4d03eb5e56a9261d3984b3b191c7
nonsymptom_same_word,5,5,402,1,0.45664613596109516,20260629,f0d00d1b909453047f4a1b8bd30fff0f8987c1d77b10645f7a6dfbdc0935e2ba,c8ab65ceb92ef644d95edbc45dd4bcfaa20a4d03eb5e56a9261d3984b3b191c7
nonsymptom_same_word,5,5,403,0,0.4371133480081645,20260629,f0d00d1b909453047f4a1b8bd30fff0f8987c1d77b10645f7a6dfbdc0935e2ba,c8ab65ceb92ef644d95edbc45dd4bcfaa20a4d03eb5e56a9261d3984b3b191c7
nonsymptom_same_word,5,5,404,0,0.4896777885258675,20260629,f0d00d1b909453047f4a1b8bd30fff0f8987c1d77b10645f7a6dfbdc0935e2ba,c8ab65ceb92ef644d95edbc45dd4bcfaa20a4d03eb5e56a9261d3984b3b191c7
nonsymptom_same_word,5,5,422,1,0.5151196117340262,20260629,f0d00d1b909453047f4a1b8bd30fff0f8987c1d77b10645f7a6dfbdc0935e2ba,c8ab65ceb92ef644d95edbc45dd4bcfaa20a4d03eb5e56a9261d3984b3b191c7
nonsymptom_same_word,5,5,430,0,0.483981525856601,20260629,f0d00d1b909453047f4a1b8bd30fff0f8987c1d77b10645f7a6dfbdc0935e2ba,c8ab65ceb92ef644d95edbc45dd4bcfaa20a4d03eb5e56a9261d3984b3b191c7
nonsymptom_same_word,5,5,434,0,0.46425325063106665,20260629,f0d00d1b909453047f4a1b8bd30fff0f8987c1d77b10645f7a6dfbdc0935e2ba,c8ab65ceb92ef644d95edbc45dd4bcfaa20a4d03eb5e56a9261d3984b3b191c7
nonsymptom_same_word,5,5,443,0,0.38956082738879766,20260629,f0d00d1b909453047f4a1b8bd30fff0f8987c1d77b10645f7a6dfbdc0935e2ba,c8ab65ceb92ef644d95edbc45dd4bcfaa20a4d03eb5e56a9261d3984b3b191c7
nonsymptom_same_word,5,5,449,0,0.4881292221905719,20260629,f0d00d1b909453047f4a1b8bd30fff0f8987c1d77b10645f7a6dfbdc0935e2ba,c8ab65ceb92ef644d95edbc45dd4bcfaa20a4d03eb5e56a9261d3984b3b191c7
nonsymptom_same_word,5,5,451,0,0.5429608165843934,20260629,f0d00d1b909453047f4a1b8bd30fff0f8987c1d77b10645f7a6dfbdc0935e2ba,c8ab65ceb92ef644d95edbc45dd4bcfaa20a4d03eb5e56a9261d3984b3b191c7
nonsymptom_same_word,5,5,454,0,0.4474824545354027,20260629,f0d00d1b909453047f4a1b8bd30fff0f8987c1d77b10645f7a6dfbdc0935e2ba,c8ab65ceb92ef644d95edbc45dd4bcfaa20a4d03eb5e56a9261d3984b3b191c7
nonsymptom_same_word,5,5,456,0,0.5235089321528834,20260629,f0d00d1b909453047f4a1b8bd30fff0f8987c1d77b10645f7a6dfbdc0935e2ba,c8ab65ceb92ef644d95edbc45dd4bcfaa20a4d03eb5e56a9261d3984b3b191c7
nonsymptom_same_word,5,5,459,1,0.5074162091884477,20260629,f0d00d1b909453047f4a1b8bd30fff0f8987c1d77b10645f7a6dfbdc0935e2ba,c8ab65ceb92ef644d95edbc45dd4bcfaa20a4d03eb5e56a9261d3984b3b191c7
nonsymptom_same_word,5,5,485,0,0.416563861381093,20260629,f0d00d1b909453047f4a1b8bd30fff0f8987c1d77b10645f7a6dfbdc0935e2ba,c8ab65ceb92ef644d95edbc45dd4bcfaa20a4d03eb5e56a9261d3984b3b191c7
nonsymptom_same_word,5,5,487,0,0.5162575175719432,20260629,f0d00d1b909453047f4a1b8bd30fff0f8987c1d77b10645f7a6dfbdc0935e2ba,c8ab65ceb92ef644d95edbc45dd4bcfaa20a4d03eb5e56a9261d3984b3b191c7
nonsymptom_same_word,5,5,489,0,0.4320027964206168,20260629,f0d00d1b909453047f4a1b8bd30fff0f8987c1d77b10645f7a6dfbdc0935e2ba,c8ab65ceb92ef644d95edbc45dd4bcfaa20a4d03eb5e56a9261d3984b3b191c7
nonsymptom_same_word,5,5,492,0,0.4318462130916336,20260629,f0d00d1b909453047f4a1b8bd30fff0f8987c1d77b10645f7a6dfbdc0935e2ba,c8ab65ceb92ef644d95edbc45dd4bcfaa20a4d03eb5e56a9261d3984b3b191c7
nonsymptom_same_word,6,1,303,0,0.475247926124804,20260630,e82d92e639d7f96f78f189ea5919937db4f5b551eab8c23e157765097bd53df2,9acb911014f5d8971785b574ce360635e48c18f2efcffe74bc03c5206fef8831
nonsymptom_same_word,6,1,305,0,0.5004915770972472,20260630,e82d92e639d7f96f78f189ea5919937db4f5b551eab8c23e157765097bd53df2,9acb911014f5d8971785b574ce360635e48c18f2efcffe74bc03c5206fef8831
nonsymptom_same_word,6,1,313,0,0.4322240335219802,20260630,e82d92e639d7f96f78f189ea5919937db4f5b551eab8c23e157765097bd53df2,9acb911014f5d8971785b574ce360635e48c18f2efcffe74bc03c5206fef8831
nonsymptom_same_word,6,1,326,0,0.39014693933344946,20260630,e82d92e639d7f96f78f189ea5919937db4f5b551eab8c23e157765097bd53df2,9acb911014f5d8971785b574ce360635e48c18f2efcffe74bc03c5206fef8831
nonsymptom_same_word,6,1,345,1,0.5372105543614559,20260630,e82d92e639d7f96f78f189ea5919937db4f5b551eab8c23e157765097bd53df2,9acb911014f5d8971785b574ce360635e48c18f2efcffe74bc03c5206fef8831
nonsymptom_same_word,6,1,352,1,0.5547973067892075,20260630,e82d92e639d7f96f78f189ea5919937db4f5b551eab8c23e157765097bd53df2,9acb911014f5d8971785b574ce360635e48c18f2efcffe74bc03c5206fef8831
nonsymptom_same_word,6,1,353,1,0.4976772078291331,20260630,e82d92e639d7f96f78f189ea5919937db4f5b551eab8c23e157765097bd53df2,9acb911014f5d8971785b574ce360635e48c18f2efcffe74bc03c5206fef8831
nonsymptom_same_word,6,1,364,0,0.4738150370133311,20260630,e82d92e639d7f96f78f189ea5919937db4f5b551eab8c23e157765097bd53df2,9acb911014f5d8971785b574ce360635e48c18f2efcffe74bc03c5206fef8831
nonsymptom_same_word,6,1,369,0,0.47814113706431366,20260630,e82d92e639d7f96f78f189ea5919937db4f5b551eab8c23e157765097bd53df2,9acb911014f5d8971785b574ce360635e48c18f2efcffe74bc03c5206fef8831
nonsymptom_same_word,6,1,379,0,0.4942166195314198,20260630,e82d92e639d7f96f78f189ea5919937db4f5b551eab8c23e157765097bd53df2,9acb911014f5d8971785b574ce360635e48c18f2efcffe74bc03c5206fef8831
nonsymptom_same_word,6,1,385,0,0.39334379885955995,20260630,e82d92e639d7f96f78f189ea5919937db4f5b551eab8c23e157765097bd53df2,9acb911014f5d8971785b574ce360635e48c18f2efcffe74bc03c5206fef8831
nonsymptom_same_word,6,1,388,1,0.4590515973754331,20260630,e82d92e639d7f96f78f189ea5919937db4f5b551eab8c23e157765097bd53df2,9acb911014f5d8971785b574ce360635e48c18f2efcffe74bc03c5206fef8831
nonsymptom_same_word,6,1,395,0,0.4788433932915599,20260630,e82d92e639d7f96f78f189ea5919937db4f5b551eab8c23e157765097bd53df2,9acb911014f5d8971785b574ce360635e48c18f2efcffe74bc03c5206fef8831
nonsymptom_same_word,6,1,413,1,0.5171442057713226,20260630,e82d92e639d7f96f78f189ea5919937db4f5b551eab8c23e157765097bd53df2,9acb911014f5d8971785b574ce360635e48c18f2efcffe74bc03c5206fef8831
nonsymptom_same_word,6,1,414,1,0.47997503905690264,20260630,e82d92e639d7f96f78f189ea5919937db4f5b551eab8c23e157765097bd53df2,9acb911014f5d8971785b574ce360635e48c18f2efcffe74bc03c5206fef8831
nonsymptom_same_word,6,1,422,1,0.49432556303833247,20260630,e82d92e639d7f96f78f189ea5919937db4f5b551eab8c23e157765097bd53df2,9acb911014f5d8971785b574ce360635e48c18f2efcffe74bc03c5206fef8831
nonsymptom_same_word,6,1,433,1,0.475102391520021,20260630,e82d92e639d7f96f78f189ea5919937db4f5b551eab8c23e157765097bd53df2,9acb911014f5d8971785b574ce360635e48c18f2efcffe74bc03c5206fef8831
nonsymptom_same_word,6,1,446,0,0.48378023795836195,20260630,e82d92e639d7f96f78f189ea5919937db4f5b551eab8c23e157765097bd53df2,9acb911014f5d8971785b574ce360635e48c18f2efcffe74bc03c5206fef8831
nonsymptom_same_word,6,1,447,0,0.5386743951319659,20260630,e82d92e639d7f96f78f189ea5919937db4f5b551eab8c23e157765097bd53df2,9acb911014f5d8971785b574ce360635e48c18f2efcffe74bc03c5206fef8831
nonsymptom_same_word,6,1,448,1,0.47817853235316427,20260630,e82d92e639d7f96f78f189ea5919937db4f5b551eab8c23e157765097bd53df2,9acb911014f5d8971785b574ce360635e48c18f2efcffe74bc03c5206fef8831
nonsymptom_same_word,6,1,449,0,0.4915459898685272,20260630,e82d92e639d7f96f78f189ea5919937db4f5b551eab8c23e157765097bd53df2,9acb911014f5d8971785b574ce360635e48c18f2efcffe74bc03c5206fef8831
nonsymptom_same_word,6,1,451,0,0.5365872423776538,20260630,e82d92e639d7f96f78f189ea5919937db4f5b551eab8c23e157765097bd53df2,9acb911014f5d8971785b574ce360635e48c18f2efcffe74bc03c5206fef8831
nonsymptom_same_word,6,1,454,0,0.45202541789344697,20260630,e82d92e639d7f96f78f189ea5919937db4f5b551eab8c23e157765097bd53df2,9acb911014f5d8971785b574ce360635e48c18f2efcffe74bc03c5206fef8831
nonsymptom_same_word,6,1,471,0,0.49679621080098435,20260630,e82d92e639d7f96f78f189ea5919937db4f5b551eab8c23e157765097bd53df2,9acb911014f5d8971785b574ce360635e48c18f2efcffe74bc03c5206fef8831
nonsymptom_same_word,6,1,478,0,0.5024458952147733,20260630,e82d92e639d7f96f78f189ea5919937db4f5b551eab8c23e157765097bd53df2,9acb911014f5d8971785b574ce360635e48c18f2efcffe74bc03c5206fef8831
nonsymptom_same_word,6,1,486,0,0.42163828700485895,20260630,e82d92e639d7f96f78f189ea5919937db4f5b551eab8c23e157765097bd53df2,9acb911014f5d8971785b574ce360635e48c18f2efcffe74bc03c5206fef8831
nonsymptom_same_word,6,1,489,0,0.42813089627062423,20260630,e82d92e639d7f96f78f189ea5919937db4f5b551eab8c23e157765097bd53df2,9acb911014f5d8971785b574ce360635e48c18f2efcffe74bc03c5206fef8831
nonsymptom_same_word,6,1,490,0,0.44061895163209785,20260630,e82d92e639d7f96f78f189ea5919937db4f5b551eab8c23e157765097bd53df2,9acb911014f5d8971785b574ce360635e48c18f2efcffe74bc03c5206fef8831
nonsymptom_same_word,6,1,491,0,0.4359622039195956,20260630,e82d92e639d7f96f78f189ea5919937db4f5b551eab8c23e157765097bd53df2,9acb911014f5d8971785b574ce360635e48c18f2efcffe74bc03c5206fef8831
nonsymptom_same_word,6,2,318,0,0.3989080152215317,20260630,ca74ca0a5cc8ea143406e41382c87cb8f154a1147c6f3130230e965bf3256cfe,026527e1d11290a131963041dbec519f41e35cf4fa75280a161947fb5221b94a
nonsymptom_same_word,6,2,320,1,0.4532668153262498,20260630,ca74ca0a5cc8ea143406e41382c87cb8f154a1147c6f3130230e965bf3256cfe,026527e1d11290a131963041dbec519f41e35cf4fa75280a161947fb5221b94a
nonsymptom_same_word,6,2,321,1,0.5310802178166626,20260630,ca74ca0a5cc8ea143406e41382c87cb8f154a1147c6f3130230e965bf3256cfe,026527e1d11290a131963041dbec519f41e35cf4fa75280a161947fb5221b94a
nonsymptom_same_word,6,2,327,0,0.4671237080583126,20260630,ca74ca0a5cc8ea143406e41382c87cb8f154a1147c6f3130230e965bf3256cfe,026527e1d11290a131963041dbec519f41e35cf4fa75280a161947fb5221b94a
nonsymptom_same_word,6,2,331,0,0.5341405508126996,20260630,ca74ca0a5cc8ea143406e41382c87cb8f154a1147c6f3130230e965bf3256cfe,026527e1d11290a131963041dbec519f41e35cf4fa75280a161947fb5221b94a
nonsymptom_same_word,6,2,333,0,0.45732571058947413,20260630,ca74ca0a5cc8ea143406e41382c87cb8f154a1147c6f3130230e965bf3256cfe,026527e1d11290a131963041dbec519f41e35cf4fa75280a161947fb5221b94a
nonsymptom_same_word,6,2,335,1,0.4747052420935196,20260630,ca74ca0a5cc8ea143406e41382c87cb8f154a1147c6f3130230e965bf3256cfe,026527e1d11290a131963041dbec519f41e35cf4fa75280a161947fb5221b94a
nonsymptom_same_word,6,2,336,0,0.47286640488720516,20260630,ca74ca0a5cc8ea143406e41382c87cb8f154a1147c6f3130230e965bf3256cfe,026527e1d11290a131963041dbec519f41e35cf4fa75280a161947fb5221b94a
nonsymptom_same_word,6,2,340,0,0.4249027955261551,20260630,ca74ca0a5cc8ea143406e41382c87cb8f154a1147c6f3130230e965bf3256cfe,026527e1d11290a131963041dbec519f41e35cf4fa75280a161947fb5221b94a
nonsymptom_same_word,6,2,341,0,0.4843555255116661,20260630,ca74ca0a5cc8ea143406e41382c87cb8f154a1147c6f3130230e965bf3256cfe,026527e1d11290a131963041dbec519f41e35cf4fa75280a161947fb5221b94a
nonsymptom_same_word,6,2,346,1,0.5801102746059584,20260630,ca74ca0a5cc8ea143406e41382c87cb8f154a1147c6f3130230e965bf3256cfe,026527e1d11290a131963041dbec519f41e35cf4fa75280a161947fb5221b94a
nonsymptom_same_word,6,2,350,1,0.48192628611810384,20260630,ca74ca0a5cc8ea143406e41382c87cb8f154a1147c6f3130230e965bf3256cfe,026527e1d11290a131963041dbec519f41e35cf4fa75280a161947fb5221b94a
nonsymptom_same_word,6,2,363,0,0.477209682883365,20260630,ca74ca0a5cc8ea143406e41382c87cb8f154a1147c6f3130230e965bf3256cfe,026527e1d11290a131963041dbec519f41e35cf4fa75280a161947fb5221b94a
nonsymptom_same_word,6,2,389,1,0.45894028739495024,20260630,ca74ca0a5cc8ea143406e41382c87cb8f154a1147c6f3130230e965bf3256cfe,026527e1d11290a131963041dbec519f41e35cf4fa75280a161947fb5221b94a
nonsymptom_same_word,6,2,391,0,0.40080925814878127,20260630,ca74ca0a5cc8ea143406e41382c87cb8f154a1147c6f3130230e965bf3256cfe,026527e1d11290a131963041dbec519f41e35cf4fa75280a161947fb5221b94a
nonsymptom_same_word,6,2,392,0,0.4318546233539293,20260630,ca74ca0a5cc8ea143406e41382c87cb8f154a1147c6f3130230e965bf3256cfe,026527e1d11290a131963041dbec519f41e35cf4fa75280a161947fb5221b94a
nonsymptom_same_word,6,2,393,0,0.3952412155309225,20260630,ca74ca0a5cc8ea143406e41382c87cb8f154a1147c6f3130230e965bf3256cfe,026527e1d11290a131963041dbec519f41e35cf4fa75280a161947fb5221b94a
nonsymptom_same_word,6,2,402,1,0.4818262375663766,20260630,ca74ca0a5cc8ea143406e41382c87cb8f154a1147c6f3130230e965bf3256cfe,026527e1d11290a131963041dbec519f41e35cf4fa75280a161947fb5221b94a
nonsymptom_same_word,6,2,404,0,0.4908876352233557,20260630,ca74ca0a5cc8ea143406e41382c87cb8f154a1147c6f3130230e965bf3256cfe,026527e1d11290a131963041dbec519f41e35cf4fa75280a161947fb5221b94a
nonsymptom_same_word,6,2,406,0,0.45488397443714423,20260630,ca74ca0a5cc8ea143406e41382c87cb8f154a1147c6f3130230e965bf3256cfe,026527e1d11290a131963041dbec519f41e35cf4fa75280a161947fb5221b94a
nonsymptom_same_word,6,2,415,0,0.48102126149794483,20260630,ca74ca0a5cc8ea143406e41382c87cb8f154a1147c6f3130230e965bf3256cfe,026527e1d11290a131963041dbec519f41e35cf4fa75280a161947fb5221b94a
nonsymptom_same_word,6,2,426,1,0.4458173920207084,20260630,ca74ca0a5cc8ea143406e41382c87cb8f154a1147c6f3130230e965bf3256cfe,026527e1d11290a131963041dbec519f41e35cf4fa75280a161947fb5221b94a
nonsymptom_same_word,6,2,439,0,0.42768239913413203,20260630,ca74ca0a5cc8ea143406e41382c87cb8f154a1147c6f3130230e965bf3256cfe,026527e1d11290a131963041dbec519f41e35cf4fa75280a161947fb5221b94a
nonsymptom_same_word,6,2,457,0,0.4987277102341598,20260630,ca74ca0a5cc8ea143406e41382c87cb8f154a1147c6f3130230e965bf3256cfe,026527e1d11290a131963041dbec519f41e35cf4fa75280a161947fb5221b94a
nonsymptom_same_word,6,2,459,1,0.5138305717297422,20260630,ca74ca0a5cc8ea143406e41382c87cb8f154a1147c6f3130230e965bf3256cfe,026527e1d11290a131963041dbec519f41e35cf4fa75280a161947fb5221b94a
nonsymptom_same_word,6,2,468,0,0.45538435769570096,20260630,ca74ca0a5cc8ea143406e41382c87cb8f154a1147c6f3130230e965bf3256cfe,026527e1d11290a131963041dbec519f41e35cf4fa75280a161947fb5221b94a
nonsymptom_same_word,6,2,473,0,0.49258863149164933,20260630,ca74ca0a5cc8ea143406e41382c87cb8f154a1147c6f3130230e965bf3256cfe,026527e1d11290a131963041dbec519f41e35cf4fa75280a161947fb5221b94a
nonsymptom_same_word,6,2,476,0,0.46499592585140265,20260630,ca74ca0a5cc8ea143406e41382c87cb8f154a1147c6f3130230e965bf3256cfe,026527e1d11290a131963041dbec519f41e35cf4fa75280a161947fb5221b94a
nonsymptom_same_word,6,2,477,0,0.5288686211136743,20260630,ca74ca0a5cc8ea143406e41382c87cb8f154a1147c6f3130230e965bf3256cfe,026527e1d11290a131963041dbec519f41e35cf4fa75280a161947fb5221b94a
nonsymptom_same_word,6,3,310,0,0.4483393448367941,20260630,63f655d0d23cdff0afa014ccfd096eba0449dc81e7917b882ed0a92e2db503b6,a9175a7604d661c2708f06771d61bc40dc001844847e7ae5aee4f1d10f1f65ba
nonsymptom_same_word,6,3,315,0,0.4770812462926732,20260630,63f655d0d23cdff0afa014ccfd096eba0449dc81e7917b882ed0a92e2db503b6,a9175a7604d661c2708f06771d61bc40dc001844847e7ae5aee4f1d10f1f65ba
nonsymptom_same_word,6,3,319,1,0.43552695127225927,20260630,63f655d0d23cdff0afa014ccfd096eba0449dc81e7917b882ed0a92e2db503b6,a9175a7604d661c2708f06771d61bc40dc001844847e7ae5aee4f1d10f1f65ba
nonsymptom_same_word,6,3,344,1,0.536826404381113,20260630,63f655d0d23cdff0afa014ccfd096eba0449dc81e7917b882ed0a92e2db503b6,a9175a7604d661c2708f06771d61bc40dc001844847e7ae5aee4f1d10f1f65ba
nonsymptom_same_word,6,3,347,1,0.44146122695563955,20260630,63f655d0d23cdff0afa014ccfd096eba0449dc81e7917b882ed0a92e2db503b6,a9175a7604d661c2708f06771d61bc40dc001844847e7ae5aee4f1d10f1f65ba
nonsymptom_same_word,6,3,357,0,0.41832309753819175,20260630,63f655d0d23cdff0afa014ccfd096eba0449dc81e7917b882ed0a92e2db503b6,a9175a7604d661c2708f06771d61bc40dc001844847e7ae5aee4f1d10f1f65ba
nonsymptom_same_word,6,3,362,1,0.4716057676436847,20260630,63f655d0d23cdff0afa014ccfd096eba0449dc81e7917b882ed0a92e2db503b6,a9175a7604d661c2708f06771d61bc40dc001844847e7ae5aee4f1d10f1f65ba
nonsymptom_same_word,6,3,370,0,0.4778085729136863,20260630,63f655d0d23cdff0afa014ccfd096eba0449dc81e7917b882ed0a92e2db503b6,a9175a7604d661c2708f06771d61bc40dc001844847e7ae5aee4f1d10f1f65ba
nonsymptom_same_word,6,3,374,0,0.43761126437281656,20260630,63f655d0d23cdff0afa014ccfd096eba0449dc81e7917b882ed0a92e2db503b6,a9175a7604d661c2708f06771d61bc40dc001844847e7ae5aee4f1d10f1f65ba
nonsymptom_same_word,6,3,377,1,0.49011649310786415,20260630,63f655d0d23cdff0afa014ccfd096eba0449dc81e7917b882ed0a92e2db503b6,a9175a7604d661c2708f06771d61bc40dc001844847e7ae5aee4f1d10f1f65ba
nonsymptom_same_word,6,3,382,0,0.4524338006807744,20260630,63f655d0d23cdff0afa014ccfd096eba0449dc81e7917b882ed0a92e2db503b6,a9175a7604d661c2708f06771d61bc40dc001844847e7ae5aee4f1d10f1f65ba
nonsymptom_same_word,6,3,386,1,0.5065768562924212,20260630,63f655d0d23cdff0afa014ccfd096eba0449dc81e7917b882ed0a92e2db503b6,a9175a7604d661c2708f06771d61bc40dc001844847e7ae5aee4f1d10f1f65ba
nonsymptom_same_word,6,3,403,0,0.46906049625006496,20260630,63f655d0d23cdff0afa014ccfd096eba0449dc81e7917b882ed0a92e2db503b6,a9175a7604d661c2708f06771d61bc40dc001844847e7ae5aee4f1d10f1f65ba
nonsymptom_same_word,6,3,419,0,0.441466889350259,20260630,63f655d0d23cdff0afa014ccfd096eba0449dc81e7917b882ed0a92e2db503b6,a9175a7604d661c2708f06771d61bc40dc001844847e7ae5aee4f1d10f1f65ba
nonsymptom_same_word,6,3,428,0,0.5102023954380024,20260630,63f655d0d23cdff0afa014ccfd096eba0449dc81e7917b882ed0a92e2db503b6,a9175a7604d661c2708f06771d61bc40dc001844847e7ae5aee4f1d10f1f65ba
nonsymptom_same_word,6,3,430,0,0.4873770684501557,20260630,63f655d0d23cdff0afa014ccfd096eba0449dc81e7917b882ed0a92e2db503b6,a9175a7604d661c2708f06771d61bc40dc001844847e7ae5aee4f1d10f1f65ba
nonsymptom_same_word,6,3,437,0,0.48389450928485833,20260630,63f655d0d23cdff0afa014ccfd096eba0449dc81e7917b882ed0a92e2db503b6,a9175a7604d661c2708f06771d61bc40dc001844847e7ae5aee4f1d10f1f65ba
nonsymptom_same_word,6,3,441,1,0.4982318536423743,20260630,63f655d0d23cdff0afa014ccfd096eba0449dc81e7917b882ed0a92e2db503b6,a9175a7604d661c2708f06771d61bc40dc001844847e7ae5aee4f1d10f1f65ba
nonsymptom_same_word,6,3,443,0,0.4036761375279923,20260630,63f655d0d23cdff0afa014ccfd096eba0449dc81e7917b882ed0a92e2db503b6,a9175a7604d661c2708f06771d61bc40dc001844847e7ae5aee4f1d10f1f65ba
nonsymptom_same_word,6,3,464,0,0.4841117906827312,20260630,63f655d0d23cdff0afa014ccfd096eba0449dc81e7917b882ed0a92e2db503b6,a9175a7604d661c2708f06771d61bc40dc001844847e7ae5aee4f1d10f1f65ba
nonsymptom_same_word,6,3,472,0,0.4957265558839043,20260630,63f655d0d23cdff0afa014ccfd096eba0449dc81e7917b882ed0a92e2db503b6,a9175a7604d661c2708f06771d61bc40dc001844847e7ae5aee4f1d10f1f65ba
nonsymptom_same_word,6,3,474,0,0.494618774872173,20260630,63f655d0d23cdff0afa014ccfd096eba0449dc81e7917b882ed0a92e2db503b6,a9175a7604d661c2708f06771d61bc40dc001844847e7ae5aee4f1d10f1f65ba
nonsymptom_same_word,6,3,475,0,0.4880419565347495,20260630,63f655d0d23cdff0afa014ccfd096eba0449dc81e7917b882ed0a92e2db503b6,a9175a7604d661c2708f06771d61bc40dc001844847e7ae5aee4f1d10f1f65ba
nonsymptom_same_word,6,3,479,0,0.4057881660788109,20260630,63f655d0d23cdff0afa014ccfd096eba0449dc81e7917b882ed0a92e2db503b6,a9175a7604d661c2708f06771d61bc40dc001844847e7ae5aee4f1d10f1f65ba
nonsymptom_same_word,6,3,482,0,0.5062545603578279,20260630,63f655d0d23cdff0afa014ccfd096eba0449dc81e7917b882ed0a92e2db503b6,a9175a7604d661c2708f06771d61bc40dc001844847e7ae5aee4f1d10f1f65ba
nonsymptom_same_word,6,3,483,1,0.4907289457851951,20260630,63f655d0d23cdff0afa014ccfd096eba0449dc81e7917b882ed0a92e2db503b6,a9175a7604d661c2708f06771d61bc40dc001844847e7ae5aee4f1d10f1f65ba
nonsymptom_same_word,6,3,485,0,0.4295122032522769,20260630,63f655d0d23cdff0afa014ccfd096eba0449dc81e7917b882ed0a92e2db503b6,a9175a7604d661c2708f06771d61bc40dc001844847e7ae5aee4f1d10f1f65ba
nonsymptom_same_word,6,3,487,0,0.4889232621959933,20260630,63f655d0d23cdff0afa014ccfd096eba0449dc81e7917b882ed0a92e2db503b6,a9175a7604d661c2708f06771d61bc40dc001844847e7ae5aee4f1d10f1f65ba
nonsymptom_same_word,6,4,302,0,0.4948889783161747,20260630,074b6ad01723802a6cbe54913e2a199d04b4442829b6b53ecfd71ef361fc155d,03579eae1588ac86d9e6cabbf54132342b01a45913d546459eb5d0b70da398ee
nonsymptom_same_word,6,4,304,0,0.44162356802090097,20260630,074b6ad01723802a6cbe54913e2a199d04b4442829b6b53ecfd71ef361fc155d,03579eae1588ac86d9e6cabbf54132342b01a45913d546459eb5d0b70da398ee
nonsymptom_same_word,6,4,317,0,0.38795156136742903,20260630,074b6ad01723802a6cbe54913e2a199d04b4442829b6b53ecfd71ef361fc155d,03579eae1588ac86d9e6cabbf54132342b01a45913d546459eb5d0b70da398ee
nonsymptom_same_word,6,4,322,0,0.4839993092967389,20260630,074b6ad01723802a6cbe54913e2a199d04b4442829b6b53ecfd71ef361fc155d,03579eae1588ac86d9e6cabbf54132342b01a45913d546459eb5d0b70da398ee
nonsymptom_same_word,6,4,328,0,0.46548104253054934,20260630,074b6ad01723802a6cbe54913e2a199d04b4442829b6b53ecfd71ef361fc155d,03579eae1588ac86d9e6cabbf54132342b01a45913d546459eb5d0b70da398ee
nonsymptom_same_word,6,4,338,1,0.4873631794828434,20260630,074b6ad01723802a6cbe54913e2a199d04b4442829b6b53ecfd71ef361fc155d,03579eae1588ac86d9e6cabbf54132342b01a45913d546459eb5d0b70da398ee
nonsymptom_same_word,6,4,343,0,0.47696035556892274,20260630,074b6ad01723802a6cbe54913e2a199d04b4442829b6b53ecfd71ef361fc155d,03579eae1588ac86d9e6cabbf54132342b01a45913d546459eb5d0b70da398ee
nonsymptom_same_word,6,4,348,1,0.4856797492958943,20260630,074b6ad01723802a6cbe54913e2a199d04b4442829b6b53ecfd71ef361fc155d,03579eae1588ac86d9e6cabbf54132342b01a45913d546459eb5d0b70da398ee
nonsymptom_same_word,6,4,351,1,0.5313454484740157,20260630,074b6ad01723802a6cbe54913e2a199d04b4442829b6b53ecfd71ef361fc155d,03579eae1588ac86d9e6cabbf54132342b01a45913d546459eb5d0b70da398ee
nonsymptom_same_word,6,4,355,1,0.44236096725428065,20260630,074b6ad01723802a6cbe54913e2a199d04b4442829b6b53ecfd71ef361fc155d,03579eae1588ac86d9e6cabbf54132342b01a45913d546459eb5d0b70da398ee
nonsymptom_same_word,6,4,358,0,0.4550775405433071,20260630,074b6ad01723802a6cbe54913e2a199d04b4442829b6b53ecfd71ef361fc155d,03579eae1588ac86d9e6cabbf54132342b01a45913d546459eb5d0b70da398ee
nonsymptom_same_word,6,4,371,0,0.41827596446928567,20260630,074b6ad01723802a6cbe54913e2a199d04b4442829b6b53ecfd71ef361fc155d,03579eae1588ac86d9e6cabbf54132342b01a45913d546459eb5d0b70da398ee
nonsymptom_same_word,6,4,380,1,0.5195288943109698,20260630,074b6ad01723802a6cbe54913e2a199d04b4442829b6b53ecfd71ef361fc155d,03579eae1588ac86d9e6cabbf54132342b01a45913d546459eb5d0b70da398ee
nonsymptom_same_word,6,4,397,0,0.4513204869639919,20260630,074b6ad01723802a6cbe54913e2a199d04b4442829b6b53ecfd71ef361fc155d,03579eae1588ac86d9e6cabbf54132342b01a45913d546459eb5d0b70da398ee
nonsymptom_same_word,6,4,400,0,0.4755805212483391,20260630,074b6ad01723802a6cbe54913e2a199d04b4442829b6b53ecfd71ef361fc155d,03579eae1588ac86d9e6cabbf54132342b01a45913d546459eb5d0b70da398ee
nonsymptom_same_word,6,4,412,1,0.41295244959711447,20260630,074b6ad01723802a6cbe54913e2a199d04b4442829b6b53ecfd71ef361fc155d,03579eae1588ac86d9e6cabbf54132342b01a45913d546459eb5d0b70da398ee
nonsymptom_same_word,6,4,416,0,0.4993421219063923,20260630,074b6ad01723802a6cbe54913e2a199d04b4442829b6b53ecfd71ef361fc155d,03579eae1588ac86d9e6cabbf54132342b01a45913d546459eb5d0b70da398ee
nonsymptom_same_word,6,4,417,0,0.49398807820598817,20260630,074b6ad01723802a6cbe54913e2a199d04b4442829b6b53ecfd71ef361fc155d,03579eae1588ac86d9e6cabbf54132342b01a45913d546459eb5d0b70da398ee
nonsymptom_same_word,6,4,418,1,0.5094333558864695,20260630,074b6ad01723802a6cbe54913e2a199d04b4442829b6b53ecfd71ef361fc155d,03579eae1588ac86d9e6cabbf54132342b01a45913d546459eb5d0b70da398ee
nonsymptom_same_word,6,4,425,0,0.47792515847048384,20260630,074b6ad01723802a6cbe54913e2a199d04b4442829b6b53ecfd71ef361fc155d,03579eae1588ac86d9e6cabbf54132342b01a45913d546459eb5d0b70da398ee
nonsymptom_same_word,6,4,427,0,0.44910250938038715,20260630,074b6ad01723802a6cbe54913e2a199d04b4442829b6b53ecfd71ef361fc155d,03579eae1588ac86d9e6cabbf54132342b01a45913d546459eb5d0b70da398ee
nonsymptom_same_word,6,4,429,0,0.4415820589872859,20260630,074b6ad01723802a6cbe54913e2a199d04b4442829b6b53ecfd71ef361fc155d,03579eae1588ac86d9e6cabbf54132342b01a45913d546459eb5d0b70da398ee
nonsymptom_same_word,6,4,434,0,0.4795691763265651,20260630,074b6ad01723802a6cbe54913e2a199d04b4442829b6b53ecfd71ef361fc155d,03579eae1588ac86d9e6cabbf54132342b01a45913d546459eb5d0b70da398ee
nonsymptom_same_word,6,4,440,1,0.4712939073414857,20260630,074b6ad01723802a6cbe54913e2a199d04b4442829b6b53ecfd71ef361fc155d,03579eae1588ac86d9e6cabbf54132342b01a45913d546459eb5d0b70da398ee
nonsymptom_same_word,6,4,444,0,0.5371476859546631,20260630,074b6ad01723802a6cbe54913e2a199d04b4442829b6b53ecfd71ef361fc155d,03579eae1588ac86d9e6cabbf54132342b01a45913d546459eb5d0b70da398ee
nonsymptom_same_word,6,4,455,0,0.48760989779387376,20260630,074b6ad01723802a6cbe54913e2a199d04b4442829b6b53ecfd71ef361fc155d,03579eae1588ac86d9e6cabbf54132342b01a45913d546459eb5d0b70da398ee
nonsymptom_same_word,6,4,456,0,0.4995016769032972,20260630,074b6ad01723802a6cbe54913e2a199d04b4442829b6b53ecfd71ef361fc155d,03579eae1588ac86d9e6cabbf54132342b01a45913d546459eb5d0b70da398ee
nonsymptom_same_word,6,4,463,0,0.4682642987116422,20260630,074b6ad01723802a6cbe54913e2a199d04b4442829b6b53ecfd71ef361fc155d,03579eae1588ac86d9e6cabbf54132342b01a45913d546459eb5d0b70da398ee
nonsymptom_same_word,6,5,307,0,0.46450286326341766,20260630,d56b8a941d07ed2aadb9bf902bdac36965245619a7470e237272178f95571c6e,e1873497cd4f17928da0fdd081db1deb07750ac53dc401a3727de5448357386b
nonsymptom_same_word,6,5,312,0,0.46284980637551587,20260630,d56b8a941d07ed2aadb9bf902bdac36965245619a7470e237272178f95571c6e,e1873497cd4f17928da0fdd081db1deb07750ac53dc401a3727de5448357386b
nonsymptom_same_word,6,5,316,0,0.5014935274132966,20260630,d56b8a941d07ed2aadb9bf902bdac36965245619a7470e237272178f95571c6e,e1873497cd4f17928da0fdd081db1deb07750ac53dc401a3727de5448357386b
nonsymptom_same_word,6,5,324,0,0.5006652926657652,20260630,d56b8a941d07ed2aadb9bf902bdac36965245619a7470e237272178f95571c6e,e1873497cd4f17928da0fdd081db1deb07750ac53dc401a3727de5448357386b
nonsymptom_same_word,6,5,325,1,0.5481707776908278,20260630,d56b8a941d07ed2aadb9bf902bdac36965245619a7470e237272178f95571c6e,e1873497cd4f17928da0fdd081db1deb07750ac53dc401a3727de5448357386b
nonsymptom_same_word,6,5,330,1,0.45078776754641103,20260630,d56b8a941d07ed2aadb9bf902bdac36965245619a7470e237272178f95571c6e,e1873497cd4f17928da0fdd081db1deb07750ac53dc401a3727de5448357386b
nonsymptom_same_word,6,5,339,1,0.5056325906952791,20260630,d56b8a941d07ed2aadb9bf902bdac36965245619a7470e237272178f95571c6e,e1873497cd4f17928da0fdd081db1deb07750ac53dc401a3727de5448357386b
nonsymptom_same_word,6,5,356,1,0.5051481277654277,20260630,d56b8a941d07ed2aadb9bf902bdac36965245619a7470e237272178f95571c6e,e1873497cd4f17928da0fdd081db1deb07750ac53dc401a3727de5448357386b
nonsymptom_same_word,6,5,360,0,0.49622200688929746,20260630,d56b8a941d07ed2aadb9bf902bdac36965245619a7470e237272178f95571c6e,e1873497cd4f17928da0fdd081db1deb07750ac53dc401a3727de5448357386b
nonsymptom_same_word,6,5,366,0,0.45919901819335507,20260630,d56b8a941d07ed2aadb9bf902bdac36965245619a7470e237272178f95571c6e,e1873497cd4f17928da0fdd081db1deb07750ac53dc401a3727de5448357386b
nonsymptom_same_word,6,5,367,1,0.5258480620324253,20260630,d56b8a941d07ed2aadb9bf902bdac36965245619a7470e237272178f95571c6e,e1873497cd4f17928da0fdd081db1deb07750ac53dc401a3727de5448357386b
nonsymptom_same_word,6,5,368,0,0.5096807182699902,20260630,d56b8a941d07ed2aadb9bf902bdac36965245619a7470e237272178f95571c6e,e1873497cd4f17928da0fdd081db1deb07750ac53dc401a3727de5448357386b
nonsymptom_same_word,6,5,372,1,0.5205602091844617,20260630,d56b8a941d07ed2aadb9bf902bdac36965245619a7470e237272178f95571c6e,e1873497cd4f17928da0fdd081db1deb07750ac53dc401a3727de5448357386b
nonsymptom_same_word,6,5,375,0,0.48163277935824744,20260630,d56b8a941d07ed2aadb9bf902bdac36965245619a7470e237272178f95571c6e,e1873497cd4f17928da0fdd081db1deb07750ac53dc401a3727de5448357386b
nonsymptom_same_word,6,5,376,1,0.5294395477920606,20260630,d56b8a941d07ed2aadb9bf902bdac36965245619a7470e237272178f95571c6e,e1873497cd4f17928da0fdd081db1deb07750ac53dc401a3727de5448357386b
nonsymptom_same_word,6,5,381,1,0.5555989385545365,20260630,d56b8a941d07ed2aadb9bf902bdac36965245619a7470e237272178f95571c6e,e1873497cd4f17928da0fdd081db1deb07750ac53dc401a3727de5448357386b
nonsymptom_same_word,6,5,383,0,0.42750446993300273,20260630,d56b8a941d07ed2aadb9bf902bdac36965245619a7470e237272178f95571c6e,e1873497cd4f17928da0fdd081db1deb07750ac53dc401a3727de5448357386b
nonsymptom_same_word,6,5,390,0,0.4861286563751728,20260630,d56b8a941d07ed2aadb9bf902bdac36965245619a7470e237272178f95571c6e,e1873497cd4f17928da0fdd081db1deb07750ac53dc401a3727de5448357386b
nonsymptom_same_word,6,5,401,0,0.4830000709554232,20260630,d56b8a941d07ed2aadb9bf902bdac36965245619a7470e237272178f95571c6e,e1873497cd4f17928da0fdd081db1deb07750ac53dc401a3727de5448357386b
nonsymptom_same_word,6,5,409,1,0.4627950132379713,20260630,d56b8a941d07ed2aadb9bf902bdac36965245619a7470e237272178f95571c6e,e1873497cd4f17928da0fdd081db1deb07750ac53dc401a3727de5448357386b
nonsymptom_same_word,6,5,420,0,0.45444237778318264,20260630,d56b8a941d07ed2aadb9bf902bdac36965245619a7470e237272178f95571c6e,e1873497cd4f17928da0fdd081db1deb07750ac53dc401a3727de5448357386b
nonsymptom_same_word,6,5,423,0,0.4798337424857136,20260630,d56b8a941d07ed2aadb9bf902bdac36965245619a7470e237272178f95571c6e,e1873497cd4f17928da0fdd081db1deb07750ac53dc401a3727de5448357386b
nonsymptom_same_word,6,5,436,0,0.45581940092320195,20260630,d56b8a941d07ed2aadb9bf902bdac36965245619a7470e237272178f95571c6e,e1873497cd4f17928da0fdd081db1deb07750ac53dc401a3727de5448357386b
nonsymptom_same_word,6,5,445,0,0.4948000208162918,20260630,d56b8a941d07ed2aadb9bf902bdac36965245619a7470e237272178f95571c6e,e1873497cd4f17928da0fdd081db1deb07750ac53dc401a3727de5448357386b
nonsymptom_same_word,6,5,458,0,0.4790285048445879,20260630,d56b8a941d07ed2aadb9bf902bdac36965245619a7470e237272178f95571c6e,e1873497cd4f17928da0fdd081db1deb07750ac53dc401a3727de5448357386b
nonsymptom_same_word,6,5,484,0,0.49631981767723066,20260630,d56b8a941d07ed2aadb9bf902bdac36965245619a7470e237272178f95571c6e,e1873497cd4f17928da0fdd081db1deb07750ac53dc401a3727de5448357386b
nonsymptom_same_word,6,5,488,0,0.4624398776563944,20260630,d56b8a941d07ed2aadb9bf902bdac36965245619a7470e237272178f95571c6e,e1873497cd4f17928da0fdd081db1deb07750ac53dc401a3727de5448357386b
nonsymptom_same_word,6,5,492,0,0.45057477524899736,20260630,d56b8a941d07ed2aadb9bf902bdac36965245619a7470e237272178f95571c6e,e1873497cd4f17928da0fdd081db1deb07750ac53dc401a3727de5448357386b
nonsymptom_same_word,7,1,315,0,0.48784847802383746,20260631,f3dabc890c5a95e9aeba56026c4d2e5ef280fa3aa9f486c6242ef3e665740b39,9d2670fe5e3eca8e8444707242eea29f1e3602ef28d14ab3b5e3c6b03ec01143
nonsymptom_same_word,7,1,319,1,0.4562349494126563,20260631,f3dabc890c5a95e9aeba56026c4d2e5ef280fa3aa9f486c6242ef3e665740b39,9d2670fe5e3eca8e8444707242eea29f1e3602ef28d14ab3b5e3c6b03ec01143
nonsymptom_same_word,7,1,331,0,0.5048476263203022,20260631,f3dabc890c5a95e9aeba56026c4d2e5ef280fa3aa9f486c6242ef3e665740b39,9d2670fe5e3eca8e8444707242eea29f1e3602ef28d14ab3b5e3c6b03ec01143
nonsymptom_same_word,7,1,333,0,0.4800799510626849,20260631,f3dabc890c5a95e9aeba56026c4d2e5ef280fa3aa9f486c6242ef3e665740b39,9d2670fe5e3eca8e8444707242eea29f1e3602ef28d14ab3b5e3c6b03ec01143
nonsymptom_same_word,7,1,350,1,0.4750724489363707,20260631,f3dabc890c5a95e9aeba56026c4d2e5ef280fa3aa9f486c6242ef3e665740b39,9d2670fe5e3eca8e8444707242eea29f1e3602ef28d14ab3b5e3c6b03ec01143
nonsymptom_same_word,7,1,352,1,0.547360525663534,20260631,f3dabc890c5a95e9aeba56026c4d2e5ef280fa3aa9f486c6242ef3e665740b39,9d2670fe5e3eca8e8444707242eea29f1e3602ef28d14ab3b5e3c6b03ec01143
nonsymptom_same_word,7,1,353,1,0.5098900903543937,20260631,f3dabc890c5a95e9aeba56026c4d2e5ef280fa3aa9f486c6242ef3e665740b39,9d2670fe5e3eca8e8444707242eea29f1e3602ef28d14ab3b5e3c6b03ec01143
nonsymptom_same_word,7,1,364,0,0.46681983874815136,20260631,f3dabc890c5a95e9aeba56026c4d2e5ef280fa3aa9f486c6242ef3e665740b39,9d2670fe5e3eca8e8444707242eea29f1e3602ef28d14ab3b5e3c6b03ec01143
nonsymptom_same_word,7,1,367,1,0.5186908123216458,20260631,f3dabc890c5a95e9aeba56026c4d2e5ef280fa3aa9f486c6242ef3e665740b39,9d2670fe5e3eca8e8444707242eea29f1e3602ef28d14ab3b5e3c6b03ec01143
nonsymptom_same_word,7,1,374,0,0.44299655721628295,20260631,f3dabc890c5a95e9aeba56026c4d2e5ef280fa3aa9f486c6242ef3e665740b39,9d2670fe5e3eca8e8444707242eea29f1e3602ef28d14ab3b5e3c6b03ec01143
nonsymptom_same_word,7,1,386,1,0.4830877311112358,20260631,f3dabc890c5a95e9aeba56026c4d2e5ef280fa3aa9f486c6242ef3e665740b39,9d2670fe5e3eca8e8444707242eea29f1e3602ef28d14ab3b5e3c6b03ec01143
nonsymptom_same_word,7,1,391,0,0.43349195560289266,20260631,f3dabc890c5a95e9aeba56026c4d2e5ef280fa3aa9f486c6242ef3e665740b39,9d2670fe5e3eca8e8444707242eea29f1e3602ef28d14ab3b5e3c6b03ec01143
nonsymptom_same_word,7,1,400,0,0.460718549558285,20260631,f3dabc890c5a95e9aeba56026c4d2e5ef280fa3aa9f486c6242ef3e665740b39,9d2670fe5e3eca8e8444707242eea29f1e3602ef28d14ab3b5e3c6b03ec01143
nonsymptom_same_word,7,1,401,0,0.4685361943689125,20260631,f3dabc890c5a95e9aeba56026c4d2e5ef280fa3aa9f486c6242ef3e665740b39,9d2670fe5e3eca8e8444707242eea29f1e3602ef28d14ab3b5e3c6b03ec01143
nonsymptom_same_word,7,1,412,1,0.4195605049681934,20260631,f3dabc890c5a95e9aeba56026c4d2e5ef280fa3aa9f486c6242ef3e665740b39,9d2670fe5e3eca8e8444707242eea29f1e3602ef28d14ab3b5e3c6b03ec01143
nonsymptom_same_word,7,1,416,0,0.49388719430630734,20260631,f3dabc890c5a95e9aeba56026c4d2e5ef280fa3aa9f486c6242ef3e665740b39,9d2670fe5e3eca8e8444707242eea29f1e3602ef28d14ab3b5e3c6b03ec01143
nonsymptom_same_word,7,1,422,1,0.5097074578237508,20260631,f3dabc890c5a95e9aeba56026c4d2e5ef280fa3aa9f486c6242ef3e665740b39,9d2670fe5e3eca8e8444707242eea29f1e3602ef28d14ab3b5e3c6b03ec01143
nonsymptom_same_word,7,1,425,0,0.4703241706007801,20260631,f3dabc890c5a95e9aeba56026c4d2e5ef280fa3aa9f486c6242ef3e665740b39,9d2670fe5e3eca8e8444707242eea29f1e3602ef28d14ab3b5e3c6b03ec01143
nonsymptom_same_word,7,1,427,0,0.41519046934400894,20260631,f3dabc890c5a95e9aeba56026c4d2e5ef280fa3aa9f486c6242ef3e665740b39,9d2670fe5e3eca8e8444707242eea29f1e3602ef28d14ab3b5e3c6b03ec01143
nonsymptom_same_word,7,1,434,0,0.49433226748647136,20260631,f3dabc890c5a95e9aeba56026c4d2e5ef280fa3aa9f486c6242ef3e665740b39,9d2670fe5e3eca8e8444707242eea29f1e3602ef28d14ab3b5e3c6b03ec01143
nonsymptom_same_word,7,1,437,0,0.49391329849150567,20260631,f3dabc890c5a95e9aeba56026c4d2e5ef280fa3aa9f486c6242ef3e665740b39,9d2670fe5e3eca8e8444707242eea29f1e3602ef28d14ab3b5e3c6b03ec01143
nonsymptom_same_word,7,1,441,1,0.521466818754337,20260631,f3dabc890c5a95e9aeba56026c4d2e5ef280fa3aa9f486c6242ef3e665740b39,9d2670fe5e3eca8e8444707242eea29f1e3602ef28d14ab3b5e3c6b03ec01143
nonsymptom_same_word,7,1,443,0,0.4238040736031407,20260631,f3dabc890c5a95e9aeba56026c4d2e5ef280fa3aa9f486c6242ef3e665740b39,9d2670fe5e3eca8e8444707242eea29f1e3602ef28d14ab3b5e3c6b03ec01143
nonsymptom_same_word,7,1,445,0,0.5122167347064288,20260631,f3dabc890c5a95e9aeba56026c4d2e5ef280fa3aa9f486c6242ef3e665740b39,9d2670fe5e3eca8e8444707242eea29f1e3602ef28d14ab3b5e3c6b03ec01143
nonsymptom_same_word,7,1,446,0,0.48168195823596943,20260631,f3dabc890c5a95e9aeba56026c4d2e5ef280fa3aa9f486c6242ef3e665740b39,9d2670fe5e3eca8e8444707242eea29f1e3602ef28d14ab3b5e3c6b03ec01143
nonsymptom_same_word,7,1,473,0,0.49239242530727445,20260631,f3dabc890c5a95e9aeba56026c4d2e5ef280fa3aa9f486c6242ef3e665740b39,9d2670fe5e3eca8e8444707242eea29f1e3602ef28d14ab3b5e3c6b03ec01143
nonsymptom_same_word,7,1,476,0,0.4370268146659656,20260631,f3dabc890c5a95e9aeba56026c4d2e5ef280fa3aa9f486c6242ef3e665740b39,9d2670fe5e3eca8e8444707242eea29f1e3602ef28d14ab3b5e3c6b03ec01143
nonsymptom_same_word,7,1,489,0,0.4288905129993971,20260631,f3dabc890c5a95e9aeba56026c4d2e5ef280fa3aa9f486c6242ef3e665740b39,9d2670fe5e3eca8e8444707242eea29f1e3602ef28d14ab3b5e3c6b03ec01143
nonsymptom_same_word,7,1,490,0,0.4167110918011896,20260631,f3dabc890c5a95e9aeba56026c4d2e5ef280fa3aa9f486c6242ef3e665740b39,9d2670fe5e3eca8e8444707242eea29f1e3602ef28d14ab3b5e3c6b03ec01143
nonsymptom_same_word,7,2,317,0,0.3932917121385718,20260631,23d657f172880618b5c9663758d294ce590bc310ce2977d3ac1616f50e4679d3,da8a53285626f312b48617faf929cf9bee1bbbbdae34bc11ca57beba12a52659
nonsymptom_same_word,7,2,321,1,0.5352293110970474,20260631,23d657f172880618b5c9663758d294ce590bc310ce2977d3ac1616f50e4679d3,da8a53285626f312b48617faf929cf9bee1bbbbdae34bc11ca57beba12a52659
nonsymptom_same_word,7,2,335,1,0.49449667563289496,20260631,23d657f172880618b5c9663758d294ce590bc310ce2977d3ac1616f50e4679d3,da8a53285626f312b48617faf929cf9bee1bbbbdae34bc11ca57beba12a52659
nonsymptom_same_word,7,2,340,0,0.430707922393905,20260631,23d657f172880618b5c9663758d294ce590bc310ce2977d3ac1616f50e4679d3,da8a53285626f312b48617faf929cf9bee1bbbbdae34bc11ca57beba12a52659
nonsymptom_same_word,7,2,341,0,0.5036225482475724,20260631,23d657f172880618b5c9663758d294ce590bc310ce2977d3ac1616f50e4679d3,da8a53285626f312b48617faf929cf9bee1bbbbdae34bc11ca57beba12a52659
nonsymptom_same_word,7,2,345,1,0.5477492880894543,20260631,23d657f172880618b5c9663758d294ce590bc310ce2977d3ac1616f50e4679d3,da8a53285626f312b48617faf929cf9bee1bbbbdae34bc11ca57beba12a52659
nonsymptom_same_word,7,2,347,1,0.44771990295867004,20260631,23d657f172880618b5c9663758d294ce590bc310ce2977d3ac1616f50e4679d3,da8a53285626f312b48617faf929cf9bee1bbbbdae34bc11ca57beba12a52659
nonsymptom_same_word,7,2,366,0,0.4880343380186383,20260631,23d657f172880618b5c9663758d294ce590bc310ce2977d3ac1616f50e4679d3,da8a53285626f312b48617faf929cf9bee1bbbbdae34bc11ca57beba12a52659
nonsymptom_same_word,7,2,372,1,0.5018905770649943,20260631,23d657f172880618b5c9663758d294ce590bc310ce2977d3ac1616f50e4679d3,da8a53285626f312b48617faf929cf9bee1bbbbdae34bc11ca57beba12a52659
nonsymptom_same_word,7,2,380,1,0.5079363761345718,20260631,23d657f172880618b5c9663758d294ce590bc310ce2977d3ac1616f50e4679d3,da8a53285626f312b48617faf929cf9bee1bbbbdae34bc11ca57beba12a52659
nonsymptom_same_word,7,2,383,0,0.42717585140992526,20260631,23d657f172880618b5c9663758d294ce590bc310ce2977d3ac1616f50e4679d3,da8a53285626f312b48617faf929cf9bee1bbbbdae34bc11ca57beba12a52659
nonsymptom_same_word,7,2,388,1,0.4561864645989201,20260631,23d657f172880618b5c9663758d294ce590bc310ce2977d3ac1616f50e4679d3,da8a53285626f312b48617faf929cf9bee1bbbbdae34bc11ca57beba12a52659
nonsymptom_same_word,7,2,389,1,0.43641653369244354,20260631,23d657f172880618b5c9663758d294ce590bc310ce2977d3ac1616f50e4679d3,da8a53285626f312b48617faf929cf9bee1bbbbdae34bc11ca57beba12a52659
nonsymptom_same_word,7,2,390,0,0.5095816828989926,20260631,23d657f172880618b5c9663758d294ce590bc310ce2977d3ac1616f50e4679d3,da8a53285626f312b48617faf929cf9bee1bbbbdae34bc11ca57beba12a52659
nonsymptom_same_word,7,2,415,0,0.47468649342989333,20260631,23d657f172880618b5c9663758d294ce590bc310ce2977d3ac1616f50e4679d3,da8a53285626f312b48617faf929cf9bee1bbbbdae34bc11ca57beba12a52659
nonsymptom_same_word,7,2,429,0,0.4423997579224285,20260631,23d657f172880618b5c9663758d294ce590bc310ce2977d3ac1616f50e4679d3,da8a53285626f312b48617faf929cf9bee1bbbbdae34bc11ca57beba12a52659
nonsymptom_same_word,7,2,433,1,0.47260007333044884,20260631,23d657f172880618b5c9663758d294ce590bc310ce2977d3ac1616f50e4679d3,da8a53285626f312b48617faf929cf9bee1bbbbdae34bc11ca57beba12a52659
nonsymptom_same_word,7,2,436,0,0.42899734605953865,20260631,23d657f172880618b5c9663758d294ce590bc310ce2977d3ac1616f50e4679d3,da8a53285626f312b48617faf929cf9bee1bbbbdae34bc11ca57beba12a52659
nonsymptom_same_word,7,2,444,0,0.4980029252564934,20260631,23d657f172880618b5c9663758d294ce590bc310ce2977d3ac1616f50e4679d3,da8a53285626f312b48617faf929cf9bee1bbbbdae34bc11ca57beba12a52659
nonsymptom_same_word,7,2,451,0,0.5506922029973693,20260631,23d657f172880618b5c9663758d294ce590bc310ce2977d3ac1616f50e4679d3,da8a53285626f312b48617faf929cf9bee1bbbbdae34bc11ca57beba12a52659
nonsymptom_same_word,7,2,455,0,0.4971047830349128,20260631,23d657f172880618b5c9663758d294ce590bc310ce2977d3ac1616f50e4679d3,da8a53285626f312b48617faf929cf9bee1bbbbdae34bc11ca57beba12a52659
nonsymptom_same_word,7,2,456,0,0.5383315804775435,20260631,23d657f172880618b5c9663758d294ce590bc310ce2977d3ac1616f50e4679d3,da8a53285626f312b48617faf929cf9bee1bbbbdae34bc11ca57beba12a52659
nonsymptom_same_word,7,2,474,0,0.49514585982326137,20260631,23d657f172880618b5c9663758d294ce590bc310ce2977d3ac1616f50e4679d3,da8a53285626f312b48617faf929cf9bee1bbbbdae34bc11ca57beba12a52659
nonsymptom_same_word,7,2,477,0,0.5568561198174425,20260631,23d657f172880618b5c9663758d294ce590bc310ce2977d3ac1616f50e4679d3,da8a53285626f312b48617faf929cf9bee1bbbbdae34bc11ca57beba12a52659
nonsymptom_same_word,7,2,482,0,0.5127276865162993,20260631,23d657f172880618b5c9663758d294ce590bc310ce2977d3ac1616f50e4679d3,da8a53285626f312b48617faf929cf9bee1bbbbdae34bc11ca57beba12a52659
nonsymptom_same_word,7,2,484,0,0.5242355533217687,20260631,23d657f172880618b5c9663758d294ce590bc310ce2977d3ac1616f50e4679d3,da8a53285626f312b48617faf929cf9bee1bbbbdae34bc11ca57beba12a52659
nonsymptom_same_word,7,2,485,0,0.4353254768003334,20260631,23d657f172880618b5c9663758d294ce590bc310ce2977d3ac1616f50e4679d3,da8a53285626f312b48617faf929cf9bee1bbbbdae34bc11ca57beba12a52659
nonsymptom_same_word,7,2,486,0,0.4096572827053828,20260631,23d657f172880618b5c9663758d294ce590bc310ce2977d3ac1616f50e4679d3,da8a53285626f312b48617faf929cf9bee1bbbbdae34bc11ca57beba12a52659
nonsymptom_same_word,7,2,491,0,0.4655875837167303,20260631,23d657f172880618b5c9663758d294ce590bc310ce2977d3ac1616f50e4679d3,da8a53285626f312b48617faf929cf9bee1bbbbdae34bc11ca57beba12a52659
nonsymptom_same_word,7,3,305,0,0.46156959199157155,20260631,4eddfedce9ed4edac7f5f9d02c42b053a085693dc8e1fc3c5bb2088c7cec6616,3d0652c74e5c6639081fa5f85fd6c911a3a94a5f52e9e72a90e95041c926347f
nonsymptom_same_word,7,3,307,0,0.4603998563151737,20260631,4eddfedce9ed4edac7f5f9d02c42b053a085693dc8e1fc3c5bb2088c7cec6616,3d0652c74e5c6639081fa5f85fd6c911a3a94a5f52e9e72a90e95041c926347f
nonsymptom_same_word,7,3,318,0,0.39508064704935947,20260631,4eddfedce9ed4edac7f5f9d02c42b053a085693dc8e1fc3c5bb2088c7cec6616,3d0652c74e5c6639081fa5f85fd6c911a3a94a5f52e9e72a90e95041c926347f
nonsymptom_same_word,7,3,324,0,0.49674949818686653,20260631,4eddfedce9ed4edac7f5f9d02c42b053a085693dc8e1fc3c5bb2088c7cec6616,3d0652c74e5c6639081fa5f85fd6c911a3a94a5f52e9e72a90e95041c926347f
nonsymptom_same_word,7,3,325,1,0.552078764606785,20260631,4eddfedce9ed4edac7f5f9d02c42b053a085693dc8e1fc3c5bb2088c7cec6616,3d0652c74e5c6639081fa5f85fd6c911a3a94a5f52e9e72a90e95041c926347f
nonsymptom_same_word,7,3,328,0,0.4785331658653336,20260631,4eddfedce9ed4edac7f5f9d02c42b053a085693dc8e1fc3c5bb2088c7cec6616,3d0652c74e5c6639081fa5f85fd6c911a3a94a5f52e9e72a90e95041c926347f
nonsymptom_same_word,7,3,358,0,0.45586022311286645,20260631,4eddfedce9ed4edac7f5f9d02c42b053a085693dc8e1fc3c5bb2088c7cec6616,3d0652c74e5c6639081fa5f85fd6c911a3a94a5f52e9e72a90e95041c926347f
nonsymptom_same_word,7,3,360,0,0.47571991128304264,20260631,4eddfedce9ed4edac7f5f9d02c42b053a085693dc8e1fc3c5bb2088c7cec6616,3d0652c74e5c6639081fa5f85fd6c911a3a94a5f52e9e72a90e95041c926347f
nonsymptom_same_word,7,3,362,1,0.46222019965102085,20260631,4eddfedce9ed4edac7f5f9d02c42b053a085693dc8e1fc3c5bb2088c7cec6616,3d0652c74e5c6639081fa5f85fd6c911a3a94a5f52e9e72a90e95041c926347f
nonsymptom_same_word,7,3,369,0,0.468710309583648,20260631,4eddfedce9ed4edac7f5f9d02c42b053a085693dc8e1fc3c5bb2088c7cec6616,3d0652c74e5c6639081fa5f85fd6c911a3a94a5f52e9e72a90e95041c926347f
nonsymptom_same_word,7,3,371,0,0.4442281521762766,20260631,4eddfedce9ed4edac7f5f9d02c42b053a085693dc8e1fc3c5bb2088c7cec6616,3d0652c74e5c6639081fa5f85fd6c911a3a94a5f52e9e72a90e95041c926347f
nonsymptom_same_word,7,3,376,1,0.5284424030216537,20260631,4eddfedce9ed4edac7f5f9d02c42b053a085693dc8e1fc3c5bb2088c7cec6616,3d0652c74e5c6639081fa5f85fd6c911a3a94a5f52e9e72a90e95041c926347f
nonsymptom_same_word,7,3,402,1,0.4566915345543732,20260631,4eddfedce9ed4edac7f5f9d02c42b053a085693dc8e1fc3c5bb2088c7cec6616,3d0652c74e5c6639081fa5f85fd6c911a3a94a5f52e9e72a90e95041c926347f
nonsymptom_same_word,7,3,409,1,0.4681005516929618,20260631,4eddfedce9ed4edac7f5f9d02c42b053a085693dc8e1fc3c5bb2088c7cec6616,3d0652c74e5c6639081fa5f85fd6c911a3a94a5f52e9e72a90e95041c926347f
nonsymptom_same_word,7,3,414,1,0.49991539442426675,20260631,4eddfedce9ed4edac7f5f9d02c42b053a085693dc8e1fc3c5bb2088c7cec6616,3d0652c74e5c6639081fa5f85fd6c911a3a94a5f52e9e72a90e95041c926347f
nonsymptom_same_word,7,3,419,0,0.4273532961125389,20260631,4eddfedce9ed4edac7f5f9d02c42b053a085693dc8e1fc3c5bb2088c7cec6616,3d0652c74e5c6639081fa5f85fd6c911a3a94a5f52e9e72a90e95041c926347f
nonsymptom_same_word,7,3,426,1,0.49003941518886196,20260631,4eddfedce9ed4edac7f5f9d02c42b053a085693dc8e1fc3c5bb2088c7cec6616,3d0652c74e5c6639081fa5f85fd6c911a3a94a5f52e9e72a90e95041c926347f
nonsymptom_same_word,7,3,439,0,0.41102982185636583,20260631,4eddfedce9ed4edac7f5f9d02c42b053a085693dc8e1fc3c5bb2088c7cec6616,3d0652c74e5c6639081fa5f85fd6c911a3a94a5f52e9e72a90e95041c926347f
nonsymptom_same_word,7,3,440,1,0.4881400003539363,20260631,4eddfedce9ed4edac7f5f9d02c42b053a085693dc8e1fc3c5bb2088c7cec6616,3d0652c74e5c6639081fa5f85fd6c911a3a94a5f52e9e72a90e95041c926347f
nonsymptom_same_word,7,3,447,0,0.53179111182163,20260631,4eddfedce9ed4edac7f5f9d02c42b053a085693dc8e1fc3c5bb2088c7cec6616,3d0652c74e5c6639081fa5f85fd6c911a3a94a5f52e9e72a90e95041c926347f
nonsymptom_same_word,7,3,449,0,0.4805206207692248,20260631,4eddfedce9ed4edac7f5f9d02c42b053a085693dc8e1fc3c5bb2088c7cec6616,3d0652c74e5c6639081fa5f85fd6c911a3a94a5f52e9e72a90e95041c926347f
nonsymptom_same_word,7,3,454,0,0.4272153033477091,20260631,4eddfedce9ed4edac7f5f9d02c42b053a085693dc8e1fc3c5bb2088c7cec6616,3d0652c74e5c6639081fa5f85fd6c911a3a94a5f52e9e72a90e95041c926347f
nonsymptom_same_word,7,3,457,0,0.5010896424040885,20260631,4eddfedce9ed4edac7f5f9d02c42b053a085693dc8e1fc3c5bb2088c7cec6616,3d0652c74e5c6639081fa5f85fd6c911a3a94a5f52e9e72a90e95041c926347f
nonsymptom_same_word,7,3,463,0,0.45558450089261654,20260631,4eddfedce9ed4edac7f5f9d02c42b053a085693dc8e1fc3c5bb2088c7cec6616,3d0652c74e5c6639081fa5f85fd6c911a3a94a5f52e9e72a90e95041c926347f
nonsymptom_same_word,7,3,472,0,0.5136914190015469,20260631,4eddfedce9ed4edac7f5f9d02c42b053a085693dc8e1fc3c5bb2088c7cec6616,3d0652c74e5c6639081fa5f85fd6c911a3a94a5f52e9e72a90e95041c926347f
nonsymptom_same_word,7,3,475,0,0.46355996844068575,20260631,4eddfedce9ed4edac7f5f9d02c42b053a085693dc8e1fc3c5bb2088c7cec6616,3d0652c74e5c6639081fa5f85fd6c911a3a94a5f52e9e72a90e95041c926347f
nonsymptom_same_word,7,3,487,0,0.4936357810512484,20260631,4eddfedce9ed4edac7f5f9d02c42b053a085693dc8e1fc3c5bb2088c7cec6616,3d0652c74e5c6639081fa5f85fd6c911a3a94a5f52e9e72a90e95041c926347f
nonsymptom_same_word,7,3,488,0,0.46203589806152756,20260631,4eddfedce9ed4edac7f5f9d02c42b053a085693dc8e1fc3c5bb2088c7cec6616,3d0652c74e5c6639081fa5f85fd6c911a3a94a5f52e9e72a90e95041c926347f
nonsymptom_same_word,7,4,302,0,0.48939892903210547,20260631,2cd630f89f9be953badf6194b7b655366f718766a325a0258da75f905eb6be81,52b5c89f9ca126f58d2180e016d275fa5187985e11606904d7be5d50468ec3dc
nonsymptom_same_word,7,4,310,0,0.4630271685260383,20260631,2cd630f89f9be953badf6194b7b655366f718766a325a0258da75f905eb6be81,52b5c89f9ca126f58d2180e016d275fa5187985e11606904d7be5d50468ec3dc
nonsymptom_same_word,7,4,312,0,0.4613871898141607,20260631,2cd630f89f9be953badf6194b7b655366f718766a325a0258da75f905eb6be81,52b5c89f9ca126f58d2180e016d275fa5187985e11606904d7be5d50468ec3dc
nonsymptom_same_word,7,4,313,0,0.43347013962257985,20260631,2cd630f89f9be953badf6194b7b655366f718766a325a0258da75f905eb6be81,52b5c89f9ca126f58d2180e016d275fa5187985e11606904d7be5d50468ec3dc
nonsymptom_same_word,7,4,322,0,0.46275733642269146,20260631,2cd630f89f9be953badf6194b7b655366f718766a325a0258da75f905eb6be81,52b5c89f9ca126f58d2180e016d275fa5187985e11606904d7be5d50468ec3dc
nonsymptom_same_word,7,4,327,0,0.45372360210310947,20260631,2cd630f89f9be953badf6194b7b655366f718766a325a0258da75f905eb6be81,52b5c89f9ca126f58d2180e016d275fa5187985e11606904d7be5d50468ec3dc
nonsymptom_same_word,7,4,336,0,0.48497786428387124,20260631,2cd630f89f9be953badf6194b7b655366f718766a325a0258da75f905eb6be81,52b5c89f9ca126f58d2180e016d275fa5187985e11606904d7be5d50468ec3dc
nonsymptom_same_word,7,4,338,1,0.4716247683429786,20260631,2cd630f89f9be953badf6194b7b655366f718766a325a0258da75f905eb6be81,52b5c89f9ca126f58d2180e016d275fa5187985e11606904d7be5d50468ec3dc
nonsymptom_same_word,7,4,339,1,0.48296490458305463,20260631,2cd630f89f9be953badf6194b7b655366f718766a325a0258da75f905eb6be81,52b5c89f9ca126f58d2180e016d275fa5187985e11606904d7be5d50468ec3dc
nonsymptom_same_word,7,4,346,1,0.5790642223425166,20260631,2cd630f89f9be953badf6194b7b655366f718766a325a0258da75f905eb6be81,52b5c89f9ca126f58d2180e016d275fa5187985e11606904d7be5d50468ec3dc
nonsymptom_same_word,7,4,351,1,0.5100459915863822,20260631,2cd630f89f9be953badf6194b7b655366f718766a325a0258da75f905eb6be81,52b5c89f9ca126f58d2180e016d275fa5187985e11606904d7be5d50468ec3dc
nonsymptom_same_word,7,4,356,1,0.5228439032990184,20260631,2cd630f89f9be953badf6194b7b655366f718766a325a0258da75f905eb6be81,52b5c89f9ca126f58d2180e016d275fa5187985e11606904d7be5d50468ec3dc
nonsymptom_same_word,7,4,357,0,0.41851463484980767,20260631,2cd630f89f9be953badf6194b7b655366f718766a325a0258da75f905eb6be81,52b5c89f9ca126f58d2180e016d275fa5187985e11606904d7be5d50468ec3dc
nonsymptom_same_word,7,4,368,0,0.5183350049565212,20260631,2cd630f89f9be953badf6194b7b655366f718766a325a0258da75f905eb6be81,52b5c89f9ca126f58d2180e016d275fa5187985e11606904d7be5d50468ec3dc
nonsymptom_same_word,7,4,370,0,0.4806275448836013,20260631,2cd630f89f9be953badf6194b7b655366f718766a325a0258da75f905eb6be81,52b5c89f9ca126f58d2180e016d275fa5187985e11606904d7be5d50468ec3dc
nonsymptom_same_word,7,4,375,0,0.45982571668539757,20260631,2cd630f89f9be953badf6194b7b655366f718766a325a0258da75f905eb6be81,52b5c89f9ca126f58d2180e016d275fa5187985e11606904d7be5d50468ec3dc
nonsymptom_same_word,7,4,385,0,0.39555086152318497,20260631,2cd630f89f9be953badf6194b7b655366f718766a325a0258da75f905eb6be81,52b5c89f9ca126f58d2180e016d275fa5187985e11606904d7be5d50468ec3dc
nonsymptom_same_word,7,4,392,0,0.4460529137930023,20260631,2cd630f89f9be953badf6194b7b655366f718766a325a0258da75f905eb6be81,52b5c89f9ca126f58d2180e016d275fa5187985e11606904d7be5d50468ec3dc
nonsymptom_same_word,7,4,393,0,0.40558383550966803,20260631,2cd630f89f9be953badf6194b7b655366f718766a325a0258da75f905eb6be81,52b5c89f9ca126f58d2180e016d275fa5187985e11606904d7be5d50468ec3dc
nonsymptom_same_word,7,4,403,0,0.4565726196643652,20260631,2cd630f89f9be953badf6194b7b655366f718766a325a0258da75f905eb6be81,52b5c89f9ca126f58d2180e016d275fa5187985e11606904d7be5d50468ec3dc
nonsymptom_same_word,7,4,413,1,0.538621387048551,20260631,2cd630f89f9be953badf6194b7b655366f718766a325a0258da75f905eb6be81,52b5c89f9ca126f58d2180e016d275fa5187985e11606904d7be5d50468ec3dc
nonsymptom_same_word,7,4,417,0,0.4953118430434742,20260631,2cd630f89f9be953badf6194b7b655366f718766a325a0258da75f905eb6be81,52b5c89f9ca126f58d2180e016d275fa5187985e11606904d7be5d50468ec3dc
nonsymptom_same_word,7,4,418,1,0.48840837105244933,20260631,2cd630f89f9be953badf6194b7b655366f718766a325a0258da75f905eb6be81,52b5c89f9ca126f58d2180e016d275fa5187985e11606904d7be5d50468ec3dc
nonsymptom_same_word,7,4,428,0,0.5001307400199273,20260631,2cd630f89f9be953badf6194b7b655366f718766a325a0258da75f905eb6be81,52b5c89f9ca126f58d2180e016d275fa5187985e11606904d7be5d50468ec3dc
nonsymptom_same_word,7,4,430,0,0.4755083069618902,20260631,2cd630f89f9be953badf6194b7b655366f718766a325a0258da75f905eb6be81,52b5c89f9ca126f58d2180e016d275fa5187985e11606904d7be5d50468ec3dc
nonsymptom_same_word,7,4,471,0,0.45662170945025865,20260631,2cd630f89f9be953badf6194b7b655366f718766a325a0258da75f905eb6be81,52b5c89f9ca126f58d2180e016d275fa5187985e11606904d7be5d50468ec3dc
nonsymptom_same_word,7,4,483,1,0.5056681124316829,20260631,2cd630f89f9be953badf6194b7b655366f718766a325a0258da75f905eb6be81,52b5c89f9ca126f58d2180e016d275fa5187985e11606904d7be5d50468ec3dc
nonsymptom_same_word,7,4,492,0,0.41817791156123235,20260631,2cd630f89f9be953badf6194b7b655366f718766a325a0258da75f905eb6be81,52b5c89f9ca126f58d2180e016d275fa5187985e11606904d7be5d50468ec3dc
nonsymptom_same_word,7,5,303,0,0.4476014962711581,20260631,9d186f625748e356da02736f6904b5773523be1118eadf2c62a98916e73c87d8,8f894ca0e4dad9915ca3d20752c63cc166b5253f4d16cc18d55ec30a44f5e251
nonsymptom_same_word,7,5,304,0,0.3958188267298946,20260631,9d186f625748e356da02736f6904b5773523be1118eadf2c62a98916e73c87d8,8f894ca0e4dad9915ca3d20752c63cc166b5253f4d16cc18d55ec30a44f5e251
nonsymptom_same_word,7,5,316,0,0.4758047675869021,20260631,9d186f625748e356da02736f6904b5773523be1118eadf2c62a98916e73c87d8,8f894ca0e4dad9915ca3d20752c63cc166b5253f4d16cc18d55ec30a44f5e251
nonsymptom_same_word,7,5,320,1,0.4479420576679967,20260631,9d186f625748e356da02736f6904b5773523be1118eadf2c62a98916e73c87d8,8f894ca0e4dad9915ca3d20752c63cc166b5253f4d16cc18d55ec30a44f5e251
nonsymptom_same_word,7,5,326,0,0.37956248209456744,20260631,9d186f625748e356da02736f6904b5773523be1118eadf2c62a98916e73c87d8,8f894ca0e4dad9915ca3d20752c63cc166b5253f4d16cc18d55ec30a44f5e251
nonsymptom_same_word,7,5,330,1,0.42790970458807076,20260631,9d186f625748e356da02736f6904b5773523be1118eadf2c62a98916e73c87d8,8f894ca0e4dad9915ca3d20752c63cc166b5253f4d16cc18d55ec30a44f5e251
nonsymptom_same_word,7,5,343,0,0.44055155031252385,20260631,9d186f625748e356da02736f6904b5773523be1118eadf2c62a98916e73c87d8,8f894ca0e4dad9915ca3d20752c63cc166b5253f4d16cc18d55ec30a44f5e251
nonsymptom_same_word,7,5,344,1,0.512899368764793,20260631,9d186f625748e356da02736f6904b5773523be1118eadf2c62a98916e73c87d8,8f894ca0e4dad9915ca3d20752c63cc166b5253f4d16cc18d55ec30a44f5e251
nonsymptom_same_word,7,5,348,1,0.47242223676082457,20260631,9d186f625748e356da02736f6904b5773523be1118eadf2c62a98916e73c87d8,8f894ca0e4dad9915ca3d20752c63cc166b5253f4d16cc18d55ec30a44f5e251
nonsymptom_same_word,7,5,355,1,0.4464060423227661,20260631,9d186f625748e356da02736f6904b5773523be1118eadf2c62a98916e73c87d8,8f894ca0e4dad9915ca3d20752c63cc166b5253f4d16cc18d55ec30a44f5e251
nonsymptom_same_word,7,5,363,0,0.5127118054478965,20260631,9d186f625748e356da02736f6904b5773523be1118eadf2c62a98916e73c87d8,8f894ca0e4dad9915ca3d20752c63cc166b5253f4d16cc18d55ec30a44f5e251
nonsymptom_same_word,7,5,377,1,0.4917269310169342,20260631,9d186f625748e356da02736f6904b5773523be1118eadf2c62a98916e73c87d8,8f894ca0e4dad9915ca3d20752c63cc166b5253f4d16cc18d55ec30a44f5e251
nonsymptom_same_word,7,5,379,0,0.47695571184532237,20260631,9d186f625748e356da02736f6904b5773523be1118eadf2c62a98916e73c87d8,8f894ca0e4dad9915ca3d20752c63cc166b5253f4d16cc18d55ec30a44f5e251
nonsymptom_same_word,7,5,381,1,0.5444466016721768,20260631,9d186f625748e356da02736f6904b5773523be1118eadf2c62a98916e73c87d8,8f894ca0e4dad9915ca3d20752c63cc166b5253f4d16cc18d55ec30a44f5e251
nonsymptom_same_word,7,5,382,0,0.45407407750627365,20260631,9d186f625748e356da02736f6904b5773523be1118eadf2c62a98916e73c87d8,8f894ca0e4dad9915ca3d20752c63cc166b5253f4d16cc18d55ec30a44f5e251
nonsymptom_same_word,7,5,395,0,0.4724128271017611,20260631,9d186f625748e356da02736f6904b5773523be1118eadf2c62a98916e73c87d8,8f894ca0e4dad9915ca3d20752c63cc166b5253f4d16cc18d55ec30a44f5e251
nonsymptom_same_word,7,5,397,0,0.4411608107004723,20260631,9d186f625748e356da02736f6904b5773523be1118eadf2c62a98916e73c87d8,8f894ca0e4dad9915ca3d20752c63cc166b5253f4d16cc18d55ec30a44f5e251
nonsymptom_same_word,7,5,404,0,0.48940725692560144,20260631,9d186f625748e356da02736f6904b5773523be1118eadf2c62a98916e73c87d8,8f894ca0e4dad9915ca3d20752c63cc166b5253f4d16cc18d55ec30a44f5e251
nonsymptom_same_word,7,5,406,0,0.4509201891056536,20260631,9d186f625748e356da02736f6904b5773523be1118eadf2c62a98916e73c87d8,8f894ca0e4dad9915ca3d20752c63cc166b5253f4d16cc18d55ec30a44f5e251
nonsymptom_same_word,7,5,420,0,0.4512899737023268,20260631,9d186f625748e356da02736f6904b5773523be1118eadf2c62a98916e73c87d8,8f894ca0e4dad9915ca3d20752c63cc166b5253f4d16cc18d55ec30a44f5e251
nonsymptom_same_word,7,5,423,0,0.4741996916635628,20260631,9d186f625748e356da02736f6904b5773523be1118eadf2c62a98916e73c87d8,8f894ca0e4dad9915ca3d20752c63cc166b5253f4d16cc18d55ec30a44f5e251
nonsymptom_same_word,7,5,448,1,0.49767727571028714,20260631,9d186f625748e356da02736f6904b5773523be1118eadf2c62a98916e73c87d8,8f894ca0e4dad9915ca3d20752c63cc166b5253f4d16cc18d55ec30a44f5e251
nonsymptom_same_word,7,5,458,0,0.4644264392663063,20260631,9d186f625748e356da02736f6904b5773523be1118eadf2c62a98916e73c87d8,8f894ca0e4dad9915ca3d20752c63cc166b5253f4d16cc18d55ec30a44f5e251
nonsymptom_same_word,7,5,459,1,0.5084652929528293,20260631,9d186f625748e356da02736f6904b5773523be1118eadf2c62a98916e73c87d8,8f894ca0e4dad9915ca3d20752c63cc166b5253f4d16cc18d55ec30a44f5e251
nonsymptom_same_word,7,5,464,0,0.49116897090193434,20260631,9d186f625748e356da02736f6904b5773523be1118eadf2c62a98916e73c87d8,8f894ca0e4dad9915ca3d20752c63cc166b5253f4d16cc18d55ec30a44f5e251
nonsymptom_same_word,7,5,468,0,0.42974849919544783,20260631,9d186f625748e356da02736f6904b5773523be1118eadf2c62a98916e73c87d8,8f894ca0e4dad9915ca3d20752c63cc166b5253f4d16cc18d55ec30a44f5e251
nonsymptom_same_word,7,5,478,0,0.5064251615804042,20260631,9d186f625748e356da02736f6904b5773523be1118eadf2c62a98916e73c87d8,8f894ca0e4dad9915ca3d20752c63cc166b5253f4d16cc18d55ec30a44f5e251
nonsymptom_same_word,7,5,479,0,0.41438280708768466,20260631,9d186f625748e356da02736f6904b5773523be1118eadf2c62a98916e73c87d8,8f894ca0e4dad9915ca3d20752c63cc166b5253f4d16cc18d55ec30a44f5e251
nonsymptom_same_word,8,1,307,0,0.4639348997046632,20260632,272ea8ed8b9fb2f07fc3389d06eebf84cd7a478e29817ea8ae8b930c29efa6e0,ce6acb0eb513f13c6e4912b8528b2e1aed43f24bcfb2935eee0bcf435ec457d4
nonsymptom_same_word,8,1,310,0,0.467022742070401,20260632,272ea8ed8b9fb2f07fc3389d06eebf84cd7a478e29817ea8ae8b930c29efa6e0,ce6acb0eb513f13c6e4912b8528b2e1aed43f24bcfb2935eee0bcf435ec457d4
nonsymptom_same_word,8,1,319,1,0.45723018566425866,20260632,272ea8ed8b9fb2f07fc3389d06eebf84cd7a478e29817ea8ae8b930c29efa6e0,ce6acb0eb513f13c6e4912b8528b2e1aed43f24bcfb2935eee0bcf435ec457d4
nonsymptom_same_word,8,1,321,1,0.5228482447156003,20260632,272ea8ed8b9fb2f07fc3389d06eebf84cd7a478e29817ea8ae8b930c29efa6e0,ce6acb0eb513f13c6e4912b8528b2e1aed43f24bcfb2935eee0bcf435ec457d4
nonsymptom_same_word,8,1,325,1,0.555830237339366,20260632,272ea8ed8b9fb2f07fc3389d06eebf84cd7a478e29817ea8ae8b930c29efa6e0,ce6acb0eb513f13c6e4912b8528b2e1aed43f24bcfb2935eee0bcf435ec457d4
nonsymptom_same_word,8,1,339,1,0.49198777277879896,20260632,272ea8ed8b9fb2f07fc3389d06eebf84cd7a478e29817ea8ae8b930c29efa6e0,ce6acb0eb513f13c6e4912b8528b2e1aed43f24bcfb2935eee0bcf435ec457d4
nonsymptom_same_word,8,1,340,0,0.41888651601176663,20260632,272ea8ed8b9fb2f07fc3389d06eebf84cd7a478e29817ea8ae8b930c29efa6e0,ce6acb0eb513f13c6e4912b8528b2e1aed43f24bcfb2935eee0bcf435ec457d4
nonsymptom_same_word,8,1,341,0,0.4921205987297321,20260632,272ea8ed8b9fb2f07fc3389d06eebf84cd7a478e29817ea8ae8b930c29efa6e0,ce6acb0eb513f13c6e4912b8528b2e1aed43f24bcfb2935eee0bcf435ec457d4
nonsymptom_same_word,8,1,351,1,0.5286327490421573,20260632,272ea8ed8b9fb2f07fc3389d06eebf84cd7a478e29817ea8ae8b930c29efa6e0,ce6acb0eb513f13c6e4912b8528b2e1aed43f24bcfb2935eee0bcf435ec457d4
nonsymptom_same_word,8,1,363,0,0.5137679088243795,20260632,272ea8ed8b9fb2f07fc3389d06eebf84cd7a478e29817ea8ae8b930c29efa6e0,ce6acb0eb513f13c6e4912b8528b2e1aed43f24bcfb2935eee0bcf435ec457d4
nonsymptom_same_word,8,1,371,0,0.4378052463789699,20260632,272ea8ed8b9fb2f07fc3389d06eebf84cd7a478e29817ea8ae8b930c29efa6e0,ce6acb0eb513f13c6e4912b8528b2e1aed43f24bcfb2935eee0bcf435ec457d4
nonsymptom_same_word,8,1,374,0,0.4727228773060251,20260632,272ea8ed8b9fb2f07fc3389d06eebf84cd7a478e29817ea8ae8b930c29efa6e0,ce6acb0eb513f13c6e4912b8528b2e1aed43f24bcfb2935eee0bcf435ec457d4
nonsymptom_same_word,8,1,376,1,0.5124186713009365,20260632,272ea8ed8b9fb2f07fc3389d06eebf84cd7a478e29817ea8ae8b930c29efa6e0,ce6acb0eb513f13c6e4912b8528b2e1aed43f24bcfb2935eee0bcf435ec457d4
nonsymptom_same_word,8,1,382,0,0.45577588955946446,20260632,272ea8ed8b9fb2f07fc3389d06eebf84cd7a478e29817ea8ae8b930c29efa6e0,ce6acb0eb513f13c6e4912b8528b2e1aed43f24bcfb2935eee0bcf435ec457d4
nonsymptom_same_word,8,1,383,0,0.4326524511548154,20260632,272ea8ed8b9fb2f07fc3389d06eebf84cd7a478e29817ea8ae8b930c29efa6e0,ce6acb0eb513f13c6e4912b8528b2e1aed43f24bcfb2935eee0bcf435ec457d4
nonsymptom_same_word,8,1,390,0,0.4809510949523742,20260632,272ea8ed8b9fb2f07fc3389d06eebf84cd7a478e29817ea8ae8b930c29efa6e0,ce6acb0eb513f13c6e4912b8528b2e1aed43f24bcfb2935eee0bcf435ec457d4
nonsymptom_same_word,8,1,395,0,0.4666269776634706,20260632,272ea8ed8b9fb2f07fc3389d06eebf84cd7a478e29817ea8ae8b930c29efa6e0,ce6acb0eb513f13c6e4912b8528b2e1aed43f24bcfb2935eee0bcf435ec457d4
nonsymptom_same_word,8,1,406,0,0.47084040622775303,20260632,272ea8ed8b9fb2f07fc3389d06eebf84cd7a478e29817ea8ae8b930c29efa6e0,ce6acb0eb513f13c6e4912b8528b2e1aed43f24bcfb2935eee0bcf435ec457d4
nonsymptom_same_word,8,1,412,1,0.4194605784329961,20260632,272ea8ed8b9fb2f07fc3389d06eebf84cd7a478e29817ea8ae8b930c29efa6e0,ce6acb0eb513f13c6e4912b8528b2e1aed43f24bcfb2935eee0bcf435ec457d4
nonsymptom_same_word,8,1,419,0,0.465873450319273,20260632,272ea8ed8b9fb2f07fc3389d06eebf84cd7a478e29817ea8ae8b930c29efa6e0,ce6acb0eb513f13c6e4912b8528b2e1aed43f24bcfb2935eee0bcf435ec457d4
nonsymptom_same_word,8,1,422,1,0.5176246470460842,20260632,272ea8ed8b9fb2f07fc3389d06eebf84cd7a478e29817ea8ae8b930c29efa6e0,ce6acb0eb513f13c6e4912b8528b2e1aed43f24bcfb2935eee0bcf435ec457d4
nonsymptom_same_word,8,1,427,0,0.4415373854826411,20260632,272ea8ed8b9fb2f07fc3389d06eebf84cd7a478e29817ea8ae8b930c29efa6e0,ce6acb0eb513f13c6e4912b8528b2e1aed43f24bcfb2935eee0bcf435ec457d4
nonsymptom_same_word,8,1,445,0,0.5014857156170927,20260632,272ea8ed8b9fb2f07fc3389d06eebf84cd7a478e29817ea8ae8b930c29efa6e0,ce6acb0eb513f13c6e4912b8528b2e1aed43f24bcfb2935eee0bcf435ec457d4
nonsymptom_same_word,8,1,448,1,0.5032998489167616,20260632,272ea8ed8b9fb2f07fc3389d06eebf84cd7a478e29817ea8ae8b930c29efa6e0,ce6acb0eb513f13c6e4912b8528b2e1aed43f24bcfb2935eee0bcf435ec457d4
nonsymptom_same_word,8,1,457,0,0.49255101815537816,20260632,272ea8ed8b9fb2f07fc3389d06eebf84cd7a478e29817ea8ae8b930c29efa6e0,ce6acb0eb513f13c6e4912b8528b2e1aed43f24bcfb2935eee0bcf435ec457d4
nonsymptom_same_word,8,1,477,0,0.5396835797215057,20260632,272ea8ed8b9fb2f07fc3389d06eebf84cd7a478e29817ea8ae8b930c29efa6e0,ce6acb0eb513f13c6e4912b8528b2e1aed43f24bcfb2935eee0bcf435ec457d4
nonsymptom_same_word,8,1,486,0,0.427515240653723,20260632,272ea8ed8b9fb2f07fc3389d06eebf84cd7a478e29817ea8ae8b930c29efa6e0,ce6acb0eb513f13c6e4912b8528b2e1aed43f24bcfb2935eee0bcf435ec457d4
nonsymptom_same_word,8,1,487,0,0.4962419385105447,20260632,272ea8ed8b9fb2f07fc3389d06eebf84cd7a478e29817ea8ae8b930c29efa6e0,ce6acb0eb513f13c6e4912b8528b2e1aed43f24bcfb2935eee0bcf435ec457d4
nonsymptom_same_word,8,1,488,0,0.4662995437047347,20260632,272ea8ed8b9fb2f07fc3389d06eebf84cd7a478e29817ea8ae8b930c29efa6e0,ce6acb0eb513f13c6e4912b8528b2e1aed43f24bcfb2935eee0bcf435ec457d4
nonsymptom_same_word,8,2,303,0,0.4753051410243058,20260632,9f6f440b2bbb8eaecd66ad4410184b65f8690260c9842bd55c9952ec3c2618a8,7cc6796cf276bc2e9c322a22b982733904c489b8598389071b3a8004442be440
nonsymptom_same_word,8,2,305,0,0.4747707489332586,20260632,9f6f440b2bbb8eaecd66ad4410184b65f8690260c9842bd55c9952ec3c2618a8,7cc6796cf276bc2e9c322a22b982733904c489b8598389071b3a8004442be440
nonsymptom_same_word,8,2,312,0,0.45710107560922136,20260632,9f6f440b2bbb8eaecd66ad4410184b65f8690260c9842bd55c9952ec3c2618a8,7cc6796cf276bc2e9c322a22b982733904c489b8598389071b3a8004442be440
nonsymptom_same_word,8,2,318,0,0.39532330943704413,20260632,9f6f440b2bbb8eaecd66ad4410184b65f8690260c9842bd55c9952ec3c2618a8,7cc6796cf276bc2e9c322a22b982733904c489b8598389071b3a8004442be440
nonsymptom_same_word,8,2,324,0,0.4760604978291705,20260632,9f6f440b2bbb8eaecd66ad4410184b65f8690260c9842bd55c9952ec3c2618a8,7cc6796cf276bc2e9c322a22b982733904c489b8598389071b3a8004442be440
nonsymptom_same_word,8,2,326,0,0.3960754204729112,20260632,9f6f440b2bbb8eaecd66ad4410184b65f8690260c9842bd55c9952ec3c2618a8,7cc6796cf276bc2e9c322a22b982733904c489b8598389071b3a8004442be440
nonsymptom_same_word,8,2,343,0,0.47395252128116555,20260632,9f6f440b2bbb8eaecd66ad4410184b65f8690260c9842bd55c9952ec3c2618a8,7cc6796cf276bc2e9c322a22b982733904c489b8598389071b3a8004442be440
nonsymptom_same_word,8,2,344,1,0.5270401806042124,20260632,9f6f440b2bbb8eaecd66ad4410184b65f8690260c9842bd55c9952ec3c2618a8,7cc6796cf276bc2e9c322a22b982733904c489b8598389071b3a8004442be440
nonsymptom_same_word,8,2,353,1,0.4889810538296308,20260632,9f6f440b2bbb8eaecd66ad4410184b65f8690260c9842bd55c9952ec3c2618a8,7cc6796cf276bc2e9c322a22b982733904c489b8598389071b3a8004442be440
nonsymptom_same_word,8,2,355,1,0.4447881476645546,20260632,9f6f440b2bbb8eaecd66ad4410184b65f8690260c9842bd55c9952ec3c2618a8,7cc6796cf276bc2e9c322a22b982733904c489b8598389071b3a8004442be440
nonsymptom_same_word,8,2,360,0,0.4659127638420172,20260632,9f6f440b2bbb8eaecd66ad4410184b65f8690260c9842bd55c9952ec3c2618a8,7cc6796cf276bc2e9c322a22b982733904c489b8598389071b3a8004442be440
nonsymptom_same_word,8,2,368,0,0.5194384493267715,20260632,9f6f440b2bbb8eaecd66ad4410184b65f8690260c9842bd55c9952ec3c2618a8,7cc6796cf276bc2e9c322a22b982733904c489b8598389071b3a8004442be440
nonsymptom_same_word,8,2,377,1,0.47948185608164634,20260632,9f6f440b2bbb8eaecd66ad4410184b65f8690260c9842bd55c9952ec3c2618a8,7cc6796cf276bc2e9c322a22b982733904c489b8598389071b3a8004442be440
nonsymptom_same_word,8,2,379,0,0.4874066229666155,20260632,9f6f440b2bbb8eaecd66ad4410184b65f8690260c9842bd55c9952ec3c2618a8,7cc6796cf276bc2e9c322a22b982733904c489b8598389071b3a8004442be440
nonsymptom_same_word,8,2,386,1,0.5091489551906582,20260632,9f6f440b2bbb8eaecd66ad4410184b65f8690260c9842bd55c9952ec3c2618a8,7cc6796cf276bc2e9c322a22b982733904c489b8598389071b3a8004442be440
nonsymptom_same_word,8,2,389,1,0.4586435492849496,20260632,9f6f440b2bbb8eaecd66ad4410184b65f8690260c9842bd55c9952ec3c2618a8,7cc6796cf276bc2e9c322a22b982733904c489b8598389071b3a8004442be440
nonsymptom_same_word,8,2,401,0,0.47620718940674833,20260632,9f6f440b2bbb8eaecd66ad4410184b65f8690260c9842bd55c9952ec3c2618a8,7cc6796cf276bc2e9c322a22b982733904c489b8598389071b3a8004442be440
nonsymptom_same_word,8,2,402,1,0.4513757469347866,20260632,9f6f440b2bbb8eaecd66ad4410184b65f8690260c9842bd55c9952ec3c2618a8,7cc6796cf276bc2e9c322a22b982733904c489b8598389071b3a8004442be440
nonsymptom_same_word,8,2,413,1,0.5127402224551443,20260632,9f6f440b2bbb8eaecd66ad4410184b65f8690260c9842bd55c9952ec3c2618a8,7cc6796cf276bc2e9c322a22b982733904c489b8598389071b3a8004442be440
nonsymptom_same_word,8,2,420,0,0.4403477665906446,20260632,9f6f440b2bbb8eaecd66ad4410184b65f8690260c9842bd55c9952ec3c2618a8,7cc6796cf276bc2e9c322a22b982733904c489b8598389071b3a8004442be440
nonsymptom_same_word,8,2,434,0,0.4714993045394106,20260632,9f6f440b2bbb8eaecd66ad4410184b65f8690260c9842bd55c9952ec3c2618a8,7cc6796cf276bc2e9c322a22b982733904c489b8598389071b3a8004442be440
nonsymptom_same_word,8,2,441,1,0.5005895629781365,20260632,9f6f440b2bbb8eaecd66ad4410184b65f8690260c9842bd55c9952ec3c2618a8,7cc6796cf276bc2e9c322a22b982733904c489b8598389071b3a8004442be440
nonsymptom_same_word,8,2,454,0,0.43050943022150073,20260632,9f6f440b2bbb8eaecd66ad4410184b65f8690260c9842bd55c9952ec3c2618a8,7cc6796cf276bc2e9c322a22b982733904c489b8598389071b3a8004442be440
nonsymptom_same_word,8,2,463,0,0.4511271814933509,20260632,9f6f440b2bbb8eaecd66ad4410184b65f8690260c9842bd55c9952ec3c2618a8,7cc6796cf276bc2e9c322a22b982733904c489b8598389071b3a8004442be440
nonsymptom_same_word,8,2,472,0,0.4955668847983964,20260632,9f6f440b2bbb8eaecd66ad4410184b65f8690260c9842bd55c9952ec3c2618a8,7cc6796cf276bc2e9c322a22b982733904c489b8598389071b3a8004442be440
nonsymptom_same_word,8,2,482,0,0.49393336350687533,20260632,9f6f440b2bbb8eaecd66ad4410184b65f8690260c9842bd55c9952ec3c2618a8,7cc6796cf276bc2e9c322a22b982733904c489b8598389071b3a8004442be440
nonsymptom_same_word,8,2,490,0,0.43414797688328405,20260632,9f6f440b2bbb8eaecd66ad4410184b65f8690260c9842bd55c9952ec3c2618a8,7cc6796cf276bc2e9c322a22b982733904c489b8598389071b3a8004442be440
nonsymptom_same_word,8,2,491,0,0.4563274751535646,20260632,9f6f440b2bbb8eaecd66ad4410184b65f8690260c9842bd55c9952ec3c2618a8,7cc6796cf276bc2e9c322a22b982733904c489b8598389071b3a8004442be440
nonsymptom_same_word,8,2,492,0,0.4383857669119868,20260632,9f6f440b2bbb8eaecd66ad4410184b65f8690260c9842bd55c9952ec3c2618a8,7cc6796cf276bc2e9c322a22b982733904c489b8598389071b3a8004442be440
nonsymptom_same_word,8,3,313,0,0.4371809627727251,20260632,b4d6182952902aad95996de4d2621be87072f3285ff606dfe77f76c2571fa191,1a17656ab598405b032197b5560613a00a435a1dfec2d8a70d7513a12c9e9479
nonsymptom_same_word,8,3,328,0,0.4746766870890512,20260632,b4d6182952902aad95996de4d2621be87072f3285ff606dfe77f76c2571fa191,1a17656ab598405b032197b5560613a00a435a1dfec2d8a70d7513a12c9e9479
nonsymptom_same_word,8,3,330,1,0.42728367329991607,20260632,b4d6182952902aad95996de4d2621be87072f3285ff606dfe77f76c2571fa191,1a17656ab598405b032197b5560613a00a435a1dfec2d8a70d7513a12c9e9479
nonsymptom_same_word,8,3,333,0,0.486266178083955,20260632,b4d6182952902aad95996de4d2621be87072f3285ff606dfe77f76c2571fa191,1a17656ab598405b032197b5560613a00a435a1dfec2d8a70d7513a12c9e9479
nonsymptom_same_word,8,3,336,0,0.47255876747076786,20260632,b4d6182952902aad95996de4d2621be87072f3285ff606dfe77f76c2571fa191,1a17656ab598405b032197b5560613a00a435a1dfec2d8a70d7513a12c9e9479
nonsymptom_same_word,8,3,338,1,0.49379507783785204,20260632,b4d6182952902aad95996de4d2621be87072f3285ff606dfe77f76c2571fa191,1a17656ab598405b032197b5560613a00a435a1dfec2d8a70d7513a12c9e9479
nonsymptom_same_word,8,3,347,1,0.44123908777129567,20260632,b4d6182952902aad95996de4d2621be87072f3285ff606dfe77f76c2571fa191,1a17656ab598405b032197b5560613a00a435a1dfec2d8a70d7513a12c9e9479
nonsymptom_same_word,8,3,350,1,0.5105002821932058,20260632,b4d6182952902aad95996de4d2621be87072f3285ff606dfe77f76c2571fa191,1a17656ab598405b032197b5560613a00a435a1dfec2d8a70d7513a12c9e9479
nonsymptom_same_word,8,3,356,1,0.5328561584516803,20260632,b4d6182952902aad95996de4d2621be87072f3285ff606dfe77f76c2571fa191,1a17656ab598405b032197b5560613a00a435a1dfec2d8a70d7513a12c9e9479
nonsymptom_same_word,8,3,364,0,0.4574547806937249,20260632,b4d6182952902aad95996de4d2621be87072f3285ff606dfe77f76c2571fa191,1a17656ab598405b032197b5560613a00a435a1dfec2d8a70d7513a12c9e9479
nonsymptom_same_word,8,3,370,0,0.4846050680203113,20260632,b4d6182952902aad95996de4d2621be87072f3285ff606dfe77f76c2571fa191,1a17656ab598405b032197b5560613a00a435a1dfec2d8a70d7513a12c9e9479
nonsymptom_same_word,8,3,381,1,0.5448026553436007,20260632,b4d6182952902aad95996de4d2621be87072f3285ff606dfe77f76c2571fa191,1a17656ab598405b032197b5560613a00a435a1dfec2d8a70d7513a12c9e9479
nonsymptom_same_word,8,3,388,1,0.4913045315225944,20260632,b4d6182952902aad95996de4d2621be87072f3285ff606dfe77f76c2571fa191,1a17656ab598405b032197b5560613a00a435a1dfec2d8a70d7513a12c9e9479
nonsymptom_same_word,8,3,416,0,0.5215383025086194,20260632,b4d6182952902aad95996de4d2621be87072f3285ff606dfe77f76c2571fa191,1a17656ab598405b032197b5560613a00a435a1dfec2d8a70d7513a12c9e9479
nonsymptom_same_word,8,3,417,0,0.5046653226565241,20260632,b4d6182952902aad95996de4d2621be87072f3285ff606dfe77f76c2571fa191,1a17656ab598405b032197b5560613a00a435a1dfec2d8a70d7513a12c9e9479
nonsymptom_same_word,8,3,425,0,0.4735661300907815,20260632,b4d6182952902aad95996de4d2621be87072f3285ff606dfe77f76c2571fa191,1a17656ab598405b032197b5560613a00a435a1dfec2d8a70d7513a12c9e9479
nonsymptom_same_word,8,3,428,0,0.5054724355080289,20260632,b4d6182952902aad95996de4d2621be87072f3285ff606dfe77f76c2571fa191,1a17656ab598405b032197b5560613a00a435a1dfec2d8a70d7513a12c9e9479
nonsymptom_same_word,8,3,430,0,0.49142704767675816,20260632,b4d6182952902aad95996de4d2621be87072f3285ff606dfe77f76c2571fa191,1a17656ab598405b032197b5560613a00a435a1dfec2d8a70d7513a12c9e9479
nonsymptom_same_word,8,3,437,0,0.47913890624265904,20260632,b4d6182952902aad95996de4d2621be87072f3285ff606dfe77f76c2571fa191,1a17656ab598405b032197b5560613a00a435a1dfec2d8a70d7513a12c9e9479
nonsymptom_same_word,8,3,447,0,0.5179670581279749,20260632,b4d6182952902aad95996de4d2621be87072f3285ff606dfe77f76c2571fa191,1a17656ab598405b032197b5560613a00a435a1dfec2d8a70d7513a12c9e9479
nonsymptom_same_word,8,3,449,0,0.5048082522057137,20260632,b4d6182952902aad95996de4d2621be87072f3285ff606dfe77f76c2571fa191,1a17656ab598405b032197b5560613a00a435a1dfec2d8a70d7513a12c9e9479
nonsymptom_same_word,8,3,464,0,0.5064329130645782,20260632,b4d6182952902aad95996de4d2621be87072f3285ff606dfe77f76c2571fa191,1a17656ab598405b032197b5560613a00a435a1dfec2d8a70d7513a12c9e9479
nonsymptom_same_word,8,3,471,0,0.4520617874524507,20260632,b4d6182952902aad95996de4d2621be87072f3285ff606dfe77f76c2571fa191,1a17656ab598405b032197b5560613a00a435a1dfec2d8a70d7513a12c9e9479
nonsymptom_same_word,8,3,474,0,0.5184502871950508,20260632,b4d6182952902aad95996de4d2621be87072f3285ff606dfe77f76c2571fa191,1a17656ab598405b032197b5560613a00a435a1dfec2d8a70d7513a12c9e9479
nonsymptom_same_word,8,3,475,0,0.48207183458030584,20260632,b4d6182952902aad95996de4d2621be87072f3285ff606dfe77f76c2571fa191,1a17656ab598405b032197b5560613a00a435a1dfec2d8a70d7513a12c9e9479
nonsymptom_same_word,8,3,478,0,0.49573448187624836,20260632,b4d6182952902aad95996de4d2621be87072f3285ff606dfe77f76c2571fa191,1a17656ab598405b032197b5560613a00a435a1dfec2d8a70d7513a12c9e9479
nonsymptom_same_word,8,3,479,0,0.3949162742369973,20260632,b4d6182952902aad95996de4d2621be87072f3285ff606dfe77f76c2571fa191,1a17656ab598405b032197b5560613a00a435a1dfec2d8a70d7513a12c9e9479
nonsymptom_same_word,8,3,483,1,0.49984134414360937,20260632,b4d6182952902aad95996de4d2621be87072f3285ff606dfe77f76c2571fa191,1a17656ab598405b032197b5560613a00a435a1dfec2d8a70d7513a12c9e9479
nonsymptom_same_word,8,4,302,0,0.4928416377837491,20260632,da394944962943d7ed83535c06bc6b881831330e3e9bc30634367efc1e2a42c2,593fd96bdb0e36ad273987f666007f13ec3e44704d90c8fe361d6fed28c14458
nonsymptom_same_word,8,4,316,0,0.4993823224725879,20260632,da394944962943d7ed83535c06bc6b881831330e3e9bc30634367efc1e2a42c2,593fd96bdb0e36ad273987f666007f13ec3e44704d90c8fe361d6fed28c14458
nonsymptom_same_word,8,4,320,1,0.44966123442071076,20260632,da394944962943d7ed83535c06bc6b881831330e3e9bc30634367efc1e2a42c2,593fd96bdb0e36ad273987f666007f13ec3e44704d90c8fe361d6fed28c14458
nonsymptom_same_word,8,4,331,0,0.522288499265438,20260632,da394944962943d7ed83535c06bc6b881831330e3e9bc30634367efc1e2a42c2,593fd96bdb0e36ad273987f666007f13ec3e44704d90c8fe361d6fed28c14458
nonsymptom_same_word,8,4,345,1,0.5587505644608584,20260632,da394944962943d7ed83535c06bc6b881831330e3e9bc30634367efc1e2a42c2,593fd96bdb0e36ad273987f666007f13ec3e44704d90c8fe361d6fed28c14458
nonsymptom_same_word,8,4,346,1,0.5688023977085264,20260632,da394944962943d7ed83535c06bc6b881831330e3e9bc30634367efc1e2a42c2,593fd96bdb0e36ad273987f666007f13ec3e44704d90c8fe361d6fed28c14458
nonsymptom_same_word,8,4,348,1,0.4767062059992991,20260632,da394944962943d7ed83535c06bc6b881831330e3e9bc30634367efc1e2a42c2,593fd96bdb0e36ad273987f666007f13ec3e44704d90c8fe361d6fed28c14458
nonsymptom_same_word,8,4,352,1,0.5487641794717097,20260632,da394944962943d7ed83535c06bc6b881831330e3e9bc30634367efc1e2a42c2,593fd96bdb0e36ad273987f666007f13ec3e44704d90c8fe361d6fed28c14458
nonsymptom_same_word,8,4,358,0,0.4913794243809951,20260632,da394944962943d7ed83535c06bc6b881831330e3e9bc30634367efc1e2a42c2,593fd96bdb0e36ad273987f666007f13ec3e44704d90c8fe361d6fed28c14458
nonsymptom_same_word,8,4,362,1,0.47863443883823653,20260632,da394944962943d7ed83535c06bc6b881831330e3e9bc30634367efc1e2a42c2,593fd96bdb0e36ad273987f666007f13ec3e44704d90c8fe361d6fed28c14458
nonsymptom_same_word,8,4,366,0,0.4705717460685734,20260632,da394944962943d7ed83535c06bc6b881831330e3e9bc30634367efc1e2a42c2,593fd96bdb0e36ad273987f666007f13ec3e44704d90c8fe361d6fed28c14458
nonsymptom_same_word,8,4,385,0,0.3911756253425703,20260632,da394944962943d7ed83535c06bc6b881831330e3e9bc30634367efc1e2a42c2,593fd96bdb0e36ad273987f666007f13ec3e44704d90c8fe361d6fed28c14458
nonsymptom_same_word,8,4,392,0,0.44168458986855325,20260632,da394944962943d7ed83535c06bc6b881831330e3e9bc30634367efc1e2a42c2,593fd96bdb0e36ad273987f666007f13ec3e44704d90c8fe361d6fed28c14458
nonsymptom_same_word,8,4,397,0,0.4684995922126228,20260632,da394944962943d7ed83535c06bc6b881831330e3e9bc30634367efc1e2a42c2,593fd96bdb0e36ad273987f666007f13ec3e44704d90c8fe361d6fed28c14458
nonsymptom_same_word,8,4,400,0,0.49367256689473277,20260632,da394944962943d7ed83535c06bc6b881831330e3e9bc30634367efc1e2a42c2,593fd96bdb0e36ad273987f666007f13ec3e44704d90c8fe361d6fed28c14458
nonsymptom_same_word,8,4,403,0,0.4470242133112016,20260632,da394944962943d7ed83535c06bc6b881831330e3e9bc30634367efc1e2a42c2,593fd96bdb0e36ad273987f666007f13ec3e44704d90c8fe361d6fed28c14458
nonsymptom_same_word,8,4,404,0,0.4969801249914896,20260632,da394944962943d7ed83535c06bc6b881831330e3e9bc30634367efc1e2a42c2,593fd96bdb0e36ad273987f666007f13ec3e44704d90c8fe361d6fed28c14458
nonsymptom_same_word,8,4,409,1,0.4797407215205966,20260632,da394944962943d7ed83535c06bc6b881831330e3e9bc30634367efc1e2a42c2,593fd96bdb0e36ad273987f666007f13ec3e44704d90c8fe361d6fed28c14458
nonsymptom_same_word,8,4,415,0,0.473792944675895,20260632,da394944962943d7ed83535c06bc6b881831330e3e9bc30634367efc1e2a42c2,593fd96bdb0e36ad273987f666007f13ec3e44704d90c8fe361d6fed28c14458
nonsymptom_same_word,8,4,423,0,0.47739169519601493,20260632,da394944962943d7ed83535c06bc6b881831330e3e9bc30634367efc1e2a42c2,593fd96bdb0e36ad273987f666007f13ec3e44704d90c8fe361d6fed28c14458
nonsymptom_same_word,8,4,429,0,0.45147913969582426,20260632,da394944962943d7ed83535c06bc6b881831330e3e9bc30634367efc1e2a42c2,593fd96bdb0e36ad273987f666007f13ec3e44704d90c8fe361d6fed28c14458
nonsymptom_same_word,8,4,444,0,0.5206052353111426,20260632,da394944962943d7ed83535c06bc6b881831330e3e9bc30634367efc1e2a42c2,593fd96bdb0e36ad273987f666007f13ec3e44704d90c8fe361d6fed28c14458
nonsymptom_same_word,8,4,456,0,0.5073831565389894,20260632,da394944962943d7ed83535c06bc6b881831330e3e9bc30634367efc1e2a42c2,593fd96bdb0e36ad273987f666007f13ec3e44704d90c8fe361d6fed28c14458
nonsymptom_same_word,8,4,458,0,0.48215939165746186,20260632,da394944962943d7ed83535c06bc6b881831330e3e9bc30634367efc1e2a42c2,593fd96bdb0e36ad273987f666007f13ec3e44704d90c8fe361d6fed28c14458
nonsymptom_same_word,8,4,459,1,0.51259584925325,20260632,da394944962943d7ed83535c06bc6b881831330e3e9bc30634367efc1e2a42c2,593fd96bdb0e36ad273987f666007f13ec3e44704d90c8fe361d6fed28c14458
nonsymptom_same_word,8,4,468,0,0.45365793558758055,20260632,da394944962943d7ed83535c06bc6b881831330e3e9bc30634367efc1e2a42c2,593fd96bdb0e36ad273987f666007f13ec3e44704d90c8fe361d6fed28c14458
nonsymptom_same_word,8,4,484,0,0.5132233471388474,20260632,da394944962943d7ed83535c06bc6b881831330e3e9bc30634367efc1e2a42c2,593fd96bdb0e36ad273987f666007f13ec3e44704d90c8fe361d6fed28c14458
nonsymptom_same_word,8,4,489,0,0.4399032584185553,20260632,da394944962943d7ed83535c06bc6b881831330e3e9bc30634367efc1e2a42c2,593fd96bdb0e36ad273987f666007f13ec3e44704d90c8fe361d6fed28c14458
nonsymptom_same_word,8,5,304,0,0.4244620949569094,20260632,cc37436b65a90543ea0b5bf2ae147559757a93d727cce5c40d9580bad73ddedd,98617d71df979616df6c234ab516b58331ee79ee8f2ebc378a36510f4ba436ec
nonsymptom_same_word,8,5,315,0,0.4983447505198147,20260632,cc37436b65a90543ea0b5bf2ae147559757a93d727cce5c40d9580bad73ddedd,98617d71df979616df6c234ab516b58331ee79ee8f2ebc378a36510f4ba436ec
nonsymptom_same_word,8,5,317,0,0.37764597837767344,20260632,cc37436b65a90543ea0b5bf2ae147559757a93d727cce5c40d9580bad73ddedd,98617d71df979616df6c234ab516b58331ee79ee8f2ebc378a36510f4ba436ec
nonsymptom_same_word,8,5,322,0,0.46309259233256694,20260632,cc37436b65a90543ea0b5bf2ae147559757a93d727cce5c40d9580bad73ddedd,98617d71df979616df6c234ab516b58331ee79ee8f2ebc378a36510f4ba436ec
nonsymptom_same_word,8,5,327,0,0.4755058546894458,20260632,cc37436b65a90543ea0b5bf2ae147559757a93d727cce5c40d9580bad73ddedd,98617d71df979616df6c234ab516b58331ee79ee8f2ebc378a36510f4ba436ec
nonsymptom_same_word,8,5,335,1,0.4991453500364371,20260632,cc37436b65a90543ea0b5bf2ae147559757a93d727cce5c40d9580bad73ddedd,98617d71df979616df6c234ab516b58331ee79ee8f2ebc378a36510f4ba436ec
nonsymptom_same_word,8,5,357,0,0.41289970246313573,20260632,cc37436b65a90543ea0b5bf2ae147559757a93d727cce5c40d9580bad73ddedd,98617d71df979616df6c234ab516b58331ee79ee8f2ebc378a36510f4ba436ec
nonsymptom_same_word,8,5,367,1,0.4927916819023838,20260632,cc37436b65a90543ea0b5bf2ae147559757a93d727cce5c40d9580bad73ddedd,98617d71df979616df6c234ab516b58331ee79ee8f2ebc378a36510f4ba436ec
nonsymptom_same_word,8,5,369,0,0.45575068729032003,20260632,cc37436b65a90543ea0b5bf2ae147559757a93d727cce5c40d9580bad73ddedd,98617d71df979616df6c234ab516b58331ee79ee8f2ebc378a36510f4ba436ec
nonsymptom_same_word,8,5,372,1,0.5007345325809416,20260632,cc37436b65a90543ea0b5bf2ae147559757a93d727cce5c40d9580bad73ddedd,98617d71df979616df6c234ab516b58331ee79ee8f2ebc378a36510f4ba436ec
nonsymptom_same_word,8,5,375,0,0.4940155189509543,20260632,cc37436b65a90543ea0b5bf2ae147559757a93d727cce5c40d9580bad73ddedd,98617d71df979616df6c234ab516b58331ee79ee8f2ebc378a36510f4ba436ec
nonsymptom_same_word,8,5,380,1,0.46904876919848754,20260632,cc37436b65a90543ea0b5bf2ae147559757a93d727cce5c40d9580bad73ddedd,98617d71df979616df6c234ab516b58331ee79ee8f2ebc378a36510f4ba436ec
nonsymptom_same_word,8,5,391,0,0.43991575341877515,20260632,cc37436b65a90543ea0b5bf2ae147559757a93d727cce5c40d9580bad73ddedd,98617d71df979616df6c234ab516b58331ee79ee8f2ebc378a36510f4ba436ec
nonsymptom_same_word,8,5,393,0,0.4008553406276077,20260632,cc37436b65a90543ea0b5bf2ae147559757a93d727cce5c40d9580bad73ddedd,98617d71df979616df6c234ab516b58331ee79ee8f2ebc378a36510f4ba436ec
nonsymptom_same_word,8,5,414,1,0.47899450163109597,20260632,cc37436b65a90543ea0b5bf2ae147559757a93d727cce5c40d9580bad73ddedd,98617d71df979616df6c234ab516b58331ee79ee8f2ebc378a36510f4ba436ec
nonsymptom_same_word,8,5,418,1,0.49802643701048877,20260632,cc37436b65a90543ea0b5bf2ae147559757a93d727cce5c40d9580bad73ddedd,98617d71df979616df6c234ab516b58331ee79ee8f2ebc378a36510f4ba436ec
nonsymptom_same_word,8,5,426,1,0.46662282467246663,20260632,cc37436b65a90543ea0b5bf2ae147559757a93d727cce5c40d9580bad73ddedd,98617d71df979616df6c234ab516b58331ee79ee8f2ebc378a36510f4ba436ec
nonsymptom_same_word,8,5,433,1,0.49109552772249665,20260632,cc37436b65a90543ea0b5bf2ae147559757a93d727cce5c40d9580bad73ddedd,98617d71df979616df6c234ab516b58331ee79ee8f2ebc378a36510f4ba436ec
nonsymptom_same_word,8,5,436,0,0.436986464210926,20260632,cc37436b65a90543ea0b5bf2ae147559757a93d727cce5c40d9580bad73ddedd,98617d71df979616df6c234ab516b58331ee79ee8f2ebc378a36510f4ba436ec
nonsymptom_same_word,8,5,439,0,0.42163629280636306,20260632,cc37436b65a90543ea0b5bf2ae147559757a93d727cce5c40d9580bad73ddedd,98617d71df979616df6c234ab516b58331ee79ee8f2ebc378a36510f4ba436ec
nonsymptom_same_word,8,5,440,1,0.4649612105575059,20260632,cc37436b65a90543ea0b5bf2ae147559757a93d727cce5c40d9580bad73ddedd,98617d71df979616df6c234ab516b58331ee79ee8f2ebc378a36510f4ba436ec
nonsymptom_same_word,8,5,443,0,0.3923884537924976,20260632,cc37436b65a90543ea0b5bf2ae147559757a93d727cce5c40d9580bad73ddedd,98617d71df979616df6c234ab516b58331ee79ee8f2ebc378a36510f4ba436ec
nonsymptom_same_word,8,5,446,0,0.46974095076260464,20260632,cc37436b65a90543ea0b5bf2ae147559757a93d727cce5c40d9580bad73ddedd,98617d71df979616df6c234ab516b58331ee79ee8f2ebc378a36510f4ba436ec
nonsymptom_same_word,8,5,451,0,0.5306482289566391,20260632,cc37436b65a90543ea0b5bf2ae147559757a93d727cce5c40d9580bad73ddedd,98617d71df979616df6c234ab516b58331ee79ee8f2ebc378a36510f4ba436ec
nonsymptom_same_word,8,5,455,0,0.5023814917977811,20260632,cc37436b65a90543ea0b5bf2ae147559757a93d727cce5c40d9580bad73ddedd,98617d71df979616df6c234ab516b58331ee79ee8f2ebc378a36510f4ba436ec
nonsymptom_same_word,8,5,473,0,0.5152391114353039,20260632,cc37436b65a90543ea0b5bf2ae147559757a93d727cce5c40d9580bad73ddedd,98617d71df979616df6c234ab516b58331ee79ee8f2ebc378a36510f4ba436ec
nonsymptom_same_word,8,5,476,0,0.4428072601664516,20260632,cc37436b65a90543ea0b5bf2ae147559757a93d727cce5c40d9580bad73ddedd,98617d71df979616df6c234ab516b58331ee79ee8f2ebc378a36510f4ba436ec
nonsymptom_same_word,8,5,485,0,0.4325302095472329,20260632,cc37436b65a90543ea0b5bf2ae147559757a93d727cce5c40d9580bad73ddedd,98617d71df979616df6c234ab516b58331ee79ee8f2ebc378a36510f4ba436ec
nonsymptom_same_word,9,1,304,0,0.4450597431207219,20260633,afa19e3cccce742ddc357af86ec4d82858ca24c3c4dfbdf185aa786f31837595,4df42baf6d7f18ecfba23441e51004e28a1c5721decde967e2504deb0e581062
nonsymptom_same_word,9,1,324,0,0.48801984846177093,20260633,afa19e3cccce742ddc357af86ec4d82858ca24c3c4dfbdf185aa786f31837595,4df42baf6d7f18ecfba23441e51004e28a1c5721decde967e2504deb0e581062
nonsymptom_same_word,9,1,326,0,0.3925241171913517,20260633,afa19e3cccce742ddc357af86ec4d82858ca24c3c4dfbdf185aa786f31837595,4df42baf6d7f18ecfba23441e51004e28a1c5721decde967e2504deb0e581062
nonsymptom_same_word,9,1,328,0,0.49804061577153286,20260633,afa19e3cccce742ddc357af86ec4d82858ca24c3c4dfbdf185aa786f31837595,4df42baf6d7f18ecfba23441e51004e28a1c5721decde967e2504deb0e581062
nonsymptom_same_word,9,1,335,1,0.48081261248758256,20260633,afa19e3cccce742ddc357af86ec4d82858ca24c3c4dfbdf185aa786f31837595,4df42baf6d7f18ecfba23441e51004e28a1c5721decde967e2504deb0e581062
nonsymptom_same_word,9,1,336,0,0.4649797062917097,20260633,afa19e3cccce742ddc357af86ec4d82858ca24c3c4dfbdf185aa786f31837595,4df42baf6d7f18ecfba23441e51004e28a1c5721decde967e2504deb0e581062
nonsymptom_same_word,9,1,341,0,0.5065234493760578,20260633,afa19e3cccce742ddc357af86ec4d82858ca24c3c4dfbdf185aa786f31837595,4df42baf6d7f18ecfba23441e51004e28a1c5721decde967e2504deb0e581062
nonsymptom_same_word,9,1,343,0,0.47398150060054534,20260633,afa19e3cccce742ddc357af86ec4d82858ca24c3c4dfbdf185aa786f31837595,4df42baf6d7f18ecfba23441e51004e28a1c5721decde967e2504deb0e581062
nonsymptom_same_word,9,1,344,1,0.5329631255288216,20260633,afa19e3cccce742ddc357af86ec4d82858ca24c3c4dfbdf185aa786f31837595,4df42baf6d7f18ecfba23441e51004e28a1c5721decde967e2504deb0e581062
nonsymptom_same_word,9,1,345,1,0.5595708731002216,20260633,afa19e3cccce742ddc357af86ec4d82858ca24c3c4dfbdf185aa786f31837595,4df42baf6d7f18ecfba23441e51004e28a1c5721decde967e2504deb0e581062
nonsymptom_same_word,9,1,352,1,0.5417316058604599,20260633,afa19e3cccce742ddc357af86ec4d82858ca24c3c4dfbdf185aa786f31837595,4df42baf6d7f18ecfba23441e51004e28a1c5721decde967e2504deb0e581062
nonsymptom_same_word,9,1,360,0,0.4773890384944345,20260633,afa19e3cccce742ddc357af86ec4d82858ca24c3c4dfbdf185aa786f31837595,4df42baf6d7f18ecfba23441e51004e28a1c5721decde967e2504deb0e581062
nonsymptom_same_word,9,1,377,1,0.4949485910352267,20260633,afa19e3cccce742ddc357af86ec4d82858ca24c3c4dfbdf185aa786f31837595,4df42baf6d7f18ecfba23441e51004e28a1c5721decde967e2504deb0e581062
nonsymptom_same_word,9,1,383,0,0.4254960204663676,20260633,afa19e3cccce742ddc357af86ec4d82858ca24c3c4dfbdf185aa786f31837595,4df42baf6d7f18ecfba23441e51004e28a1c5721decde967e2504deb0e581062
nonsymptom_same_word,9,1,386,1,0.5022522428914331,20260633,afa19e3cccce742ddc357af86ec4d82858ca24c3c4dfbdf185aa786f31837595,4df42baf6d7f18ecfba23441e51004e28a1c5721decde967e2504deb0e581062
nonsymptom_same_word,9,1,389,1,0.445940704457217,20260633,afa19e3cccce742ddc357af86ec4d82858ca24c3c4dfbdf185aa786f31837595,4df42baf6d7f18ecfba23441e51004e28a1c5721decde967e2504deb0e581062
nonsymptom_same_word,9,1,397,0,0.4579092549370734,20260633,afa19e3cccce742ddc357af86ec4d82858ca24c3c4dfbdf185aa786f31837595,4df42baf6d7f18ecfba23441e51004e28a1c5721decde967e2504deb0e581062
nonsymptom_same_word,9,1,404,0,0.5017786307967492,20260633,afa19e3cccce742ddc357af86ec4d82858ca24c3c4dfbdf185aa786f31837595,4df42baf6d7f18ecfba23441e51004e28a1c5721decde967e2504deb0e581062
nonsymptom_same_word,9,1,413,1,0.5135491209911425,20260633,afa19e3cccce742ddc357af86ec4d82858ca24c3c4dfbdf185aa786f31837595,4df42baf6d7f18ecfba23441e51004e28a1c5721decde967e2504deb0e581062
nonsymptom_same_word,9,1,428,0,0.49665007537756867,20260633,afa19e3cccce742ddc357af86ec4d82858ca24c3c4dfbdf185aa786f31837595,4df42baf6d7f18ecfba23441e51004e28a1c5721decde967e2504deb0e581062
nonsymptom_same_word,9,1,434,0,0.4552394085271972,20260633,afa19e3cccce742ddc357af86ec4d82858ca24c3c4dfbdf185aa786f31837595,4df42baf6d7f18ecfba23441e51004e28a1c5721decde967e2504deb0e581062
nonsymptom_same_word,9,1,436,0,0.44368081033882895,20260633,afa19e3cccce742ddc357af86ec4d82858ca24c3c4dfbdf185aa786f31837595,4df42baf6d7f18ecfba23441e51004e28a1c5721decde967e2504deb0e581062
nonsymptom_same_word,9,1,441,1,0.5112530869400301,20260633,afa19e3cccce742ddc357af86ec4d82858ca24c3c4dfbdf185aa786f31837595,4df42baf6d7f18ecfba23441e51004e28a1c5721decde967e2504deb0e581062
nonsymptom_same_word,9,1,447,0,0.511394409443104,20260633,afa19e3cccce742ddc357af86ec4d82858ca24c3c4dfbdf185aa786f31837595,4df42baf6d7f18ecfba23441e51004e28a1c5721decde967e2504deb0e581062
nonsymptom_same_word,9,1,455,0,0.47794330793433404,20260633,afa19e3cccce742ddc357af86ec4d82858ca24c3c4dfbdf185aa786f31837595,4df42baf6d7f18ecfba23441e51004e28a1c5721decde967e2504deb0e581062
nonsymptom_same_word,9,1,474,0,0.5007006242619187,20260633,afa19e3cccce742ddc357af86ec4d82858ca24c3c4dfbdf185aa786f31837595,4df42baf6d7f18ecfba23441e51004e28a1c5721decde967e2504deb0e581062
nonsymptom_same_word,9,1,475,0,0.4803910661258653,20260633,afa19e3cccce742ddc357af86ec4d82858ca24c3c4dfbdf185aa786f31837595,4df42baf6d7f18ecfba23441e51004e28a1c5721decde967e2504deb0e581062
nonsymptom_same_word,9,1,488,0,0.48358342211023725,20260633,afa19e3cccce742ddc357af86ec4d82858ca24c3c4dfbdf185aa786f31837595,4df42baf6d7f18ecfba23441e51004e28a1c5721decde967e2504deb0e581062
nonsymptom_same_word,9,1,489,0,0.42238101301447617,20260633,afa19e3cccce742ddc357af86ec4d82858ca24c3c4dfbdf185aa786f31837595,4df42baf6d7f18ecfba23441e51004e28a1c5721decde967e2504deb0e581062
nonsymptom_same_word,9,2,316,0,0.5011660409401738,20260633,eb798db6d53c7bd6b62d77728c470f61aecdcec31b8c285fa54e6bb347853f2f,43d0b62d442a4eba14e5b114be9ac6c76091afedaa4f12d085895bf9415583a8
nonsymptom_same_word,9,2,322,0,0.4647903409431423,20260633,eb798db6d53c7bd6b62d77728c470f61aecdcec31b8c285fa54e6bb347853f2f,43d0b62d442a4eba14e5b114be9ac6c76091afedaa4f12d085895bf9415583a8
nonsymptom_same_word,9,2,339,1,0.5046371639996442,20260633,eb798db6d53c7bd6b62d77728c470f61aecdcec31b8c285fa54e6bb347853f2f,43d0b62d442a4eba14e5b114be9ac6c76091afedaa4f12d085895bf9415583a8
nonsymptom_same_word,9,2,367,1,0.515350920973934,20260633,eb798db6d53c7bd6b62d77728c470f61aecdcec31b8c285fa54e6bb347853f2f,43d0b62d442a4eba14e5b114be9ac6c76091afedaa4f12d085895bf9415583a8
nonsymptom_same_word,9,2,374,0,0.4725911778016861,20260633,eb798db6d53c7bd6b62d77728c470f61aecdcec31b8c285fa54e6bb347853f2f,43d0b62d442a4eba14e5b114be9ac6c76091afedaa4f12d085895bf9415583a8
nonsymptom_same_word,9,2,375,0,0.4800528847843309,20260633,eb798db6d53c7bd6b62d77728c470f61aecdcec31b8c285fa54e6bb347853f2f,43d0b62d442a4eba14e5b114be9ac6c76091afedaa4f12d085895bf9415583a8
nonsymptom_same_word,9,2,379,0,0.4808369724464477,20260633,eb798db6d53c7bd6b62d77728c470f61aecdcec31b8c285fa54e6bb347853f2f,43d0b62d442a4eba14e5b114be9ac6c76091afedaa4f12d085895bf9415583a8
nonsymptom_same_word,9,2,380,1,0.48445603446858965,20260633,eb798db6d53c7bd6b62d77728c470f61aecdcec31b8c285fa54e6bb347853f2f,43d0b62d442a4eba14e5b114be9ac6c76091afedaa4f12d085895bf9415583a8
nonsymptom_same_word,9,2,385,0,0.3840045706846997,20260633,eb798db6d53c7bd6b62d77728c470f61aecdcec31b8c285fa54e6bb347853f2f,43d0b62d442a4eba14e5b114be9ac6c76091afedaa4f12d085895bf9415583a8
nonsymptom_same_word,9,2,401,0,0.457941470943402,20260633,eb798db6d53c7bd6b62d77728c470f61aecdcec31b8c285fa54e6bb347853f2f,43d0b62d442a4eba14e5b114be9ac6c76091afedaa4f12d085895bf9415583a8
nonsymptom_same_word,9,2,402,1,0.4498378208236577,20260633,eb798db6d53c7bd6b62d77728c470f61aecdcec31b8c285fa54e6bb347853f2f,43d0b62d442a4eba14e5b114be9ac6c76091afedaa4f12d085895bf9415583a8
nonsymptom_same_word,9,2,406,0,0.45883836732179745,20260633,eb798db6d53c7bd6b62d77728c470f61aecdcec31b8c285fa54e6bb347853f2f,43d0b62d442a4eba14e5b114be9ac6c76091afedaa4f12d085895bf9415583a8
nonsymptom_same_word,9,2,409,1,0.4762866436098384,20260633,eb798db6d53c7bd6b62d77728c470f61aecdcec31b8c285fa54e6bb347853f2f,43d0b62d442a4eba14e5b114be9ac6c76091afedaa4f12d085895bf9415583a8
nonsymptom_same_word,9,2,412,1,0.39888339940592693,20260633,eb798db6d53c7bd6b62d77728c470f61aecdcec31b8c285fa54e6bb347853f2f,43d0b62d442a4eba14e5b114be9ac6c76091afedaa4f12d085895bf9415583a8
nonsymptom_same_word,9,2,416,0,0.4689856955206707,20260633,eb798db6d53c7bd6b62d77728c470f61aecdcec31b8c285fa54e6bb347853f2f,43d0b62d442a4eba14e5b114be9ac6c76091afedaa4f12d085895bf9415583a8
nonsymptom_same_word,9,2,419,0,0.42952139881414836,20260633,eb798db6d53c7bd6b62d77728c470f61aecdcec31b8c285fa54e6bb347853f2f,43d0b62d442a4eba14e5b114be9ac6c76091afedaa4f12d085895bf9415583a8
nonsymptom_same_word,9,2,420,0,0.4306024338546716,20260633,eb798db6d53c7bd6b62d77728c470f61aecdcec31b8c285fa54e6bb347853f2f,43d0b62d442a4eba14e5b114be9ac6c76091afedaa4f12d085895bf9415583a8
nonsymptom_same_word,9,2,422,1,0.5224994568848016,20260633,eb798db6d53c7bd6b62d77728c470f61aecdcec31b8c285fa54e6bb347853f2f,43d0b62d442a4eba14e5b114be9ac6c76091afedaa4f12d085895bf9415583a8
nonsymptom_same_word,9,2,426,1,0.47621566536950144,20260633,eb798db6d53c7bd6b62d77728c470f61aecdcec31b8c285fa54e6bb347853f2f,43d0b62d442a4eba14e5b114be9ac6c76091afedaa4f12d085895bf9415583a8
nonsymptom_same_word,9,2,433,1,0.46854209651273965,20260633,eb798db6d53c7bd6b62d77728c470f61aecdcec31b8c285fa54e6bb347853f2f,43d0b62d442a4eba14e5b114be9ac6c76091afedaa4f12d085895bf9415583a8
nonsymptom_same_word,9,2,443,0,0.36956756738629243,20260633,eb798db6d53c7bd6b62d77728c470f61aecdcec31b8c285fa54e6bb347853f2f,43d0b62d442a4eba14e5b114be9ac6c76091afedaa4f12d085895bf9415583a8
nonsymptom_same_word,9,2,445,0,0.468967690339586,20260633,eb798db6d53c7bd6b62d77728c470f61aecdcec31b8c285fa54e6bb347853f2f,43d0b62d442a4eba14e5b114be9ac6c76091afedaa4f12d085895bf9415583a8
nonsymptom_same_word,9,2,451,0,0.5333746746830709,20260633,eb798db6d53c7bd6b62d77728c470f61aecdcec31b8c285fa54e6bb347853f2f,43d0b62d442a4eba14e5b114be9ac6c76091afedaa4f12d085895bf9415583a8
nonsymptom_same_word,9,2,457,0,0.4877429538888815,20260633,eb798db6d53c7bd6b62d77728c470f61aecdcec31b8c285fa54e6bb347853f2f,43d0b62d442a4eba14e5b114be9ac6c76091afedaa4f12d085895bf9415583a8
nonsymptom_same_word,9,2,463,0,0.4685073920372201,20260633,eb798db6d53c7bd6b62d77728c470f61aecdcec31b8c285fa54e6bb347853f2f,43d0b62d442a4eba14e5b114be9ac6c76091afedaa4f12d085895bf9415583a8
nonsymptom_same_word,9,2,464,0,0.4646335859373551,20260633,eb798db6d53c7bd6b62d77728c470f61aecdcec31b8c285fa54e6bb347853f2f,43d0b62d442a4eba14e5b114be9ac6c76091afedaa4f12d085895bf9415583a8
nonsymptom_same_word,9,2,485,0,0.43454692371719766,20260633,eb798db6d53c7bd6b62d77728c470f61aecdcec31b8c285fa54e6bb347853f2f,43d0b62d442a4eba14e5b114be9ac6c76091afedaa4f12d085895bf9415583a8
nonsymptom_same_word,9,2,487,0,0.4815371644609942,20260633,eb798db6d53c7bd6b62d77728c470f61aecdcec31b8c285fa54e6bb347853f2f,43d0b62d442a4eba14e5b114be9ac6c76091afedaa4f12d085895bf9415583a8
nonsymptom_same_word,9,2,490,0,0.41224562473054305,20260633,eb798db6d53c7bd6b62d77728c470f61aecdcec31b8c285fa54e6bb347853f2f,43d0b62d442a4eba14e5b114be9ac6c76091afedaa4f12d085895bf9415583a8
nonsymptom_same_word,9,3,303,0,0.4706210243395941,20260633,2d6ecba2450c0e2343c9ef225d42fd6b1aa95df4ce85dcd1923adcabb9416a6b,41eb3246646395bc16b8b7012e608df2d1832e89652c14e702797390e475c8a1
nonsymptom_same_word,9,3,307,0,0.4463131635531077,20260633,2d6ecba2450c0e2343c9ef225d42fd6b1aa95df4ce85dcd1923adcabb9416a6b,41eb3246646395bc16b8b7012e608df2d1832e89652c14e702797390e475c8a1
nonsymptom_same_word,9,3,317,0,0.3893513718253915,20260633,2d6ecba2450c0e2343c9ef225d42fd6b1aa95df4ce85dcd1923adcabb9416a6b,41eb3246646395bc16b8b7012e608df2d1832e89652c14e702797390e475c8a1
nonsymptom_same_word,9,3,325,1,0.5746061998620914,20260633,2d6ecba2450c0e2343c9ef225d42fd6b1aa95df4ce85dcd1923adcabb9416a6b,41eb3246646395bc16b8b7012e608df2d1832e89652c14e702797390e475c8a1
nonsymptom_same_word,9,3,327,0,0.47856061938204664,20260633,2d6ecba2450c0e2343c9ef225d42fd6b1aa95df4ce85dcd1923adcabb9416a6b,41eb3246646395bc16b8b7012e608df2d1832e89652c14e702797390e475c8a1
nonsymptom_same_word,9,3,338,1,0.49178468496367983,20260633,2d6ecba2450c0e2343c9ef225d42fd6b1aa95df4ce85dcd1923adcabb9416a6b,41eb3246646395bc16b8b7012e608df2d1832e89652c14e702797390e475c8a1
nonsymptom_same_word,9,3,340,0,0.43450578567963644,20260633,2d6ecba2450c0e2343c9ef225d42fd6b1aa95df4ce85dcd1923adcabb9416a6b,41eb3246646395bc16b8b7012e608df2d1832e89652c14e702797390e475c8a1
nonsymptom_same_word,9,3,355,1,0.4386796261262218,20260633,2d6ecba2450c0e2343c9ef225d42fd6b1aa95df4ce85dcd1923adcabb9416a6b,41eb3246646395bc16b8b7012e608df2d1832e89652c14e702797390e475c8a1
nonsymptom_same_word,9,3,356,1,0.5081252285734227,20260633,2d6ecba2450c0e2343c9ef225d42fd6b1aa95df4ce85dcd1923adcabb9416a6b,41eb3246646395bc16b8b7012e608df2d1832e89652c14e702797390e475c8a1
nonsymptom_same_word,9,3,357,0,0.408069795730832,20260633,2d6ecba2450c0e2343c9ef225d42fd6b1aa95df4ce85dcd1923adcabb9416a6b,41eb3246646395bc16b8b7012e608df2d1832e89652c14e702797390e475c8a1
nonsymptom_same_word,9,3,368,0,0.5167943081836244,20260633,2d6ecba2450c0e2343c9ef225d42fd6b1aa95df4ce85dcd1923adcabb9416a6b,41eb3246646395bc16b8b7012e608df2d1832e89652c14e702797390e475c8a1
nonsymptom_same_word,9,3,376,1,0.5430427175844037,20260633,2d6ecba2450c0e2343c9ef225d42fd6b1aa95df4ce85dcd1923adcabb9416a6b,41eb3246646395bc16b8b7012e608df2d1832e89652c14e702797390e475c8a1
nonsymptom_same_word,9,3,381,1,0.5404069904692409,20260633,2d6ecba2450c0e2343c9ef225d42fd6b1aa95df4ce85dcd1923adcabb9416a6b,41eb3246646395bc16b8b7012e608df2d1832e89652c14e702797390e475c8a1
nonsymptom_same_word,9,3,382,0,0.44670408026943226,20260633,2d6ecba2450c0e2343c9ef225d42fd6b1aa95df4ce85dcd1923adcabb9416a6b,41eb3246646395bc16b8b7012e608df2d1832e89652c14e702797390e475c8a1
nonsymptom_same_word,9,3,393,0,0.40253285286081675,20260633,2d6ecba2450c0e2343c9ef225d42fd6b1aa95df4ce85dcd1923adcabb9416a6b,41eb3246646395bc16b8b7012e608df2d1832e89652c14e702797390e475c8a1
nonsymptom_same_word,9,3,395,0,0.4736718882821852,20260633,2d6ecba2450c0e2343c9ef225d42fd6b1aa95df4ce85dcd1923adcabb9416a6b,41eb3246646395bc16b8b7012e608df2d1832e89652c14e702797390e475c8a1
nonsymptom_same_word,9,3,417,0,0.48968246479054,20260633,2d6ecba2450c0e2343c9ef225d42fd6b1aa95df4ce85dcd1923adcabb9416a6b,41eb3246646395bc16b8b7012e608df2d1832e89652c14e702797390e475c8a1
nonsymptom_same_word,9,3,418,1,0.5106826654475473,20260633,2d6ecba2450c0e2343c9ef225d42fd6b1aa95df4ce85dcd1923adcabb9416a6b,41eb3246646395bc16b8b7012e608df2d1832e89652c14e702797390e475c8a1
nonsymptom_same_word,9,3,425,0,0.46688458027814117,20260633,2d6ecba2450c0e2343c9ef225d42fd6b1aa95df4ce85dcd1923adcabb9416a6b,41eb3246646395bc16b8b7012e608df2d1832e89652c14e702797390e475c8a1
nonsymptom_same_word,9,3,437,0,0.4717012320207987,20260633,2d6ecba2450c0e2343c9ef225d42fd6b1aa95df4ce85dcd1923adcabb9416a6b,41eb3246646395bc16b8b7012e608df2d1832e89652c14e702797390e475c8a1
nonsymptom_same_word,9,3,440,1,0.4620137916245485,20260633,2d6ecba2450c0e2343c9ef225d42fd6b1aa95df4ce85dcd1923adcabb9416a6b,41eb3246646395bc16b8b7012e608df2d1832e89652c14e702797390e475c8a1
nonsymptom_same_word,9,3,444,0,0.5279194386628154,20260633,2d6ecba2450c0e2343c9ef225d42fd6b1aa95df4ce85dcd1923adcabb9416a6b,41eb3246646395bc16b8b7012e608df2d1832e89652c14e702797390e475c8a1
nonsymptom_same_word,9,3,446,0,0.4864786618708153,20260633,2d6ecba2450c0e2343c9ef225d42fd6b1aa95df4ce85dcd1923adcabb9416a6b,41eb3246646395bc16b8b7012e608df2d1832e89652c14e702797390e475c8a1
nonsymptom_same_word,9,3,454,0,0.43886422841229045,20260633,2d6ecba2450c0e2343c9ef225d42fd6b1aa95df4ce85dcd1923adcabb9416a6b,41eb3246646395bc16b8b7012e608df2d1832e89652c14e702797390e475c8a1
nonsymptom_same_word,9,3,472,0,0.499017055503537,20260633,2d6ecba2450c0e2343c9ef225d42fd6b1aa95df4ce85dcd1923adcabb9416a6b,41eb3246646395bc16b8b7012e608df2d1832e89652c14e702797390e475c8a1
nonsymptom_same_word,9,3,478,0,0.5021166822417653,20260633,2d6ecba2450c0e2343c9ef225d42fd6b1aa95df4ce85dcd1923adcabb9416a6b,41eb3246646395bc16b8b7012e608df2d1832e89652c14e702797390e475c8a1
nonsymptom_same_word,9,3,484,0,0.5163892869908631,20260633,2d6ecba2450c0e2343c9ef225d42fd6b1aa95df4ce85dcd1923adcabb9416a6b,41eb3246646395bc16b8b7012e608df2d1832e89652c14e702797390e475c8a1
nonsymptom_same_word,9,3,492,0,0.4451554358082769,20260633,2d6ecba2450c0e2343c9ef225d42fd6b1aa95df4ce85dcd1923adcabb9416a6b,41eb3246646395bc16b8b7012e608df2d1832e89652c14e702797390e475c8a1
nonsymptom_same_word,9,4,302,0,0.47971567200061194,20260633,c0e463051cfe9888715a337dce59c3a3895b97e3bc276ca387ee0076468a045f,aee6c5ef71a64a474b9fb88ae5fcdab07ce66ea762cb98c2b62fa1a85dac4e17
nonsymptom_same_word,9,4,310,0,0.4320387857424935,20260633,c0e463051cfe9888715a337dce59c3a3895b97e3bc276ca387ee0076468a045f,aee6c5ef71a64a474b9fb88ae5fcdab07ce66ea762cb98c2b62fa1a85dac4e17
nonsymptom_same_word,9,4,312,0,0.43448724702221075,20260633,c0e463051cfe9888715a337dce59c3a3895b97e3bc276ca387ee0076468a045f,aee6c5ef71a64a474b9fb88ae5fcdab07ce66ea762cb98c2b62fa1a85dac4e17
nonsymptom_same_word,9,4,319,1,0.43739210552959173,20260633,c0e463051cfe9888715a337dce59c3a3895b97e3bc276ca387ee0076468a045f,aee6c5ef71a64a474b9fb88ae5fcdab07ce66ea762cb98c2b62fa1a85dac4e17
nonsymptom_same_word,9,4,321,1,0.5088887823410065,20260633,c0e463051cfe9888715a337dce59c3a3895b97e3bc276ca387ee0076468a045f,aee6c5ef71a64a474b9fb88ae5fcdab07ce66ea762cb98c2b62fa1a85dac4e17
nonsymptom_same_word,9,4,330,1,0.41676978692860606,20260633,c0e463051cfe9888715a337dce59c3a3895b97e3bc276ca387ee0076468a045f,aee6c5ef71a64a474b9fb88ae5fcdab07ce66ea762cb98c2b62fa1a85dac4e17
nonsymptom_same_word,9,4,331,0,0.5387184792992755,20260633,c0e463051cfe9888715a337dce59c3a3895b97e3bc276ca387ee0076468a045f,aee6c5ef71a64a474b9fb88ae5fcdab07ce66ea762cb98c2b62fa1a85dac4e17
nonsymptom_same_word,9,4,333,0,0.47495308483676657,20260633,c0e463051cfe9888715a337dce59c3a3895b97e3bc276ca387ee0076468a045f,aee6c5ef71a64a474b9fb88ae5fcdab07ce66ea762cb98c2b62fa1a85dac4e17
nonsymptom_same_word,9,4,348,1,0.47401013146456067,20260633,c0e463051cfe9888715a337dce59c3a3895b97e3bc276ca387ee0076468a045f,aee6c5ef71a64a474b9fb88ae5fcdab07ce66ea762cb98c2b62fa1a85dac4e17
nonsymptom_same_word,9,4,351,1,0.5330949269262107,20260633,c0e463051cfe9888715a337dce59c3a3895b97e3bc276ca387ee0076468a045f,aee6c5ef71a64a474b9fb88ae5fcdab07ce66ea762cb98c2b62fa1a85dac4e17
nonsymptom_same_word,9,4,353,1,0.517808399520162,20260633,c0e463051cfe9888715a337dce59c3a3895b97e3bc276ca387ee0076468a045f,aee6c5ef71a64a474b9fb88ae5fcdab07ce66ea762cb98c2b62fa1a85dac4e17
nonsymptom_same_word,9,4,363,0,0.5172795709918053,20260633,c0e463051cfe9888715a337dce59c3a3895b97e3bc276ca387ee0076468a045f,aee6c5ef71a64a474b9fb88ae5fcdab07ce66ea762cb98c2b62fa1a85dac4e17
nonsymptom_same_word,9,4,366,0,0.4924295355376346,20260633,c0e463051cfe9888715a337dce59c3a3895b97e3bc276ca387ee0076468a045f,aee6c5ef71a64a474b9fb88ae5fcdab07ce66ea762cb98c2b62fa1a85dac4e17
nonsymptom_same_word,9,4,369,0,0.4691932362441109,20260633,c0e463051cfe9888715a337dce59c3a3895b97e3bc276ca387ee0076468a045f,aee6c5ef71a64a474b9fb88ae5fcdab07ce66ea762cb98c2b62fa1a85dac4e17
nonsymptom_same_word,9,4,371,0,0.43438212745625837,20260633,c0e463051cfe9888715a337dce59c3a3895b97e3bc276ca387ee0076468a045f,aee6c5ef71a64a474b9fb88ae5fcdab07ce66ea762cb98c2b62fa1a85dac4e17
nonsymptom_same_word,9,4,372,1,0.5059544421481978,20260633,c0e463051cfe9888715a337dce59c3a3895b97e3bc276ca387ee0076468a045f,aee6c5ef71a64a474b9fb88ae5fcdab07ce66ea762cb98c2b62fa1a85dac4e17
nonsymptom_same_word,9,4,388,1,0.4657624979172229,20260633,c0e463051cfe9888715a337dce59c3a3895b97e3bc276ca387ee0076468a045f,aee6c5ef71a64a474b9fb88ae5fcdab07ce66ea762cb98c2b62fa1a85dac4e17
nonsymptom_same_word,9,4,391,0,0.4187534673093441,20260633,c0e463051cfe9888715a337dce59c3a3895b97e3bc276ca387ee0076468a045f,aee6c5ef71a64a474b9fb88ae5fcdab07ce66ea762cb98c2b62fa1a85dac4e17
nonsymptom_same_word,9,4,400,0,0.453541487975164,20260633,c0e463051cfe9888715a337dce59c3a3895b97e3bc276ca387ee0076468a045f,aee6c5ef71a64a474b9fb88ae5fcdab07ce66ea762cb98c2b62fa1a85dac4e17
nonsymptom_same_word,9,4,423,0,0.4626082299005506,20260633,c0e463051cfe9888715a337dce59c3a3895b97e3bc276ca387ee0076468a045f,aee6c5ef71a64a474b9fb88ae5fcdab07ce66ea762cb98c2b62fa1a85dac4e17
nonsymptom_same_word,9,4,456,0,0.5126650677105372,20260633,c0e463051cfe9888715a337dce59c3a3895b97e3bc276ca387ee0076468a045f,aee6c5ef71a64a474b9fb88ae5fcdab07ce66ea762cb98c2b62fa1a85dac4e17
nonsymptom_same_word,9,4,458,0,0.4514678876596941,20260633,c0e463051cfe9888715a337dce59c3a3895b97e3bc276ca387ee0076468a045f,aee6c5ef71a64a474b9fb88ae5fcdab07ce66ea762cb98c2b62fa1a85dac4e17
nonsymptom_same_word,9,4,468,0,0.45116374312330476,20260633,c0e463051cfe9888715a337dce59c3a3895b97e3bc276ca387ee0076468a045f,aee6c5ef71a64a474b9fb88ae5fcdab07ce66ea762cb98c2b62fa1a85dac4e17
nonsymptom_same_word,9,4,473,0,0.48843538428498134,20260633,c0e463051cfe9888715a337dce59c3a3895b97e3bc276ca387ee0076468a045f,aee6c5ef71a64a474b9fb88ae5fcdab07ce66ea762cb98c2b62fa1a85dac4e17
nonsymptom_same_word,9,4,476,0,0.4197459767717594,20260633,c0e463051cfe9888715a337dce59c3a3895b97e3bc276ca387ee0076468a045f,aee6c5ef71a64a474b9fb88ae5fcdab07ce66ea762cb98c2b62fa1a85dac4e17
nonsymptom_same_word,9,4,477,0,0.5264871521218024,20260633,c0e463051cfe9888715a337dce59c3a3895b97e3bc276ca387ee0076468a045f,aee6c5ef71a64a474b9fb88ae5fcdab07ce66ea762cb98c2b62fa1a85dac4e17
nonsymptom_same_word,9,4,482,0,0.5010033363982005,20260633,c0e463051cfe9888715a337dce59c3a3895b97e3bc276ca387ee0076468a045f,aee6c5ef71a64a474b9fb88ae5fcdab07ce66ea762cb98c2b62fa1a85dac4e17
nonsymptom_same_word,9,4,491,0,0.44766330365712215,20260633,c0e463051cfe9888715a337dce59c3a3895b97e3bc276ca387ee0076468a045f,aee6c5ef71a64a474b9fb88ae5fcdab07ce66ea762cb98c2b62fa1a85dac4e17
nonsymptom_same_word,9,5,305,0,0.4671372401117014,20260633,85633ef22fed89bbc7e9229b1c6fdaa0413cd8c186d22527ca97dcc4c0c7e052,9cfda6bc91c5c231e9b2f013c25d2ef1981b2ab018635b3b0a4c3587bdcbdec7
nonsymptom_same_word,9,5,313,0,0.4414546782266559,20260633,85633ef22fed89bbc7e9229b1c6fdaa0413cd8c186d22527ca97dcc4c0c7e052,9cfda6bc91c5c231e9b2f013c25d2ef1981b2ab018635b3b0a4c3587bdcbdec7
nonsymptom_same_word,9,5,315,0,0.4710440323555937,20260633,85633ef22fed89bbc7e9229b1c6fdaa0413cd8c186d22527ca97dcc4c0c7e052,9cfda6bc91c5c231e9b2f013c25d2ef1981b2ab018635b3b0a4c3587bdcbdec7
nonsymptom_same_word,9,5,318,0,0.3960090990745677,20260633,85633ef22fed89bbc7e9229b1c6fdaa0413cd8c186d22527ca97dcc4c0c7e052,9cfda6bc91c5c231e9b2f013c25d2ef1981b2ab018635b3b0a4c3587bdcbdec7
nonsymptom_same_word,9,5,320,1,0.4728134106565431,20260633,85633ef22fed89bbc7e9229b1c6fdaa0413cd8c186d22527ca97dcc4c0c7e052,9cfda6bc91c5c231e9b2f013c25d2ef1981b2ab018635b3b0a4c3587bdcbdec7
nonsymptom_same_word,9,5,346,1,0.5639993777974904,20260633,85633ef22fed89bbc7e9229b1c6fdaa0413cd8c186d22527ca97dcc4c0c7e052,9cfda6bc91c5c231e9b2f013c25d2ef1981b2ab018635b3b0a4c3587bdcbdec7
nonsymptom_same_word,9,5,347,1,0.4515784313898161,20260633,85633ef22fed89bbc7e9229b1c6fdaa0413cd8c186d22527ca97dcc4c0c7e052,9cfda6bc91c5c231e9b2f013c25d2ef1981b2ab018635b3b0a4c3587bdcbdec7
nonsymptom_same_word,9,5,350,1,0.46826943812074284,20260633,85633ef22fed89bbc7e9229b1c6fdaa0413cd8c186d22527ca97dcc4c0c7e052,9cfda6bc91c5c231e9b2f013c25d2ef1981b2ab018635b3b0a4c3587bdcbdec7
nonsymptom_same_word,9,5,358,0,0.47280563770823536,20260633,85633ef22fed89bbc7e9229b1c6fdaa0413cd8c186d22527ca97dcc4c0c7e052,9cfda6bc91c5c231e9b2f013c25d2ef1981b2ab018635b3b0a4c3587bdcbdec7
nonsymptom_same_word,9,5,362,1,0.4661557965242004,20260633,85633ef22fed89bbc7e9229b1c6fdaa0413cd8c186d22527ca97dcc4c0c7e052,9cfda6bc91c5c231e9b2f013c25d2ef1981b2ab018635b3b0a4c3587bdcbdec7
nonsymptom_same_word,9,5,364,0,0.47653691453999153,20260633,85633ef22fed89bbc7e9229b1c6fdaa0413cd8c186d22527ca97dcc4c0c7e052,9cfda6bc91c5c231e9b2f013c25d2ef1981b2ab018635b3b0a4c3587bdcbdec7
nonsymptom_same_word,9,5,370,0,0.46031847889461647,20260633,85633ef22fed89bbc7e9229b1c6fdaa0413cd8c186d22527ca97dcc4c0c7e052,9cfda6bc91c5c231e9b2f013c25d2ef1981b2ab018635b3b0a4c3587bdcbdec7
nonsymptom_same_word,9,5,390,0,0.5021403789970698,20260633,85633ef22fed89bbc7e9229b1c6fdaa0413cd8c186d22527ca97dcc4c0c7e052,9cfda6bc91c5c231e9b2f013c25d2ef1981b2ab018635b3b0a4c3587bdcbdec7
nonsymptom_same_word,9,5,392,0,0.45021856909177943,20260633,85633ef22fed89bbc7e9229b1c6fdaa0413cd8c186d22527ca97dcc4c0c7e052,9cfda6bc91c5c231e9b2f013c25d2ef1981b2ab018635b3b0a4c3587bdcbdec7
nonsymptom_same_word,9,5,403,0,0.45635209529520154,20260633,85633ef22fed89bbc7e9229b1c6fdaa0413cd8c186d22527ca97dcc4c0c7e052,9cfda6bc91c5c231e9b2f013c25d2ef1981b2ab018635b3b0a4c3587bdcbdec7
nonsymptom_same_word,9,5,414,1,0.4737222107452201,20260633,85633ef22fed89bbc7e9229b1c6fdaa0413cd8c186d22527ca97dcc4c0c7e052,9cfda6bc91c5c231e9b2f013c25d2ef1981b2ab018635b3b0a4c3587bdcbdec7
nonsymptom_same_word,9,5,415,0,0.46470116699888314,20260633,85633ef22fed89bbc7e9229b1c6fdaa0413cd8c186d22527ca97dcc4c0c7e052,9cfda6bc91c5c231e9b2f013c25d2ef1981b2ab018635b3b0a4c3587bdcbdec7
nonsymptom_same_word,9,5,427,0,0.4363598770193512,20260633,85633ef22fed89bbc7e9229b1c6fdaa0413cd8c186d22527ca97dcc4c0c7e052,9cfda6bc91c5c231e9b2f013c25d2ef1981b2ab018635b3b0a4c3587bdcbdec7
nonsymptom_same_word,9,5,429,0,0.464753494154526,20260633,85633ef22fed89bbc7e9229b1c6fdaa0413cd8c186d22527ca97dcc4c0c7e052,9cfda6bc91c5c231e9b2f013c25d2ef1981b2ab018635b3b0a4c3587bdcbdec7
nonsymptom_same_word,9,5,430,0,0.47635634120226195,20260633,85633ef22fed89bbc7e9229b1c6fdaa0413cd8c186d22527ca97dcc4c0c7e052,9cfda6bc91c5c231e9b2f013c25d2ef1981b2ab018635b3b0a4c3587bdcbdec7
nonsymptom_same_word,9,5,439,0,0.42683529390398184,20260633,85633ef22fed89bbc7e9229b1c6fdaa0413cd8c186d22527ca97dcc4c0c7e052,9cfda6bc91c5c231e9b2f013c25d2ef1981b2ab018635b3b0a4c3587bdcbdec7
nonsymptom_same_word,9,5,448,1,0.4855969025831708,20260633,85633ef22fed89bbc7e9229b1c6fdaa0413cd8c186d22527ca97dcc4c0c7e052,9cfda6bc91c5c231e9b2f013c25d2ef1981b2ab018635b3b0a4c3587bdcbdec7
nonsymptom_same_word,9,5,449,0,0.4517423039900837,20260633,85633ef22fed89bbc7e9229b1c6fdaa0413cd8c186d22527ca97dcc4c0c7e052,9cfda6bc91c5c231e9b2f013c25d2ef1981b2ab018635b3b0a4c3587bdcbdec7
nonsymptom_same_word,9,5,459,1,0.5081488272339122,20260633,85633ef22fed89bbc7e9229b1c6fdaa0413cd8c186d22527ca97dcc4c0c7e052,9cfda6bc91c5c231e9b2f013c25d2ef1981b2ab018635b3b0a4c3587bdcbdec7
nonsymptom_same_word,9,5,471,0,0.45585384196524553,20260633,85633ef22fed89bbc7e9229b1c6fdaa0413cd8c186d22527ca97dcc4c0c7e052,9cfda6bc91c5c231e9b2f013c25d2ef1981b2ab018635b3b0a4c3587bdcbdec7
nonsymptom_same_word,9,5,479,0,0.41555038179129805,20260633,85633ef22fed89bbc7e9229b1c6fdaa0413cd8c186d22527ca97dcc4c0c7e052,9cfda6bc91c5c231e9b2f013c25d2ef1981b2ab018635b3b0a4c3587bdcbdec7
nonsymptom_same_word,9,5,483,1,0.4998945537152486,20260633,85633ef22fed89bbc7e9229b1c6fdaa0413cd8c186d22527ca97dcc4c0c7e052,9cfda6bc91c5c231e9b2f013c25d2ef1981b2ab018635b3b0a4c3587bdcbdec7
nonsymptom_same_word,9,5,486,0,0.4176764173778658,20260633,85633ef22fed89bbc7e9229b1c6fdaa0413cd8c186d22527ca97dcc4c0c7e052,9cfda6bc91c5c231e9b2f013c25d2ef1981b2ab018635b3b0a4c3587bdcbdec7
nonsymptom_same_word,10,1,302,0,0.485349309689946,20260634,5fcb2f2eac78d2ba2a32ce27f993a6450d0e0be6977d32d5fad8b91a9cbe0471,68d092d8b196dfb5685500361293e2034168c7c0f1a5e9890e9ec7349f6b4474
nonsymptom_same_word,10,1,310,0,0.43337394214547614,20260634,5fcb2f2eac78d2ba2a32ce27f993a6450d0e0be6977d32d5fad8b91a9cbe0471,68d092d8b196dfb5685500361293e2034168c7c0f1a5e9890e9ec7349f6b4474
nonsymptom_same_word,10,1,318,0,0.40100456000842916,20260634,5fcb2f2eac78d2ba2a32ce27f993a6450d0e0be6977d32d5fad8b91a9cbe0471,68d092d8b196dfb5685500361293e2034168c7c0f1a5e9890e9ec7349f6b4474
nonsymptom_same_word,10,1,319,1,0.44099075272075877,20260634,5fcb2f2eac78d2ba2a32ce27f993a6450d0e0be6977d32d5fad8b91a9cbe0471,68d092d8b196dfb5685500361293e2034168c7c0f1a5e9890e9ec7349f6b4474
nonsymptom_same_word,10,1,324,0,0.4717472046810613,20260634,5fcb2f2eac78d2ba2a32ce27f993a6450d0e0be6977d32d5fad8b91a9cbe0471,68d092d8b196dfb5685500361293e2034168c7c0f1a5e9890e9ec7349f6b4474
nonsymptom_same_word,10,1,327,0,0.47983175543606554,20260634,5fcb2f2eac78d2ba2a32ce27f993a6450d0e0be6977d32d5fad8b91a9cbe0471,68d092d8b196dfb5685500361293e2034168c7c0f1a5e9890e9ec7349f6b4474
nonsymptom_same_word,10,1,333,0,0.4779493318268855,20260634,5fcb2f2eac78d2ba2a32ce27f993a6450d0e0be6977d32d5fad8b91a9cbe0471,68d092d8b196dfb5685500361293e2034168c7c0f1a5e9890e9ec7349f6b4474
nonsymptom_same_word,10,1,344,1,0.5197688557374285,20260634,5fcb2f2eac78d2ba2a32ce27f993a6450d0e0be6977d32d5fad8b91a9cbe0471,68d092d8b196dfb5685500361293e2034168c7c0f1a5e9890e9ec7349f6b4474
nonsymptom_same_word,10,1,346,1,0.5646981722539061,20260634,5fcb2f2eac78d2ba2a32ce27f993a6450d0e0be6977d32d5fad8b91a9cbe0471,68d092d8b196dfb5685500361293e2034168c7c0f1a5e9890e9ec7349f6b4474
nonsymptom_same_word,10,1,347,1,0.4368044224531586,20260634,5fcb2f2eac78d2ba2a32ce27f993a6450d0e0be6977d32d5fad8b91a9cbe0471,68d092d8b196dfb5685500361293e2034168c7c0f1a5e9890e9ec7349f6b4474
nonsymptom_same_word,10,1,348,1,0.4673695656674929,20260634,5fcb2f2eac78d2ba2a32ce27f993a6450d0e0be6977d32d5fad8b91a9cbe0471,68d092d8b196dfb5685500361293e2034168c7c0f1a5e9890e9ec7349f6b4474
nonsymptom_same_word,10,1,358,0,0.45318424734212776,20260634,5fcb2f2eac78d2ba2a32ce27f993a6450d0e0be6977d32d5fad8b91a9cbe0471,68d092d8b196dfb5685500361293e2034168c7c0f1a5e9890e9ec7349f6b4474
nonsymptom_same_word,10,1,385,0,0.3803319420709118,20260634,5fcb2f2eac78d2ba2a32ce27f993a6450d0e0be6977d32d5fad8b91a9cbe0471,68d092d8b196dfb5685500361293e2034168c7c0f1a5e9890e9ec7349f6b4474
nonsymptom_same_word,10,1,388,1,0.471274890091387,20260634,5fcb2f2eac78d2ba2a32ce27f993a6450d0e0be6977d32d5fad8b91a9cbe0471,68d092d8b196dfb5685500361293e2034168c7c0f1a5e9890e9ec7349f6b4474
nonsymptom_same_word,10,1,393,0,0.39496802734087455,20260634,5fcb2f2eac78d2ba2a32ce27f993a6450d0e0be6977d32d5fad8b91a9cbe0471,68d092d8b196dfb5685500361293e2034168c7c0f1a5e9890e9ec7349f6b4474
nonsymptom_same_word,10,1,395,0,0.4767897237072167,20260634,5fcb2f2eac78d2ba2a32ce27f993a6450d0e0be6977d32d5fad8b91a9cbe0471,68d092d8b196dfb5685500361293e2034168c7c0f1a5e9890e9ec7349f6b4474
nonsymptom_same_word,10,1,397,0,0.4427745024510428,20260634,5fcb2f2eac78d2ba2a32ce27f993a6450d0e0be6977d32d5fad8b91a9cbe0471,68d092d8b196dfb5685500361293e2034168c7c0f1a5e9890e9ec7349f6b4474
nonsymptom_same_word,10,1,400,0,0.48319256492691726,20260634,5fcb2f2eac78d2ba2a32ce27f993a6450d0e0be6977d32d5fad8b91a9cbe0471,68d092d8b196dfb5685500361293e2034168c7c0f1a5e9890e9ec7349f6b4474
nonsymptom_same_word,10,1,414,1,0.4789577571725037,20260634,5fcb2f2eac78d2ba2a32ce27f993a6450d0e0be6977d32d5fad8b91a9cbe0471,68d092d8b196dfb5685500361293e2034168c7c0f1a5e9890e9ec7349f6b4474
nonsymptom_same_word,10,1,423,0,0.48735033734334576,20260634,5fcb2f2eac78d2ba2a32ce27f993a6450d0e0be6977d32d5fad8b91a9cbe0471,68d092d8b196dfb5685500361293e2034168c7c0f1a5e9890e9ec7349f6b4474
nonsymptom_same_word,10,1,441,1,0.4980018221037429,20260634,5fcb2f2eac78d2ba2a32ce27f993a6450d0e0be6977d32d5fad8b91a9cbe0471,68d092d8b196dfb5685500361293e2034168c7c0f1a5e9890e9ec7349f6b4474
nonsymptom_same_word,10,1,445,0,0.49122031153414847,20260634,5fcb2f2eac78d2ba2a32ce27f993a6450d0e0be6977d32d5fad8b91a9cbe0471,68d092d8b196dfb5685500361293e2034168c7c0f1a5e9890e9ec7349f6b4474
nonsymptom_same_word,10,1,448,1,0.48897567938517084,20260634,5fcb2f2eac78d2ba2a32ce27f993a6450d0e0be6977d32d5fad8b91a9cbe0471,68d092d8b196dfb5685500361293e2034168c7c0f1a5e9890e9ec7349f6b4474
nonsymptom_same_word,10,1,464,0,0.4821811644316869,20260634,5fcb2f2eac78d2ba2a32ce27f993a6450d0e0be6977d32d5fad8b91a9cbe0471,68d092d8b196dfb5685500361293e2034168c7c0f1a5e9890e9ec7349f6b4474
nonsymptom_same_word,10,1,472,0,0.5021000995682339,20260634,5fcb2f2eac78d2ba2a32ce27f993a6450d0e0be6977d32d5fad8b91a9cbe0471,68d092d8b196dfb5685500361293e2034168c7c0f1a5e9890e9ec7349f6b4474
nonsymptom_same_word,10,1,473,0,0.4866122338777211,20260634,5fcb2f2eac78d2ba2a32ce27f993a6450d0e0be6977d32d5fad8b91a9cbe0471,68d092d8b196dfb5685500361293e2034168c7c0f1a5e9890e9ec7349f6b4474
nonsymptom_same_word,10,1,482,0,0.5024980656881372,20260634,5fcb2f2eac78d2ba2a32ce27f993a6450d0e0be6977d32d5fad8b91a9cbe0471,68d092d8b196dfb5685500361293e2034168c7c0f1a5e9890e9ec7349f6b4474
nonsymptom_same_word,10,1,485,0,0.41139102796560867,20260634,5fcb2f2eac78d2ba2a32ce27f993a6450d0e0be6977d32d5fad8b91a9cbe0471,68d092d8b196dfb5685500361293e2034168c7c0f1a5e9890e9ec7349f6b4474
nonsymptom_same_word,10,1,487,0,0.49447439265621873,20260634,5fcb2f2eac78d2ba2a32ce27f993a6450d0e0be6977d32d5fad8b91a9cbe0471,68d092d8b196dfb5685500361293e2034168c7c0f1a5e9890e9ec7349f6b4474
nonsymptom_same_word,10,2,305,0,0.4715661080100341,20260634,ca88cda193979af15e6ae17b2ddc3017de691cbaee282c1abd91958463a05f63,1609847951595199381b6725b4b7c7b58949cec29704515c062b568df451b9db
nonsymptom_same_word,10,2,320,1,0.4342756357431027,20260634,ca88cda193979af15e6ae17b2ddc3017de691cbaee282c1abd91958463a05f63,1609847951595199381b6725b4b7c7b58949cec29704515c062b568df451b9db
nonsymptom_same_word,10,2,326,0,0.40024032575528157,20260634,ca88cda193979af15e6ae17b2ddc3017de691cbaee282c1abd91958463a05f63,1609847951595199381b6725b4b7c7b58949cec29704515c062b568df451b9db
nonsymptom_same_word,10,2,339,1,0.5115075606385459,20260634,ca88cda193979af15e6ae17b2ddc3017de691cbaee282c1abd91958463a05f63,1609847951595199381b6725b4b7c7b58949cec29704515c062b568df451b9db
nonsymptom_same_word,10,2,350,1,0.47714724477459797,20260634,ca88cda193979af15e6ae17b2ddc3017de691cbaee282c1abd91958463a05f63,1609847951595199381b6725b4b7c7b58949cec29704515c062b568df451b9db
nonsymptom_same_word,10,2,352,1,0.5396316087734657,20260634,ca88cda193979af15e6ae17b2ddc3017de691cbaee282c1abd91958463a05f63,1609847951595199381b6725b4b7c7b58949cec29704515c062b568df451b9db
nonsymptom_same_word,10,2,353,1,0.47693166790505187,20260634,ca88cda193979af15e6ae17b2ddc3017de691cbaee282c1abd91958463a05f63,1609847951595199381b6725b4b7c7b58949cec29704515c062b568df451b9db
nonsymptom_same_word,10,2,356,1,0.5060967462070011,20260634,ca88cda193979af15e6ae17b2ddc3017de691cbaee282c1abd91958463a05f63,1609847951595199381b6725b4b7c7b58949cec29704515c062b568df451b9db
nonsymptom_same_word,10,2,360,0,0.4663533242125676,20260634,ca88cda193979af15e6ae17b2ddc3017de691cbaee282c1abd91958463a05f63,1609847951595199381b6725b4b7c7b58949cec29704515c062b568df451b9db
nonsymptom_same_word,10,2,366,0,0.4837927386588072,20260634,ca88cda193979af15e6ae17b2ddc3017de691cbaee282c1abd91958463a05f63,1609847951595199381b6725b4b7c7b58949cec29704515c062b568df451b9db
nonsymptom_same_word,10,2,370,0,0.4656689111404592,20260634,ca88cda193979af15e6ae17b2ddc3017de691cbaee282c1abd91958463a05f63,1609847951595199381b6725b4b7c7b58949cec29704515c062b568df451b9db
nonsymptom_same_word,10,2,371,0,0.43230703181796803,20260634,ca88cda193979af15e6ae17b2ddc3017de691cbaee282c1abd91958463a05f63,1609847951595199381b6725b4b7c7b58949cec29704515c062b568df451b9db
nonsymptom_same_word,10,2,374,0,0.47350378414916466,20260634,ca88cda193979af15e6ae17b2ddc3017de691cbaee282c1abd91958463a05f63,1609847951595199381b6725b4b7c7b58949cec29704515c062b568df451b9db
nonsymptom_same_word,10,2,377,1,0.48235700491322436,20260634,ca88cda193979af15e6ae17b2ddc3017de691cbaee282c1abd91958463a05f63,1609847951595199381b6725b4b7c7b58949cec29704515c062b568df451b9db
nonsymptom_same_word,10,2,386,1,0.4938968927140552,20260634,ca88cda193979af15e6ae17b2ddc3017de691cbaee282c1abd91958463a05f63,1609847951595199381b6725b4b7c7b58949cec29704515c062b568df451b9db
nonsymptom_same_word,10,2,402,1,0.45506268994457394,20260634,ca88cda193979af15e6ae17b2ddc3017de691cbaee282c1abd91958463a05f63,1609847951595199381b6725b4b7c7b58949cec29704515c062b568df451b9db
nonsymptom_same_word,10,2,406,0,0.4537419356441129,20260634,ca88cda193979af15e6ae17b2ddc3017de691cbaee282c1abd91958463a05f63,1609847951595199381b6725b4b7c7b58949cec29704515c062b568df451b9db
nonsymptom_same_word,10,2,415,0,0.48248909088648323,20260634,ca88cda193979af15e6ae17b2ddc3017de691cbaee282c1abd91958463a05f63,1609847951595199381b6725b4b7c7b58949cec29704515c062b568df451b9db
nonsymptom_same_word,10,2,419,0,0.431285130514533,20260634,ca88cda193979af15e6ae17b2ddc3017de691cbaee282c1abd91958463a05f63,1609847951595199381b6725b4b7c7b58949cec29704515c062b568df451b9db
nonsymptom_same_word,10,2,430,0,0.47100693201338356,20260634,ca88cda193979af15e6ae17b2ddc3017de691cbaee282c1abd91958463a05f63,1609847951595199381b6725b4b7c7b58949cec29704515c062b568df451b9db
nonsymptom_same_word,10,2,434,0,0.4869511624478775,20260634,ca88cda193979af15e6ae17b2ddc3017de691cbaee282c1abd91958463a05f63,1609847951595199381b6725b4b7c7b58949cec29704515c062b568df451b9db
nonsymptom_same_word,10,2,436,0,0.44185232433555366,20260634,ca88cda193979af15e6ae17b2ddc3017de691cbaee282c1abd91958463a05f63,1609847951595199381b6725b4b7c7b58949cec29704515c062b568df451b9db
nonsymptom_same_word,10,2,455,0,0.46479198905276886,20260634,ca88cda193979af15e6ae17b2ddc3017de691cbaee282c1abd91958463a05f63,1609847951595199381b6725b4b7c7b58949cec29704515c062b568df451b9db
nonsymptom_same_word,10,2,458,0,0.4507273735886566,20260634,ca88cda193979af15e6ae17b2ddc3017de691cbaee282c1abd91958463a05f63,1609847951595199381b6725b4b7c7b58949cec29704515c062b568df451b9db
nonsymptom_same_word,10,2,468,0,0.4524361022540936,20260634,ca88cda193979af15e6ae17b2ddc3017de691cbaee282c1abd91958463a05f63,1609847951595199381b6725b4b7c7b58949cec29704515c062b568df451b9db
nonsymptom_same_word,10,2,471,0,0.44949712712556966,20260634,ca88cda193979af15e6ae17b2ddc3017de691cbaee282c1abd91958463a05f63,1609847951595199381b6725b4b7c7b58949cec29704515c062b568df451b9db
nonsymptom_same_word,10,2,478,0,0.5148643967058383,20260634,ca88cda193979af15e6ae17b2ddc3017de691cbaee282c1abd91958463a05f63,1609847951595199381b6725b4b7c7b58949cec29704515c062b568df451b9db
nonsymptom_same_word,10,2,479,0,0.40607139375894463,20260634,ca88cda193979af15e6ae17b2ddc3017de691cbaee282c1abd91958463a05f63,1609847951595199381b6725b4b7c7b58949cec29704515c062b568df451b9db
nonsymptom_same_word,10,2,486,0,0.39086726141963324,20260634,ca88cda193979af15e6ae17b2ddc3017de691cbaee282c1abd91958463a05f63,1609847951595199381b6725b4b7c7b58949cec29704515c062b568df451b9db
nonsymptom_same_word,10,3,303,0,0.45976181164098234,20260634,78dac7830ce31413c6be0b0b40c32f8bbcd3aba7dda6fe79316cb1205a804cee,38ed0ceac81dcb436a4ff4cffcbd9934e440720381164c3a81324249e3b6ef02
nonsymptom_same_word,10,3,304,0,0.4157717398321833,20260634,78dac7830ce31413c6be0b0b40c32f8bbcd3aba7dda6fe79316cb1205a804cee,38ed0ceac81dcb436a4ff4cffcbd9934e440720381164c3a81324249e3b6ef02
nonsymptom_same_word,10,3,312,0,0.45357330536220447,20260634,78dac7830ce31413c6be0b0b40c32f8bbcd3aba7dda6fe79316cb1205a804cee,38ed0ceac81dcb436a4ff4cffcbd9934e440720381164c3a81324249e3b6ef02
nonsymptom_same_word,10,3,315,0,0.49181837125373246,20260634,78dac7830ce31413c6be0b0b40c32f8bbcd3aba7dda6fe79316cb1205a804cee,38ed0ceac81dcb436a4ff4cffcbd9934e440720381164c3a81324249e3b6ef02
nonsymptom_same_word,10,3,317,0,0.3994417568603617,20260634,78dac7830ce31413c6be0b0b40c32f8bbcd3aba7dda6fe79316cb1205a804cee,38ed0ceac81dcb436a4ff4cffcbd9934e440720381164c3a81324249e3b6ef02
nonsymptom_same_word,10,3,321,1,0.5229015497469044,20260634,78dac7830ce31413c6be0b0b40c32f8bbcd3aba7dda6fe79316cb1205a804cee,38ed0ceac81dcb436a4ff4cffcbd9934e440720381164c3a81324249e3b6ef02
nonsymptom_same_word,10,3,351,1,0.5383257418490337,20260634,78dac7830ce31413c6be0b0b40c32f8bbcd3aba7dda6fe79316cb1205a804cee,38ed0ceac81dcb436a4ff4cffcbd9934e440720381164c3a81324249e3b6ef02
nonsymptom_same_word,10,3,355,1,0.44158876492329513,20260634,78dac7830ce31413c6be0b0b40c32f8bbcd3aba7dda6fe79316cb1205a804cee,38ed0ceac81dcb436a4ff4cffcbd9934e440720381164c3a81324249e3b6ef02
nonsymptom_same_word,10,3,372,1,0.50262327571209,20260634,78dac7830ce31413c6be0b0b40c32f8bbcd3aba7dda6fe79316cb1205a804cee,38ed0ceac81dcb436a4ff4cffcbd9934e440720381164c3a81324249e3b6ef02
nonsymptom_same_word,10,3,375,0,0.46274154720919713,20260634,78dac7830ce31413c6be0b0b40c32f8bbcd3aba7dda6fe79316cb1205a804cee,38ed0ceac81dcb436a4ff4cffcbd9934e440720381164c3a81324249e3b6ef02
nonsymptom_same_word,10,3,379,0,0.4619031761418176,20260634,78dac7830ce31413c6be0b0b40c32f8bbcd3aba7dda6fe79316cb1205a804cee,38ed0ceac81dcb436a4ff4cffcbd9934e440720381164c3a81324249e3b6ef02
nonsymptom_same_word,10,3,382,0,0.4465147177271342,20260634,78dac7830ce31413c6be0b0b40c32f8bbcd3aba7dda6fe79316cb1205a804cee,38ed0ceac81dcb436a4ff4cffcbd9934e440720381164c3a81324249e3b6ef02
nonsymptom_same_word,10,3,383,0,0.44389715320399203,20260634,78dac7830ce31413c6be0b0b40c32f8bbcd3aba7dda6fe79316cb1205a804cee,38ed0ceac81dcb436a4ff4cffcbd9934e440720381164c3a81324249e3b6ef02
nonsymptom_same_word,10,3,390,0,0.5059538313811125,20260634,78dac7830ce31413c6be0b0b40c32f8bbcd3aba7dda6fe79316cb1205a804cee,38ed0ceac81dcb436a4ff4cffcbd9934e440720381164c3a81324249e3b6ef02
nonsymptom_same_word,10,3,391,0,0.4343820155604354,20260634,78dac7830ce31413c6be0b0b40c32f8bbcd3aba7dda6fe79316cb1205a804cee,38ed0ceac81dcb436a4ff4cffcbd9934e440720381164c3a81324249e3b6ef02
nonsymptom_same_word,10,3,392,0,0.43479104485572406,20260634,78dac7830ce31413c6be0b0b40c32f8bbcd3aba7dda6fe79316cb1205a804cee,38ed0ceac81dcb436a4ff4cffcbd9934e440720381164c3a81324249e3b6ef02
nonsymptom_same_word,10,3,409,1,0.47541576072224717,20260634,78dac7830ce31413c6be0b0b40c32f8bbcd3aba7dda6fe79316cb1205a804cee,38ed0ceac81dcb436a4ff4cffcbd9934e440720381164c3a81324249e3b6ef02
nonsymptom_same_word,10,3,422,1,0.49712498639861297,20260634,78dac7830ce31413c6be0b0b40c32f8bbcd3aba7dda6fe79316cb1205a804cee,38ed0ceac81dcb436a4ff4cffcbd9934e440720381164c3a81324249e3b6ef02
nonsymptom_same_word,10,3,433,1,0.4720298978737097,20260634,78dac7830ce31413c6be0b0b40c32f8bbcd3aba7dda6fe79316cb1205a804cee,38ed0ceac81dcb436a4ff4cffcbd9934e440720381164c3a81324249e3b6ef02
nonsymptom_same_word,10,3,437,0,0.46918362229435245,20260634,78dac7830ce31413c6be0b0b40c32f8bbcd3aba7dda6fe79316cb1205a804cee,38ed0ceac81dcb436a4ff4cffcbd9934e440720381164c3a81324249e3b6ef02
nonsymptom_same_word,10,3,447,0,0.5301924396741204,20260634,78dac7830ce31413c6be0b0b40c32f8bbcd3aba7dda6fe79316cb1205a804cee,38ed0ceac81dcb436a4ff4cffcbd9934e440720381164c3a81324249e3b6ef02
nonsymptom_same_word,10,3,449,0,0.48679709225209045,20260634,78dac7830ce31413c6be0b0b40c32f8bbcd3aba7dda6fe79316cb1205a804cee,38ed0ceac81dcb436a4ff4cffcbd9934e440720381164c3a81324249e3b6ef02
nonsymptom_same_word,10,3,451,0,0.5392960915477824,20260634,78dac7830ce31413c6be0b0b40c32f8bbcd3aba7dda6fe79316cb1205a804cee,38ed0ceac81dcb436a4ff4cffcbd9934e440720381164c3a81324249e3b6ef02
nonsymptom_same_word,10,3,454,0,0.4354171884913477,20260634,78dac7830ce31413c6be0b0b40c32f8bbcd3aba7dda6fe79316cb1205a804cee,38ed0ceac81dcb436a4ff4cffcbd9934e440720381164c3a81324249e3b6ef02
nonsymptom_same_word,10,3,463,0,0.44655092796751267,20260634,78dac7830ce31413c6be0b0b40c32f8bbcd3aba7dda6fe79316cb1205a804cee,38ed0ceac81dcb436a4ff4cffcbd9934e440720381164c3a81324249e3b6ef02
nonsymptom_same_word,10,3,483,1,0.502786104493816,20260634,78dac7830ce31413c6be0b0b40c32f8bbcd3aba7dda6fe79316cb1205a804cee,38ed0ceac81dcb436a4ff4cffcbd9934e440720381164c3a81324249e3b6ef02
nonsymptom_same_word,10,3,489,0,0.4332985252648374,20260634,78dac7830ce31413c6be0b0b40c32f8bbcd3aba7dda6fe79316cb1205a804cee,38ed0ceac81dcb436a4ff4cffcbd9934e440720381164c3a81324249e3b6ef02
nonsymptom_same_word,10,3,492,0,0.423150795793522,20260634,78dac7830ce31413c6be0b0b40c32f8bbcd3aba7dda6fe79316cb1205a804cee,38ed0ceac81dcb436a4ff4cffcbd9934e440720381164c3a81324249e3b6ef02
nonsymptom_same_word,10,4,307,0,0.4620915547220768,20260634,10a1b18538884f4ea5b03d490c3d067963782a5e7e32b8e1247de13da1a3e983,6ad30abde5826428941cc0b21b0733527d59eea3775390fb8a032771e30b8653
nonsymptom_same_word,10,4,313,0,0.41880361046635617,20260634,10a1b18538884f4ea5b03d490c3d067963782a5e7e32b8e1247de13da1a3e983,6ad30abde5826428941cc0b21b0733527d59eea3775390fb8a032771e30b8653
nonsymptom_same_word,10,4,316,0,0.4908422149369899,20260634,10a1b18538884f4ea5b03d490c3d067963782a5e7e32b8e1247de13da1a3e983,6ad30abde5826428941cc0b21b0733527d59eea3775390fb8a032771e30b8653
nonsymptom_same_word,10,4,322,0,0.48795952919052427,20260634,10a1b18538884f4ea5b03d490c3d067963782a5e7e32b8e1247de13da1a3e983,6ad30abde5826428941cc0b21b0733527d59eea3775390fb8a032771e30b8653
nonsymptom_same_word,10,4,328,0,0.4815776540404489,20260634,10a1b18538884f4ea5b03d490c3d067963782a5e7e32b8e1247de13da1a3e983,6ad30abde5826428941cc0b21b0733527d59eea3775390fb8a032771e30b8653
nonsymptom_same_word,10,4,330,1,0.43721331727331336,20260634,10a1b18538884f4ea5b03d490c3d067963782a5e7e32b8e1247de13da1a3e983,6ad30abde5826428941cc0b21b0733527d59eea3775390fb8a032771e30b8653
nonsymptom_same_word,10,4,336,0,0.45698525046734484,20260634,10a1b18538884f4ea5b03d490c3d067963782a5e7e32b8e1247de13da1a3e983,6ad30abde5826428941cc0b21b0733527d59eea3775390fb8a032771e30b8653
nonsymptom_same_word,10,4,340,0,0.419550970459925,20260634,10a1b18538884f4ea5b03d490c3d067963782a5e7e32b8e1247de13da1a3e983,6ad30abde5826428941cc0b21b0733527d59eea3775390fb8a032771e30b8653
nonsymptom_same_word,10,4,341,0,0.4999705073071389,20260634,10a1b18538884f4ea5b03d490c3d067963782a5e7e32b8e1247de13da1a3e983,6ad30abde5826428941cc0b21b0733527d59eea3775390fb8a032771e30b8653
nonsymptom_same_word,10,4,345,1,0.5701870996810287,20260634,10a1b18538884f4ea5b03d490c3d067963782a5e7e32b8e1247de13da1a3e983,6ad30abde5826428941cc0b21b0733527d59eea3775390fb8a032771e30b8653
nonsymptom_same_word,10,4,357,0,0.41251921027304245,20260634,10a1b18538884f4ea5b03d490c3d067963782a5e7e32b8e1247de13da1a3e983,6ad30abde5826428941cc0b21b0733527d59eea3775390fb8a032771e30b8653
nonsymptom_same_word,10,4,367,1,0.5426136423551529,20260634,10a1b18538884f4ea5b03d490c3d067963782a5e7e32b8e1247de13da1a3e983,6ad30abde5826428941cc0b21b0733527d59eea3775390fb8a032771e30b8653
nonsymptom_same_word,10,4,368,0,0.5006456169831097,20260634,10a1b18538884f4ea5b03d490c3d067963782a5e7e32b8e1247de13da1a3e983,6ad30abde5826428941cc0b21b0733527d59eea3775390fb8a032771e30b8653
nonsymptom_same_word,10,4,369,0,0.4741529349959399,20260634,10a1b18538884f4ea5b03d490c3d067963782a5e7e32b8e1247de13da1a3e983,6ad30abde5826428941cc0b21b0733527d59eea3775390fb8a032771e30b8653
nonsymptom_same_word,10,4,380,1,0.5012255360065839,20260634,10a1b18538884f4ea5b03d490c3d067963782a5e7e32b8e1247de13da1a3e983,6ad30abde5826428941cc0b21b0733527d59eea3775390fb8a032771e30b8653
nonsymptom_same_word,10,4,389,1,0.46056935269919774,20260634,10a1b18538884f4ea5b03d490c3d067963782a5e7e32b8e1247de13da1a3e983,6ad30abde5826428941cc0b21b0733527d59eea3775390fb8a032771e30b8653
nonsymptom_same_word,10,4,403,0,0.46152095500556173,20260634,10a1b18538884f4ea5b03d490c3d067963782a5e7e32b8e1247de13da1a3e983,6ad30abde5826428941cc0b21b0733527d59eea3775390fb8a032771e30b8653
nonsymptom_same_word,10,4,404,0,0.47440286185285674,20260634,10a1b18538884f4ea5b03d490c3d067963782a5e7e32b8e1247de13da1a3e983,6ad30abde5826428941cc0b21b0733527d59eea3775390fb8a032771e30b8653
nonsymptom_same_word,10,4,412,1,0.4268331579824065,20260634,10a1b18538884f4ea5b03d490c3d067963782a5e7e32b8e1247de13da1a3e983,6ad30abde5826428941cc0b21b0733527d59eea3775390fb8a032771e30b8653
nonsymptom_same_word,10,4,416,0,0.4994498442475665,20260634,10a1b18538884f4ea5b03d490c3d067963782a5e7e32b8e1247de13da1a3e983,6ad30abde5826428941cc0b21b0733527d59eea3775390fb8a032771e30b8653
nonsymptom_same_word,10,4,425,0,0.48126104710853224,20260634,10a1b18538884f4ea5b03d490c3d067963782a5e7e32b8e1247de13da1a3e983,6ad30abde5826428941cc0b21b0733527d59eea3775390fb8a032771e30b8653
nonsymptom_same_word,10,4,427,0,0.42093503168861923,20260634,10a1b18538884f4ea5b03d490c3d067963782a5e7e32b8e1247de13da1a3e983,6ad30abde5826428941cc0b21b0733527d59eea3775390fb8a032771e30b8653
nonsymptom_same_word,10,4,429,0,0.43916096096873136,20260634,10a1b18538884f4ea5b03d490c3d067963782a5e7e32b8e1247de13da1a3e983,6ad30abde5826428941cc0b21b0733527d59eea3775390fb8a032771e30b8653
nonsymptom_same_word,10,4,440,1,0.49750702572861366,20260634,10a1b18538884f4ea5b03d490c3d067963782a5e7e32b8e1247de13da1a3e983,6ad30abde5826428941cc0b21b0733527d59eea3775390fb8a032771e30b8653
nonsymptom_same_word,10,4,457,0,0.4942522395342731,20260634,10a1b18538884f4ea5b03d490c3d067963782a5e7e32b8e1247de13da1a3e983,6ad30abde5826428941cc0b21b0733527d59eea3775390fb8a032771e30b8653
nonsymptom_same_word,10,4,459,1,0.5230050787108597,20260634,10a1b18538884f4ea5b03d490c3d067963782a5e7e32b8e1247de13da1a3e983,6ad30abde5826428941cc0b21b0733527d59eea3775390fb8a032771e30b8653
nonsymptom_same_word,10,4,474,0,0.51211082495221,20260634,10a1b18538884f4ea5b03d490c3d067963782a5e7e32b8e1247de13da1a3e983,6ad30abde5826428941cc0b21b0733527d59eea3775390fb8a032771e30b8653
nonsymptom_same_word,10,4,488,0,0.4632989154682207,20260634,10a1b18538884f4ea5b03d490c3d067963782a5e7e32b8e1247de13da1a3e983,6ad30abde5826428941cc0b21b0733527d59eea3775390fb8a032771e30b8653
nonsymptom_same_word,10,5,325,1,0.5697418819777101,20260634,372c21e2cb1dd480e900f6ddd8c542f6a89898ffcd241d06b14d7183db8aaa3c,e8110922fcacfc4bb78602772809156e2ad4cb2ad28bd806aec4a90f1714b6dc
nonsymptom_same_word,10,5,331,0,0.520421097294696,20260634,372c21e2cb1dd480e900f6ddd8c542f6a89898ffcd241d06b14d7183db8aaa3c,e8110922fcacfc4bb78602772809156e2ad4cb2ad28bd806aec4a90f1714b6dc
nonsymptom_same_word,10,5,335,1,0.4845731674222511,20260634,372c21e2cb1dd480e900f6ddd8c542f6a89898ffcd241d06b14d7183db8aaa3c,e8110922fcacfc4bb78602772809156e2ad4cb2ad28bd806aec4a90f1714b6dc
nonsymptom_same_word,10,5,338,1,0.48193563217828367,20260634,372c21e2cb1dd480e900f6ddd8c542f6a89898ffcd241d06b14d7183db8aaa3c,e8110922fcacfc4bb78602772809156e2ad4cb2ad28bd806aec4a90f1714b6dc
nonsymptom_same_word,10,5,343,0,0.46397440652461347,20260634,372c21e2cb1dd480e900f6ddd8c542f6a89898ffcd241d06b14d7183db8aaa3c,e8110922fcacfc4bb78602772809156e2ad4cb2ad28bd806aec4a90f1714b6dc
nonsymptom_same_word,10,5,362,1,0.4631326808893651,20260634,372c21e2cb1dd480e900f6ddd8c542f6a89898ffcd241d06b14d7183db8aaa3c,e8110922fcacfc4bb78602772809156e2ad4cb2ad28bd806aec4a90f1714b6dc
nonsymptom_same_word,10,5,363,0,0.49584341638082247,20260634,372c21e2cb1dd480e900f6ddd8c542f6a89898ffcd241d06b14d7183db8aaa3c,e8110922fcacfc4bb78602772809156e2ad4cb2ad28bd806aec4a90f1714b6dc
nonsymptom_same_word,10,5,364,0,0.4568838031274023,20260634,372c21e2cb1dd480e900f6ddd8c542f6a89898ffcd241d06b14d7183db8aaa3c,e8110922fcacfc4bb78602772809156e2ad4cb2ad28bd806aec4a90f1714b6dc
nonsymptom_same_word,10,5,376,1,0.5280852372246738,20260634,372c21e2cb1dd480e900f6ddd8c542f6a89898ffcd241d06b14d7183db8aaa3c,e8110922fcacfc4bb78602772809156e2ad4cb2ad28bd806aec4a90f1714b6dc
nonsymptom_same_word,10,5,381,1,0.5294375763620498,20260634,372c21e2cb1dd480e900f6ddd8c542f6a89898ffcd241d06b14d7183db8aaa3c,e8110922fcacfc4bb78602772809156e2ad4cb2ad28bd806aec4a90f1714b6dc
nonsymptom_same_word,10,5,401,0,0.4768607646324942,20260634,372c21e2cb1dd480e900f6ddd8c542f6a89898ffcd241d06b14d7183db8aaa3c,e8110922fcacfc4bb78602772809156e2ad4cb2ad28bd806aec4a90f1714b6dc
nonsymptom_same_word,10,5,413,1,0.5178642909010243,20260634,372c21e2cb1dd480e900f6ddd8c542f6a89898ffcd241d06b14d7183db8aaa3c,e8110922fcacfc4bb78602772809156e2ad4cb2ad28bd806aec4a90f1714b6dc
nonsymptom_same_word,10,5,417,0,0.485365706949603,20260634,372c21e2cb1dd480e900f6ddd8c542f6a89898ffcd241d06b14d7183db8aaa3c,e8110922fcacfc4bb78602772809156e2ad4cb2ad28bd806aec4a90f1714b6dc
nonsymptom_same_word,10,5,418,1,0.5314092688636984,20260634,372c21e2cb1dd480e900f6ddd8c542f6a89898ffcd241d06b14d7183db8aaa3c,e8110922fcacfc4bb78602772809156e2ad4cb2ad28bd806aec4a90f1714b6dc
nonsymptom_same_word,10,5,420,0,0.445395669972064,20260634,372c21e2cb1dd480e900f6ddd8c542f6a89898ffcd241d06b14d7183db8aaa3c,e8110922fcacfc4bb78602772809156e2ad4cb2ad28bd806aec4a90f1714b6dc
nonsymptom_same_word,10,5,426,1,0.48093460709422814,20260634,372c21e2cb1dd480e900f6ddd8c542f6a89898ffcd241d06b14d7183db8aaa3c,e8110922fcacfc4bb78602772809156e2ad4cb2ad28bd806aec4a90f1714b6dc
nonsymptom_same_word,10,5,428,0,0.48838987007202844,20260634,372c21e2cb1dd480e900f6ddd8c542f6a89898ffcd241d06b14d7183db8aaa3c,e8110922fcacfc4bb78602772809156e2ad4cb2ad28bd806aec4a90f1714b6dc
nonsymptom_same_word,10,5,439,0,0.4374642508872535,20260634,372c21e2cb1dd480e900f6ddd8c542f6a89898ffcd241d06b14d7183db8aaa3c,e8110922fcacfc4bb78602772809156e2ad4cb2ad28bd806aec4a90f1714b6dc
nonsymptom_same_word,10,5,443,0,0.4109426931716163,20260634,372c21e2cb1dd480e900f6ddd8c542f6a89898ffcd241d06b14d7183db8aaa3c,e8110922fcacfc4bb78602772809156e2ad4cb2ad28bd806aec4a90f1714b6dc
nonsymptom_same_word,10,5,444,0,0.538316380855436,20260634,372c21e2cb1dd480e900f6ddd8c542f6a89898ffcd241d06b14d7183db8aaa3c,e8110922fcacfc4bb78602772809156e2ad4cb2ad28bd806aec4a90f1714b6dc
nonsymptom_same_word,10,5,446,0,0.47473387734425104,20260634,372c21e2cb1dd480e900f6ddd8c542f6a89898ffcd241d06b14d7183db8aaa3c,e8110922fcacfc4bb78602772809156e2ad4cb2ad28bd806aec4a90f1714b6dc
nonsymptom_same_word,10,5,456,0,0.5120160372215824,20260634,372c21e2cb1dd480e900f6ddd8c542f6a89898ffcd241d06b14d7183db8aaa3c,e8110922fcacfc4bb78602772809156e2ad4cb2ad28bd806aec4a90f1714b6dc
nonsymptom_same_word,10,5,475,0,0.4769735655657344,20260634,372c21e2cb1dd480e900f6ddd8c542f6a89898ffcd241d06b14d7183db8aaa3c,e8110922fcacfc4bb78602772809156e2ad4cb2ad28bd806aec4a90f1714b6dc
nonsymptom_same_word,10,5,476,0,0.4429352668938158,20260634,372c21e2cb1dd480e900f6ddd8c542f6a89898ffcd241d06b14d7183db8aaa3c,e8110922fcacfc4bb78602772809156e2ad4cb2ad28bd806aec4a90f1714b6dc
nonsymptom_same_word,10,5,477,0,0.5135650301572134,20260634,372c21e2cb1dd480e900f6ddd8c542f6a89898ffcd241d06b14d7183db8aaa3c,e8110922fcacfc4bb78602772809156e2ad4cb2ad28bd806aec4a90f1714b6dc
nonsymptom_same_word,10,5,484,0,0.494552025187573,20260634,372c21e2cb1dd480e900f6ddd8c542f6a89898ffcd241d06b14d7183db8aaa3c,e8110922fcacfc4bb78602772809156e2ad4cb2ad28bd806aec4a90f1714b6dc
nonsymptom_same_word,10,5,490,0,0.43237330129017326,20260634,372c21e2cb1dd480e900f6ddd8c542f6a89898ffcd241d06b14d7183db8aaa3c,e8110922fcacfc4bb78602772809156e2ad4cb2ad28bd806aec4a90f1714b6dc
nonsymptom_same_word,10,5,491,0,0.4606680316808613,20260634,372c21e2cb1dd480e900f6ddd8c542f6a89898ffcd241d06b14d7183db8aaa3c,e8110922fcacfc4bb78602772809156e2ad4cb2ad28bd806aec4a90f1714b6dc
