condition,repeat,fold,participant_id,label,raw_probability,model_seed,train_ids_sha256,test_ids_sha256
template_only,1,1,319,1,0.7345904121150818,20260625,e730d1138a995a210216a7f9c12d1405ed6f24fdbade2e3907cb6cabae0e04c1,9bd60b452a99fd3fe74334703b28b6103849534c5da6eecb548faa5f0fcbe342
template_only,1,1,331,0,0.6608153369196508,20260625,e730d1138a995a210216a7f9c12d1405ed6f24fdbade2e3907cb6cabae0e04c1,9bd60b452a99fd3fe74334703b28b6103849534c5da6eecb548faa5f0fcbe342
template_only,1,1,345,1,0.6233107585156418,20260625,e730d1138a995a210216a7f9c12d1405ed6f24fdbade2e3907cb6cabae0e04c1,9bd60b452a99fd3fe74334703b28b6103849534c5da6eecb548faa5f0fcbe342
template_only,1,1,346,1,0.6235103300607406,20260625,e730d1138a995a210216a7f9c12d1405ed6f24fdbade2e3907cb6cabae0e04c1,9bd60b452a99fd3fe74334703b28b6103849534c5da6eecb548faa5f0fcbe342
template_only,1,1,357,0,0.4988471267149119,20260625,e730d1138a995a210216a7f9c12d1405ed6f24fdbade2e3907cb6cabae0e04c1,9bd60b452a99fd3fe74334703b28b6103849534c5da6eecb548faa5f0fcbe342
template_only,1,1,358,0,0.795212131224648,20260625,e730d1138a995a210216a7f9c12d1405ed6f24fdbade2e3907cb6cabae0e04c1,9bd60b452a99fd3fe74334703b28b6103849534c5da6eecb548faa5f0fcbe342
template_only,1,1,362,1,0.7410616034160064,20260625,e730d1138a995a210216a7f9c12d1405ed6f24fdbade2e3907cb6cabae0e04c1,9bd60b452a99fd3fe74334703b28b6103849534c5da6eecb548faa5f0fcbe342
template_only,1,1,363,0,0.3560414471364158,20260625,e730d1138a995a210216a7f9c12d1405ed6f24fdbade2e3907cb6cabae0e04c1,9bd60b452a99fd3fe74334703b28b6103849534c5da6eecb548faa5f0fcbe342
template_only,1,1,364,0,0.5549623151862048,20260625,e730d1138a995a210216a7f9c12d1405ed6f24fdbade2e3907cb6cabae0e04c1,9bd60b452a99fd3fe74334703b28b6103849534c5da6eecb548faa5f0fcbe342
template_only,1,1,369,0,0.3280992758244187,20260625,e730d1138a995a210216a7f9c12d1405ed6f24fdbade2e3907cb6cabae0e04c1,9bd60b452a99fd3fe74334703b28b6103849534c5da6eecb548faa5f0fcbe342
template_only,1,1,372,1,0.5725722073018834,20260625,e730d1138a995a210216a7f9c12d1405ed6f24fdbade2e3907cb6cabae0e04c1,9bd60b452a99fd3fe74334703b28b6103849534c5da6eecb548faa5f0fcbe342
template_only,1,1,391,0,0.33059339529482135,20260625,e730d1138a995a210216a7f9c12d1405ed6f24fdbade2e3907cb6cabae0e04c1,9bd60b452a99fd3fe74334703b28b6103849534c5da6eecb548faa5f0fcbe342
template_only,1,1,400,0,0.4894808223695924,20260625,e730d1138a995a210216a7f9c12d1405ed6f24fdbade2e3907cb6cabae0e04c1,9bd60b452a99fd3fe74334703b28b6103849534c5da6eecb548faa5f0fcbe342
template_only,1,1,402,1,0.6212653881051625,20260625,e730d1138a995a210216a7f9c12d1405ed6f24fdbade2e3907cb6cabae0e04c1,9bd60b452a99fd3fe74334703b28b6103849534c5da6eecb548faa5f0fcbe342
template_only,1,1,403,0,0.32661158636871473,20260625,e730d1138a995a210216a7f9c12d1405ed6f24fdbade2e3907cb6cabae0e04c1,9bd60b452a99fd3fe74334703b28b6103849534c5da6eecb548faa5f0fcbe342
template_only,1,1,404,0,0.32342006527821077,20260625,e730d1138a995a210216a7f9c12d1405ed6f24fdbade2e3907cb6cabae0e04c1,9bd60b452a99fd3fe74334703b28b6103849534c5da6eecb548faa5f0fcbe342
template_only,1,1,413,1,0.5221959237312696,20260625,e730d1138a995a210216a7f9c12d1405ed6f24fdbade2e3907cb6cabae0e04c1,9bd60b452a99fd3fe74334703b28b6103849534c5da6eecb548faa5f0fcbe342
template_only,1,1,416,0,0.32342006527821077,20260625,e730d1138a995a210216a7f9c12d1405ed6f24fdbade2e3907cb6cabae0e04c1,9bd60b452a99fd3fe74334703b28b6103849534c5da6eecb548faa5f0fcbe342
template_only,1,1,420,0,0.32342006527821077,20260625,e730d1138a995a210216a7f9c12d1405ed6f24fdbade2e3907cb6cabae0e04c1,9bd60b452a99fd3fe74334703b28b6103849534c5da6eecb548faa5f0fcbe342
template_only,1,1,423,0,0.6181169218486121,20260625,e730d1138a995a210216a7f9c12d1405ed6f24fdbade2e3907cb6cabae0e04c1,9bd60b452a99fd3fe74334703b28b6103849534c5da6eecb548faa5f0fcbe342
template_only,1,1,426,1,0.6327966050591418,20260625,e730d1138a995a210216a7f9c12d1405ed6f24fdbade2e3907cb6cabae0e04c1,9bd60b452a99fd3fe74334703b28b6103849534c5da6eecb548faa5f0fcbe342
template_only,1,1,433,1,0.32342006527821077,20260625,e730d1138a995a210216a7f9c12d1405ed6f24fdbade2e3907cb6cabae0e04c1,9bd60b452a99fd3fe74334703b28b6103849534c5da6eecb548faa5f0fcbe342
template_only,1,1,451,0,0.4750047737943688,20260625,e730d1138a995a210216a7f9c12d1405ed6f24fdbade2e3907cb6cabae0e04c1,9bd60b452a99fd3fe74334703b28b6103849534c5da6eecb548faa5f0fcbe342
template_only,1,1,454,0,0.205058319733107,20260625,e730d1138a995a210216a7f9c12d1405ed6f24fdbade2e3907cb6cabae0e04c1,9bd60b452a99fd3fe74334703b28b6103849534c5da6eecb548faa5f0fcbe342
template_only,1,1,473,0,0.205058319733107,20260625,e730d1138a995a210216a7f9c12d1405ed6f24fdbade2e3907cb6cabae0e04c1,9bd60b452a99fd3fe74334703b28b6103849534c5da6eecb548faa5f0fcbe342
template_only,1,1,476,0,0.32342006527821077,20260625,e730d1138a995a210216a7f9c12d1405ed6f24fdbade2e3907cb6cabae0e04c1,9bd60b452a99fd3fe74334703b28b6103849534c5da6eecb548faa5f0fcbe342
template_only,1,1,484,0,0.7369331131419575,20260625,e730d1138a995a210216a7f9c12d1405ed6f24fdbade2e3907cb6cabae0e04c1,9bd60b452a99fd3fe74334703b28b6103849534c5da6eecb548faa5f0fcbe342
template_only,1,1,487,0,0.32661158636871473,20260625,e730d1138a995a210216a7f9c12d1405ed6f24fdbade2e3907cb6cabae0e04c1,9bd60b452a99fd3fe74334703b28b6103849534c5da6eecb548faa5f0fcbe342
template_only,1,1,490,0,0.32342006527821077,20260625,e730d1138a995a210216a7f9c12d1405ed6f24fdbade2e3907cb6cabae0e04c1,9bd60b452a99fd3fe74334703b28b6103849534c5da6eecb548faa5f0fcbe342
template_only,1,2,303,0,0.4199812787072445,20260625,915c6e8ad24faf499277f1d94c24da85f7a75dcc1bc619fcc79e03708fae1185,bedf43dd0f7573adea1654fa2c4d66a65f9e7f2031012d1ce4c250f8278ff66a
template_only,1,2,304,0,0.39311882385089864,20260625,915c6e8ad24faf499277f1d94c24da85f7a75dcc1bc619fcc79e03708fae1185,bedf43dd0f7573adea1654fa2c4d66a65f9e7f2031012d1ce4c250f8278ff66a
template_only,1,2,310,0,0.318989092762133,20260625,915c6e8ad24faf499277f1d94c24da85f7a75dcc1bc619fcc79e03708fae1185,bedf43dd0f7573adea1654fa2c4d66a65f9e7f2031012d1ce4c250f8278ff66a
template_only,1,2,312,0,0.34830724185004897,20260625,915c6e8ad24faf499277f1d94c24da85f7a75dcc1bc619fcc79e03708fae1185,bedf43dd0f7573adea1654fa2c4d66a65f9e7f2031012d1ce4c250f8278ff66a
template_only,1,2,316,0,0.7507460300523384,20260625,915c6e8ad24faf499277f1d94c24da85f7a75dcc1bc619fcc79e03708fae1185,bedf43dd0f7573adea1654fa2c4d66a65f9e7f2031012d1ce4c250f8278ff66a
template_only,1,2,324,0,0.671945609131908,20260625,915c6e8ad24faf499277f1d94c24da85f7a75dcc1bc619fcc79e03708fae1185,bedf43dd0f7573adea1654fa2c4d66a65f9e7f2031012d1ce4c250f8278ff66a
template_only,1,2,328,0,0.34954810085226007,20260625,915c6e8ad24faf499277f1d94c24da85f7a75dcc1bc619fcc79e03708fae1185,bedf43dd0f7573adea1654fa2c4d66a65f9e7f2031012d1ce4c250f8278ff66a
template_only,1,2,339,1,0.7001268565494299,20260625,915c6e8ad24faf499277f1d94c24da85f7a75dcc1bc619fcc79e03708fae1185,bedf43dd0f7573adea1654fa2c4d66a65f9e7f2031012d1ce4c250f8278ff66a
template_only,1,2,353,1,0.5439960366318641,20260625,915c6e8ad24faf499277f1d94c24da85f7a75dcc1bc619fcc79e03708fae1185,bedf43dd0f7573adea1654fa2c4d66a65f9e7f2031012d1ce4c250f8278ff66a
template_only,1,2,355,1,0.6396397623103345,20260625,915c6e8ad24faf499277f1d94c24da85f7a75dcc1bc619fcc79e03708fae1185,bedf43dd0f7573adea1654fa2c4d66a65f9e7f2031012d1ce4c250f8278ff66a
template_only,1,2,366,0,0.2682732492834997,20260625,915c6e8ad24faf499277f1d94c24da85f7a75dcc1bc619fcc79e03708fae1185,bedf43dd0f7573adea1654fa2c4d66a65f9e7f2031012d1ce4c250f8278ff66a
template_only,1,2,375,0,0.2390780358143352,20260625,915c6e8ad24faf499277f1d94c24da85f7a75dcc1bc619fcc79e03708fae1185,bedf43dd0f7573adea1654fa2c4d66a65f9e7f2031012d1ce4c250f8278ff66a
template_only,1,2,376,1,0.5487786547954655,20260625,915c6e8ad24faf499277f1d94c24da85f7a75dcc1bc619fcc79e03708fae1185,bedf43dd0f7573adea1654fa2c4d66a65f9e7f2031012d1ce4c250f8278ff66a
template_only,1,2,379,0,0.2698725986317939,20260625,915c6e8ad24faf499277f1d94c24da85f7a75dcc1bc619fcc79e03708fae1185,bedf43dd0f7573adea1654fa2c4d66a65f9e7f2031012d1ce4c250f8278ff66a
template_only,1,2,381,1,0.4621922331942195,20260625,915c6e8ad24faf499277f1d94c24da85f7a75dcc1bc619fcc79e03708fae1185,bedf43dd0f7573adea1654fa2c4d66a65f9e7f2031012d1ce4c250f8278ff66a
template_only,1,2,382,0,0.2935883226052586,20260625,915c6e8ad24faf499277f1d94c24da85f7a75dcc1bc619fcc79e03708fae1185,bedf43dd0f7573adea1654fa2c4d66a65f9e7f2031012d1ce4c250f8278ff66a
template_only,1,2,386,1,0.2935883226052586,20260625,915c6e8ad24faf499277f1d94c24da85f7a75dcc1bc619fcc79e03708fae1185,bedf43dd0f7573adea1654fa2c4d66a65f9e7f2031012d1ce4c250f8278ff66a
template_only,1,2,390,0,0.7470849163661502,20260625,915c6e8ad24faf499277f1d94c24da85f7a75dcc1bc619fcc79e03708fae1185,bedf43dd0f7573adea1654fa2c4d66a65f9e7f2031012d1ce4c250f8278ff66a
template_only,1,2,392,0,0.22858886795105493,20260625,915c6e8ad24faf499277f1d94c24da85f7a75dcc1bc619fcc79e03708fae1185,bedf43dd0f7573adea1654fa2c4d66a65f9e7f2031012d1ce4c250f8278ff66a
template_only,1,2,401,0,0.2935883226052586,20260625,915c6e8ad24faf499277f1d94c24da85f7a75dcc1bc619fcc79e03708fae1185,bedf43dd0f7573adea1654fa2c4d66a65f9e7f2031012d1ce4c250f8278ff66a
template_only,1,2,412,1,0.2935883226052586,20260625,915c6e8ad24faf499277f1d94c24da85f7a75dcc1bc619fcc79e03708fae1185,bedf43dd0f7573adea1654fa2c4d66a65f9e7f2031012d1ce4c250f8278ff66a
template_only,1,2,422,1,0.2846539581317549,20260625,915c6e8ad24faf499277f1d94c24da85f7a75dcc1bc619fcc79e03708fae1185,bedf43dd0f7573adea1654fa2c4d66a65f9e7f2031012d1ce4c250f8278ff66a
template_only,1,2,427,0,0.2935883226052586,20260625,915c6e8ad24faf499277f1d94c24da85f7a75dcc1bc619fcc79e03708fae1185,bedf43dd0f7573adea1654fa2c4d66a65f9e7f2031012d1ce4c250f8278ff66a
template_only,1,2,440,1,0.675978216051914,20260625,915c6e8ad24faf499277f1d94c24da85f7a75dcc1bc619fcc79e03708fae1185,bedf43dd0f7573adea1654fa2c4d66a65f9e7f2031012d1ce4c250f8278ff66a
template_only,1,2,443,0,0.22858886795105493,20260625,915c6e8ad24faf499277f1d94c24da85f7a75dcc1bc619fcc79e03708fae1185,bedf43dd0f7573adea1654fa2c4d66a65f9e7f2031012d1ce4c250f8278ff66a
template_only,1,2,457,0,0.22858886795105493,20260625,915c6e8ad24faf499277f1d94c24da85f7a75dcc1bc619fcc79e03708fae1185,bedf43dd0f7573adea1654fa2c4d66a65f9e7f2031012d1ce4c250f8278ff66a
template_only,1,2,479,0,0.22858886795105493,20260625,915c6e8ad24faf499277f1d94c24da85f7a75dcc1bc619fcc79e03708fae1185,bedf43dd0f7573adea1654fa2c4d66a65f9e7f2031012d1ce4c250f8278ff66a
template_only,1,2,482,0,0.29863146774470817,20260625,915c6e8ad24faf499277f1d94c24da85f7a75dcc1bc619fcc79e03708fae1185,bedf43dd0f7573adea1654fa2c4d66a65f9e7f2031012d1ce4c250f8278ff66a
template_only,1,2,486,0,0.2935883226052586,20260625,915c6e8ad24faf499277f1d94c24da85f7a75dcc1bc619fcc79e03708fae1185,bedf43dd0f7573adea1654fa2c4d66a65f9e7f2031012d1ce4c250f8278ff66a
template_only,1,3,305,0,0.7128076004174166,20260625,40b11b1f2b69a58a40ae07cd201d72fd8e439c6f413eaec59ff4ebf9bb08182e,8c20b147f3f5fff0bbf7e8418b6b76ddaeff21201831dda7e2fd9e3606e39d22
template_only,1,3,307,0,0.3898264105787267,20260625,40b11b1f2b69a58a40ae07cd201d72fd8e439c6f413eaec59ff4ebf9bb08182e,8c20b147f3f5fff0bbf7e8418b6b76ddaeff21201831dda7e2fd9e3606e39d22
template_only,1,3,313,0,0.5872430880092526,20260625,40b11b1f2b69a58a40ae07cd201d72fd8e439c6f413eaec59ff4ebf9bb08182e,8c20b147f3f5fff0bbf7e8418b6b76ddaeff21201831dda7e2fd9e3606e39d22
template_only,1,3,315,0,0.3012438815808507,20260625,40b11b1f2b69a58a40ae07cd201d72fd8e439c6f413eaec59ff4ebf9bb08182e,8c20b147f3f5fff0bbf7e8418b6b76ddaeff21201831dda7e2fd9e3606e39d22
template_only,1,3,317,0,0.771392772966164,20260625,40b11b1f2b69a58a40ae07cd201d72fd8e439c6f413eaec59ff4ebf9bb08182e,8c20b147f3f5fff0bbf7e8418b6b76ddaeff21201831dda7e2fd9e3606e39d22
template_only,1,3,320,1,0.7821582344614945,20260625,40b11b1f2b69a58a40ae07cd201d72fd8e439c6f413eaec59ff4ebf9bb08182e,8c20b147f3f5fff0bbf7e8418b6b76ddaeff21201831dda7e2fd9e3606e39d22
template_only,1,3,338,1,0.7849244079923499,20260625,40b11b1f2b69a58a40ae07cd201d72fd8e439c6f413eaec59ff4ebf9bb08182e,8c20b147f3f5fff0bbf7e8418b6b76ddaeff21201831dda7e2fd9e3606e39d22
template_only,1,3,344,1,0.7443295031463449,20260625,40b11b1f2b69a58a40ae07cd201d72fd8e439c6f413eaec59ff4ebf9bb08182e,8c20b147f3f5fff0bbf7e8418b6b76ddaeff21201831dda7e2fd9e3606e39d22
template_only,1,3,352,1,0.4141947558886509,20260625,40b11b1f2b69a58a40ae07cd201d72fd8e439c6f413eaec59ff4ebf9bb08182e,8c20b147f3f5fff0bbf7e8418b6b76ddaeff21201831dda7e2fd9e3606e39d22
template_only,1,3,356,1,0.8419674180987424,20260625,40b11b1f2b69a58a40ae07cd201d72fd8e439c6f413eaec59ff4ebf9bb08182e,8c20b147f3f5fff0bbf7e8418b6b76ddaeff21201831dda7e2fd9e3606e39d22
template_only,1,3,367,1,0.754759890322568,20260625,40b11b1f2b69a58a40ae07cd201d72fd8e439c6f413eaec59ff4ebf9bb08182e,8c20b147f3f5fff0bbf7e8418b6b76ddaeff21201831dda7e2fd9e3606e39d22
template_only,1,3,371,0,0.27236607666856893,20260625,40b11b1f2b69a58a40ae07cd201d72fd8e439c6f413eaec59ff4ebf9bb08182e,8c20b147f3f5fff0bbf7e8418b6b76ddaeff21201831dda7e2fd9e3606e39d22
template_only,1,3,380,1,0.3193997238295879,20260625,40b11b1f2b69a58a40ae07cd201d72fd8e439c6f413eaec59ff4ebf9bb08182e,8c20b147f3f5fff0bbf7e8418b6b76ddaeff21201831dda7e2fd9e3606e39d22
template_only,1,3,383,0,0.31741815054463124,20260625,40b11b1f2b69a58a40ae07cd201d72fd8e439c6f413eaec59ff4ebf9bb08182e,8c20b147f3f5fff0bbf7e8418b6b76ddaeff21201831dda7e2fd9e3606e39d22
template_only,1,3,393,0,0.3193997238295879,20260625,40b11b1f2b69a58a40ae07cd201d72fd8e439c6f413eaec59ff4ebf9bb08182e,8c20b147f3f5fff0bbf7e8418b6b76ddaeff21201831dda7e2fd9e3606e39d22
template_only,1,3,395,0,0.32373948439311223,20260625,40b11b1f2b69a58a40ae07cd201d72fd8e439c6f413eaec59ff4ebf9bb08182e,8c20b147f3f5fff0bbf7e8418b6b76ddaeff21201831dda7e2fd9e3606e39d22
template_only,1,3,397,0,0.3193997238295879,20260625,40b11b1f2b69a58a40ae07cd201d72fd8e439c6f413eaec59ff4ebf9bb08182e,8c20b147f3f5fff0bbf7e8418b6b76ddaeff21201831dda7e2fd9e3606e39d22
template_only,1,3,425,0,0.7622617901866152,20260625,40b11b1f2b69a58a40ae07cd201d72fd8e439c6f413eaec59ff4ebf9bb08182e,8c20b147f3f5fff0bbf7e8418b6b76ddaeff21201831dda7e2fd9e3606e39d22
template_only,1,3,430,0,0.7709446662278381,20260625,40b11b1f2b69a58a40ae07cd201d72fd8e439c6f413eaec59ff4ebf9bb08182e,8c20b147f3f5fff0bbf7e8418b6b76ddaeff21201831dda7e2fd9e3606e39d22
template_only,1,3,436,0,0.3193997238295879,20260625,40b11b1f2b69a58a40ae07cd201d72fd8e439c6f413eaec59ff4ebf9bb08182e,8c20b147f3f5fff0bbf7e8418b6b76ddaeff21201831dda7e2fd9e3606e39d22
template_only,1,3,439,0,0.31741815054463124,20260625,40b11b1f2b69a58a40ae07cd201d72fd8e439c6f413eaec59ff4ebf9bb08182e,8c20b147f3f5fff0bbf7e8418b6b76ddaeff21201831dda7e2fd9e3606e39d22
template_only,1,3,446,0,0.31741815054463124,20260625,40b11b1f2b69a58a40ae07cd201d72fd8e439c6f413eaec59ff4ebf9bb08182e,8c20b147f3f5fff0bbf7e8418b6b76ddaeff21201831dda7e2fd9e3606e39d22
template_only,1,3,447,0,0.3193997238295879,20260625,40b11b1f2b69a58a40ae07cd201d72fd8e439c6f413eaec59ff4ebf9bb08182e,8c20b147f3f5fff0bbf7e8418b6b76ddaeff21201831dda7e2fd9e3606e39d22
template_only,1,3,459,1,0.7510448905074931,20260625,40b11b1f2b69a58a40ae07cd201d72fd8e439c6f413eaec59ff4ebf9bb08182e,8c20b147f3f5fff0bbf7e8418b6b76ddaeff21201831dda7e2fd9e3606e39d22
template_only,1,3,474,0,0.3193997238295879,20260625,40b11b1f2b69a58a40ae07cd201d72fd8e439c6f413eaec59ff4ebf9bb08182e,8c20b147f3f5fff0bbf7e8418b6b76ddaeff21201831dda7e2fd9e3606e39d22
template_only,1,3,475,0,0.31741815054463124,20260625,40b11b1f2b69a58a40ae07cd201d72fd8e439c6f413eaec59ff4ebf9bb08182e,8c20b147f3f5fff0bbf7e8418b6b76ddaeff21201831dda7e2fd9e3606e39d22
template_only,1,3,489,0,0.3193997238295879,20260625,40b11b1f2b69a58a40ae07cd201d72fd8e439c6f413eaec59ff4ebf9bb08182e,8c20b147f3f5fff0bbf7e8418b6b76ddaeff21201831dda7e2fd9e3606e39d22
template_only,1,3,491,0,0.5931079637406231,20260625,40b11b1f2b69a58a40ae07cd201d72fd8e439c6f413eaec59ff4ebf9bb08182e,8c20b147f3f5fff0bbf7e8418b6b76ddaeff21201831dda7e2fd9e3606e39d22
template_only,1,4,318,0,0.34004337903243237,20260625,661aecd0428a842ecabaa96046e595de0bea3503f47a77e56c1b6faabd8f50ec,20f3f098ee7a0655ecaf9d880b4c2181ce0aecce0329183790c4ba2d065ee744
template_only,1,4,322,0,0.6430164133685156,20260625,661aecd0428a842ecabaa96046e595de0bea3503f47a77e56c1b6faabd8f50ec,20f3f098ee7a0655ecaf9d880b4c2181ce0aecce0329183790c4ba2d065ee744
template_only,1,4,326,0,0.33730862934040223,20260625,661aecd0428a842ecabaa96046e595de0bea3503f47a77e56c1b6faabd8f50ec,20f3f098ee7a0655ecaf9d880b4c2181ce0aecce0329183790c4ba2d065ee744
template_only,1,4,327,0,0.6623168608665067,20260625,661aecd0428a842ecabaa96046e595de0bea3503f47a77e56c1b6faabd8f50ec,20f3f098ee7a0655ecaf9d880b4c2181ce0aecce0329183790c4ba2d065ee744
template_only,1,4,335,1,0.42180412165384834,20260625,661aecd0428a842ecabaa96046e595de0bea3503f47a77e56c1b6faabd8f50ec,20f3f098ee7a0655ecaf9d880b4c2181ce0aecce0329183790c4ba2d065ee744
template_only,1,4,343,0,0.6297105993687372,20260625,661aecd0428a842ecabaa96046e595de0bea3503f47a77e56c1b6faabd8f50ec,20f3f098ee7a0655ecaf9d880b4c2181ce0aecce0329183790c4ba2d065ee744
template_only,1,4,347,1,0.4232975497534936,20260625,661aecd0428a842ecabaa96046e595de0bea3503f47a77e56c1b6faabd8f50ec,20f3f098ee7a0655ecaf9d880b4c2181ce0aecce0329183790c4ba2d065ee744
template_only,1,4,351,1,0.8181403456911022,20260625,661aecd0428a842ecabaa96046e595de0bea3503f47a77e56c1b6faabd8f50ec,20f3f098ee7a0655ecaf9d880b4c2181ce0aecce0329183790c4ba2d065ee744
template_only,1,4,374,0,0.7374856209051875,20260625,661aecd0428a842ecabaa96046e595de0bea3503f47a77e56c1b6faabd8f50ec,20f3f098ee7a0655ecaf9d880b4c2181ce0aecce0329183790c4ba2d065ee744
template_only,1,4,377,1,0.6692280404194003,20260625,661aecd0428a842ecabaa96046e595de0bea3503f47a77e56c1b6faabd8f50ec,20f3f098ee7a0655ecaf9d880b4c2181ce0aecce0329183790c4ba2d065ee744
template_only,1,4,389,1,0.7336241110328917,20260625,661aecd0428a842ecabaa96046e595de0bea3503f47a77e56c1b6faabd8f50ec,20f3f098ee7a0655ecaf9d880b4c2181ce0aecce0329183790c4ba2d065ee744
template_only,1,4,414,1,0.5726288738131629,20260625,661aecd0428a842ecabaa96046e595de0bea3503f47a77e56c1b6faabd8f50ec,20f3f098ee7a0655ecaf9d880b4c2181ce0aecce0329183790c4ba2d065ee744
template_only,1,4,415,0,0.3210711232608968,20260625,661aecd0428a842ecabaa96046e595de0bea3503f47a77e56c1b6faabd8f50ec,20f3f098ee7a0655ecaf9d880b4c2181ce0aecce0329183790c4ba2d065ee744
template_only,1,4,419,0,0.3110154813599991,20260625,661aecd0428a842ecabaa96046e595de0bea3503f47a77e56c1b6faabd8f50ec,20f3f098ee7a0655ecaf9d880b4c2181ce0aecce0329183790c4ba2d065ee744
template_only,1,4,445,0,0.3110154813599991,20260625,661aecd0428a842ecabaa96046e595de0bea3503f47a77e56c1b6faabd8f50ec,20f3f098ee7a0655ecaf9d880b4c2181ce0aecce0329183790c4ba2d065ee744
template_only,1,4,448,1,0.6093427911444029,20260625,661aecd0428a842ecabaa96046e595de0bea3503f47a77e56c1b6faabd8f50ec,20f3f098ee7a0655ecaf9d880b4c2181ce0aecce0329183790c4ba2d065ee744
template_only,1,4,449,0,0.3110154813599991,20260625,661aecd0428a842ecabaa96046e595de0bea3503f47a77e56c1b6faabd8f50ec,20f3f098ee7a0655ecaf9d880b4c2181ce0aecce0329183790c4ba2d065ee744
template_only,1,4,455,0,0.3110154813599991,20260625,661aecd0428a842ecabaa96046e595de0bea3503f47a77e56c1b6faabd8f50ec,20f3f098ee7a0655ecaf9d880b4c2181ce0aecce0329183790c4ba2d065ee744
template_only,1,4,458,0,0.4668325496795418,20260625,661aecd0428a842ecabaa96046e595de0bea3503f47a77e56c1b6faabd8f50ec,20f3f098ee7a0655ecaf9d880b4c2181ce0aecce0329183790c4ba2d065ee744
template_only,1,4,463,0,0.3210711232608968,20260625,661aecd0428a842ecabaa96046e595de0bea3503f47a77e56c1b6faabd8f50ec,20f3f098ee7a0655ecaf9d880b4c2181ce0aecce0329183790c4ba2d065ee744
template_only,1,4,464,0,0.3110154813599991,20260625,661aecd0428a842ecabaa96046e595de0bea3503f47a77e56c1b6faabd8f50ec,20f3f098ee7a0655ecaf9d880b4c2181ce0aecce0329183790c4ba2d065ee744
template_only,1,4,471,0,0.32337326104642683,20260625,661aecd0428a842ecabaa96046e595de0bea3503f47a77e56c1b6faabd8f50ec,20f3f098ee7a0655ecaf9d880b4c2181ce0aecce0329183790c4ba2d065ee744
template_only,1,4,472,0,0.3110154813599991,20260625,661aecd0428a842ecabaa96046e595de0bea3503f47a77e56c1b6faabd8f50ec,20f3f098ee7a0655ecaf9d880b4c2181ce0aecce0329183790c4ba2d065ee744
template_only,1,4,477,0,0.3210711232608968,20260625,661aecd0428a842ecabaa96046e595de0bea3503f47a77e56c1b6faabd8f50ec,20f3f098ee7a0655ecaf9d880b4c2181ce0aecce0329183790c4ba2d065ee744
template_only,1,4,478,0,0.7492460223594642,20260625,661aecd0428a842ecabaa96046e595de0bea3503f47a77e56c1b6faabd8f50ec,20f3f098ee7a0655ecaf9d880b4c2181ce0aecce0329183790c4ba2d065ee744
template_only,1,4,483,1,0.5857092988562582,20260625,661aecd0428a842ecabaa96046e595de0bea3503f47a77e56c1b6faabd8f50ec,20f3f098ee7a0655ecaf9d880b4c2181ce0aecce0329183790c4ba2d065ee744
template_only,1,4,488,0,0.3210711232608968,20260625,661aecd0428a842ecabaa96046e595de0bea3503f47a77e56c1b6faabd8f50ec,20f3f098ee7a0655ecaf9d880b4c2181ce0aecce0329183790c4ba2d065ee744
template_only,1,4,492,0,0.3110154813599991,20260625,661aecd0428a842ecabaa96046e595de0bea3503f47a77e56c1b6faabd8f50ec,20f3f098ee7a0655ecaf9d880b4c2181ce0aecce0329183790c4ba2d065ee744
template_only,1,5,302,0,0.3940028049650718,20260625,a4bf959d120841b8c2c73bac3c5ff2e4eb6b5d77f5e322654a438bec05c2c92e,981d18d88e3ee43ec34f182c66366e389688cd978cfc412aef8239e5872f5573
template_only,1,5,321,1,0.680730755282724,20260625,a4bf959d120841b8c2c73bac3c5ff2e4eb6b5d77f5e322654a438bec05c2c92e,981d18d88e3ee43ec34f182c66366e389688cd978cfc412aef8239e5872f5573
template_only,1,5,325,1,0.5927029872319162,20260625,a4bf959d120841b8c2c73bac3c5ff2e4eb6b5d77f5e322654a438bec05c2c92e,981d18d88e3ee43ec34f182c66366e389688cd978cfc412aef8239e5872f5573
template_only,1,5,330,1,0.5369395199016719,20260625,a4bf959d120841b8c2c73bac3c5ff2e4eb6b5d77f5e322654a438bec05c2c92e,981d18d88e3ee43ec34f182c66366e389688cd978cfc412aef8239e5872f5573
template_only,1,5,333,0,0.3843419339056244,20260625,a4bf959d120841b8c2c73bac3c5ff2e4eb6b5d77f5e322654a438bec05c2c92e,981d18d88e3ee43ec34f182c66366e389688cd978cfc412aef8239e5872f5573
template_only,1,5,336,0,0.4900385592450652,20260625,a4bf959d120841b8c2c73bac3c5ff2e4eb6b5d77f5e322654a438bec05c2c92e,981d18d88e3ee43ec34f182c66366e389688cd978cfc412aef8239e5872f5573
template_only,1,5,340,0,0.34057104479916084,20260625,a4bf959d120841b8c2c73bac3c5ff2e4eb6b5d77f5e322654a438bec05c2c92e,981d18d88e3ee43ec34f182c66366e389688cd978cfc412aef8239e5872f5573
template_only,1,5,341,0,0.36689739017360756,20260625,a4bf959d120841b8c2c73bac3c5ff2e4eb6b5d77f5e322654a438bec05c2c92e,981d18d88e3ee43ec34f182c66366e389688cd978cfc412aef8239e5872f5573
template_only,1,5,348,1,0.6988170975896232,20260625,a4bf959d120841b8c2c73bac3c5ff2e4eb6b5d77f5e322654a438bec05c2c92e,981d18d88e3ee43ec34f182c66366e389688cd978cfc412aef8239e5872f5573
template_only,1,5,350,1,0.7267746626460606,20260625,a4bf959d120841b8c2c73bac3c5ff2e4eb6b5d77f5e322654a438bec05c2c92e,981d18d88e3ee43ec34f182c66366e389688cd978cfc412aef8239e5872f5573
template_only,1,5,360,0,0.4900385592450652,20260625,a4bf959d120841b8c2c73bac3c5ff2e4eb6b5d77f5e322654a438bec05c2c92e,981d18d88e3ee43ec34f182c66366e389688cd978cfc412aef8239e5872f5573
template_only,1,5,368,0,0.31024583917390774,20260625,a4bf959d120841b8c2c73bac3c5ff2e4eb6b5d77f5e322654a438bec05c2c92e,981d18d88e3ee43ec34f182c66366e389688cd978cfc412aef8239e5872f5573
template_only,1,5,370,0,0.31024583917390774,20260625,a4bf959d120841b8c2c73bac3c5ff2e4eb6b5d77f5e322654a438bec05c2c92e,981d18d88e3ee43ec34f182c66366e389688cd978cfc412aef8239e5872f5573
template_only,1,5,385,0,0.33699012822556257,20260625,a4bf959d120841b8c2c73bac3c5ff2e4eb6b5d77f5e322654a438bec05c2c92e,981d18d88e3ee43ec34f182c66366e389688cd978cfc412aef8239e5872f5573
template_only,1,5,388,1,0.3314307480317876,20260625,a4bf959d120841b8c2c73bac3c5ff2e4eb6b5d77f5e322654a438bec05c2c92e,981d18d88e3ee43ec34f182c66366e389688cd978cfc412aef8239e5872f5573
template_only,1,5,406,0,0.31024583917390774,20260625,a4bf959d120841b8c2c73bac3c5ff2e4eb6b5d77f5e322654a438bec05c2c92e,981d18d88e3ee43ec34f182c66366e389688cd978cfc412aef8239e5872f5573
template_only,1,5,409,1,0.31024583917390774,20260625,a4bf959d120841b8c2c73bac3c5ff2e4eb6b5d77f5e322654a438bec05c2c92e,981d18d88e3ee43ec34f182c66366e389688cd978cfc412aef8239e5872f5573
template_only,1,5,417,0,0.45825482402514217,20260625,a4bf959d120841b8c2c73bac3c5ff2e4eb6b5d77f5e322654a438bec05c2c92e,981d18d88e3ee43ec34f182c66366e389688cd978cfc412aef8239e5872f5573
template_only,1,5,418,1,0.6930568777708296,20260625,a4bf959d120841b8c2c73bac3c5ff2e4eb6b5d77f5e322654a438bec05c2c92e,981d18d88e3ee43ec34f182c66366e389688cd978cfc412aef8239e5872f5573
template_only,1,5,428,0,0.27585101009631763,20260625,a4bf959d120841b8c2c73bac3c5ff2e4eb6b5d77f5e322654a438bec05c2c92e,981d18d88e3ee43ec34f182c66366e389688cd978cfc412aef8239e5872f5573
template_only,1,5,429,0,0.3218659835512901,20260625,a4bf959d120841b8c2c73bac3c5ff2e4eb6b5d77f5e322654a438bec05c2c92e,981d18d88e3ee43ec34f182c66366e389688cd978cfc412aef8239e5872f5573
template_only,1,5,434,0,0.3314307480317876,20260625,a4bf959d120841b8c2c73bac3c5ff2e4eb6b5d77f5e322654a438bec05c2c92e,981d18d88e3ee43ec34f182c66366e389688cd978cfc412aef8239e5872f5573
template_only,1,5,437,0,0.3314307480317876,20260625,a4bf959d120841b8c2c73bac3c5ff2e4eb6b5d77f5e322654a438bec05c2c92e,981d18d88e3ee43ec34f182c66366e389688cd978cfc412aef8239e5872f5573
template_only,1,5,441,1,0.6930261105119195,20260625,a4bf959d120841b8c2c73bac3c5ff2e4eb6b5d77f5e322654a438bec05c2c92e,981d18d88e3ee43ec34f182c66366e389688cd978cfc412aef8239e5872f5573
template_only,1,5,444,0,0.31024583917390774,20260625,a4bf959d120841b8c2c73bac3c5ff2e4eb6b5d77f5e322654a438bec05c2c92e,981d18d88e3ee43ec34f182c66366e389688cd978cfc412aef8239e5872f5573
template_only,1,5,456,0,0.3314307480317876,20260625,a4bf959d120841b8c2c73bac3c5ff2e4eb6b5d77f5e322654a438bec05c2c92e,981d18d88e3ee43ec34f182c66366e389688cd978cfc412aef8239e5872f5573
template_only,1,5,468,0,0.3314307480317876,20260625,a4bf959d120841b8c2c73bac3c5ff2e4eb6b5d77f5e322654a438bec05c2c92e,981d18d88e3ee43ec34f182c66366e389688cd978cfc412aef8239e5872f5573
template_only,1,5,485,0,0.2398665142328502,20260625,a4bf959d120841b8c2c73bac3c5ff2e4eb6b5d77f5e322654a438bec05c2c92e,981d18d88e3ee43ec34f182c66366e389688cd978cfc412aef8239e5872f5573
template_only,2,1,303,0,0.38320534512622256,20260626,2c12dff8a9fa58dd8cc77e84cde3d4ee9c50e7a3ee4807abcb00afa8648af4ef,57347e2b732a1402c8df2bf331609fcd08e72adc97c6b7b9a84d3602650054ed
template_only,2,1,304,0,0.33639232833544574,20260626,2c12dff8a9fa58dd8cc77e84cde3d4ee9c50e7a3ee4807abcb00afa8648af4ef,57347e2b732a1402c8df2bf331609fcd08e72adc97c6b7b9a84d3602650054ed
template_only,2,1,327,0,0.6591533660709776,20260626,2c12dff8a9fa58dd8cc77e84cde3d4ee9c50e7a3ee4807abcb00afa8648af4ef,57347e2b732a1402c8df2bf331609fcd08e72adc97c6b7b9a84d3602650054ed
template_only,2,1,335,1,0.4227624249555886,20260626,2c12dff8a9fa58dd8cc77e84cde3d4ee9c50e7a3ee4807abcb00afa8648af4ef,57347e2b732a1402c8df2bf331609fcd08e72adc97c6b7b9a84d3602650054ed
template_only,2,1,341,0,0.30076909283917935,20260626,2c12dff8a9fa58dd8cc77e84cde3d4ee9c50e7a3ee4807abcb00afa8648af4ef,57347e2b732a1402c8df2bf331609fcd08e72adc97c6b7b9a84d3602650054ed
template_only,2,1,345,1,0.6080525266483382,20260626,2c12dff8a9fa58dd8cc77e84cde3d4ee9c50e7a3ee4807abcb00afa8648af4ef,57347e2b732a1402c8df2bf331609fcd08e72adc97c6b7b9a84d3602650054ed
template_only,2,1,347,1,0.4189965802755992,20260626,2c12dff8a9fa58dd8cc77e84cde3d4ee9c50e7a3ee4807abcb00afa8648af4ef,57347e2b732a1402c8df2bf331609fcd08e72adc97c6b7b9a84d3602650054ed
template_only,2,1,360,0,0.4227624249555886,20260626,2c12dff8a9fa58dd8cc77e84cde3d4ee9c50e7a3ee4807abcb00afa8648af4ef,57347e2b732a1402c8df2bf331609fcd08e72adc97c6b7b9a84d3602650054ed
template_only,2,1,362,1,0.7585615288737063,20260626,2c12dff8a9fa58dd8cc77e84cde3d4ee9c50e7a3ee4807abcb00afa8648af4ef,57347e2b732a1402c8df2bf331609fcd08e72adc97c6b7b9a84d3602650054ed
template_only,2,1,370,0,0.2978611221421791,20260626,2c12dff8a9fa58dd8cc77e84cde3d4ee9c50e7a3ee4807abcb00afa8648af4ef,57347e2b732a1402c8df2bf331609fcd08e72adc97c6b7b9a84d3602650054ed
template_only,2,1,374,0,0.7527640319696031,20260626,2c12dff8a9fa58dd8cc77e84cde3d4ee9c50e7a3ee4807abcb00afa8648af4ef,57347e2b732a1402c8df2bf331609fcd08e72adc97c6b7b9a84d3602650054ed
template_only,2,1,375,0,0.23831296157587598,20260626,2c12dff8a9fa58dd8cc77e84cde3d4ee9c50e7a3ee4807abcb00afa8648af4ef,57347e2b732a1402c8df2bf331609fcd08e72adc97c6b7b9a84d3602650054ed
template_only,2,1,382,0,0.31192525665096443,20260626,2c12dff8a9fa58dd8cc77e84cde3d4ee9c50e7a3ee4807abcb00afa8648af4ef,57347e2b732a1402c8df2bf331609fcd08e72adc97c6b7b9a84d3602650054ed
template_only,2,1,389,1,0.714291815665611,20260626,2c12dff8a9fa58dd8cc77e84cde3d4ee9c50e7a3ee4807abcb00afa8648af4ef,57347e2b732a1402c8df2bf331609fcd08e72adc97c6b7b9a84d3602650054ed
template_only,2,1,393,0,0.31192525665096443,20260626,2c12dff8a9fa58dd8cc77e84cde3d4ee9c50e7a3ee4807abcb00afa8648af4ef,57347e2b732a1402c8df2bf331609fcd08e72adc97c6b7b9a84d3602650054ed
template_only,2,1,401,0,0.31192525665096443,20260626,2c12dff8a9fa58dd8cc77e84cde3d4ee9c50e7a3ee4807abcb00afa8648af4ef,57347e2b732a1402c8df2bf331609fcd08e72adc97c6b7b9a84d3602650054ed
template_only,2,1,403,0,0.2978611221421791,20260626,2c12dff8a9fa58dd8cc77e84cde3d4ee9c50e7a3ee4807abcb00afa8648af4ef,57347e2b732a1402c8df2bf331609fcd08e72adc97c6b7b9a84d3602650054ed
template_only,2,1,422,1,0.3154446193647164,20260626,2c12dff8a9fa58dd8cc77e84cde3d4ee9c50e7a3ee4807abcb00afa8648af4ef,57347e2b732a1402c8df2bf331609fcd08e72adc97c6b7b9a84d3602650054ed
template_only,2,1,425,0,0.7380703204144969,20260626,2c12dff8a9fa58dd8cc77e84cde3d4ee9c50e7a3ee4807abcb00afa8648af4ef,57347e2b732a1402c8df2bf331609fcd08e72adc97c6b7b9a84d3602650054ed
template_only,2,1,426,1,0.6676661482071492,20260626,2c12dff8a9fa58dd8cc77e84cde3d4ee9c50e7a3ee4807abcb00afa8648af4ef,57347e2b732a1402c8df2bf331609fcd08e72adc97c6b7b9a84d3602650054ed
template_only,2,1,427,0,0.31192525665096443,20260626,2c12dff8a9fa58dd8cc77e84cde3d4ee9c50e7a3ee4807abcb00afa8648af4ef,57347e2b732a1402c8df2bf331609fcd08e72adc97c6b7b9a84d3602650054ed
template_only,2,1,433,1,0.31192525665096443,20260626,2c12dff8a9fa58dd8cc77e84cde3d4ee9c50e7a3ee4807abcb00afa8648af4ef,57347e2b732a1402c8df2bf331609fcd08e72adc97c6b7b9a84d3602650054ed
template_only,2,1,439,0,0.2978611221421791,20260626,2c12dff8a9fa58dd8cc77e84cde3d4ee9c50e7a3ee4807abcb00afa8648af4ef,57347e2b732a1402c8df2bf331609fcd08e72adc97c6b7b9a84d3602650054ed
template_only,2,1,445,0,0.2978611221421791,20260626,2c12dff8a9fa58dd8cc77e84cde3d4ee9c50e7a3ee4807abcb00afa8648af4ef,57347e2b732a1402c8df2bf331609fcd08e72adc97c6b7b9a84d3602650054ed
template_only,2,1,449,0,0.2978611221421791,20260626,2c12dff8a9fa58dd8cc77e84cde3d4ee9c50e7a3ee4807abcb00afa8648af4ef,57347e2b732a1402c8df2bf331609fcd08e72adc97c6b7b9a84d3602650054ed
template_only,2,1,454,0,0.2229584135813837,20260626,2c12dff8a9fa58dd8cc77e84cde3d4ee9c50e7a3ee4807abcb00afa8648af4ef,57347e2b732a1402c8df2bf331609fcd08e72adc97c6b7b9a84d3602650054ed
template_only,2,1,475,0,0.2978611221421791,20260626,2c12dff8a9fa58dd8cc77e84cde3d4ee9c50e7a3ee4807abcb00afa8648af4ef,57347e2b732a1402c8df2bf331609fcd08e72adc97c6b7b9a84d3602650054ed
template_only,2,1,483,1,0.6418180128084259,20260626,2c12dff8a9fa58dd8cc77e84cde3d4ee9c50e7a3ee4807abcb00afa8648af4ef,57347e2b732a1402c8df2bf331609fcd08e72adc97c6b7b9a84d3602650054ed
template_only,2,1,491,0,0.5528405225075709,20260626,2c12dff8a9fa58dd8cc77e84cde3d4ee9c50e7a3ee4807abcb00afa8648af4ef,57347e2b732a1402c8df2bf331609fcd08e72adc97c6b7b9a84d3602650054ed
template_only,2,2,310,0,0.27770130370352714,20260626,3ee8c0b6c18bffd775f57dbb47434db635c980fd26177b0232c582ec640803b5,c96e307910b06257d668e45fe34cbe39cddba5268f1b5bac97099d9dd0b52e9b
template_only,2,2,320,1,0.6675279583801593,20260626,3ee8c0b6c18bffd775f57dbb47434db635c980fd26177b0232c582ec640803b5,c96e307910b06257d668e45fe34cbe39cddba5268f1b5bac97099d9dd0b52e9b
template_only,2,2,321,1,0.6928589837723675,20260626,3ee8c0b6c18bffd775f57dbb47434db635c980fd26177b0232c582ec640803b5,c96e307910b06257d668e45fe34cbe39cddba5268f1b5bac97099d9dd0b52e9b
template_only,2,2,325,1,0.562285766819276,20260626,3ee8c0b6c18bffd775f57dbb47434db635c980fd26177b0232c582ec640803b5,c96e307910b06257d668e45fe34cbe39cddba5268f1b5bac97099d9dd0b52e9b
template_only,2,2,326,0,0.31720739174671253,20260626,3ee8c0b6c18bffd775f57dbb47434db635c980fd26177b0232c582ec640803b5,c96e307910b06257d668e45fe34cbe39cddba5268f1b5bac97099d9dd0b52e9b
template_only,2,2,339,1,0.6640302321374919,20260626,3ee8c0b6c18bffd775f57dbb47434db635c980fd26177b0232c582ec640803b5,c96e307910b06257d668e45fe34cbe39cddba5268f1b5bac97099d9dd0b52e9b
template_only,2,2,343,0,0.5513030189286705,20260626,3ee8c0b6c18bffd775f57dbb47434db635c980fd26177b0232c582ec640803b5,c96e307910b06257d668e45fe34cbe39cddba5268f1b5bac97099d9dd0b52e9b
template_only,2,2,350,1,0.7241226635225768,20260626,3ee8c0b6c18bffd775f57dbb47434db635c980fd26177b0232c582ec640803b5,c96e307910b06257d668e45fe34cbe39cddba5268f1b5bac97099d9dd0b52e9b
template_only,2,2,351,1,0.8054235058724515,20260626,3ee8c0b6c18bffd775f57dbb47434db635c980fd26177b0232c582ec640803b5,c96e307910b06257d668e45fe34cbe39cddba5268f1b5bac97099d9dd0b52e9b
template_only,2,2,353,1,0.5299900796893531,20260626,3ee8c0b6c18bffd775f57dbb47434db635c980fd26177b0232c582ec640803b5,c96e307910b06257d668e45fe34cbe39cddba5268f1b5bac97099d9dd0b52e9b
template_only,2,2,357,0,0.4940204507174677,20260626,3ee8c0b6c18bffd775f57dbb47434db635c980fd26177b0232c582ec640803b5,c96e307910b06257d668e45fe34cbe39cddba5268f1b5bac97099d9dd0b52e9b
template_only,2,2,390,0,0.7168354220536693,20260626,3ee8c0b6c18bffd775f57dbb47434db635c980fd26177b0232c582ec640803b5,c96e307910b06257d668e45fe34cbe39cddba5268f1b5bac97099d9dd0b52e9b
template_only,2,2,395,0,0.38409964939864677,20260626,3ee8c0b6c18bffd775f57dbb47434db635c980fd26177b0232c582ec640803b5,c96e307910b06257d668e45fe34cbe39cddba5268f1b5bac97099d9dd0b52e9b
template_only,2,2,406,0,0.3584332234595294,20260626,3ee8c0b6c18bffd775f57dbb47434db635c980fd26177b0232c582ec640803b5,c96e307910b06257d668e45fe34cbe39cddba5268f1b5bac97099d9dd0b52e9b
template_only,2,2,416,0,0.3793528188105301,20260626,3ee8c0b6c18bffd775f57dbb47434db635c980fd26177b0232c582ec640803b5,c96e307910b06257d668e45fe34cbe39cddba5268f1b5bac97099d9dd0b52e9b
template_only,2,2,417,0,0.4433421303921969,20260626,3ee8c0b6c18bffd775f57dbb47434db635c980fd26177b0232c582ec640803b5,c96e307910b06257d668e45fe34cbe39cddba5268f1b5bac97099d9dd0b52e9b
template_only,2,2,419,0,0.3584332234595294,20260626,3ee8c0b6c18bffd775f57dbb47434db635c980fd26177b0232c582ec640803b5,c96e307910b06257d668e45fe34cbe39cddba5268f1b5bac97099d9dd0b52e9b
template_only,2,2,420,0,0.3793528188105301,20260626,3ee8c0b6c18bffd775f57dbb47434db635c980fd26177b0232c582ec640803b5,c96e307910b06257d668e45fe34cbe39cddba5268f1b5bac97099d9dd0b52e9b
template_only,2,2,429,0,0.3709680630204546,20260626,3ee8c0b6c18bffd775f57dbb47434db635c980fd26177b0232c582ec640803b5,c96e307910b06257d668e45fe34cbe39cddba5268f1b5bac97099d9dd0b52e9b
template_only,2,2,434,0,0.3793528188105301,20260626,3ee8c0b6c18bffd775f57dbb47434db635c980fd26177b0232c582ec640803b5,c96e307910b06257d668e45fe34cbe39cddba5268f1b5bac97099d9dd0b52e9b
template_only,2,2,443,0,0.25280041662329866,20260626,3ee8c0b6c18bffd775f57dbb47434db635c980fd26177b0232c582ec640803b5,c96e307910b06257d668e45fe34cbe39cddba5268f1b5bac97099d9dd0b52e9b
template_only,2,2,444,0,0.3584332234595294,20260626,3ee8c0b6c18bffd775f57dbb47434db635c980fd26177b0232c582ec640803b5,c96e307910b06257d668e45fe34cbe39cddba5268f1b5bac97099d9dd0b52e9b
template_only,2,2,448,1,0.6039878272357802,20260626,3ee8c0b6c18bffd775f57dbb47434db635c980fd26177b0232c582ec640803b5,c96e307910b06257d668e45fe34cbe39cddba5268f1b5bac97099d9dd0b52e9b
template_only,2,2,456,0,0.3793528188105301,20260626,3ee8c0b6c18bffd775f57dbb47434db635c980fd26177b0232c582ec640803b5,c96e307910b06257d668e45fe34cbe39cddba5268f1b5bac97099d9dd0b52e9b
template_only,2,2,459,1,0.7248538199204886,20260626,3ee8c0b6c18bffd775f57dbb47434db635c980fd26177b0232c582ec640803b5,c96e307910b06257d668e45fe34cbe39cddba5268f1b5bac97099d9dd0b52e9b
template_only,2,2,463,0,0.3793528188105301,20260626,3ee8c0b6c18bffd775f57dbb47434db635c980fd26177b0232c582ec640803b5,c96e307910b06257d668e45fe34cbe39cddba5268f1b5bac97099d9dd0b52e9b
template_only,2,2,474,0,0.3793528188105301,20260626,3ee8c0b6c18bffd775f57dbb47434db635c980fd26177b0232c582ec640803b5,c96e307910b06257d668e45fe34cbe39cddba5268f1b5bac97099d9dd0b52e9b
template_only,2,2,476,0,0.3793528188105301,20260626,3ee8c0b6c18bffd775f57dbb47434db635c980fd26177b0232c582ec640803b5,c96e307910b06257d668e45fe34cbe39cddba5268f1b5bac97099d9dd0b52e9b
template_only,2,2,482,0,0.3821978768664274,20260626,3ee8c0b6c18bffd775f57dbb47434db635c980fd26177b0232c582ec640803b5,c96e307910b06257d668e45fe34cbe39cddba5268f1b5bac97099d9dd0b52e9b
template_only,2,3,305,0,0.6730097020841947,20260626,45cd1ad823f3a94a89fdcf8a2a0aa9391ea612d88c3d6d06ec8836268a3733b5,d57c76d4e0a65c6a55a81a23eb533d200d3426913638fad14bcb7210184cddf5
template_only,2,3,313,0,0.5888280351885464,20260626,45cd1ad823f3a94a89fdcf8a2a0aa9391ea612d88c3d6d06ec8836268a3733b5,d57c76d4e0a65c6a55a81a23eb533d200d3426913638fad14bcb7210184cddf5
template_only,2,3,340,0,0.322520828911133,20260626,45cd1ad823f3a94a89fdcf8a2a0aa9391ea612d88c3d6d06ec8836268a3733b5,d57c76d4e0a65c6a55a81a23eb533d200d3426913638fad14bcb7210184cddf5
template_only,2,3,352,1,0.42175772517066157,20260626,45cd1ad823f3a94a89fdcf8a2a0aa9391ea612d88c3d6d06ec8836268a3733b5,d57c76d4e0a65c6a55a81a23eb533d200d3426913638fad14bcb7210184cddf5
template_only,2,3,363,0,0.308190803205411,20260626,45cd1ad823f3a94a89fdcf8a2a0aa9391ea612d88c3d6d06ec8836268a3733b5,d57c76d4e0a65c6a55a81a23eb533d200d3426913638fad14bcb7210184cddf5
template_only,2,3,377,1,0.6433685955048226,20260626,45cd1ad823f3a94a89fdcf8a2a0aa9391ea612d88c3d6d06ec8836268a3733b5,d57c76d4e0a65c6a55a81a23eb533d200d3426913638fad14bcb7210184cddf5
template_only,2,3,385,0,0.2867502588826311,20260626,45cd1ad823f3a94a89fdcf8a2a0aa9391ea612d88c3d6d06ec8836268a3733b5,d57c76d4e0a65c6a55a81a23eb533d200d3426913638fad14bcb7210184cddf5
template_only,2,3,386,1,0.27684299520788735,20260626,45cd1ad823f3a94a89fdcf8a2a0aa9391ea612d88c3d6d06ec8836268a3733b5,d57c76d4e0a65c6a55a81a23eb533d200d3426913638fad14bcb7210184cddf5
template_only,2,3,391,0,0.29295097863138475,20260626,45cd1ad823f3a94a89fdcf8a2a0aa9391ea612d88c3d6d06ec8836268a3733b5,d57c76d4e0a65c6a55a81a23eb533d200d3426913638fad14bcb7210184cddf5
template_only,2,3,397,0,0.27684299520788735,20260626,45cd1ad823f3a94a89fdcf8a2a0aa9391ea612d88c3d6d06ec8836268a3733b5,d57c76d4e0a65c6a55a81a23eb533d200d3426913638fad14bcb7210184cddf5
template_only,2,3,402,1,0.5609851559614802,20260626,45cd1ad823f3a94a89fdcf8a2a0aa9391ea612d88c3d6d06ec8836268a3733b5,d57c76d4e0a65c6a55a81a23eb533d200d3426913638fad14bcb7210184cddf5
template_only,2,3,409,1,0.26895809258311465,20260626,45cd1ad823f3a94a89fdcf8a2a0aa9391ea612d88c3d6d06ec8836268a3733b5,d57c76d4e0a65c6a55a81a23eb533d200d3426913638fad14bcb7210184cddf5
template_only,2,3,412,1,0.27684299520788735,20260626,45cd1ad823f3a94a89fdcf8a2a0aa9391ea612d88c3d6d06ec8836268a3733b5,d57c76d4e0a65c6a55a81a23eb533d200d3426913638fad14bcb7210184cddf5
template_only,2,3,413,1,0.45760900325418813,20260626,45cd1ad823f3a94a89fdcf8a2a0aa9391ea612d88c3d6d06ec8836268a3733b5,d57c76d4e0a65c6a55a81a23eb533d200d3426913638fad14bcb7210184cddf5
template_only,2,3,415,0,0.27684299520788735,20260626,45cd1ad823f3a94a89fdcf8a2a0aa9391ea612d88c3d6d06ec8836268a3733b5,d57c76d4e0a65c6a55a81a23eb533d200d3426913638fad14bcb7210184cddf5
template_only,2,3,428,0,0.24936889019871228,20260626,45cd1ad823f3a94a89fdcf8a2a0aa9391ea612d88c3d6d06ec8836268a3733b5,d57c76d4e0a65c6a55a81a23eb533d200d3426913638fad14bcb7210184cddf5
template_only,2,3,436,0,0.27684299520788735,20260626,45cd1ad823f3a94a89fdcf8a2a0aa9391ea612d88c3d6d06ec8836268a3733b5,d57c76d4e0a65c6a55a81a23eb533d200d3426913638fad14bcb7210184cddf5
template_only,2,3,437,0,0.27684299520788735,20260626,45cd1ad823f3a94a89fdcf8a2a0aa9391ea612d88c3d6d06ec8836268a3733b5,d57c76d4e0a65c6a55a81a23eb533d200d3426913638fad14bcb7210184cddf5
template_only,2,3,441,1,0.7069345257898779,20260626,45cd1ad823f3a94a89fdcf8a2a0aa9391ea612d88c3d6d06ec8836268a3733b5,d57c76d4e0a65c6a55a81a23eb533d200d3426913638fad14bcb7210184cddf5
template_only,2,3,446,0,0.26895809258311465,20260626,45cd1ad823f3a94a89fdcf8a2a0aa9391ea612d88c3d6d06ec8836268a3733b5,d57c76d4e0a65c6a55a81a23eb533d200d3426913638fad14bcb7210184cddf5
template_only,2,3,447,0,0.27684299520788735,20260626,45cd1ad823f3a94a89fdcf8a2a0aa9391ea612d88c3d6d06ec8836268a3733b5,d57c76d4e0a65c6a55a81a23eb533d200d3426913638fad14bcb7210184cddf5
template_only,2,3,457,0,0.21970761695182117,20260626,45cd1ad823f3a94a89fdcf8a2a0aa9391ea612d88c3d6d06ec8836268a3733b5,d57c76d4e0a65c6a55a81a23eb533d200d3426913638fad14bcb7210184cddf5
template_only,2,3,472,0,0.26895809258311465,20260626,45cd1ad823f3a94a89fdcf8a2a0aa9391ea612d88c3d6d06ec8836268a3733b5,d57c76d4e0a65c6a55a81a23eb533d200d3426913638fad14bcb7210184cddf5
template_only,2,3,478,0,0.7156440455021119,20260626,45cd1ad823f3a94a89fdcf8a2a0aa9391ea612d88c3d6d06ec8836268a3733b5,d57c76d4e0a65c6a55a81a23eb533d200d3426913638fad14bcb7210184cddf5
template_only,2,3,479,0,0.21970761695182117,20260626,45cd1ad823f3a94a89fdcf8a2a0aa9391ea612d88c3d6d06ec8836268a3733b5,d57c76d4e0a65c6a55a81a23eb533d200d3426913638fad14bcb7210184cddf5
template_only,2,3,488,0,0.27684299520788735,20260626,45cd1ad823f3a94a89fdcf8a2a0aa9391ea612d88c3d6d06ec8836268a3733b5,d57c76d4e0a65c6a55a81a23eb533d200d3426913638fad14bcb7210184cddf5
template_only,2,3,489,0,0.27684299520788735,20260626,45cd1ad823f3a94a89fdcf8a2a0aa9391ea612d88c3d6d06ec8836268a3733b5,d57c76d4e0a65c6a55a81a23eb533d200d3426913638fad14bcb7210184cddf5
template_only,2,3,492,0,0.26895809258311465,20260626,45cd1ad823f3a94a89fdcf8a2a0aa9391ea612d88c3d6d06ec8836268a3733b5,d57c76d4e0a65c6a55a81a23eb533d200d3426913638fad14bcb7210184cddf5
template_only,2,4,307,0,0.4151469687530126,20260626,60d4a4f7258ba0d0e6381545dd3aa2b6cb37179f5a3a12407c9031b552accf64,4a9111312b2ff783e4670aec05b2de80f7b216f435aa24fe73bfe18843201db2
template_only,2,4,315,0,0.3467928460475059,20260626,60d4a4f7258ba0d0e6381545dd3aa2b6cb37179f5a3a12407c9031b552accf64,4a9111312b2ff783e4670aec05b2de80f7b216f435aa24fe73bfe18843201db2
template_only,2,4,318,0,0.3467928460475059,20260626,60d4a4f7258ba0d0e6381545dd3aa2b6cb37179f5a3a12407c9031b552accf64,4a9111312b2ff783e4670aec05b2de80f7b216f435aa24fe73bfe18843201db2
template_only,2,4,319,1,0.7278512693568392,20260626,60d4a4f7258ba0d0e6381545dd3aa2b6cb37179f5a3a12407c9031b552accf64,4a9111312b2ff783e4670aec05b2de80f7b216f435aa24fe73bfe18843201db2
template_only,2,4,322,0,0.6365788764498044,20260626,60d4a4f7258ba0d0e6381545dd3aa2b6cb37179f5a3a12407c9031b552accf64,4a9111312b2ff783e4670aec05b2de80f7b216f435aa24fe73bfe18843201db2
template_only,2,4,324,0,0.6591549312139556,20260626,60d4a4f7258ba0d0e6381545dd3aa2b6cb37179f5a3a12407c9031b552accf64,4a9111312b2ff783e4670aec05b2de80f7b216f435aa24fe73bfe18843201db2
template_only,2,4,328,0,0.3467928460475059,20260626,60d4a4f7258ba0d0e6381545dd3aa2b6cb37179f5a3a12407c9031b552accf64,4a9111312b2ff783e4670aec05b2de80f7b216f435aa24fe73bfe18843201db2
template_only,2,4,336,0,0.4994280607074806,20260626,60d4a4f7258ba0d0e6381545dd3aa2b6cb37179f5a3a12407c9031b552accf64,4a9111312b2ff783e4670aec05b2de80f7b216f435aa24fe73bfe18843201db2
template_only,2,4,344,1,0.7199200810871962,20260626,60d4a4f7258ba0d0e6381545dd3aa2b6cb37179f5a3a12407c9031b552accf64,4a9111312b2ff783e4670aec05b2de80f7b216f435aa24fe73bfe18843201db2
template_only,2,4,346,1,0.6706851224123064,20260626,60d4a4f7258ba0d0e6381545dd3aa2b6cb37179f5a3a12407c9031b552accf64,4a9111312b2ff783e4670aec05b2de80f7b216f435aa24fe73bfe18843201db2
template_only,2,4,356,1,0.8425688612313372,20260626,60d4a4f7258ba0d0e6381545dd3aa2b6cb37179f5a3a12407c9031b552accf64,4a9111312b2ff783e4670aec05b2de80f7b216f435aa24fe73bfe18843201db2
template_only,2,4,364,0,0.5832635195173257,20260626,60d4a4f7258ba0d0e6381545dd3aa2b6cb37179f5a3a12407c9031b552accf64,4a9111312b2ff783e4670aec05b2de80f7b216f435aa24fe73bfe18843201db2
template_only,2,4,366,0,0.3229605950223701,20260626,60d4a4f7258ba0d0e6381545dd3aa2b6cb37179f5a3a12407c9031b552accf64,4a9111312b2ff783e4670aec05b2de80f7b216f435aa24fe73bfe18843201db2
template_only,2,4,368,0,0.3177133372829737,20260626,60d4a4f7258ba0d0e6381545dd3aa2b6cb37179f5a3a12407c9031b552accf64,4a9111312b2ff783e4670aec05b2de80f7b216f435aa24fe73bfe18843201db2
template_only,2,4,369,0,0.3259440058599673,20260626,60d4a4f7258ba0d0e6381545dd3aa2b6cb37179f5a3a12407c9031b552accf64,4a9111312b2ff783e4670aec05b2de80f7b216f435aa24fe73bfe18843201db2
template_only,2,4,372,1,0.5953915843751517,20260626,60d4a4f7258ba0d0e6381545dd3aa2b6cb37179f5a3a12407c9031b552accf64,4a9111312b2ff783e4670aec05b2de80f7b216f435aa24fe73bfe18843201db2
template_only,2,4,376,1,0.5070234645912981,20260626,60d4a4f7258ba0d0e6381545dd3aa2b6cb37179f5a3a12407c9031b552accf64,4a9111312b2ff783e4670aec05b2de80f7b216f435aa24fe73bfe18843201db2
template_only,2,4,380,1,0.3164838515867428,20260626,60d4a4f7258ba0d0e6381545dd3aa2b6cb37179f5a3a12407c9031b552accf64,4a9111312b2ff783e4670aec05b2de80f7b216f435aa24fe73bfe18843201db2
template_only,2,4,404,0,0.3164838515867428,20260626,60d4a4f7258ba0d0e6381545dd3aa2b6cb37179f5a3a12407c9031b552accf64,4a9111312b2ff783e4670aec05b2de80f7b216f435aa24fe73bfe18843201db2
template_only,2,4,418,1,0.7038047578028375,20260626,60d4a4f7258ba0d0e6381545dd3aa2b6cb37179f5a3a12407c9031b552accf64,4a9111312b2ff783e4670aec05b2de80f7b216f435aa24fe73bfe18843201db2
template_only,2,4,423,0,0.6278993999636402,20260626,60d4a4f7258ba0d0e6381545dd3aa2b6cb37179f5a3a12407c9031b552accf64,4a9111312b2ff783e4670aec05b2de80f7b216f435aa24fe73bfe18843201db2
template_only,2,4,430,0,0.733765739014593,20260626,60d4a4f7258ba0d0e6381545dd3aa2b6cb37179f5a3a12407c9031b552accf64,4a9111312b2ff783e4670aec05b2de80f7b216f435aa24fe73bfe18843201db2
template_only,2,4,451,0,0.47727717478665566,20260626,60d4a4f7258ba0d0e6381545dd3aa2b6cb37179f5a3a12407c9031b552accf64,4a9111312b2ff783e4670aec05b2de80f7b216f435aa24fe73bfe18843201db2
template_only,2,4,455,0,0.3177133372829737,20260626,60d4a4f7258ba0d0e6381545dd3aa2b6cb37179f5a3a12407c9031b552accf64,4a9111312b2ff783e4670aec05b2de80f7b216f435aa24fe73bfe18843201db2
template_only,2,4,471,0,0.32104895243999393,20260626,60d4a4f7258ba0d0e6381545dd3aa2b6cb37179f5a3a12407c9031b552accf64,4a9111312b2ff783e4670aec05b2de80f7b216f435aa24fe73bfe18843201db2
template_only,2,4,473,0,0.22330059293693721,20260626,60d4a4f7258ba0d0e6381545dd3aa2b6cb37179f5a3a12407c9031b552accf64,4a9111312b2ff783e4670aec05b2de80f7b216f435aa24fe73bfe18843201db2
template_only,2,4,486,0,0.3164838515867428,20260626,60d4a4f7258ba0d0e6381545dd3aa2b6cb37179f5a3a12407c9031b552accf64,4a9111312b2ff783e4670aec05b2de80f7b216f435aa24fe73bfe18843201db2
template_only,2,4,487,0,0.3177133372829737,20260626,60d4a4f7258ba0d0e6381545dd3aa2b6cb37179f5a3a12407c9031b552accf64,4a9111312b2ff783e4670aec05b2de80f7b216f435aa24fe73bfe18843201db2
template_only,2,5,302,0,0.41312313243987253,20260626,806d6f0c65de9d785617d112c76ee68ed2ab2e167a27e7d990500f8205f4f185,b02f5cd0a9a1d7aadfa4438bab72f69a297056383552949e9cd24334b7e3c3ea
template_only,2,5,312,0,0.3588124449292923,20260626,806d6f0c65de9d785617d112c76ee68ed2ab2e167a27e7d990500f8205f4f185,b02f5cd0a9a1d7aadfa4438bab72f69a297056383552949e9cd24334b7e3c3ea
template_only,2,5,316,0,0.8011755539566195,20260626,806d6f0c65de9d785617d112c76ee68ed2ab2e167a27e7d990500f8205f4f185,b02f5cd0a9a1d7aadfa4438bab72f69a297056383552949e9cd24334b7e3c3ea
template_only,2,5,317,0,0.8114638171724405,20260626,806d6f0c65de9d785617d112c76ee68ed2ab2e167a27e7d990500f8205f4f185,b02f5cd0a9a1d7aadfa4438bab72f69a297056383552949e9cd24334b7e3c3ea
template_only,2,5,330,1,0.5405555842380801,20260626,806d6f0c65de9d785617d112c76ee68ed2ab2e167a27e7d990500f8205f4f185,b02f5cd0a9a1d7aadfa4438bab72f69a297056383552949e9cd24334b7e3c3ea
template_only,2,5,331,0,0.755611297100858,20260626,806d6f0c65de9d785617d112c76ee68ed2ab2e167a27e7d990500f8205f4f185,b02f5cd0a9a1d7aadfa4438bab72f69a297056383552949e9cd24334b7e3c3ea
template_only,2,5,333,0,0.3454397469001688,20260626,806d6f0c65de9d785617d112c76ee68ed2ab2e167a27e7d990500f8205f4f185,b02f5cd0a9a1d7aadfa4438bab72f69a297056383552949e9cd24334b7e3c3ea
template_only,2,5,338,1,0.8094347812783561,20260626,806d6f0c65de9d785617d112c76ee68ed2ab2e167a27e7d990500f8205f4f185,b02f5cd0a9a1d7aadfa4438bab72f69a297056383552949e9cd24334b7e3c3ea
template_only,2,5,348,1,0.7930712823213597,20260626,806d6f0c65de9d785617d112c76ee68ed2ab2e167a27e7d990500f8205f4f185,b02f5cd0a9a1d7aadfa4438bab72f69a297056383552949e9cd24334b7e3c3ea
template_only,2,5,355,1,0.6432004216460511,20260626,806d6f0c65de9d785617d112c76ee68ed2ab2e167a27e7d990500f8205f4f185,b02f5cd0a9a1d7aadfa4438bab72f69a297056383552949e9cd24334b7e3c3ea
template_only,2,5,358,0,0.7912386648361246,20260626,806d6f0c65de9d785617d112c76ee68ed2ab2e167a27e7d990500f8205f4f185,b02f5cd0a9a1d7aadfa4438bab72f69a297056383552949e9cd24334b7e3c3ea
template_only,2,5,367,1,0.7597647147307841,20260626,806d6f0c65de9d785617d112c76ee68ed2ab2e167a27e7d990500f8205f4f185,b02f5cd0a9a1d7aadfa4438bab72f69a297056383552949e9cd24334b7e3c3ea
template_only,2,5,371,0,0.26978960898940946,20260626,806d6f0c65de9d785617d112c76ee68ed2ab2e167a27e7d990500f8205f4f185,b02f5cd0a9a1d7aadfa4438bab72f69a297056383552949e9cd24334b7e3c3ea
template_only,2,5,379,0,0.31037823256873515,20260626,806d6f0c65de9d785617d112c76ee68ed2ab2e167a27e7d990500f8205f4f185,b02f5cd0a9a1d7aadfa4438bab72f69a297056383552949e9cd24334b7e3c3ea
template_only,2,5,381,1,0.554895073065832,20260626,806d6f0c65de9d785617d112c76ee68ed2ab2e167a27e7d990500f8205f4f185,b02f5cd0a9a1d7aadfa4438bab72f69a297056383552949e9cd24334b7e3c3ea
template_only,2,5,383,0,0.28667208189811594,20260626,806d6f0c65de9d785617d112c76ee68ed2ab2e167a27e7d990500f8205f4f185,b02f5cd0a9a1d7aadfa4438bab72f69a297056383552949e9cd24334b7e3c3ea
template_only,2,5,388,1,0.3028416936834416,20260626,806d6f0c65de9d785617d112c76ee68ed2ab2e167a27e7d990500f8205f4f185,b02f5cd0a9a1d7aadfa4438bab72f69a297056383552949e9cd24334b7e3c3ea
template_only,2,5,392,0,0.2515351091029402,20260626,806d6f0c65de9d785617d112c76ee68ed2ab2e167a27e7d990500f8205f4f185,b02f5cd0a9a1d7aadfa4438bab72f69a297056383552949e9cd24334b7e3c3ea
template_only,2,5,400,0,0.5705986967712153,20260626,806d6f0c65de9d785617d112c76ee68ed2ab2e167a27e7d990500f8205f4f185,b02f5cd0a9a1d7aadfa4438bab72f69a297056383552949e9cd24334b7e3c3ea
template_only,2,5,414,1,0.5803589354582506,20260626,806d6f0c65de9d785617d112c76ee68ed2ab2e167a27e7d990500f8205f4f185,b02f5cd0a9a1d7aadfa4438bab72f69a297056383552949e9cd24334b7e3c3ea
template_only,2,5,440,1,0.7322775846328683,20260626,806d6f0c65de9d785617d112c76ee68ed2ab2e167a27e7d990500f8205f4f185,b02f5cd0a9a1d7aadfa4438bab72f69a297056383552949e9cd24334b7e3c3ea
template_only,2,5,458,0,0.4855449778663254,20260626,806d6f0c65de9d785617d112c76ee68ed2ab2e167a27e7d990500f8205f4f185,b02f5cd0a9a1d7aadfa4438bab72f69a297056383552949e9cd24334b7e3c3ea
template_only,2,5,464,0,0.28667208189811594,20260626,806d6f0c65de9d785617d112c76ee68ed2ab2e167a27e7d990500f8205f4f185,b02f5cd0a9a1d7aadfa4438bab72f69a297056383552949e9cd24334b7e3c3ea
template_only,2,5,468,0,0.3028416936834416,20260626,806d6f0c65de9d785617d112c76ee68ed2ab2e167a27e7d990500f8205f4f185,b02f5cd0a9a1d7aadfa4438bab72f69a297056383552949e9cd24334b7e3c3ea
template_only,2,5,477,0,0.3028416936834416,20260626,806d6f0c65de9d785617d112c76ee68ed2ab2e167a27e7d990500f8205f4f185,b02f5cd0a9a1d7aadfa4438bab72f69a297056383552949e9cd24334b7e3c3ea
template_only,2,5,484,0,0.7598563750388859,20260626,806d6f0c65de9d785617d112c76ee68ed2ab2e167a27e7d990500f8205f4f185,b02f5cd0a9a1d7aadfa4438bab72f69a297056383552949e9cd24334b7e3c3ea
template_only,2,5,485,0,0.2515351091029402,20260626,806d6f0c65de9d785617d112c76ee68ed2ab2e167a27e7d990500f8205f4f185,b02f5cd0a9a1d7aadfa4438bab72f69a297056383552949e9cd24334b7e3c3ea
template_only,2,5,490,0,0.3028416936834416,20260626,806d6f0c65de9d785617d112c76ee68ed2ab2e167a27e7d990500f8205f4f185,b02f5cd0a9a1d7aadfa4438bab72f69a297056383552949e9cd24334b7e3c3ea
template_only,3,1,305,0,0.6214029807634229,20260627,2eea3dd5e7f5614b03483db4b1fce8c9f45257cace13029b9d9f16dcca04327e,1f16fc714b8611747bef399987f1a60b24b476bf73e87fd932f5e23a6d230ca6
template_only,3,1,310,0,0.33726775310834906,20260627,2eea3dd5e7f5614b03483db4b1fce8c9f45257cace13029b9d9f16dcca04327e,1f16fc714b8611747bef399987f1a60b24b476bf73e87fd932f5e23a6d230ca6
template_only,3,1,322,0,0.6344671442850789,20260627,2eea3dd5e7f5614b03483db4b1fce8c9f45257cace13029b9d9f16dcca04327e,1f16fc714b8611747bef399987f1a60b24b476bf73e87fd932f5e23a6d230ca6
template_only,3,1,339,1,0.7102188330949519,20260627,2eea3dd5e7f5614b03483db4b1fce8c9f45257cace13029b9d9f16dcca04327e,1f16fc714b8611747bef399987f1a60b24b476bf73e87fd932f5e23a6d230ca6
template_only,3,1,340,0,0.36029348146476575,20260627,2eea3dd5e7f5614b03483db4b1fce8c9f45257cace13029b9d9f16dcca04327e,1f16fc714b8611747bef399987f1a60b24b476bf73e87fd932f5e23a6d230ca6
template_only,3,1,341,0,0.3975606260441957,20260627,2eea3dd5e7f5614b03483db4b1fce8c9f45257cace13029b9d9f16dcca04327e,1f16fc714b8611747bef399987f1a60b24b476bf73e87fd932f5e23a6d230ca6
template_only,3,1,344,1,0.7050248114645579,20260627,2eea3dd5e7f5614b03483db4b1fce8c9f45257cace13029b9d9f16dcca04327e,1f16fc714b8611747bef399987f1a60b24b476bf73e87fd932f5e23a6d230ca6
template_only,3,1,350,1,0.7757884325847672,20260627,2eea3dd5e7f5614b03483db4b1fce8c9f45257cace13029b9d9f16dcca04327e,1f16fc714b8611747bef399987f1a60b24b476bf73e87fd932f5e23a6d230ca6
template_only,3,1,351,1,0.8287531750326719,20260627,2eea3dd5e7f5614b03483db4b1fce8c9f45257cace13029b9d9f16dcca04327e,1f16fc714b8611747bef399987f1a60b24b476bf73e87fd932f5e23a6d230ca6
template_only,3,1,353,1,0.6151826433477977,20260627,2eea3dd5e7f5614b03483db4b1fce8c9f45257cace13029b9d9f16dcca04327e,1f16fc714b8611747bef399987f1a60b24b476bf73e87fd932f5e23a6d230ca6
template_only,3,1,357,0,0.4891914203469428,20260627,2eea3dd5e7f5614b03483db4b1fce8c9f45257cace13029b9d9f16dcca04327e,1f16fc714b8611747bef399987f1a60b24b476bf73e87fd932f5e23a6d230ca6
template_only,3,1,371,0,0.27637134093742083,20260627,2eea3dd5e7f5614b03483db4b1fce8c9f45257cace13029b9d9f16dcca04327e,1f16fc714b8611747bef399987f1a60b24b476bf73e87fd932f5e23a6d230ca6
template_only,3,1,379,0,0.32204228590615747,20260627,2eea3dd5e7f5614b03483db4b1fce8c9f45257cace13029b9d9f16dcca04327e,1f16fc714b8611747bef399987f1a60b24b476bf73e87fd932f5e23a6d230ca6
template_only,3,1,382,0,0.33980309765709177,20260627,2eea3dd5e7f5614b03483db4b1fce8c9f45257cace13029b9d9f16dcca04327e,1f16fc714b8611747bef399987f1a60b24b476bf73e87fd932f5e23a6d230ca6
template_only,3,1,385,0,0.350636024931489,20260627,2eea3dd5e7f5614b03483db4b1fce8c9f45257cace13029b9d9f16dcca04327e,1f16fc714b8611747bef399987f1a60b24b476bf73e87fd932f5e23a6d230ca6
template_only,3,1,392,0,0.25857964669207373,20260627,2eea3dd5e7f5614b03483db4b1fce8c9f45257cace13029b9d9f16dcca04327e,1f16fc714b8611747bef399987f1a60b24b476bf73e87fd932f5e23a6d230ca6
template_only,3,1,395,0,0.350636024931489,20260627,2eea3dd5e7f5614b03483db4b1fce8c9f45257cace13029b9d9f16dcca04327e,1f16fc714b8611747bef399987f1a60b24b476bf73e87fd932f5e23a6d230ca6
template_only,3,1,409,1,0.3026484025053752,20260627,2eea3dd5e7f5614b03483db4b1fce8c9f45257cace13029b9d9f16dcca04327e,1f16fc714b8611747bef399987f1a60b24b476bf73e87fd932f5e23a6d230ca6
template_only,3,1,418,1,0.7320204102332077,20260627,2eea3dd5e7f5614b03483db4b1fce8c9f45257cace13029b9d9f16dcca04327e,1f16fc714b8611747bef399987f1a60b24b476bf73e87fd932f5e23a6d230ca6
template_only,3,1,425,0,0.7202640343658393,20260627,2eea3dd5e7f5614b03483db4b1fce8c9f45257cace13029b9d9f16dcca04327e,1f16fc714b8611747bef399987f1a60b24b476bf73e87fd932f5e23a6d230ca6
template_only,3,1,428,0,0.30985670888421335,20260627,2eea3dd5e7f5614b03483db4b1fce8c9f45257cace13029b9d9f16dcca04327e,1f16fc714b8611747bef399987f1a60b24b476bf73e87fd932f5e23a6d230ca6
template_only,3,1,434,0,0.33980309765709177,20260627,2eea3dd5e7f5614b03483db4b1fce8c9f45257cace13029b9d9f16dcca04327e,1f16fc714b8611747bef399987f1a60b24b476bf73e87fd932f5e23a6d230ca6
template_only,3,1,436,0,0.33980309765709177,20260627,2eea3dd5e7f5614b03483db4b1fce8c9f45257cace13029b9d9f16dcca04327e,1f16fc714b8611747bef399987f1a60b24b476bf73e87fd932f5e23a6d230ca6
template_only,3,1,440,1,0.7043721173691472,20260627,2eea3dd5e7f5614b03483db4b1fce8c9f45257cace13029b9d9f16dcca04327e,1f16fc714b8611747bef399987f1a60b24b476bf73e87fd932f5e23a6d230ca6
template_only,3,1,441,1,0.7288557021063924,20260627,2eea3dd5e7f5614b03483db4b1fce8c9f45257cace13029b9d9f16dcca04327e,1f16fc714b8611747bef399987f1a60b24b476bf73e87fd932f5e23a6d230ca6
template_only,3,1,443,0,0.25857964669207373,20260627,2eea3dd5e7f5614b03483db4b1fce8c9f45257cace13029b9d9f16dcca04327e,1f16fc714b8611747bef399987f1a60b24b476bf73e87fd932f5e23a6d230ca6
template_only,3,1,447,0,0.33980309765709177,20260627,2eea3dd5e7f5614b03483db4b1fce8c9f45257cace13029b9d9f16dcca04327e,1f16fc714b8611747bef399987f1a60b24b476bf73e87fd932f5e23a6d230ca6
template_only,3,1,464,0,0.3026484025053752,20260627,2eea3dd5e7f5614b03483db4b1fce8c9f45257cace13029b9d9f16dcca04327e,1f16fc714b8611747bef399987f1a60b24b476bf73e87fd932f5e23a6d230ca6
template_only,3,1,478,0,0.7327106752160287,20260627,2eea3dd5e7f5614b03483db4b1fce8c9f45257cace13029b9d9f16dcca04327e,1f16fc714b8611747bef399987f1a60b24b476bf73e87fd932f5e23a6d230ca6
template_only,3,2,304,0,0.4257082015987499,20260627,5c170937764175f5f31fb62d39ae06413022f4305aa9482cfe98fa93001c67e0,c5f49266352ec843cb801f3ba88c103f7659e83330bb024f28b7a8eb25e9f274
template_only,3,2,307,0,0.4257082015987499,20260627,5c170937764175f5f31fb62d39ae06413022f4305aa9482cfe98fa93001c67e0,c5f49266352ec843cb801f3ba88c103f7659e83330bb024f28b7a8eb25e9f274
template_only,3,2,312,0,0.3089069581017237,20260627,5c170937764175f5f31fb62d39ae06413022f4305aa9482cfe98fa93001c67e0,c5f49266352ec843cb801f3ba88c103f7659e83330bb024f28b7a8eb25e9f274
template_only,3,2,316,0,0.7836800194794561,20260627,5c170937764175f5f31fb62d39ae06413022f4305aa9482cfe98fa93001c67e0,c5f49266352ec843cb801f3ba88c103f7659e83330bb024f28b7a8eb25e9f274
template_only,3,2,319,1,0.733436782722236,20260627,5c170937764175f5f31fb62d39ae06413022f4305aa9482cfe98fa93001c67e0,c5f49266352ec843cb801f3ba88c103f7659e83330bb024f28b7a8eb25e9f274
template_only,3,2,320,1,0.7190918508444987,20260627,5c170937764175f5f31fb62d39ae06413022f4305aa9482cfe98fa93001c67e0,c5f49266352ec843cb801f3ba88c103f7659e83330bb024f28b7a8eb25e9f274
template_only,3,2,328,0,0.3088493405813809,20260627,5c170937764175f5f31fb62d39ae06413022f4305aa9482cfe98fa93001c67e0,c5f49266352ec843cb801f3ba88c103f7659e83330bb024f28b7a8eb25e9f274
template_only,3,2,335,1,0.4538842095859758,20260627,5c170937764175f5f31fb62d39ae06413022f4305aa9482cfe98fa93001c67e0,c5f49266352ec843cb801f3ba88c103f7659e83330bb024f28b7a8eb25e9f274
template_only,3,2,336,0,0.4538842095859758,20260627,5c170937764175f5f31fb62d39ae06413022f4305aa9482cfe98fa93001c67e0,c5f49266352ec843cb801f3ba88c103f7659e83330bb024f28b7a8eb25e9f274
template_only,3,2,362,1,0.7470090171705811,20260627,5c170937764175f5f31fb62d39ae06413022f4305aa9482cfe98fa93001c67e0,c5f49266352ec843cb801f3ba88c103f7659e83330bb024f28b7a8eb25e9f274
template_only,3,2,363,0,0.36292672367458806,20260627,5c170937764175f5f31fb62d39ae06413022f4305aa9482cfe98fa93001c67e0,c5f49266352ec843cb801f3ba88c103f7659e83330bb024f28b7a8eb25e9f274
template_only,3,2,364,0,0.530360768167118,20260627,5c170937764175f5f31fb62d39ae06413022f4305aa9482cfe98fa93001c67e0,c5f49266352ec843cb801f3ba88c103f7659e83330bb024f28b7a8eb25e9f274
template_only,3,2,367,1,0.7401660284734151,20260627,5c170937764175f5f31fb62d39ae06413022f4305aa9482cfe98fa93001c67e0,c5f49266352ec843cb801f3ba88c103f7659e83330bb024f28b7a8eb25e9f274
template_only,3,2,369,0,0.3276400364832931,20260627,5c170937764175f5f31fb62d39ae06413022f4305aa9482cfe98fa93001c67e0,c5f49266352ec843cb801f3ba88c103f7659e83330bb024f28b7a8eb25e9f274
template_only,3,2,374,0,0.729422835981203,20260627,5c170937764175f5f31fb62d39ae06413022f4305aa9482cfe98fa93001c67e0,c5f49266352ec843cb801f3ba88c103f7659e83330bb024f28b7a8eb25e9f274
template_only,3,2,377,1,0.6870370330201363,20260627,5c170937764175f5f31fb62d39ae06413022f4305aa9482cfe98fa93001c67e0,c5f49266352ec843cb801f3ba88c103f7659e83330bb024f28b7a8eb25e9f274
template_only,3,2,381,1,0.5768649445951268,20260627,5c170937764175f5f31fb62d39ae06413022f4305aa9482cfe98fa93001c67e0,c5f49266352ec843cb801f3ba88c103f7659e83330bb024f28b7a8eb25e9f274
template_only,3,2,388,1,0.3112919456548003,20260627,5c170937764175f5f31fb62d39ae06413022f4305aa9482cfe98fa93001c67e0,c5f49266352ec843cb801f3ba88c103f7659e83330bb024f28b7a8eb25e9f274
template_only,3,2,415,0,0.3112919456548003,20260627,5c170937764175f5f31fb62d39ae06413022f4305aa9482cfe98fa93001c67e0,c5f49266352ec843cb801f3ba88c103f7659e83330bb024f28b7a8eb25e9f274
template_only,3,2,416,0,0.3112919456548003,20260627,5c170937764175f5f31fb62d39ae06413022f4305aa9482cfe98fa93001c67e0,c5f49266352ec843cb801f3ba88c103f7659e83330bb024f28b7a8eb25e9f274
template_only,3,2,417,0,0.43548618277259343,20260627,5c170937764175f5f31fb62d39ae06413022f4305aa9482cfe98fa93001c67e0,c5f49266352ec843cb801f3ba88c103f7659e83330bb024f28b7a8eb25e9f274
template_only,3,2,420,0,0.3112919456548003,20260627,5c170937764175f5f31fb62d39ae06413022f4305aa9482cfe98fa93001c67e0,c5f49266352ec843cb801f3ba88c103f7659e83330bb024f28b7a8eb25e9f274
template_only,3,2,433,1,0.3112919456548003,20260627,5c170937764175f5f31fb62d39ae06413022f4305aa9482cfe98fa93001c67e0,c5f49266352ec843cb801f3ba88c103f7659e83330bb024f28b7a8eb25e9f274
template_only,3,2,445,0,0.30622689863572555,20260627,5c170937764175f5f31fb62d39ae06413022f4305aa9482cfe98fa93001c67e0,c5f49266352ec843cb801f3ba88c103f7659e83330bb024f28b7a8eb25e9f274
template_only,3,2,455,0,0.30622689863572555,20260627,5c170937764175f5f31fb62d39ae06413022f4305aa9482cfe98fa93001c67e0,c5f49266352ec843cb801f3ba88c103f7659e83330bb024f28b7a8eb25e9f274
template_only,3,2,463,0,0.3112919456548003,20260627,5c170937764175f5f31fb62d39ae06413022f4305aa9482cfe98fa93001c67e0,c5f49266352ec843cb801f3ba88c103f7659e83330bb024f28b7a8eb25e9f274
template_only,3,2,468,0,0.3112919456548003,20260627,5c170937764175f5f31fb62d39ae06413022f4305aa9482cfe98fa93001c67e0,c5f49266352ec843cb801f3ba88c103f7659e83330bb024f28b7a8eb25e9f274
template_only,3,2,477,0,0.3112919456548003,20260627,5c170937764175f5f31fb62d39ae06413022f4305aa9482cfe98fa93001c67e0,c5f49266352ec843cb801f3ba88c103f7659e83330bb024f28b7a8eb25e9f274
template_only,3,2,487,0,0.30622689863572555,20260627,5c170937764175f5f31fb62d39ae06413022f4305aa9482cfe98fa93001c67e0,c5f49266352ec843cb801f3ba88c103f7659e83330bb024f28b7a8eb25e9f274
template_only,3,3,302,0,0.42840511791384495,20260627,151f3b81d21b6df90b4094c82ac29565bb81f4e356bd1b5a8cbd94ed11cd6983,9486a7e21f505c2481cf5f97f4f297e7145bd1423a39282e04f732067a655bfc
template_only,3,3,303,0,0.4055818463326912,20260627,151f3b81d21b6df90b4094c82ac29565bb81f4e356bd1b5a8cbd94ed11cd6983,9486a7e21f505c2481cf5f97f4f297e7145bd1423a39282e04f732067a655bfc
template_only,3,3,313,0,0.5396065337161126,20260627,151f3b81d21b6df90b4094c82ac29565bb81f4e356bd1b5a8cbd94ed11cd6983,9486a7e21f505c2481cf5f97f4f297e7145bd1423a39282e04f732067a655bfc
template_only,3,3,326,0,0.3088984924373288,20260627,151f3b81d21b6df90b4094c82ac29565bb81f4e356bd1b5a8cbd94ed11cd6983,9486a7e21f505c2481cf5f97f4f297e7145bd1423a39282e04f732067a655bfc
template_only,3,3,333,0,0.3300020981583906,20260627,151f3b81d21b6df90b4094c82ac29565bb81f4e356bd1b5a8cbd94ed11cd6983,9486a7e21f505c2481cf5f97f4f297e7145bd1423a39282e04f732067a655bfc
template_only,3,3,346,1,0.6243303401273493,20260627,151f3b81d21b6df90b4094c82ac29565bb81f4e356bd1b5a8cbd94ed11cd6983,9486a7e21f505c2481cf5f97f4f297e7145bd1423a39282e04f732067a655bfc
template_only,3,3,347,1,0.4331164402728715,20260627,151f3b81d21b6df90b4094c82ac29565bb81f4e356bd1b5a8cbd94ed11cd6983,9486a7e21f505c2481cf5f97f4f297e7145bd1423a39282e04f732067a655bfc
template_only,3,3,348,1,0.7176402341248934,20260627,151f3b81d21b6df90b4094c82ac29565bb81f4e356bd1b5a8cbd94ed11cd6983,9486a7e21f505c2481cf5f97f4f297e7145bd1423a39282e04f732067a655bfc
template_only,3,3,352,1,0.45297731113895673,20260627,151f3b81d21b6df90b4094c82ac29565bb81f4e356bd1b5a8cbd94ed11cd6983,9486a7e21f505c2481cf5f97f4f297e7145bd1423a39282e04f732067a655bfc
template_only,3,3,358,0,0.7780877838405741,20260627,151f3b81d21b6df90b4094c82ac29565bb81f4e356bd1b5a8cbd94ed11cd6983,9486a7e21f505c2481cf5f97f4f297e7145bd1423a39282e04f732067a655bfc
template_only,3,3,360,0,0.45297731113895673,20260627,151f3b81d21b6df90b4094c82ac29565bb81f4e356bd1b5a8cbd94ed11cd6983,9486a7e21f505c2481cf5f97f4f297e7145bd1423a39282e04f732067a655bfc
template_only,3,3,366,0,0.33585601544674987,20260627,151f3b81d21b6df90b4094c82ac29565bb81f4e356bd1b5a8cbd94ed11cd6983,9486a7e21f505c2481cf5f97f4f297e7145bd1423a39282e04f732067a655bfc
template_only,3,3,368,0,0.3147151156536728,20260627,151f3b81d21b6df90b4094c82ac29565bb81f4e356bd1b5a8cbd94ed11cd6983,9486a7e21f505c2481cf5f97f4f297e7145bd1423a39282e04f732067a655bfc
template_only,3,3,393,0,0.32504337165775077,20260627,151f3b81d21b6df90b4094c82ac29565bb81f4e356bd1b5a8cbd94ed11cd6983,9486a7e21f505c2481cf5f97f4f297e7145bd1423a39282e04f732067a655bfc
template_only,3,3,397,0,0.32504337165775077,20260627,151f3b81d21b6df90b4094c82ac29565bb81f4e356bd1b5a8cbd94ed11cd6983,9486a7e21f505c2481cf5f97f4f297e7145bd1423a39282e04f732067a655bfc
template_only,3,3,400,0,0.5192272112189201,20260627,151f3b81d21b6df90b4094c82ac29565bb81f4e356bd1b5a8cbd94ed11cd6983,9486a7e21f505c2481cf5f97f4f297e7145bd1423a39282e04f732067a655bfc
template_only,3,3,401,0,0.32504337165775077,20260627,151f3b81d21b6df90b4094c82ac29565bb81f4e356bd1b5a8cbd94ed11cd6983,9486a7e21f505c2481cf5f97f4f297e7145bd1423a39282e04f732067a655bfc
template_only,3,3,403,0,0.3147151156536728,20260627,151f3b81d21b6df90b4094c82ac29565bb81f4e356bd1b5a8cbd94ed11cd6983,9486a7e21f505c2481cf5f97f4f297e7145bd1423a39282e04f732067a655bfc
template_only,3,3,413,1,0.5050983830811143,20260627,151f3b81d21b6df90b4094c82ac29565bb81f4e356bd1b5a8cbd94ed11cd6983,9486a7e21f505c2481cf5f97f4f297e7145bd1423a39282e04f732067a655bfc
template_only,3,3,426,1,0.647338959316322,20260627,151f3b81d21b6df90b4094c82ac29565bb81f4e356bd1b5a8cbd94ed11cd6983,9486a7e21f505c2481cf5f97f4f297e7145bd1423a39282e04f732067a655bfc
template_only,3,3,454,0,0.22933630133580699,20260627,151f3b81d21b6df90b4094c82ac29565bb81f4e356bd1b5a8cbd94ed11cd6983,9486a7e21f505c2481cf5f97f4f297e7145bd1423a39282e04f732067a655bfc
template_only,3,3,458,0,0.48982594649216105,20260627,151f3b81d21b6df90b4094c82ac29565bb81f4e356bd1b5a8cbd94ed11cd6983,9486a7e21f505c2481cf5f97f4f297e7145bd1423a39282e04f732067a655bfc
template_only,3,3,459,1,0.7141009357188176,20260627,151f3b81d21b6df90b4094c82ac29565bb81f4e356bd1b5a8cbd94ed11cd6983,9486a7e21f505c2481cf5f97f4f297e7145bd1423a39282e04f732067a655bfc
template_only,3,3,476,0,0.32504337165775077,20260627,151f3b81d21b6df90b4094c82ac29565bb81f4e356bd1b5a8cbd94ed11cd6983,9486a7e21f505c2481cf5f97f4f297e7145bd1423a39282e04f732067a655bfc
template_only,3,3,482,0,0.3347090628951631,20260627,151f3b81d21b6df90b4094c82ac29565bb81f4e356bd1b5a8cbd94ed11cd6983,9486a7e21f505c2481cf5f97f4f297e7145bd1423a39282e04f732067a655bfc
template_only,3,3,483,1,0.6315861401394974,20260627,151f3b81d21b6df90b4094c82ac29565bb81f4e356bd1b5a8cbd94ed11cd6983,9486a7e21f505c2481cf5f97f4f297e7145bd1423a39282e04f732067a655bfc
template_only,3,3,484,0,0.7284445589154473,20260627,151f3b81d21b6df90b4094c82ac29565bb81f4e356bd1b5a8cbd94ed11cd6983,9486a7e21f505c2481cf5f97f4f297e7145bd1423a39282e04f732067a655bfc
template_only,3,3,488,0,0.32504337165775077,20260627,151f3b81d21b6df90b4094c82ac29565bb81f4e356bd1b5a8cbd94ed11cd6983,9486a7e21f505c2481cf5f97f4f297e7145bd1423a39282e04f732067a655bfc
template_only,3,4,318,0,0.30921638514025995,20260627,aa81a7bca4153bf078228e2c8004f3f7c1cce137579ab6067dd67a4d7536e066,0d129a00b4a34ff11e762fb72f347f485c65acd726d6aeeb0c2edb4f3f437b03
template_only,3,4,321,1,0.7413778815119689,20260627,aa81a7bca4153bf078228e2c8004f3f7c1cce137579ab6067dd67a4d7536e066,0d129a00b4a34ff11e762fb72f347f485c65acd726d6aeeb0c2edb4f3f437b03
template_only,3,4,324,0,0.6328503871610446,20260627,aa81a7bca4153bf078228e2c8004f3f7c1cce137579ab6067dd67a4d7536e066,0d129a00b4a34ff11e762fb72f347f485c65acd726d6aeeb0c2edb4f3f437b03
template_only,3,4,325,1,0.6317790500620382,20260627,aa81a7bca4153bf078228e2c8004f3f7c1cce137579ab6067dd67a4d7536e066,0d129a00b4a34ff11e762fb72f347f485c65acd726d6aeeb0c2edb4f3f437b03
template_only,3,4,327,0,0.6573898655175493,20260627,aa81a7bca4153bf078228e2c8004f3f7c1cce137579ab6067dd67a4d7536e066,0d129a00b4a34ff11e762fb72f347f485c65acd726d6aeeb0c2edb4f3f437b03
template_only,3,4,330,1,0.5026967928382896,20260627,aa81a7bca4153bf078228e2c8004f3f7c1cce137579ab6067dd67a4d7536e066,0d129a00b4a34ff11e762fb72f347f485c65acd726d6aeeb0c2edb4f3f437b03
template_only,3,4,331,0,0.703133553997669,20260627,aa81a7bca4153bf078228e2c8004f3f7c1cce137579ab6067dd67a4d7536e066,0d129a00b4a34ff11e762fb72f347f485c65acd726d6aeeb0c2edb4f3f437b03
template_only,3,4,372,1,0.5737981472331571,20260627,aa81a7bca4153bf078228e2c8004f3f7c1cce137579ab6067dd67a4d7536e066,0d129a00b4a34ff11e762fb72f347f485c65acd726d6aeeb0c2edb4f3f437b03
template_only,3,4,376,1,0.5306147174187569,20260627,aa81a7bca4153bf078228e2c8004f3f7c1cce137579ab6067dd67a4d7536e066,0d129a00b4a34ff11e762fb72f347f485c65acd726d6aeeb0c2edb4f3f437b03
template_only,3,4,380,1,0.29534231102127484,20260627,aa81a7bca4153bf078228e2c8004f3f7c1cce137579ab6067dd67a4d7536e066,0d129a00b4a34ff11e762fb72f347f485c65acd726d6aeeb0c2edb4f3f437b03
template_only,3,4,386,1,0.29534231102127484,20260627,aa81a7bca4153bf078228e2c8004f3f7c1cce137579ab6067dd67a4d7536e066,0d129a00b4a34ff11e762fb72f347f485c65acd726d6aeeb0c2edb4f3f437b03
template_only,3,4,391,0,0.30008184477649497,20260627,aa81a7bca4153bf078228e2c8004f3f7c1cce137579ab6067dd67a4d7536e066,0d129a00b4a34ff11e762fb72f347f485c65acd726d6aeeb0c2edb4f3f437b03
template_only,3,4,402,1,0.5872320427223786,20260627,aa81a7bca4153bf078228e2c8004f3f7c1cce137579ab6067dd67a4d7536e066,0d129a00b4a34ff11e762fb72f347f485c65acd726d6aeeb0c2edb4f3f437b03
template_only,3,4,406,0,0.31826057650082074,20260627,aa81a7bca4153bf078228e2c8004f3f7c1cce137579ab6067dd67a4d7536e066,0d129a00b4a34ff11e762fb72f347f485c65acd726d6aeeb0c2edb4f3f437b03
template_only,3,4,419,0,0.31826057650082074,20260627,aa81a7bca4153bf078228e2c8004f3f7c1cce137579ab6067dd67a4d7536e066,0d129a00b4a34ff11e762fb72f347f485c65acd726d6aeeb0c2edb4f3f437b03
template_only,3,4,423,0,0.6251418978045399,20260627,aa81a7bca4153bf078228e2c8004f3f7c1cce137579ab6067dd67a4d7536e066,0d129a00b4a34ff11e762fb72f347f485c65acd726d6aeeb0c2edb4f3f437b03
template_only,3,4,427,0,0.29534231102127484,20260627,aa81a7bca4153bf078228e2c8004f3f7c1cce137579ab6067dd67a4d7536e066,0d129a00b4a34ff11e762fb72f347f485c65acd726d6aeeb0c2edb4f3f437b03
template_only,3,4,430,0,0.7333469797556826,20260627,aa81a7bca4153bf078228e2c8004f3f7c1cce137579ab6067dd67a4d7536e066,0d129a00b4a34ff11e762fb72f347f485c65acd726d6aeeb0c2edb4f3f437b03
template_only,3,4,437,0,0.29534231102127484,20260627,aa81a7bca4153bf078228e2c8004f3f7c1cce137579ab6067dd67a4d7536e066,0d129a00b4a34ff11e762fb72f347f485c65acd726d6aeeb0c2edb4f3f437b03
template_only,3,4,439,0,0.31826057650082074,20260627,aa81a7bca4153bf078228e2c8004f3f7c1cce137579ab6067dd67a4d7536e066,0d129a00b4a34ff11e762fb72f347f485c65acd726d6aeeb0c2edb4f3f437b03
template_only,3,4,444,0,0.31826057650082074,20260627,aa81a7bca4153bf078228e2c8004f3f7c1cce137579ab6067dd67a4d7536e066,0d129a00b4a34ff11e762fb72f347f485c65acd726d6aeeb0c2edb4f3f437b03
template_only,3,4,449,0,0.31826057650082074,20260627,aa81a7bca4153bf078228e2c8004f3f7c1cce137579ab6067dd67a4d7536e066,0d129a00b4a34ff11e762fb72f347f485c65acd726d6aeeb0c2edb4f3f437b03
template_only,3,4,457,0,0.21335399217361367,20260627,aa81a7bca4153bf078228e2c8004f3f7c1cce137579ab6067dd67a4d7536e066,0d129a00b4a34ff11e762fb72f347f485c65acd726d6aeeb0c2edb4f3f437b03
template_only,3,4,471,0,0.3076271560615777,20260627,aa81a7bca4153bf078228e2c8004f3f7c1cce137579ab6067dd67a4d7536e066,0d129a00b4a34ff11e762fb72f347f485c65acd726d6aeeb0c2edb4f3f437b03
template_only,3,4,472,0,0.31826057650082074,20260627,aa81a7bca4153bf078228e2c8004f3f7c1cce137579ab6067dd67a4d7536e066,0d129a00b4a34ff11e762fb72f347f485c65acd726d6aeeb0c2edb4f3f437b03
template_only,3,4,475,0,0.31826057650082074,20260627,aa81a7bca4153bf078228e2c8004f3f7c1cce137579ab6067dd67a4d7536e066,0d129a00b4a34ff11e762fb72f347f485c65acd726d6aeeb0c2edb4f3f437b03
template_only,3,4,486,0,0.29534231102127484,20260627,aa81a7bca4153bf078228e2c8004f3f7c1cce137579ab6067dd67a4d7536e066,0d129a00b4a34ff11e762fb72f347f485c65acd726d6aeeb0c2edb4f3f437b03
template_only,3,4,490,0,0.29534231102127484,20260627,aa81a7bca4153bf078228e2c8004f3f7c1cce137579ab6067dd67a4d7536e066,0d129a00b4a34ff11e762fb72f347f485c65acd726d6aeeb0c2edb4f3f437b03
template_only,3,5,315,0,0.3511195828334299,20260627,9ccec4f70f31a45ac34db13d647deb0a60f71ce20e9357fcb57a2a17d9ac9350,440e9617346cae42399159e9fd361cb43b50262d938187e84d1cc4a872f4dca8
template_only,3,5,317,0,0.7622735091054049,20260627,9ccec4f70f31a45ac34db13d647deb0a60f71ce20e9357fcb57a2a17d9ac9350,440e9617346cae42399159e9fd361cb43b50262d938187e84d1cc4a872f4dca8
template_only,3,5,338,1,0.7678362848768396,20260627,9ccec4f70f31a45ac34db13d647deb0a60f71ce20e9357fcb57a2a17d9ac9350,440e9617346cae42399159e9fd361cb43b50262d938187e84d1cc4a872f4dca8
template_only,3,5,343,0,0.599842442458748,20260627,9ccec4f70f31a45ac34db13d647deb0a60f71ce20e9357fcb57a2a17d9ac9350,440e9617346cae42399159e9fd361cb43b50262d938187e84d1cc4a872f4dca8
template_only,3,5,345,1,0.6521745898426169,20260627,9ccec4f70f31a45ac34db13d647deb0a60f71ce20e9357fcb57a2a17d9ac9350,440e9617346cae42399159e9fd361cb43b50262d938187e84d1cc4a872f4dca8
template_only,3,5,355,1,0.6188887523648104,20260627,9ccec4f70f31a45ac34db13d647deb0a60f71ce20e9357fcb57a2a17d9ac9350,440e9617346cae42399159e9fd361cb43b50262d938187e84d1cc4a872f4dca8
template_only,3,5,356,1,0.8368489683150736,20260627,9ccec4f70f31a45ac34db13d647deb0a60f71ce20e9357fcb57a2a17d9ac9350,440e9617346cae42399159e9fd361cb43b50262d938187e84d1cc4a872f4dca8
template_only,3,5,370,0,0.2832783701747162,20260627,9ccec4f70f31a45ac34db13d647deb0a60f71ce20e9357fcb57a2a17d9ac9350,440e9617346cae42399159e9fd361cb43b50262d938187e84d1cc4a872f4dca8
template_only,3,5,375,0,0.25253445325263424,20260627,9ccec4f70f31a45ac34db13d647deb0a60f71ce20e9357fcb57a2a17d9ac9350,440e9617346cae42399159e9fd361cb43b50262d938187e84d1cc4a872f4dca8
template_only,3,5,383,0,0.2832783701747162,20260627,9ccec4f70f31a45ac34db13d647deb0a60f71ce20e9357fcb57a2a17d9ac9350,440e9617346cae42399159e9fd361cb43b50262d938187e84d1cc4a872f4dca8
template_only,3,5,389,1,0.7078491614954727,20260627,9ccec4f70f31a45ac34db13d647deb0a60f71ce20e9357fcb57a2a17d9ac9350,440e9617346cae42399159e9fd361cb43b50262d938187e84d1cc4a872f4dca8
template_only,3,5,390,0,0.7392114695653559,20260627,9ccec4f70f31a45ac34db13d647deb0a60f71ce20e9357fcb57a2a17d9ac9350,440e9617346cae42399159e9fd361cb43b50262d938187e84d1cc4a872f4dca8
template_only,3,5,404,0,0.318056973353992,20260627,9ccec4f70f31a45ac34db13d647deb0a60f71ce20e9357fcb57a2a17d9ac9350,440e9617346cae42399159e9fd361cb43b50262d938187e84d1cc4a872f4dca8
template_only,3,5,412,1,0.318056973353992,20260627,9ccec4f70f31a45ac34db13d647deb0a60f71ce20e9357fcb57a2a17d9ac9350,440e9617346cae42399159e9fd361cb43b50262d938187e84d1cc4a872f4dca8
template_only,3,5,414,1,0.5834797311226855,20260627,9ccec4f70f31a45ac34db13d647deb0a60f71ce20e9357fcb57a2a17d9ac9350,440e9617346cae42399159e9fd361cb43b50262d938187e84d1cc4a872f4dca8
template_only,3,5,422,1,0.28374845836390017,20260627,9ccec4f70f31a45ac34db13d647deb0a60f71ce20e9357fcb57a2a17d9ac9350,440e9617346cae42399159e9fd361cb43b50262d938187e84d1cc4a872f4dca8
template_only,3,5,429,0,0.31047128968727544,20260627,9ccec4f70f31a45ac34db13d647deb0a60f71ce20e9357fcb57a2a17d9ac9350,440e9617346cae42399159e9fd361cb43b50262d938187e84d1cc4a872f4dca8
template_only,3,5,446,0,0.2832783701747162,20260627,9ccec4f70f31a45ac34db13d647deb0a60f71ce20e9357fcb57a2a17d9ac9350,440e9617346cae42399159e9fd361cb43b50262d938187e84d1cc4a872f4dca8
template_only,3,5,448,1,0.5591021317641911,20260627,9ccec4f70f31a45ac34db13d647deb0a60f71ce20e9357fcb57a2a17d9ac9350,440e9617346cae42399159e9fd361cb43b50262d938187e84d1cc4a872f4dca8
template_only,3,5,451,0,0.4568507251516127,20260627,9ccec4f70f31a45ac34db13d647deb0a60f71ce20e9357fcb57a2a17d9ac9350,440e9617346cae42399159e9fd361cb43b50262d938187e84d1cc4a872f4dca8
template_only,3,5,456,0,0.318056973353992,20260627,9ccec4f70f31a45ac34db13d647deb0a60f71ce20e9357fcb57a2a17d9ac9350,440e9617346cae42399159e9fd361cb43b50262d938187e84d1cc4a872f4dca8
template_only,3,5,473,0,0.25393414044724877,20260627,9ccec4f70f31a45ac34db13d647deb0a60f71ce20e9357fcb57a2a17d9ac9350,440e9617346cae42399159e9fd361cb43b50262d938187e84d1cc4a872f4dca8
template_only,3,5,474,0,0.318056973353992,20260627,9ccec4f70f31a45ac34db13d647deb0a60f71ce20e9357fcb57a2a17d9ac9350,440e9617346cae42399159e9fd361cb43b50262d938187e84d1cc4a872f4dca8
template_only,3,5,479,0,0.25393414044724877,20260627,9ccec4f70f31a45ac34db13d647deb0a60f71ce20e9357fcb57a2a17d9ac9350,440e9617346cae42399159e9fd361cb43b50262d938187e84d1cc4a872f4dca8
template_only,3,5,485,0,0.25393414044724877,20260627,9ccec4f70f31a45ac34db13d647deb0a60f71ce20e9357fcb57a2a17d9ac9350,440e9617346cae42399159e9fd361cb43b50262d938187e84d1cc4a872f4dca8
template_only,3,5,489,0,0.318056973353992,20260627,9ccec4f70f31a45ac34db13d647deb0a60f71ce20e9357fcb57a2a17d9ac9350,440e9617346cae42399159e9fd361cb43b50262d938187e84d1cc4a872f4dca8
template_only,3,5,491,0,0.5267337408298615,20260627,9ccec4f70f31a45ac34db13d647deb0a60f71ce20e9357fcb57a2a17d9ac9350,440e9617346cae42399159e9fd361cb43b50262d938187e84d1cc4a872f4dca8
template_only,3,5,492,0,0.2832783701747162,20260627,9ccec4f70f31a45ac34db13d647deb0a60f71ce20e9357fcb57a2a17d9ac9350,440e9617346cae42399159e9fd361cb43b50262d938187e84d1cc4a872f4dca8
template_only,4,1,302,0,0.40785614609390597,20260628,43d4576df537443a3264e5c057a3cfbe98824c3a3152dc3892e41762d4412f24,05f50d44395f28de7854a38c9567b9edc015cf7a37d69ce602674798742deab9
template_only,4,1,305,0,0.6983684912862824,20260628,43d4576df537443a3264e5c057a3cfbe98824c3a3152dc3892e41762d4412f24,05f50d44395f28de7854a38c9567b9edc015cf7a37d69ce602674798742deab9
template_only,4,1,313,0,0.5728888493505514,20260628,43d4576df537443a3264e5c057a3cfbe98824c3a3152dc3892e41762d4412f24,05f50d44395f28de7854a38c9567b9edc015cf7a37d69ce602674798742deab9
template_only,4,1,319,1,0.7503011051859902,20260628,43d4576df537443a3264e5c057a3cfbe98824c3a3152dc3892e41762d4412f24,05f50d44395f28de7854a38c9567b9edc015cf7a37d69ce602674798742deab9
template_only,4,1,330,1,0.43355014817226506,20260628,43d4576df537443a3264e5c057a3cfbe98824c3a3152dc3892e41762d4412f24,05f50d44395f28de7854a38c9567b9edc015cf7a37d69ce602674798742deab9
template_only,4,1,339,1,0.6782839560490845,20260628,43d4576df537443a3264e5c057a3cfbe98824c3a3152dc3892e41762d4412f24,05f50d44395f28de7854a38c9567b9edc015cf7a37d69ce602674798742deab9
template_only,4,1,340,0,0.30910288305919464,20260628,43d4576df537443a3264e5c057a3cfbe98824c3a3152dc3892e41762d4412f24,05f50d44395f28de7854a38c9567b9edc015cf7a37d69ce602674798742deab9
template_only,4,1,343,0,0.6047416158836751,20260628,43d4576df537443a3264e5c057a3cfbe98824c3a3152dc3892e41762d4412f24,05f50d44395f28de7854a38c9567b9edc015cf7a37d69ce602674798742deab9
template_only,4,1,344,1,0.591440855055591,20260628,43d4576df537443a3264e5c057a3cfbe98824c3a3152dc3892e41762d4412f24,05f50d44395f28de7854a38c9567b9edc015cf7a37d69ce602674798742deab9
template_only,4,1,345,1,0.5461077087851278,20260628,43d4576df537443a3264e5c057a3cfbe98824c3a3152dc3892e41762d4412f24,05f50d44395f28de7854a38c9567b9edc015cf7a37d69ce602674798742deab9
template_only,4,1,355,1,0.6342292280054738,20260628,43d4576df537443a3264e5c057a3cfbe98824c3a3152dc3892e41762d4412f24,05f50d44395f28de7854a38c9567b9edc015cf7a37d69ce602674798742deab9
template_only,4,1,364,0,0.5954309862769881,20260628,43d4576df537443a3264e5c057a3cfbe98824c3a3152dc3892e41762d4412f24,05f50d44395f28de7854a38c9567b9edc015cf7a37d69ce602674798742deab9
template_only,4,1,370,0,0.31027169405275634,20260628,43d4576df537443a3264e5c057a3cfbe98824c3a3152dc3892e41762d4412f24,05f50d44395f28de7854a38c9567b9edc015cf7a37d69ce602674798742deab9
template_only,4,1,390,0,0.7736047139640085,20260628,43d4576df537443a3264e5c057a3cfbe98824c3a3152dc3892e41762d4412f24,05f50d44395f28de7854a38c9567b9edc015cf7a37d69ce602674798742deab9
template_only,4,1,393,0,0.3317251676404609,20260628,43d4576df537443a3264e5c057a3cfbe98824c3a3152dc3892e41762d4412f24,05f50d44395f28de7854a38c9567b9edc015cf7a37d69ce602674798742deab9
template_only,4,1,400,0,0.5943885969499995,20260628,43d4576df537443a3264e5c057a3cfbe98824c3a3152dc3892e41762d4412f24,05f50d44395f28de7854a38c9567b9edc015cf7a37d69ce602674798742deab9
template_only,4,1,404,0,0.3317251676404609,20260628,43d4576df537443a3264e5c057a3cfbe98824c3a3152dc3892e41762d4412f24,05f50d44395f28de7854a38c9567b9edc015cf7a37d69ce602674798742deab9
template_only,4,1,412,1,0.3317251676404609,20260628,43d4576df537443a3264e5c057a3cfbe98824c3a3152dc3892e41762d4412f24,05f50d44395f28de7854a38c9567b9edc015cf7a37d69ce602674798742deab9
template_only,4,1,414,1,0.6336652399200946,20260628,43d4576df537443a3264e5c057a3cfbe98824c3a3152dc3892e41762d4412f24,05f50d44395f28de7854a38c9567b9edc015cf7a37d69ce602674798742deab9
template_only,4,1,425,0,0.7562496834940848,20260628,43d4576df537443a3264e5c057a3cfbe98824c3a3152dc3892e41762d4412f24,05f50d44395f28de7854a38c9567b9edc015cf7a37d69ce602674798742deab9
template_only,4,1,427,0,0.3317251676404609,20260628,43d4576df537443a3264e5c057a3cfbe98824c3a3152dc3892e41762d4412f24,05f50d44395f28de7854a38c9567b9edc015cf7a37d69ce602674798742deab9
template_only,4,1,429,0,0.3251811013575211,20260628,43d4576df537443a3264e5c057a3cfbe98824c3a3152dc3892e41762d4412f24,05f50d44395f28de7854a38c9567b9edc015cf7a37d69ce602674798742deab9
template_only,4,1,436,0,0.3317251676404609,20260628,43d4576df537443a3264e5c057a3cfbe98824c3a3152dc3892e41762d4412f24,05f50d44395f28de7854a38c9567b9edc015cf7a37d69ce602674798742deab9
template_only,4,1,440,1,0.7157517904609243,20260628,43d4576df537443a3264e5c057a3cfbe98824c3a3152dc3892e41762d4412f24,05f50d44395f28de7854a38c9567b9edc015cf7a37d69ce602674798742deab9
template_only,4,1,449,0,0.31027169405275634,20260628,43d4576df537443a3264e5c057a3cfbe98824c3a3152dc3892e41762d4412f24,05f50d44395f28de7854a38c9567b9edc015cf7a37d69ce602674798742deab9
template_only,4,1,456,0,0.3317251676404609,20260628,43d4576df537443a3264e5c057a3cfbe98824c3a3152dc3892e41762d4412f24,05f50d44395f28de7854a38c9567b9edc015cf7a37d69ce602674798742deab9
template_only,4,1,482,0,0.3367170742742215,20260628,43d4576df537443a3264e5c057a3cfbe98824c3a3152dc3892e41762d4412f24,05f50d44395f28de7854a38c9567b9edc015cf7a37d69ce602674798742deab9
template_only,4,1,485,0,0.2416534269100066,20260628,43d4576df537443a3264e5c057a3cfbe98824c3a3152dc3892e41762d4412f24,05f50d44395f28de7854a38c9567b9edc015cf7a37d69ce602674798742deab9
template_only,4,1,487,0,0.31027169405275634,20260628,43d4576df537443a3264e5c057a3cfbe98824c3a3152dc3892e41762d4412f24,05f50d44395f28de7854a38c9567b9edc015cf7a37d69ce602674798742deab9
template_only,4,2,303,0,0.3562134078438415,20260628,4cf36b3a9510c9ae2de34fe040aedee932f46c25500790663ed966ae26395e45,09757f28c5fc6147e2c76be80cfbcc1cf6dedef37eb5d924f3d64560441fbcae
template_only,4,2,316,0,0.762886292716548,20260628,4cf36b3a9510c9ae2de34fe040aedee932f46c25500790663ed966ae26395e45,09757f28c5fc6147e2c76be80cfbcc1cf6dedef37eb5d924f3d64560441fbcae
template_only,4,2,325,1,0.5908929459030527,20260628,4cf36b3a9510c9ae2de34fe040aedee932f46c25500790663ed966ae26395e45,09757f28c5fc6147e2c76be80cfbcc1cf6dedef37eb5d924f3d64560441fbcae
template_only,4,2,328,0,0.32360300735626224,20260628,4cf36b3a9510c9ae2de34fe040aedee932f46c25500790663ed966ae26395e45,09757f28c5fc6147e2c76be80cfbcc1cf6dedef37eb5d924f3d64560441fbcae
template_only,4,2,333,0,0.3636533985747879,20260628,4cf36b3a9510c9ae2de34fe040aedee932f46c25500790663ed966ae26395e45,09757f28c5fc6147e2c76be80cfbcc1cf6dedef37eb5d924f3d64560441fbcae
template_only,4,2,346,1,0.5974987000688122,20260628,4cf36b3a9510c9ae2de34fe040aedee932f46c25500790663ed966ae26395e45,09757f28c5fc6147e2c76be80cfbcc1cf6dedef37eb5d924f3d64560441fbcae
template_only,4,2,347,1,0.4295643194284593,20260628,4cf36b3a9510c9ae2de34fe040aedee932f46c25500790663ed966ae26395e45,09757f28c5fc6147e2c76be80cfbcc1cf6dedef37eb5d924f3d64560441fbcae
template_only,4,2,350,1,0.7197247381308236,20260628,4cf36b3a9510c9ae2de34fe040aedee932f46c25500790663ed966ae26395e45,09757f28c5fc6147e2c76be80cfbcc1cf6dedef37eb5d924f3d64560441fbcae
template_only,4,2,360,0,0.46025383561587235,20260628,4cf36b3a9510c9ae2de34fe040aedee932f46c25500790663ed966ae26395e45,09757f28c5fc6147e2c76be80cfbcc1cf6dedef37eb5d924f3d64560441fbcae
template_only,4,2,363,0,0.3684590594749306,20260628,4cf36b3a9510c9ae2de34fe040aedee932f46c25500790663ed966ae26395e45,09757f28c5fc6147e2c76be80cfbcc1cf6dedef37eb5d924f3d64560441fbcae
template_only,4,2,369,0,0.3229844356448143,20260628,4cf36b3a9510c9ae2de34fe040aedee932f46c25500790663ed966ae26395e45,09757f28c5fc6147e2c76be80cfbcc1cf6dedef37eb5d924f3d64560441fbcae
template_only,4,2,389,1,0.6867383174600828,20260628,4cf36b3a9510c9ae2de34fe040aedee932f46c25500790663ed966ae26395e45,09757f28c5fc6147e2c76be80cfbcc1cf6dedef37eb5d924f3d64560441fbcae
template_only,4,2,392,0,0.24041148238578972,20260628,4cf36b3a9510c9ae2de34fe040aedee932f46c25500790663ed966ae26395e45,09757f28c5fc6147e2c76be80cfbcc1cf6dedef37eb5d924f3d64560441fbcae
template_only,4,2,401,0,0.33055048186047975,20260628,4cf36b3a9510c9ae2de34fe040aedee932f46c25500790663ed966ae26395e45,09757f28c5fc6147e2c76be80cfbcc1cf6dedef37eb5d924f3d64560441fbcae
template_only,4,2,415,0,0.33055048186047975,20260628,4cf36b3a9510c9ae2de34fe040aedee932f46c25500790663ed966ae26395e45,09757f28c5fc6147e2c76be80cfbcc1cf6dedef37eb5d924f3d64560441fbcae
template_only,4,2,418,1,0.6944448871255003,20260628,4cf36b3a9510c9ae2de34fe040aedee932f46c25500790663ed966ae26395e45,09757f28c5fc6147e2c76be80cfbcc1cf6dedef37eb5d924f3d64560441fbcae
template_only,4,2,420,0,0.33055048186047975,20260628,4cf36b3a9510c9ae2de34fe040aedee932f46c25500790663ed966ae26395e45,09757f28c5fc6147e2c76be80cfbcc1cf6dedef37eb5d924f3d64560441fbcae
template_only,4,2,433,1,0.33055048186047975,20260628,4cf36b3a9510c9ae2de34fe040aedee932f46c25500790663ed966ae26395e45,09757f28c5fc6147e2c76be80cfbcc1cf6dedef37eb5d924f3d64560441fbcae
template_only,4,2,437,0,0.33055048186047975,20260628,4cf36b3a9510c9ae2de34fe040aedee932f46c25500790663ed966ae26395e45,09757f28c5fc6147e2c76be80cfbcc1cf6dedef37eb5d924f3d64560441fbcae
template_only,4,2,439,0,0.3348575167765968,20260628,4cf36b3a9510c9ae2de34fe040aedee932f46c25500790663ed966ae26395e45,09757f28c5fc6147e2c76be80cfbcc1cf6dedef37eb5d924f3d64560441fbcae
template_only,4,2,441,1,0.6967350442942319,20260628,4cf36b3a9510c9ae2de34fe040aedee932f46c25500790663ed966ae26395e45,09757f28c5fc6147e2c76be80cfbcc1cf6dedef37eb5d924f3d64560441fbcae
template_only,4,2,444,0,0.3348575167765968,20260628,4cf36b3a9510c9ae2de34fe040aedee932f46c25500790663ed966ae26395e45,09757f28c5fc6147e2c76be80cfbcc1cf6dedef37eb5d924f3d64560441fbcae
template_only,4,2,446,0,0.3348575167765968,20260628,4cf36b3a9510c9ae2de34fe040aedee932f46c25500790663ed966ae26395e45,09757f28c5fc6147e2c76be80cfbcc1cf6dedef37eb5d924f3d64560441fbcae
template_only,4,2,447,0,0.33055048186047975,20260628,4cf36b3a9510c9ae2de34fe040aedee932f46c25500790663ed966ae26395e45,09757f28c5fc6147e2c76be80cfbcc1cf6dedef37eb5d924f3d64560441fbcae
template_only,4,2,459,1,0.6946706365806989,20260628,4cf36b3a9510c9ae2de34fe040aedee932f46c25500790663ed966ae26395e45,09757f28c5fc6147e2c76be80cfbcc1cf6dedef37eb5d924f3d64560441fbcae
template_only,4,2,468,0,0.33055048186047975,20260628,4cf36b3a9510c9ae2de34fe040aedee932f46c25500790663ed966ae26395e45,09757f28c5fc6147e2c76be80cfbcc1cf6dedef37eb5d924f3d64560441fbcae
template_only,4,2,476,0,0.33055048186047975,20260628,4cf36b3a9510c9ae2de34fe040aedee932f46c25500790663ed966ae26395e45,09757f28c5fc6147e2c76be80cfbcc1cf6dedef37eb5d924f3d64560441fbcae
template_only,4,2,477,0,0.33055048186047975,20260628,4cf36b3a9510c9ae2de34fe040aedee932f46c25500790663ed966ae26395e45,09757f28c5fc6147e2c76be80cfbcc1cf6dedef37eb5d924f3d64560441fbcae
template_only,4,2,491,0,0.5346342936154029,20260628,4cf36b3a9510c9ae2de34fe040aedee932f46c25500790663ed966ae26395e45,09757f28c5fc6147e2c76be80cfbcc1cf6dedef37eb5d924f3d64560441fbcae
template_only,4,3,310,0,0.28840001959675604,20260628,0e2954ba7aab83a697256619ec2e53b27b7df4e5dd7ebb6963a9e3d18d2452e1,bc28ca8b123dfffa1ad107301c242826fb3a5297311658619bbf86617677088b
template_only,4,3,315,0,0.31085754062777443,20260628,0e2954ba7aab83a697256619ec2e53b27b7df4e5dd7ebb6963a9e3d18d2452e1,bc28ca8b123dfffa1ad107301c242826fb3a5297311658619bbf86617677088b
template_only,4,3,326,0,0.30996646888926765,20260628,0e2954ba7aab83a697256619ec2e53b27b7df4e5dd7ebb6963a9e3d18d2452e1,bc28ca8b123dfffa1ad107301c242826fb3a5297311658619bbf86617677088b
template_only,4,3,327,0,0.6472651431483915,20260628,0e2954ba7aab83a697256619ec2e53b27b7df4e5dd7ebb6963a9e3d18d2452e1,bc28ca8b123dfffa1ad107301c242826fb3a5297311658619bbf86617677088b
template_only,4,3,331,0,0.710269060436785,20260628,0e2954ba7aab83a697256619ec2e53b27b7df4e5dd7ebb6963a9e3d18d2452e1,bc28ca8b123dfffa1ad107301c242826fb3a5297311658619bbf86617677088b
template_only,4,3,335,1,0.40845794192840534,20260628,0e2954ba7aab83a697256619ec2e53b27b7df4e5dd7ebb6963a9e3d18d2452e1,bc28ca8b123dfffa1ad107301c242826fb3a5297311658619bbf86617677088b
template_only,4,3,338,1,0.785400241099607,20260628,0e2954ba7aab83a697256619ec2e53b27b7df4e5dd7ebb6963a9e3d18d2452e1,bc28ca8b123dfffa1ad107301c242826fb3a5297311658619bbf86617677088b
template_only,4,3,351,1,0.8448673965252219,20260628,0e2954ba7aab83a697256619ec2e53b27b7df4e5dd7ebb6963a9e3d18d2452e1,bc28ca8b123dfffa1ad107301c242826fb3a5297311658619bbf86617677088b
template_only,4,3,353,1,0.6119800989320106,20260628,0e2954ba7aab83a697256619ec2e53b27b7df4e5dd7ebb6963a9e3d18d2452e1,bc28ca8b123dfffa1ad107301c242826fb3a5297311658619bbf86617677088b
template_only,4,3,372,1,0.5632218569432379,20260628,0e2954ba7aab83a697256619ec2e53b27b7df4e5dd7ebb6963a9e3d18d2452e1,bc28ca8b123dfffa1ad107301c242826fb3a5297311658619bbf86617677088b
template_only,4,3,374,0,0.7600415668637737,20260628,0e2954ba7aab83a697256619ec2e53b27b7df4e5dd7ebb6963a9e3d18d2452e1,bc28ca8b123dfffa1ad107301c242826fb3a5297311658619bbf86617677088b
template_only,4,3,375,0,0.24113900574640257,20260628,0e2954ba7aab83a697256619ec2e53b27b7df4e5dd7ebb6963a9e3d18d2452e1,bc28ca8b123dfffa1ad107301c242826fb3a5297311658619bbf86617677088b
template_only,4,3,380,1,0.29079070114041555,20260628,0e2954ba7aab83a697256619ec2e53b27b7df4e5dd7ebb6963a9e3d18d2452e1,bc28ca8b123dfffa1ad107301c242826fb3a5297311658619bbf86617677088b
template_only,4,3,383,0,0.2853488452364673,20260628,0e2954ba7aab83a697256619ec2e53b27b7df4e5dd7ebb6963a9e3d18d2452e1,bc28ca8b123dfffa1ad107301c242826fb3a5297311658619bbf86617677088b
template_only,4,3,388,1,0.29079070114041555,20260628,0e2954ba7aab83a697256619ec2e53b27b7df4e5dd7ebb6963a9e3d18d2452e1,bc28ca8b123dfffa1ad107301c242826fb3a5297311658619bbf86617677088b
template_only,4,3,395,0,0.2990917871813955,20260628,0e2954ba7aab83a697256619ec2e53b27b7df4e5dd7ebb6963a9e3d18d2452e1,bc28ca8b123dfffa1ad107301c242826fb3a5297311658619bbf86617677088b
template_only,4,3,403,0,0.2853488452364673,20260628,0e2954ba7aab83a697256619ec2e53b27b7df4e5dd7ebb6963a9e3d18d2452e1,bc28ca8b123dfffa1ad107301c242826fb3a5297311658619bbf86617677088b
template_only,4,3,422,1,0.2949250425942241,20260628,0e2954ba7aab83a697256619ec2e53b27b7df4e5dd7ebb6963a9e3d18d2452e1,bc28ca8b123dfffa1ad107301c242826fb3a5297311658619bbf86617677088b
template_only,4,3,430,0,0.7721090759057636,20260628,0e2954ba7aab83a697256619ec2e53b27b7df4e5dd7ebb6963a9e3d18d2452e1,bc28ca8b123dfffa1ad107301c242826fb3a5297311658619bbf86617677088b
template_only,4,3,434,0,0.29079070114041555,20260628,0e2954ba7aab83a697256619ec2e53b27b7df4e5dd7ebb6963a9e3d18d2452e1,bc28ca8b123dfffa1ad107301c242826fb3a5297311658619bbf86617677088b
template_only,4,3,455,0,0.2853488452364673,20260628,0e2954ba7aab83a697256619ec2e53b27b7df4e5dd7ebb6963a9e3d18d2452e1,bc28ca8b123dfffa1ad107301c242826fb3a5297311658619bbf86617677088b
template_only,4,3,464,0,0.2853488452364673,20260628,0e2954ba7aab83a697256619ec2e53b27b7df4e5dd7ebb6963a9e3d18d2452e1,bc28ca8b123dfffa1ad107301c242826fb3a5297311658619bbf86617677088b
template_only,4,3,475,0,0.2853488452364673,20260628,0e2954ba7aab83a697256619ec2e53b27b7df4e5dd7ebb6963a9e3d18d2452e1,bc28ca8b123dfffa1ad107301c242826fb3a5297311658619bbf86617677088b
template_only,4,3,479,0,0.22882325078522012,20260628,0e2954ba7aab83a697256619ec2e53b27b7df4e5dd7ebb6963a9e3d18d2452e1,bc28ca8b123dfffa1ad107301c242826fb3a5297311658619bbf86617677088b
template_only,4,3,488,0,0.29079070114041555,20260628,0e2954ba7aab83a697256619ec2e53b27b7df4e5dd7ebb6963a9e3d18d2452e1,bc28ca8b123dfffa1ad107301c242826fb3a5297311658619bbf86617677088b
template_only,4,3,489,0,0.29079070114041555,20260628,0e2954ba7aab83a697256619ec2e53b27b7df4e5dd7ebb6963a9e3d18d2452e1,bc28ca8b123dfffa1ad107301c242826fb3a5297311658619bbf86617677088b
template_only,4,3,490,0,0.29079070114041555,20260628,0e2954ba7aab83a697256619ec2e53b27b7df4e5dd7ebb6963a9e3d18d2452e1,bc28ca8b123dfffa1ad107301c242826fb3a5297311658619bbf86617677088b
template_only,4,3,492,0,0.2853488452364673,20260628,0e2954ba7aab83a697256619ec2e53b27b7df4e5dd7ebb6963a9e3d18d2452e1,bc28ca8b123dfffa1ad107301c242826fb3a5297311658619bbf86617677088b
template_only,4,4,304,0,0.4659384936756554,20260628,7aa19d0459bb0993e6cd955f8d1a6c5744c45421a0c99c077ec0da27d353d3cb,b0b8f2818b96349efeb9dd97c1f64014dc928ecd0454b9acfc268cb9128f6d8e
template_only,4,4,307,0,0.4659384936756554,20260628,7aa19d0459bb0993e6cd955f8d1a6c5744c45421a0c99c077ec0da27d353d3cb,b0b8f2818b96349efeb9dd97c1f64014dc928ecd0454b9acfc268cb9128f6d8e
template_only,4,4,312,0,0.3646803763224085,20260628,7aa19d0459bb0993e6cd955f8d1a6c5744c45421a0c99c077ec0da27d353d3cb,b0b8f2818b96349efeb9dd97c1f64014dc928ecd0454b9acfc268cb9128f6d8e
template_only,4,4,318,0,0.38083413452884973,20260628,7aa19d0459bb0993e6cd955f8d1a6c5744c45421a0c99c077ec0da27d353d3cb,b0b8f2818b96349efeb9dd97c1f64014dc928ecd0454b9acfc268cb9128f6d8e
template_only,4,4,321,1,0.7451458194307325,20260628,7aa19d0459bb0993e6cd955f8d1a6c5744c45421a0c99c077ec0da27d353d3cb,b0b8f2818b96349efeb9dd97c1f64014dc928ecd0454b9acfc268cb9128f6d8e
template_only,4,4,322,0,0.6489700977827255,20260628,7aa19d0459bb0993e6cd955f8d1a6c5744c45421a0c99c077ec0da27d353d3cb,b0b8f2818b96349efeb9dd97c1f64014dc928ecd0454b9acfc268cb9128f6d8e
template_only,4,4,341,0,0.38920243357677936,20260628,7aa19d0459bb0993e6cd955f8d1a6c5744c45421a0c99c077ec0da27d353d3cb,b0b8f2818b96349efeb9dd97c1f64014dc928ecd0454b9acfc268cb9128f6d8e
template_only,4,4,356,1,0.8568639150723252,20260628,7aa19d0459bb0993e6cd955f8d1a6c5744c45421a0c99c077ec0da27d353d3cb,b0b8f2818b96349efeb9dd97c1f64014dc928ecd0454b9acfc268cb9128f6d8e
template_only,4,4,357,0,0.5363283364250926,20260628,7aa19d0459bb0993e6cd955f8d1a6c5744c45421a0c99c077ec0da27d353d3cb,b0b8f2818b96349efeb9dd97c1f64014dc928ecd0454b9acfc268cb9128f6d8e
template_only,4,4,358,0,0.7966328531896685,20260628,7aa19d0459bb0993e6cd955f8d1a6c5744c45421a0c99c077ec0da27d353d3cb,b0b8f2818b96349efeb9dd97c1f64014dc928ecd0454b9acfc268cb9128f6d8e
template_only,4,4,366,0,0.29821474534029574,20260628,7aa19d0459bb0993e6cd955f8d1a6c5744c45421a0c99c077ec0da27d353d3cb,b0b8f2818b96349efeb9dd97c1f64014dc928ecd0454b9acfc268cb9128f6d8e
template_only,4,4,367,1,0.7254333684264981,20260628,7aa19d0459bb0993e6cd955f8d1a6c5744c45421a0c99c077ec0da27d353d3cb,b0b8f2818b96349efeb9dd97c1f64014dc928ecd0454b9acfc268cb9128f6d8e
template_only,4,4,377,1,0.6519213731810212,20260628,7aa19d0459bb0993e6cd955f8d1a6c5744c45421a0c99c077ec0da27d353d3cb,b0b8f2818b96349efeb9dd97c1f64014dc928ecd0454b9acfc268cb9128f6d8e
template_only,4,4,379,0,0.3184786925245693,20260628,7aa19d0459bb0993e6cd955f8d1a6c5744c45421a0c99c077ec0da27d353d3cb,b0b8f2818b96349efeb9dd97c1f64014dc928ecd0454b9acfc268cb9128f6d8e
template_only,4,4,382,0,0.3147862006853136,20260628,7aa19d0459bb0993e6cd955f8d1a6c5744c45421a0c99c077ec0da27d353d3cb,b0b8f2818b96349efeb9dd97c1f64014dc928ecd0454b9acfc268cb9128f6d8e
template_only,4,4,386,1,0.3147862006853136,20260628,7aa19d0459bb0993e6cd955f8d1a6c5744c45421a0c99c077ec0da27d353d3cb,b0b8f2818b96349efeb9dd97c1f64014dc928ecd0454b9acfc268cb9128f6d8e
template_only,4,4,397,0,0.3147862006853136,20260628,7aa19d0459bb0993e6cd955f8d1a6c5744c45421a0c99c077ec0da27d353d3cb,b0b8f2818b96349efeb9dd97c1f64014dc928ecd0454b9acfc268cb9128f6d8e
template_only,4,4,402,1,0.6058936080567814,20260628,7aa19d0459bb0993e6cd955f8d1a6c5744c45421a0c99c077ec0da27d353d3cb,b0b8f2818b96349efeb9dd97c1f64014dc928ecd0454b9acfc268cb9128f6d8e
template_only,4,4,413,1,0.4870183017705771,20260628,7aa19d0459bb0993e6cd955f8d1a6c5744c45421a0c99c077ec0da27d353d3cb,b0b8f2818b96349efeb9dd97c1f64014dc928ecd0454b9acfc268cb9128f6d8e
template_only,4,4,416,0,0.3147862006853136,20260628,7aa19d0459bb0993e6cd955f8d1a6c5744c45421a0c99c077ec0da27d353d3cb,b0b8f2818b96349efeb9dd97c1f64014dc928ecd0454b9acfc268cb9128f6d8e
template_only,4,4,426,1,0.6124568736386344,20260628,7aa19d0459bb0993e6cd955f8d1a6c5744c45421a0c99c077ec0da27d353d3cb,b0b8f2818b96349efeb9dd97c1f64014dc928ecd0454b9acfc268cb9128f6d8e
template_only,4,4,443,0,0.22954008965555542,20260628,7aa19d0459bb0993e6cd955f8d1a6c5744c45421a0c99c077ec0da27d353d3cb,b0b8f2818b96349efeb9dd97c1f64014dc928ecd0454b9acfc268cb9128f6d8e
template_only,4,4,457,0,0.22954008965555542,20260628,7aa19d0459bb0993e6cd955f8d1a6c5744c45421a0c99c077ec0da27d353d3cb,b0b8f2818b96349efeb9dd97c1f64014dc928ecd0454b9acfc268cb9128f6d8e
template_only,4,4,458,0,0.4919145006337557,20260628,7aa19d0459bb0993e6cd955f8d1a6c5744c45421a0c99c077ec0da27d353d3cb,b0b8f2818b96349efeb9dd97c1f64014dc928ecd0454b9acfc268cb9128f6d8e
template_only,4,4,463,0,0.3147862006853136,20260628,7aa19d0459bb0993e6cd955f8d1a6c5744c45421a0c99c077ec0da27d353d3cb,b0b8f2818b96349efeb9dd97c1f64014dc928ecd0454b9acfc268cb9128f6d8e
template_only,4,4,471,0,0.31930364251754056,20260628,7aa19d0459bb0993e6cd955f8d1a6c5744c45421a0c99c077ec0da27d353d3cb,b0b8f2818b96349efeb9dd97c1f64014dc928ecd0454b9acfc268cb9128f6d8e
template_only,4,4,478,0,0.7083994724167655,20260628,7aa19d0459bb0993e6cd955f8d1a6c5744c45421a0c99c077ec0da27d353d3cb,b0b8f2818b96349efeb9dd97c1f64014dc928ecd0454b9acfc268cb9128f6d8e
template_only,4,4,486,0,0.3147862006853136,20260628,7aa19d0459bb0993e6cd955f8d1a6c5744c45421a0c99c077ec0da27d353d3cb,b0b8f2818b96349efeb9dd97c1f64014dc928ecd0454b9acfc268cb9128f6d8e
template_only,4,5,317,0,0.7565002705754089,20260628,762fe24b4af2d40ef2918bfe911c39b7ef42c429c383fde6aebd23542af3c045,ed527e63aa30daa6a6010d52d413e8842789ee62da4dca30cd9f3876e2a2e5dc
template_only,4,5,320,1,0.7140843796754089,20260628,762fe24b4af2d40ef2918bfe911c39b7ef42c429c383fde6aebd23542af3c045,ed527e63aa30daa6a6010d52d413e8842789ee62da4dca30cd9f3876e2a2e5dc
template_only,4,5,324,0,0.6646003791702187,20260628,762fe24b4af2d40ef2918bfe911c39b7ef42c429c383fde6aebd23542af3c045,ed527e63aa30daa6a6010d52d413e8842789ee62da4dca30cd9f3876e2a2e5dc
template_only,4,5,336,0,0.45088682763250976,20260628,762fe24b4af2d40ef2918bfe911c39b7ef42c429c383fde6aebd23542af3c045,ed527e63aa30daa6a6010d52d413e8842789ee62da4dca30cd9f3876e2a2e5dc
template_only,4,5,348,1,0.7315292160987086,20260628,762fe24b4af2d40ef2918bfe911c39b7ef42c429c383fde6aebd23542af3c045,ed527e63aa30daa6a6010d52d413e8842789ee62da4dca30cd9f3876e2a2e5dc
template_only,4,5,352,1,0.45088682763250976,20260628,762fe24b4af2d40ef2918bfe911c39b7ef42c429c383fde6aebd23542af3c045,ed527e63aa30daa6a6010d52d413e8842789ee62da4dca30cd9f3876e2a2e5dc
template_only,4,5,362,1,0.7602731633662451,20260628,762fe24b4af2d40ef2918bfe911c39b7ef42c429c383fde6aebd23542af3c045,ed527e63aa30daa6a6010d52d413e8842789ee62da4dca30cd9f3876e2a2e5dc
template_only,4,5,368,0,0.3015202358067553,20260628,762fe24b4af2d40ef2918bfe911c39b7ef42c429c383fde6aebd23542af3c045,ed527e63aa30daa6a6010d52d413e8842789ee62da4dca30cd9f3876e2a2e5dc
template_only,4,5,371,0,0.24863797201095253,20260628,762fe24b4af2d40ef2918bfe911c39b7ef42c429c383fde6aebd23542af3c045,ed527e63aa30daa6a6010d52d413e8842789ee62da4dca30cd9f3876e2a2e5dc
template_only,4,5,376,1,0.5573613272031098,20260628,762fe24b4af2d40ef2918bfe911c39b7ef42c429c383fde6aebd23542af3c045,ed527e63aa30daa6a6010d52d413e8842789ee62da4dca30cd9f3876e2a2e5dc
template_only,4,5,381,1,0.5323361616384852,20260628,762fe24b4af2d40ef2918bfe911c39b7ef42c429c383fde6aebd23542af3c045,ed527e63aa30daa6a6010d52d413e8842789ee62da4dca30cd9f3876e2a2e5dc
template_only,4,5,385,0,0.31514773096839804,20260628,762fe24b4af2d40ef2918bfe911c39b7ef42c429c383fde6aebd23542af3c045,ed527e63aa30daa6a6010d52d413e8842789ee62da4dca30cd9f3876e2a2e5dc
template_only,4,5,391,0,0.33413773937038455,20260628,762fe24b4af2d40ef2918bfe911c39b7ef42c429c383fde6aebd23542af3c045,ed527e63aa30daa6a6010d52d413e8842789ee62da4dca30cd9f3876e2a2e5dc
template_only,4,5,406,0,0.3015202358067553,20260628,762fe24b4af2d40ef2918bfe911c39b7ef42c429c383fde6aebd23542af3c045,ed527e63aa30daa6a6010d52d413e8842789ee62da4dca30cd9f3876e2a2e5dc
template_only,4,5,409,1,0.3015202358067553,20260628,762fe24b4af2d40ef2918bfe911c39b7ef42c429c383fde6aebd23542af3c045,ed527e63aa30daa6a6010d52d413e8842789ee62da4dca30cd9f3876e2a2e5dc
template_only,4,5,417,0,0.40280857116748175,20260628,762fe24b4af2d40ef2918bfe911c39b7ef42c429c383fde6aebd23542af3c045,ed527e63aa30daa6a6010d52d413e8842789ee62da4dca30cd9f3876e2a2e5dc
template_only,4,5,419,0,0.3015202358067553,20260628,762fe24b4af2d40ef2918bfe911c39b7ef42c429c383fde6aebd23542af3c045,ed527e63aa30daa6a6010d52d413e8842789ee62da4dca30cd9f3876e2a2e5dc
template_only,4,5,423,0,0.5981420399544866,20260628,762fe24b4af2d40ef2918bfe911c39b7ef42c429c383fde6aebd23542af3c045,ed527e63aa30daa6a6010d52d413e8842789ee62da4dca30cd9f3876e2a2e5dc
template_only,4,5,428,0,0.27259772220357237,20260628,762fe24b4af2d40ef2918bfe911c39b7ef42c429c383fde6aebd23542af3c045,ed527e63aa30daa6a6010d52d413e8842789ee62da4dca30cd9f3876e2a2e5dc
template_only,4,5,445,0,0.3015202358067553,20260628,762fe24b4af2d40ef2918bfe911c39b7ef42c429c383fde6aebd23542af3c045,ed527e63aa30daa6a6010d52d413e8842789ee62da4dca30cd9f3876e2a2e5dc
template_only,4,5,448,1,0.5825886458357818,20260628,762fe24b4af2d40ef2918bfe911c39b7ef42c429c383fde6aebd23542af3c045,ed527e63aa30daa6a6010d52d413e8842789ee62da4dca30cd9f3876e2a2e5dc
template_only,4,5,451,0,0.4786831605045024,20260628,762fe24b4af2d40ef2918bfe911c39b7ef42c429c383fde6aebd23542af3c045,ed527e63aa30daa6a6010d52d413e8842789ee62da4dca30cd9f3876e2a2e5dc
template_only,4,5,454,0,0.23285926873848153,20260628,762fe24b4af2d40ef2918bfe911c39b7ef42c429c383fde6aebd23542af3c045,ed527e63aa30daa6a6010d52d413e8842789ee62da4dca30cd9f3876e2a2e5dc
template_only,4,5,472,0,0.3015202358067553,20260628,762fe24b4af2d40ef2918bfe911c39b7ef42c429c383fde6aebd23542af3c045,ed527e63aa30daa6a6010d52d413e8842789ee62da4dca30cd9f3876e2a2e5dc
template_only,4,5,473,0,0.23285926873848153,20260628,762fe24b4af2d40ef2918bfe911c39b7ef42c429c383fde6aebd23542af3c045,ed527e63aa30daa6a6010d52d413e8842789ee62da4dca30cd9f3876e2a2e5dc
template_only,4,5,474,0,0.3193521892809707,20260628,762fe24b4af2d40ef2918bfe911c39b7ef42c429c383fde6aebd23542af3c045,ed527e63aa30daa6a6010d52d413e8842789ee62da4dca30cd9f3876e2a2e5dc
template_only,4,5,483,1,0.5802336680672149,20260628,762fe24b4af2d40ef2918bfe911c39b7ef42c429c383fde6aebd23542af3c045,ed527e63aa30daa6a6010d52d413e8842789ee62da4dca30cd9f3876e2a2e5dc
template_only,4,5,484,0,0.7255471482572685,20260628,762fe24b4af2d40ef2918bfe911c39b7ef42c429c383fde6aebd23542af3c045,ed527e63aa30daa6a6010d52d413e8842789ee62da4dca30cd9f3876e2a2e5dc
template_only,5,1,310,0,0.3446803251793805,20260629,3d5d5a969d4418718f57bc7a8ec260d5db9bdb960986ece972ce17286b9daf33,6f9de77bd0ee0dba26707829b7c4c344eb6d6012960e32c0f2d4b797387cc340
template_only,5,1,313,0,0.46876068868901793,20260629,3d5d5a969d4418718f57bc7a8ec260d5db9bdb960986ece972ce17286b9daf33,6f9de77bd0ee0dba26707829b7c4c344eb6d6012960e32c0f2d4b797387cc340
template_only,5,1,316,0,0.7781559382639318,20260629,3d5d5a969d4418718f57bc7a8ec260d5db9bdb960986ece972ce17286b9daf33,6f9de77bd0ee0dba26707829b7c4c344eb6d6012960e32c0f2d4b797387cc340
template_only,5,1,319,1,0.7294955449890806,20260629,3d5d5a969d4418718f57bc7a8ec260d5db9bdb960986ece972ce17286b9daf33,6f9de77bd0ee0dba26707829b7c4c344eb6d6012960e32c0f2d4b797387cc340
template_only,5,1,320,1,0.6789690858696928,20260629,3d5d5a969d4418718f57bc7a8ec260d5db9bdb960986ece972ce17286b9daf33,6f9de77bd0ee0dba26707829b7c4c344eb6d6012960e32c0f2d4b797387cc340
template_only,5,1,348,1,0.7193686565447983,20260629,3d5d5a969d4418718f57bc7a8ec260d5db9bdb960986ece972ce17286b9daf33,6f9de77bd0ee0dba26707829b7c4c344eb6d6012960e32c0f2d4b797387cc340
template_only,5,1,356,1,0.8511822889963669,20260629,3d5d5a969d4418718f57bc7a8ec260d5db9bdb960986ece972ce17286b9daf33,6f9de77bd0ee0dba26707829b7c4c344eb6d6012960e32c0f2d4b797387cc340
template_only,5,1,368,0,0.3347467522050605,20260629,3d5d5a969d4418718f57bc7a8ec260d5db9bdb960986ece972ce17286b9daf33,6f9de77bd0ee0dba26707829b7c4c344eb6d6012960e32c0f2d4b797387cc340
template_only,5,1,369,0,0.3474121962579861,20260629,3d5d5a969d4418718f57bc7a8ec260d5db9bdb960986ece972ce17286b9daf33,6f9de77bd0ee0dba26707829b7c4c344eb6d6012960e32c0f2d4b797387cc340
template_only,5,1,379,0,0.3434211095111253,20260629,3d5d5a969d4418718f57bc7a8ec260d5db9bdb960986ece972ce17286b9daf33,6f9de77bd0ee0dba26707829b7c4c344eb6d6012960e32c0f2d4b797387cc340
template_only,5,1,381,1,0.5371056450916692,20260629,3d5d5a969d4418718f57bc7a8ec260d5db9bdb960986ece972ce17286b9daf33,6f9de77bd0ee0dba26707829b7c4c344eb6d6012960e32c0f2d4b797387cc340
template_only,5,1,385,0,0.3398232135735398,20260629,3d5d5a969d4418718f57bc7a8ec260d5db9bdb960986ece972ce17286b9daf33,6f9de77bd0ee0dba26707829b7c4c344eb6d6012960e32c0f2d4b797387cc340
template_only,5,1,413,1,0.4739950115410997,20260629,3d5d5a969d4418718f57bc7a8ec260d5db9bdb960986ece972ce17286b9daf33,6f9de77bd0ee0dba26707829b7c4c344eb6d6012960e32c0f2d4b797387cc340
template_only,5,1,414,1,0.5398586629443795,20260629,3d5d5a969d4418718f57bc7a8ec260d5db9bdb960986ece972ce17286b9daf33,6f9de77bd0ee0dba26707829b7c4c344eb6d6012960e32c0f2d4b797387cc340
template_only,5,1,415,0,0.34030461036132553,20260629,3d5d5a969d4418718f57bc7a8ec260d5db9bdb960986ece972ce17286b9daf33,6f9de77bd0ee0dba26707829b7c4c344eb6d6012960e32c0f2d4b797387cc340
template_only,5,1,419,0,0.3347467522050605,20260629,3d5d5a969d4418718f57bc7a8ec260d5db9bdb960986ece972ce17286b9daf33,6f9de77bd0ee0dba26707829b7c4c344eb6d6012960e32c0f2d4b797387cc340
template_only,5,1,425,0,0.7088437773793167,20260629,3d5d5a969d4418718f57bc7a8ec260d5db9bdb960986ece972ce17286b9daf33,6f9de77bd0ee0dba26707829b7c4c344eb6d6012960e32c0f2d4b797387cc340
template_only,5,1,444,0,0.3347467522050605,20260629,3d5d5a969d4418718f57bc7a8ec260d5db9bdb960986ece972ce17286b9daf33,6f9de77bd0ee0dba26707829b7c4c344eb6d6012960e32c0f2d4b797387cc340
template_only,5,1,445,0,0.3347467522050605,20260629,3d5d5a969d4418718f57bc7a8ec260d5db9bdb960986ece972ce17286b9daf33,6f9de77bd0ee0dba26707829b7c4c344eb6d6012960e32c0f2d4b797387cc340
template_only,5,1,448,1,0.5821299036643365,20260629,3d5d5a969d4418718f57bc7a8ec260d5db9bdb960986ece972ce17286b9daf33,6f9de77bd0ee0dba26707829b7c4c344eb6d6012960e32c0f2d4b797387cc340
template_only,5,1,457,0,0.24538686604550863,20260629,3d5d5a969d4418718f57bc7a8ec260d5db9bdb960986ece972ce17286b9daf33,6f9de77bd0ee0dba26707829b7c4c344eb6d6012960e32c0f2d4b797387cc340
template_only,5,1,458,0,0.4760320088559958,20260629,3d5d5a969d4418718f57bc7a8ec260d5db9bdb960986ece972ce17286b9daf33,6f9de77bd0ee0dba26707829b7c4c344eb6d6012960e32c0f2d4b797387cc340
template_only,5,1,463,0,0.34030461036132553,20260629,3d5d5a969d4418718f57bc7a8ec260d5db9bdb960986ece972ce17286b9daf33,6f9de77bd0ee0dba26707829b7c4c344eb6d6012960e32c0f2d4b797387cc340
template_only,5,1,468,0,0.34030461036132553,20260629,3d5d5a969d4418718f57bc7a8ec260d5db9bdb960986ece972ce17286b9daf33,6f9de77bd0ee0dba26707829b7c4c344eb6d6012960e32c0f2d4b797387cc340
template_only,5,1,471,0,0.353500976969987,20260629,3d5d5a969d4418718f57bc7a8ec260d5db9bdb960986ece972ce17286b9daf33,6f9de77bd0ee0dba26707829b7c4c344eb6d6012960e32c0f2d4b797387cc340
template_only,5,1,474,0,0.34030461036132553,20260629,3d5d5a969d4418718f57bc7a8ec260d5db9bdb960986ece972ce17286b9daf33,6f9de77bd0ee0dba26707829b7c4c344eb6d6012960e32c0f2d4b797387cc340
template_only,5,1,475,0,0.3347467522050605,20260629,3d5d5a969d4418718f57bc7a8ec260d5db9bdb960986ece972ce17286b9daf33,6f9de77bd0ee0dba26707829b7c4c344eb6d6012960e32c0f2d4b797387cc340
template_only,5,1,482,0,0.34760691235605456,20260629,3d5d5a969d4418718f57bc7a8ec260d5db9bdb960986ece972ce17286b9daf33,6f9de77bd0ee0dba26707829b7c4c344eb6d6012960e32c0f2d4b797387cc340
template_only,5,1,483,1,0.5370782747254527,20260629,3d5d5a969d4418718f57bc7a8ec260d5db9bdb960986ece972ce17286b9daf33,6f9de77bd0ee0dba26707829b7c4c344eb6d6012960e32c0f2d4b797387cc340
template_only,5,2,302,0,0.4613826825605762,20260629,b26985cba149a54a4479773554e71c9fe5328bb275a085ba27acd7c3562fb628,041ac17d888dc108fb8e5f61822fb393fcbd491b68bdd2afad6ba5ac65b04cc3
template_only,5,2,303,0,0.42412937996768457,20260629,b26985cba149a54a4479773554e71c9fe5328bb275a085ba27acd7c3562fb628,041ac17d888dc108fb8e5f61822fb393fcbd491b68bdd2afad6ba5ac65b04cc3
template_only,5,2,307,0,0.4068159870655274,20260629,b26985cba149a54a4479773554e71c9fe5328bb275a085ba27acd7c3562fb628,041ac17d888dc108fb8e5f61822fb393fcbd491b68bdd2afad6ba5ac65b04cc3
template_only,5,2,312,0,0.3369011171468,20260629,b26985cba149a54a4479773554e71c9fe5328bb275a085ba27acd7c3562fb628,041ac17d888dc108fb8e5f61822fb393fcbd491b68bdd2afad6ba5ac65b04cc3
template_only,5,2,317,0,0.7923901570947338,20260629,b26985cba149a54a4479773554e71c9fe5328bb275a085ba27acd7c3562fb628,041ac17d888dc108fb8e5f61822fb393fcbd491b68bdd2afad6ba5ac65b04cc3
template_only,5,2,318,0,0.3459107992984771,20260629,b26985cba149a54a4479773554e71c9fe5328bb275a085ba27acd7c3562fb628,041ac17d888dc108fb8e5f61822fb393fcbd491b68bdd2afad6ba5ac65b04cc3
template_only,5,2,331,0,0.7144918344434829,20260629,b26985cba149a54a4479773554e71c9fe5328bb275a085ba27acd7c3562fb628,041ac17d888dc108fb8e5f61822fb393fcbd491b68bdd2afad6ba5ac65b04cc3
template_only,5,2,333,0,0.33829966298872105,20260629,b26985cba149a54a4479773554e71c9fe5328bb275a085ba27acd7c3562fb628,041ac17d888dc108fb8e5f61822fb393fcbd491b68bdd2afad6ba5ac65b04cc3
template_only,5,2,338,1,0.8179194467401352,20260629,b26985cba149a54a4479773554e71c9fe5328bb275a085ba27acd7c3562fb628,041ac17d888dc108fb8e5f61822fb393fcbd491b68bdd2afad6ba5ac65b04cc3
template_only,5,2,339,1,0.7402866853680428,20260629,b26985cba149a54a4479773554e71c9fe5328bb275a085ba27acd7c3562fb628,041ac17d888dc108fb8e5f61822fb393fcbd491b68bdd2afad6ba5ac65b04cc3
template_only,5,2,344,1,0.6935008536344893,20260629,b26985cba149a54a4479773554e71c9fe5328bb275a085ba27acd7c3562fb628,041ac17d888dc108fb8e5f61822fb393fcbd491b68bdd2afad6ba5ac65b04cc3
template_only,5,2,347,1,0.43605260120446626,20260629,b26985cba149a54a4479773554e71c9fe5328bb275a085ba27acd7c3562fb628,041ac17d888dc108fb8e5f61822fb393fcbd491b68bdd2afad6ba5ac65b04cc3
template_only,5,2,351,1,0.8579848790456578,20260629,b26985cba149a54a4479773554e71c9fe5328bb275a085ba27acd7c3562fb628,041ac17d888dc108fb8e5f61822fb393fcbd491b68bdd2afad6ba5ac65b04cc3
template_only,5,2,360,0,0.46394121183600434,20260629,b26985cba149a54a4479773554e71c9fe5328bb275a085ba27acd7c3562fb628,041ac17d888dc108fb8e5f61822fb393fcbd491b68bdd2afad6ba5ac65b04cc3
template_only,5,2,370,0,0.2749781369008763,20260629,b26985cba149a54a4479773554e71c9fe5328bb275a085ba27acd7c3562fb628,041ac17d888dc108fb8e5f61822fb393fcbd491b68bdd2afad6ba5ac65b04cc3
template_only,5,2,375,0,0.2705280460261143,20260629,b26985cba149a54a4479773554e71c9fe5328bb275a085ba27acd7c3562fb628,041ac17d888dc108fb8e5f61822fb393fcbd491b68bdd2afad6ba5ac65b04cc3
template_only,5,2,390,0,0.7680468419564052,20260629,b26985cba149a54a4479773554e71c9fe5328bb275a085ba27acd7c3562fb628,041ac17d888dc108fb8e5f61822fb393fcbd491b68bdd2afad6ba5ac65b04cc3
template_only,5,2,400,0,0.5802057615613985,20260629,b26985cba149a54a4479773554e71c9fe5328bb275a085ba27acd7c3562fb628,041ac17d888dc108fb8e5f61822fb393fcbd491b68bdd2afad6ba5ac65b04cc3
template_only,5,2,409,1,0.2749781369008763,20260629,b26985cba149a54a4479773554e71c9fe5328bb275a085ba27acd7c3562fb628,041ac17d888dc108fb8e5f61822fb393fcbd491b68bdd2afad6ba5ac65b04cc3
template_only,5,2,418,1,0.7610128532811389,20260629,b26985cba149a54a4479773554e71c9fe5328bb275a085ba27acd7c3562fb628,041ac17d888dc108fb8e5f61822fb393fcbd491b68bdd2afad6ba5ac65b04cc3
template_only,5,2,423,0,0.6155565527719749,20260629,b26985cba149a54a4479773554e71c9fe5328bb275a085ba27acd7c3562fb628,041ac17d888dc108fb8e5f61822fb393fcbd491b68bdd2afad6ba5ac65b04cc3
template_only,5,2,426,1,0.7022444702099422,20260629,b26985cba149a54a4479773554e71c9fe5328bb275a085ba27acd7c3562fb628,041ac17d888dc108fb8e5f61822fb393fcbd491b68bdd2afad6ba5ac65b04cc3
template_only,5,2,427,0,0.302944532832091,20260629,b26985cba149a54a4479773554e71c9fe5328bb275a085ba27acd7c3562fb628,041ac17d888dc108fb8e5f61822fb393fcbd491b68bdd2afad6ba5ac65b04cc3
template_only,5,2,433,1,0.302944532832091,20260629,b26985cba149a54a4479773554e71c9fe5328bb275a085ba27acd7c3562fb628,041ac17d888dc108fb8e5f61822fb393fcbd491b68bdd2afad6ba5ac65b04cc3
template_only,5,2,472,0,0.2749781369008763,20260629,b26985cba149a54a4479773554e71c9fe5328bb275a085ba27acd7c3562fb628,041ac17d888dc108fb8e5f61822fb393fcbd491b68bdd2afad6ba5ac65b04cc3
template_only,5,2,473,0,0.23579065449332,20260629,b26985cba149a54a4479773554e71c9fe5328bb275a085ba27acd7c3562fb628,041ac17d888dc108fb8e5f61822fb393fcbd491b68bdd2afad6ba5ac65b04cc3
template_only,5,2,476,0,0.302944532832091,20260629,b26985cba149a54a4479773554e71c9fe5328bb275a085ba27acd7c3562fb628,041ac17d888dc108fb8e5f61822fb393fcbd491b68bdd2afad6ba5ac65b04cc3
template_only,5,2,484,0,0.7561935783665237,20260629,b26985cba149a54a4479773554e71c9fe5328bb275a085ba27acd7c3562fb628,041ac17d888dc108fb8e5f61822fb393fcbd491b68bdd2afad6ba5ac65b04cc3
template_only,5,2,488,0,0.302944532832091,20260629,b26985cba149a54a4479773554e71c9fe5328bb275a085ba27acd7c3562fb628,041ac17d888dc108fb8e5f61822fb393fcbd491b68bdd2afad6ba5ac65b04cc3
template_only,5,3,304,0,0.35027563256145267,20260629,8c964f5394ce89a6842a905d768373abcaa21d4349f7005395a0177805a0a891,b9e937265572c8708f0c582b586c89bbe58d79d8d3634f7826983d6e9be1d985
template_only,5,3,321,1,0.7309296641698121,20260629,8c964f5394ce89a6842a905d768373abcaa21d4349f7005395a0177805a0a891,b9e937265572c8708f0c582b586c89bbe58d79d8d3634f7826983d6e9be1d985
template_only,5,3,324,0,0.6354206816944779,20260629,8c964f5394ce89a6842a905d768373abcaa21d4349f7005395a0177805a0a891,b9e937265572c8708f0c582b586c89bbe58d79d8d3634f7826983d6e9be1d985
template_only,5,3,326,0,0.33710231272696267,20260629,8c964f5394ce89a6842a905d768373abcaa21d4349f7005395a0177805a0a891,b9e937265572c8708f0c582b586c89bbe58d79d8d3634f7826983d6e9be1d985
template_only,5,3,330,1,0.5164212975350215,20260629,8c964f5394ce89a6842a905d768373abcaa21d4349f7005395a0177805a0a891,b9e937265572c8708f0c582b586c89bbe58d79d8d3634f7826983d6e9be1d985
template_only,5,3,341,0,0.3636505697680444,20260629,8c964f5394ce89a6842a905d768373abcaa21d4349f7005395a0177805a0a891,b9e937265572c8708f0c582b586c89bbe58d79d8d3634f7826983d6e9be1d985
template_only,5,3,343,0,0.6054212676829935,20260629,8c964f5394ce89a6842a905d768373abcaa21d4349f7005395a0177805a0a891,b9e937265572c8708f0c582b586c89bbe58d79d8d3634f7826983d6e9be1d985
template_only,5,3,352,1,0.41312613202536946,20260629,8c964f5394ce89a6842a905d768373abcaa21d4349f7005395a0177805a0a891,b9e937265572c8708f0c582b586c89bbe58d79d8d3634f7826983d6e9be1d985
template_only,5,3,362,1,0.7380803044554302,20260629,8c964f5394ce89a6842a905d768373abcaa21d4349f7005395a0177805a0a891,b9e937265572c8708f0c582b586c89bbe58d79d8d3634f7826983d6e9be1d985
template_only,5,3,372,1,0.5647952331553346,20260629,8c964f5394ce89a6842a905d768373abcaa21d4349f7005395a0177805a0a891,b9e937265572c8708f0c582b586c89bbe58d79d8d3634f7826983d6e9be1d985
template_only,5,3,380,1,0.3030228850336277,20260629,8c964f5394ce89a6842a905d768373abcaa21d4349f7005395a0177805a0a891,b9e937265572c8708f0c582b586c89bbe58d79d8d3634f7826983d6e9be1d985
template_only,5,3,383,0,0.3039213189224502,20260629,8c964f5394ce89a6842a905d768373abcaa21d4349f7005395a0177805a0a891,b9e937265572c8708f0c582b586c89bbe58d79d8d3634f7826983d6e9be1d985
template_only,5,3,391,0,0.31614783583109846,20260629,8c964f5394ce89a6842a905d768373abcaa21d4349f7005395a0177805a0a891,b9e937265572c8708f0c582b586c89bbe58d79d8d3634f7826983d6e9be1d985
template_only,5,3,401,0,0.3030228850336277,20260629,8c964f5394ce89a6842a905d768373abcaa21d4349f7005395a0177805a0a891,b9e937265572c8708f0c582b586c89bbe58d79d8d3634f7826983d6e9be1d985
template_only,5,3,412,1,0.3030228850336277,20260629,8c964f5394ce89a6842a905d768373abcaa21d4349f7005395a0177805a0a891,b9e937265572c8708f0c582b586c89bbe58d79d8d3634f7826983d6e9be1d985
template_only,5,3,416,0,0.3030228850336277,20260629,8c964f5394ce89a6842a905d768373abcaa21d4349f7005395a0177805a0a891,b9e937265572c8708f0c582b586c89bbe58d79d8d3634f7826983d6e9be1d985
template_only,5,3,417,0,0.4185555382962848,20260629,8c964f5394ce89a6842a905d768373abcaa21d4349f7005395a0177805a0a891,b9e937265572c8708f0c582b586c89bbe58d79d8d3634f7826983d6e9be1d985
template_only,5,3,420,0,0.3030228850336277,20260629,8c964f5394ce89a6842a905d768373abcaa21d4349f7005395a0177805a0a891,b9e937265572c8708f0c582b586c89bbe58d79d8d3634f7826983d6e9be1d985
template_only,5,3,428,0,0.2763599117844977,20260629,8c964f5394ce89a6842a905d768373abcaa21d4349f7005395a0177805a0a891,b9e937265572c8708f0c582b586c89bbe58d79d8d3634f7826983d6e9be1d985
template_only,5,3,429,0,0.2973970383070241,20260629,8c964f5394ce89a6842a905d768373abcaa21d4349f7005395a0177805a0a891,b9e937265572c8708f0c582b586c89bbe58d79d8d3634f7826983d6e9be1d985
template_only,5,3,437,0,0.3030228850336277,20260629,8c964f5394ce89a6842a905d768373abcaa21d4349f7005395a0177805a0a891,b9e937265572c8708f0c582b586c89bbe58d79d8d3634f7826983d6e9be1d985
template_only,5,3,439,0,0.3039213189224502,20260629,8c964f5394ce89a6842a905d768373abcaa21d4349f7005395a0177805a0a891,b9e937265572c8708f0c582b586c89bbe58d79d8d3634f7826983d6e9be1d985
template_only,5,3,441,1,0.6863888675032215,20260629,8c964f5394ce89a6842a905d768373abcaa21d4349f7005395a0177805a0a891,b9e937265572c8708f0c582b586c89bbe58d79d8d3634f7826983d6e9be1d985
template_only,5,3,446,0,0.3039213189224502,20260629,8c964f5394ce89a6842a905d768373abcaa21d4349f7005395a0177805a0a891,b9e937265572c8708f0c582b586c89bbe58d79d8d3634f7826983d6e9be1d985
template_only,5,3,464,0,0.3039213189224502,20260629,8c964f5394ce89a6842a905d768373abcaa21d4349f7005395a0177805a0a891,b9e937265572c8708f0c582b586c89bbe58d79d8d3634f7826983d6e9be1d985
template_only,5,3,479,0,0.2411297133510025,20260629,8c964f5394ce89a6842a905d768373abcaa21d4349f7005395a0177805a0a891,b9e937265572c8708f0c582b586c89bbe58d79d8d3634f7826983d6e9be1d985
template_only,5,3,486,0,0.3030228850336277,20260629,8c964f5394ce89a6842a905d768373abcaa21d4349f7005395a0177805a0a891,b9e937265572c8708f0c582b586c89bbe58d79d8d3634f7826983d6e9be1d985
template_only,5,3,490,0,0.3030228850336277,20260629,8c964f5394ce89a6842a905d768373abcaa21d4349f7005395a0177805a0a891,b9e937265572c8708f0c582b586c89bbe58d79d8d3634f7826983d6e9be1d985
template_only,5,4,315,0,0.3230839035334848,20260629,8a15a79096d51e7c2c7bbf55e995f3de0ec10655f325409624b8612d4a91cb8b,9783bdd426cbd56d49c36badc909550c56cdabe1df574d6feeabb1a20ea9b930
template_only,5,4,322,0,0.6183946863507063,20260629,8a15a79096d51e7c2c7bbf55e995f3de0ec10655f325409624b8612d4a91cb8b,9783bdd426cbd56d49c36badc909550c56cdabe1df574d6feeabb1a20ea9b930
template_only,5,4,325,1,0.6712385420911451,20260629,8a15a79096d51e7c2c7bbf55e995f3de0ec10655f325409624b8612d4a91cb8b,9783bdd426cbd56d49c36badc909550c56cdabe1df574d6feeabb1a20ea9b930
template_only,5,4,336,0,0.5098793301053075,20260629,8a15a79096d51e7c2c7bbf55e995f3de0ec10655f325409624b8612d4a91cb8b,9783bdd426cbd56d49c36badc909550c56cdabe1df574d6feeabb1a20ea9b930
template_only,5,4,340,0,0.3230839035334848,20260629,8a15a79096d51e7c2c7bbf55e995f3de0ec10655f325409624b8612d4a91cb8b,9783bdd426cbd56d49c36badc909550c56cdabe1df574d6feeabb1a20ea9b930
template_only,5,4,345,1,0.5651825182113572,20260629,8a15a79096d51e7c2c7bbf55e995f3de0ec10655f325409624b8612d4a91cb8b,9783bdd426cbd56d49c36badc909550c56cdabe1df574d6feeabb1a20ea9b930
template_only,5,4,350,1,0.812828176008163,20260629,8a15a79096d51e7c2c7bbf55e995f3de0ec10655f325409624b8612d4a91cb8b,9783bdd426cbd56d49c36badc909550c56cdabe1df574d6feeabb1a20ea9b930
template_only,5,4,357,0,0.5098793301053075,20260629,8a15a79096d51e7c2c7bbf55e995f3de0ec10655f325409624b8612d4a91cb8b,9783bdd426cbd56d49c36badc909550c56cdabe1df574d6feeabb1a20ea9b930
template_only,5,4,358,0,0.812828176008163,20260629,8a15a79096d51e7c2c7bbf55e995f3de0ec10655f325409624b8612d4a91cb8b,9783bdd426cbd56d49c36badc909550c56cdabe1df574d6feeabb1a20ea9b930
template_only,5,4,364,0,0.5947780440740567,20260629,8a15a79096d51e7c2c7bbf55e995f3de0ec10655f325409624b8612d4a91cb8b,9783bdd426cbd56d49c36badc909550c56cdabe1df574d6feeabb1a20ea9b930
template_only,5,4,366,0,0.31039146516039523,20260629,8a15a79096d51e7c2c7bbf55e995f3de0ec10655f325409624b8612d4a91cb8b,9783bdd426cbd56d49c36badc909550c56cdabe1df574d6feeabb1a20ea9b930
template_only,5,4,367,1,0.7333027766718009,20260629,8a15a79096d51e7c2c7bbf55e995f3de0ec10655f325409624b8612d4a91cb8b,9783bdd426cbd56d49c36badc909550c56cdabe1df574d6feeabb1a20ea9b930
template_only,5,4,374,0,0.7433427699807164,20260629,8a15a79096d51e7c2c7bbf55e995f3de0ec10655f325409624b8612d4a91cb8b,9783bdd426cbd56d49c36badc909550c56cdabe1df574d6feeabb1a20ea9b930
template_only,5,4,376,1,0.47189063821115246,20260629,8a15a79096d51e7c2c7bbf55e995f3de0ec10655f325409624b8612d4a91cb8b,9783bdd426cbd56d49c36badc909550c56cdabe1df574d6feeabb1a20ea9b930
template_only,5,4,386,1,0.309686104775146,20260629,8a15a79096d51e7c2c7bbf55e995f3de0ec10655f325409624b8612d4a91cb8b,9783bdd426cbd56d49c36badc909550c56cdabe1df574d6feeabb1a20ea9b930
template_only,5,4,388,1,0.309686104775146,20260629,8a15a79096d51e7c2c7bbf55e995f3de0ec10655f325409624b8612d4a91cb8b,9783bdd426cbd56d49c36badc909550c56cdabe1df574d6feeabb1a20ea9b930
template_only,5,4,392,0,0.20341124085731735,20260629,8a15a79096d51e7c2c7bbf55e995f3de0ec10655f325409624b8612d4a91cb8b,9783bdd426cbd56d49c36badc909550c56cdabe1df574d6feeabb1a20ea9b930
template_only,5,4,393,0,0.309686104775146,20260629,8a15a79096d51e7c2c7bbf55e995f3de0ec10655f325409624b8612d4a91cb8b,9783bdd426cbd56d49c36badc909550c56cdabe1df574d6feeabb1a20ea9b930
template_only,5,4,395,0,0.3273892979360768,20260629,8a15a79096d51e7c2c7bbf55e995f3de0ec10655f325409624b8612d4a91cb8b,9783bdd426cbd56d49c36badc909550c56cdabe1df574d6feeabb1a20ea9b930
template_only,5,4,397,0,0.309686104775146,20260629,8a15a79096d51e7c2c7bbf55e995f3de0ec10655f325409624b8612d4a91cb8b,9783bdd426cbd56d49c36badc909550c56cdabe1df574d6feeabb1a20ea9b930
template_only,5,4,406,0,0.29802292116845164,20260629,8a15a79096d51e7c2c7bbf55e995f3de0ec10655f325409624b8612d4a91cb8b,9783bdd426cbd56d49c36badc909550c56cdabe1df574d6feeabb1a20ea9b930
template_only,5,4,436,0,0.309686104775146,20260629,8a15a79096d51e7c2c7bbf55e995f3de0ec10655f325409624b8612d4a91cb8b,9783bdd426cbd56d49c36badc909550c56cdabe1df574d6feeabb1a20ea9b930
template_only,5,4,440,1,0.7030602671840392,20260629,8a15a79096d51e7c2c7bbf55e995f3de0ec10655f325409624b8612d4a91cb8b,9783bdd426cbd56d49c36badc909550c56cdabe1df574d6feeabb1a20ea9b930
template_only,5,4,447,0,0.309686104775146,20260629,8a15a79096d51e7c2c7bbf55e995f3de0ec10655f325409624b8612d4a91cb8b,9783bdd426cbd56d49c36badc909550c56cdabe1df574d6feeabb1a20ea9b930
template_only,5,4,455,0,0.29802292116845164,20260629,8a15a79096d51e7c2c7bbf55e995f3de0ec10655f325409624b8612d4a91cb8b,9783bdd426cbd56d49c36badc909550c56cdabe1df574d6feeabb1a20ea9b930
template_only,5,4,477,0,0.309686104775146,20260629,8a15a79096d51e7c2c7bbf55e995f3de0ec10655f325409624b8612d4a91cb8b,9783bdd426cbd56d49c36badc909550c56cdabe1df574d6feeabb1a20ea9b930
template_only,5,4,478,0,0.7136528120089762,20260629,8a15a79096d51e7c2c7bbf55e995f3de0ec10655f325409624b8612d4a91cb8b,9783bdd426cbd56d49c36badc909550c56cdabe1df574d6feeabb1a20ea9b930
template_only,5,4,491,0,0.5800282018803644,20260629,8a15a79096d51e7c2c7bbf55e995f3de0ec10655f325409624b8612d4a91cb8b,9783bdd426cbd56d49c36badc909550c56cdabe1df574d6feeabb1a20ea9b930
template_only,5,5,305,0,0.6910464350639963,20260629,f0d00d1b909453047f4a1b8bd30fff0f8987c1d77b10645f7a6dfbdc0935e2ba,c8ab65ceb92ef644d95edbc45dd4bcfaa20a4d03eb5e56a9261d3984b3b191c7
template_only,5,5,327,0,0.624717480775598,20260629,f0d00d1b909453047f4a1b8bd30fff0f8987c1d77b10645f7a6dfbdc0935e2ba,c8ab65ceb92ef644d95edbc45dd4bcfaa20a4d03eb5e56a9261d3984b3b191c7
template_only,5,5,328,0,0.3073066174676026,20260629,f0d00d1b909453047f4a1b8bd30fff0f8987c1d77b10645f7a6dfbdc0935e2ba,c8ab65ceb92ef644d95edbc45dd4bcfaa20a4d03eb5e56a9261d3984b3b191c7
template_only,5,5,335,1,0.42466934796514544,20260629,f0d00d1b909453047f4a1b8bd30fff0f8987c1d77b10645f7a6dfbdc0935e2ba,c8ab65ceb92ef644d95edbc45dd4bcfaa20a4d03eb5e56a9261d3984b3b191c7
template_only,5,5,346,1,0.5985865164198275,20260629,f0d00d1b909453047f4a1b8bd30fff0f8987c1d77b10645f7a6dfbdc0935e2ba,c8ab65ceb92ef644d95edbc45dd4bcfaa20a4d03eb5e56a9261d3984b3b191c7
template_only,5,5,353,1,0.5822916593452564,20260629,f0d00d1b909453047f4a1b8bd30fff0f8987c1d77b10645f7a6dfbdc0935e2ba,c8ab65ceb92ef644d95edbc45dd4bcfaa20a4d03eb5e56a9261d3984b3b191c7
template_only,5,5,355,1,0.5894338318259569,20260629,f0d00d1b909453047f4a1b8bd30fff0f8987c1d77b10645f7a6dfbdc0935e2ba,c8ab65ceb92ef644d95edbc45dd4bcfaa20a4d03eb5e56a9261d3984b3b191c7
template_only,5,5,363,0,0.32244364280944415,20260629,f0d00d1b909453047f4a1b8bd30fff0f8987c1d77b10645f7a6dfbdc0935e2ba,c8ab65ceb92ef644d95edbc45dd4bcfaa20a4d03eb5e56a9261d3984b3b191c7
template_only,5,5,371,0,0.2476714830487229,20260629,f0d00d1b909453047f4a1b8bd30fff0f8987c1d77b10645f7a6dfbdc0935e2ba,c8ab65ceb92ef644d95edbc45dd4bcfaa20a4d03eb5e56a9261d3984b3b191c7
template_only,5,5,377,1,0.655816770828507,20260629,f0d00d1b909453047f4a1b8bd30fff0f8987c1d77b10645f7a6dfbdc0935e2ba,c8ab65ceb92ef644d95edbc45dd4bcfaa20a4d03eb5e56a9261d3984b3b191c7
template_only,5,5,382,0,0.3308139453736875,20260629,f0d00d1b909453047f4a1b8bd30fff0f8987c1d77b10645f7a6dfbdc0935e2ba,c8ab65ceb92ef644d95edbc45dd4bcfaa20a4d03eb5e56a9261d3984b3b191c7
template_only,5,5,389,1,0.7044340583039814,20260629,f0d00d1b909453047f4a1b8bd30fff0f8987c1d77b10645f7a6dfbdc0935e2ba,c8ab65ceb92ef644d95edbc45dd4bcfaa20a4d03eb5e56a9261d3984b3b191c7
template_only,5,5,402,1,0.5844951530788912,20260629,f0d00d1b909453047f4a1b8bd30fff0f8987c1d77b10645f7a6dfbdc0935e2ba,c8ab65ceb92ef644d95edbc45dd4bcfaa20a4d03eb5e56a9261d3984b3b191c7
template_only,5,5,403,0,0.31158478478474466,20260629,f0d00d1b909453047f4a1b8bd30fff0f8987c1d77b10645f7a6dfbdc0935e2ba,c8ab65ceb92ef644d95edbc45dd4bcfaa20a4d03eb5e56a9261d3984b3b191c7
template_only,5,5,404,0,0.3308139453736875,20260629,f0d00d1b909453047f4a1b8bd30fff0f8987c1d77b10645f7a6dfbdc0935e2ba,c8ab65ceb92ef644d95edbc45dd4bcfaa20a4d03eb5e56a9261d3984b3b191c7
template_only,5,5,422,1,0.2945317375115661,20260629,f0d00d1b909453047f4a1b8bd30fff0f8987c1d77b10645f7a6dfbdc0935e2ba,c8ab65ceb92ef644d95edbc45dd4bcfaa20a4d03eb5e56a9261d3984b3b191c7
template_only,5,5,430,0,0.7689727427759925,20260629,f0d00d1b909453047f4a1b8bd30fff0f8987c1d77b10645f7a6dfbdc0935e2ba,c8ab65ceb92ef644d95edbc45dd4bcfaa20a4d03eb5e56a9261d3984b3b191c7
template_only,5,5,434,0,0.3308139453736875,20260629,f0d00d1b909453047f4a1b8bd30fff0f8987c1d77b10645f7a6dfbdc0935e2ba,c8ab65ceb92ef644d95edbc45dd4bcfaa20a4d03eb5e56a9261d3984b3b191c7
template_only,5,5,443,0,0.24579308149410412,20260629,f0d00d1b909453047f4a1b8bd30fff0f8987c1d77b10645f7a6dfbdc0935e2ba,c8ab65ceb92ef644d95edbc45dd4bcfaa20a4d03eb5e56a9261d3984b3b191c7
template_only,5,5,449,0,0.31158478478474466,20260629,f0d00d1b909453047f4a1b8bd30fff0f8987c1d77b10645f7a6dfbdc0935e2ba,c8ab65ceb92ef644d95edbc45dd4bcfaa20a4d03eb5e56a9261d3984b3b191c7
template_only,5,5,451,0,0.4760635903061119,20260629,f0d00d1b909453047f4a1b8bd30fff0f8987c1d77b10645f7a6dfbdc0935e2ba,c8ab65ceb92ef644d95edbc45dd4bcfaa20a4d03eb5e56a9261d3984b3b191c7
template_only,5,5,454,0,0.24579308149410412,20260629,f0d00d1b909453047f4a1b8bd30fff0f8987c1d77b10645f7a6dfbdc0935e2ba,c8ab65ceb92ef644d95edbc45dd4bcfaa20a4d03eb5e56a9261d3984b3b191c7
template_only,5,5,456,0,0.3308139453736875,20260629,f0d00d1b909453047f4a1b8bd30fff0f8987c1d77b10645f7a6dfbdc0935e2ba,c8ab65ceb92ef644d95edbc45dd4bcfaa20a4d03eb5e56a9261d3984b3b191c7
template_only,5,5,459,1,0.7268651210161746,20260629,f0d00d1b909453047f4a1b8bd30fff0f8987c1d77b10645f7a6dfbdc0935e2ba,c8ab65ceb92ef644d95edbc45dd4bcfaa20a4d03eb5e56a9261d3984b3b191c7
template_only,5,5,485,0,0.24579308149410412,20260629,f0d00d1b909453047f4a1b8bd30fff0f8987c1d77b10645f7a6dfbdc0935e2ba,c8ab65ceb92ef644d95edbc45dd4bcfaa20a4d03eb5e56a9261d3984b3b191c7
template_only,5,5,487,0,0.31158478478474466,20260629,f0d00d1b909453047f4a1b8bd30fff0f8987c1d77b10645f7a6dfbdc0935e2ba,c8ab65ceb92ef644d95edbc45dd4bcfaa20a4d03eb5e56a9261d3984b3b191c7
template_only,5,5,489,0,0.3308139453736875,20260629,f0d00d1b909453047f4a1b8bd30fff0f8987c1d77b10645f7a6dfbdc0935e2ba,c8ab65ceb92ef644d95edbc45dd4bcfaa20a4d03eb5e56a9261d3984b3b191c7
template_only,5,5,492,0,0.31158478478474466,20260629,f0d00d1b909453047f4a1b8bd30fff0f8987c1d77b10645f7a6dfbdc0935e2ba,c8ab65ceb92ef644d95edbc45dd4bcfaa20a4d03eb5e56a9261d3984b3b191c7
template_only,6,1,303,0,0.3917595847226217,20260630,e82d92e639d7f96f78f189ea5919937db4f5b551eab8c23e157765097bd53df2,9acb911014f5d8971785b574ce360635e48c18f2efcffe74bc03c5206fef8831
template_only,6,1,305,0,0.7264319419845453,20260630,e82d92e639d7f96f78f189ea5919937db4f5b551eab8c23e157765097bd53df2,9acb911014f5d8971785b574ce360635e48c18f2efcffe74bc03c5206fef8831
template_only,6,1,313,0,0.5745729050813938,20260630,e82d92e639d7f96f78f189ea5919937db4f5b551eab8c23e157765097bd53df2,9acb911014f5d8971785b574ce360635e48c18f2efcffe74bc03c5206fef8831
template_only,6,1,326,0,0.3024203151217563,20260630,e82d92e639d7f96f78f189ea5919937db4f5b551eab8c23e157765097bd53df2,9acb911014f5d8971785b574ce360635e48c18f2efcffe74bc03c5206fef8831
template_only,6,1,345,1,0.6441299404841224,20260630,e82d92e639d7f96f78f189ea5919937db4f5b551eab8c23e157765097bd53df2,9acb911014f5d8971785b574ce360635e48c18f2efcffe74bc03c5206fef8831
template_only,6,1,352,1,0.425653694373145,20260630,e82d92e639d7f96f78f189ea5919937db4f5b551eab8c23e157765097bd53df2,9acb911014f5d8971785b574ce360635e48c18f2efcffe74bc03c5206fef8831
template_only,6,1,353,1,0.6399187708452383,20260630,e82d92e639d7f96f78f189ea5919937db4f5b551eab8c23e157765097bd53df2,9acb911014f5d8971785b574ce360635e48c18f2efcffe74bc03c5206fef8831
template_only,6,1,364,0,0.54935783992506,20260630,e82d92e639d7f96f78f189ea5919937db4f5b551eab8c23e157765097bd53df2,9acb911014f5d8971785b574ce360635e48c18f2efcffe74bc03c5206fef8831
template_only,6,1,369,0,0.29516002446679224,20260630,e82d92e639d7f96f78f189ea5919937db4f5b551eab8c23e157765097bd53df2,9acb911014f5d8971785b574ce360635e48c18f2efcffe74bc03c5206fef8831
template_only,6,1,379,0,0.2643437274224168,20260630,e82d92e639d7f96f78f189ea5919937db4f5b551eab8c23e157765097bd53df2,9acb911014f5d8971785b574ce360635e48c18f2efcffe74bc03c5206fef8831
template_only,6,1,385,0,0.3006246361014998,20260630,e82d92e639d7f96f78f189ea5919937db4f5b551eab8c23e157765097bd53df2,9acb911014f5d8971785b574ce360635e48c18f2efcffe74bc03c5206fef8831
template_only,6,1,388,1,0.28350518106090694,20260630,e82d92e639d7f96f78f189ea5919937db4f5b551eab8c23e157765097bd53df2,9acb911014f5d8971785b574ce360635e48c18f2efcffe74bc03c5206fef8831
template_only,6,1,395,0,0.3006246361014998,20260630,e82d92e639d7f96f78f189ea5919937db4f5b551eab8c23e157765097bd53df2,9acb911014f5d8971785b574ce360635e48c18f2efcffe74bc03c5206fef8831
template_only,6,1,413,1,0.49470892236586683,20260630,e82d92e639d7f96f78f189ea5919937db4f5b551eab8c23e157765097bd53df2,9acb911014f5d8971785b574ce360635e48c18f2efcffe74bc03c5206fef8831
template_only,6,1,414,1,0.571070770329338,20260630,e82d92e639d7f96f78f189ea5919937db4f5b551eab8c23e157765097bd53df2,9acb911014f5d8971785b574ce360635e48c18f2efcffe74bc03c5206fef8831
template_only,6,1,422,1,0.28437517107555205,20260630,e82d92e639d7f96f78f189ea5919937db4f5b551eab8c23e157765097bd53df2,9acb911014f5d8971785b574ce360635e48c18f2efcffe74bc03c5206fef8831
template_only,6,1,433,1,0.28350518106090694,20260630,e82d92e639d7f96f78f189ea5919937db4f5b551eab8c23e157765097bd53df2,9acb911014f5d8971785b574ce360635e48c18f2efcffe74bc03c5206fef8831
template_only,6,1,446,0,0.2679735922757307,20260630,e82d92e639d7f96f78f189ea5919937db4f5b551eab8c23e157765097bd53df2,9acb911014f5d8971785b574ce360635e48c18f2efcffe74bc03c5206fef8831
template_only,6,1,447,0,0.28350518106090694,20260630,e82d92e639d7f96f78f189ea5919937db4f5b551eab8c23e157765097bd53df2,9acb911014f5d8971785b574ce360635e48c18f2efcffe74bc03c5206fef8831
template_only,6,1,448,1,0.5539033455734653,20260630,e82d92e639d7f96f78f189ea5919937db4f5b551eab8c23e157765097bd53df2,9acb911014f5d8971785b574ce360635e48c18f2efcffe74bc03c5206fef8831
template_only,6,1,449,0,0.2679735922757307,20260630,e82d92e639d7f96f78f189ea5919937db4f5b551eab8c23e157765097bd53df2,9acb911014f5d8971785b574ce360635e48c18f2efcffe74bc03c5206fef8831
template_only,6,1,451,0,0.4877590201866636,20260630,e82d92e639d7f96f78f189ea5919937db4f5b551eab8c23e157765097bd53df2,9acb911014f5d8971785b574ce360635e48c18f2efcffe74bc03c5206fef8831
template_only,6,1,454,0,0.2055227186554213,20260630,e82d92e639d7f96f78f189ea5919937db4f5b551eab8c23e157765097bd53df2,9acb911014f5d8971785b574ce360635e48c18f2efcffe74bc03c5206fef8831
template_only,6,1,471,0,0.27495367542427895,20260630,e82d92e639d7f96f78f189ea5919937db4f5b551eab8c23e157765097bd53df2,9acb911014f5d8971785b574ce360635e48c18f2efcffe74bc03c5206fef8831
template_only,6,1,478,0,0.7312294163262374,20260630,e82d92e639d7f96f78f189ea5919937db4f5b551eab8c23e157765097bd53df2,9acb911014f5d8971785b574ce360635e48c18f2efcffe74bc03c5206fef8831
template_only,6,1,486,0,0.28350518106090694,20260630,e82d92e639d7f96f78f189ea5919937db4f5b551eab8c23e157765097bd53df2,9acb911014f5d8971785b574ce360635e48c18f2efcffe74bc03c5206fef8831
template_only,6,1,489,0,0.28350518106090694,20260630,e82d92e639d7f96f78f189ea5919937db4f5b551eab8c23e157765097bd53df2,9acb911014f5d8971785b574ce360635e48c18f2efcffe74bc03c5206fef8831
template_only,6,1,490,0,0.28350518106090694,20260630,e82d92e639d7f96f78f189ea5919937db4f5b551eab8c23e157765097bd53df2,9acb911014f5d8971785b574ce360635e48c18f2efcffe74bc03c5206fef8831
template_only,6,1,491,0,0.5407403116968894,20260630,e82d92e639d7f96f78f189ea5919937db4f5b551eab8c23e157765097bd53df2,9acb911014f5d8971785b574ce360635e48c18f2efcffe74bc03c5206fef8831
template_only,6,2,318,0,0.36319500713610653,20260630,ca74ca0a5cc8ea143406e41382c87cb8f154a1147c6f3130230e965bf3256cfe,026527e1d11290a131963041dbec519f41e35cf4fa75280a161947fb5221b94a
template_only,6,2,320,1,0.7098995847012868,20260630,ca74ca0a5cc8ea143406e41382c87cb8f154a1147c6f3130230e965bf3256cfe,026527e1d11290a131963041dbec519f41e35cf4fa75280a161947fb5221b94a
template_only,6,2,321,1,0.7130467290044961,20260630,ca74ca0a5cc8ea143406e41382c87cb8f154a1147c6f3130230e965bf3256cfe,026527e1d11290a131963041dbec519f41e35cf4fa75280a161947fb5221b94a
template_only,6,2,327,0,0.647799623547955,20260630,ca74ca0a5cc8ea143406e41382c87cb8f154a1147c6f3130230e965bf3256cfe,026527e1d11290a131963041dbec519f41e35cf4fa75280a161947fb5221b94a
template_only,6,2,331,0,0.6553114666447659,20260630,ca74ca0a5cc8ea143406e41382c87cb8f154a1147c6f3130230e965bf3256cfe,026527e1d11290a131963041dbec519f41e35cf4fa75280a161947fb5221b94a
template_only,6,2,333,0,0.3875436252692779,20260630,ca74ca0a5cc8ea143406e41382c87cb8f154a1147c6f3130230e965bf3256cfe,026527e1d11290a131963041dbec519f41e35cf4fa75280a161947fb5221b94a
template_only,6,2,335,1,0.4827125556709606,20260630,ca74ca0a5cc8ea143406e41382c87cb8f154a1147c6f3130230e965bf3256cfe,026527e1d11290a131963041dbec519f41e35cf4fa75280a161947fb5221b94a
template_only,6,2,336,0,0.4827125556709606,20260630,ca74ca0a5cc8ea143406e41382c87cb8f154a1147c6f3130230e965bf3256cfe,026527e1d11290a131963041dbec519f41e35cf4fa75280a161947fb5221b94a
template_only,6,2,340,0,0.36319500713610653,20260630,ca74ca0a5cc8ea143406e41382c87cb8f154a1147c6f3130230e965bf3256cfe,026527e1d11290a131963041dbec519f41e35cf4fa75280a161947fb5221b94a
template_only,6,2,341,0,0.379799411990608,20260630,ca74ca0a5cc8ea143406e41382c87cb8f154a1147c6f3130230e965bf3256cfe,026527e1d11290a131963041dbec519f41e35cf4fa75280a161947fb5221b94a
template_only,6,2,346,1,0.6245477418579333,20260630,ca74ca0a5cc8ea143406e41382c87cb8f154a1147c6f3130230e965bf3256cfe,026527e1d11290a131963041dbec519f41e35cf4fa75280a161947fb5221b94a
template_only,6,2,350,1,0.7366457734834877,20260630,ca74ca0a5cc8ea143406e41382c87cb8f154a1147c6f3130230e965bf3256cfe,026527e1d11290a131963041dbec519f41e35cf4fa75280a161947fb5221b94a
template_only,6,2,363,0,0.36885943282835004,20260630,ca74ca0a5cc8ea143406e41382c87cb8f154a1147c6f3130230e965bf3256cfe,026527e1d11290a131963041dbec519f41e35cf4fa75280a161947fb5221b94a
template_only,6,2,389,1,0.6769187038634418,20260630,ca74ca0a5cc8ea143406e41382c87cb8f154a1147c6f3130230e965bf3256cfe,026527e1d11290a131963041dbec519f41e35cf4fa75280a161947fb5221b94a
template_only,6,2,391,0,0.3596977677194017,20260630,ca74ca0a5cc8ea143406e41382c87cb8f154a1147c6f3130230e965bf3256cfe,026527e1d11290a131963041dbec519f41e35cf4fa75280a161947fb5221b94a
template_only,6,2,392,0,0.26126177891271146,20260630,ca74ca0a5cc8ea143406e41382c87cb8f154a1147c6f3130230e965bf3256cfe,026527e1d11290a131963041dbec519f41e35cf4fa75280a161947fb5221b94a
template_only,6,2,393,0,0.3438017966691845,20260630,ca74ca0a5cc8ea143406e41382c87cb8f154a1147c6f3130230e965bf3256cfe,026527e1d11290a131963041dbec519f41e35cf4fa75280a161947fb5221b94a
template_only,6,2,402,1,0.5957338402259811,20260630,ca74ca0a5cc8ea143406e41382c87cb8f154a1147c6f3130230e965bf3256cfe,026527e1d11290a131963041dbec519f41e35cf4fa75280a161947fb5221b94a
template_only,6,2,404,0,0.3438017966691845,20260630,ca74ca0a5cc8ea143406e41382c87cb8f154a1147c6f3130230e965bf3256cfe,026527e1d11290a131963041dbec519f41e35cf4fa75280a161947fb5221b94a
template_only,6,2,406,0,0.33627475399379875,20260630,ca74ca0a5cc8ea143406e41382c87cb8f154a1147c6f3130230e965bf3256cfe,026527e1d11290a131963041dbec519f41e35cf4fa75280a161947fb5221b94a
template_only,6,2,415,0,0.3438017966691845,20260630,ca74ca0a5cc8ea143406e41382c87cb8f154a1147c6f3130230e965bf3256cfe,026527e1d11290a131963041dbec519f41e35cf4fa75280a161947fb5221b94a
template_only,6,2,426,1,0.6320537435422509,20260630,ca74ca0a5cc8ea143406e41382c87cb8f154a1147c6f3130230e965bf3256cfe,026527e1d11290a131963041dbec519f41e35cf4fa75280a161947fb5221b94a
template_only,6,2,439,0,0.33627475399379875,20260630,ca74ca0a5cc8ea143406e41382c87cb8f154a1147c6f3130230e965bf3256cfe,026527e1d11290a131963041dbec519f41e35cf4fa75280a161947fb5221b94a
template_only,6,2,457,0,0.26126177891271146,20260630,ca74ca0a5cc8ea143406e41382c87cb8f154a1147c6f3130230e965bf3256cfe,026527e1d11290a131963041dbec519f41e35cf4fa75280a161947fb5221b94a
template_only,6,2,459,1,0.6855592726714506,20260630,ca74ca0a5cc8ea143406e41382c87cb8f154a1147c6f3130230e965bf3256cfe,026527e1d11290a131963041dbec519f41e35cf4fa75280a161947fb5221b94a
template_only,6,2,468,0,0.3438017966691845,20260630,ca74ca0a5cc8ea143406e41382c87cb8f154a1147c6f3130230e965bf3256cfe,026527e1d11290a131963041dbec519f41e35cf4fa75280a161947fb5221b94a
template_only,6,2,473,0,0.26126177891271146,20260630,ca74ca0a5cc8ea143406e41382c87cb8f154a1147c6f3130230e965bf3256cfe,026527e1d11290a131963041dbec519f41e35cf4fa75280a161947fb5221b94a
template_only,6,2,476,0,0.3438017966691845,20260630,ca74ca0a5cc8ea143406e41382c87cb8f154a1147c6f3130230e965bf3256cfe,026527e1d11290a131963041dbec519f41e35cf4fa75280a161947fb5221b94a
template_only,6,2,477,0,0.3438017966691845,20260630,ca74ca0a5cc8ea143406e41382c87cb8f154a1147c6f3130230e965bf3256cfe,026527e1d11290a131963041dbec519f41e35cf4fa75280a161947fb5221b94a
template_only,6,3,310,0,0.3167603193115654,20260630,63f655d0d23cdff0afa014ccfd096eba0449dc81e7917b882ed0a92e2db503b6,a9175a7604d661c2708f06771d61bc40dc001844847e7ae5aee4f1d10f1f65ba
template_only,6,3,315,0,0.32925001010686433,20260630,63f655d0d23cdff0afa014ccfd096eba0449dc81e7917b882ed0a92e2db503b6,a9175a7604d661c2708f06771d61bc40dc001844847e7ae5aee4f1d10f1f65ba
template_only,6,3,319,1,0.723840161966484,20260630,63f655d0d23cdff0afa014ccfd096eba0449dc81e7917b882ed0a92e2db503b6,a9175a7604d661c2708f06771d61bc40dc001844847e7ae5aee4f1d10f1f65ba
template_only,6,3,344,1,0.74264356065358,20260630,63f655d0d23cdff0afa014ccfd096eba0449dc81e7917b882ed0a92e2db503b6,a9175a7604d661c2708f06771d61bc40dc001844847e7ae5aee4f1d10f1f65ba
template_only,6,3,347,1,0.4313393345152808,20260630,63f655d0d23cdff0afa014ccfd096eba0449dc81e7917b882ed0a92e2db503b6,a9175a7604d661c2708f06771d61bc40dc001844847e7ae5aee4f1d10f1f65ba
template_only,6,3,357,0,0.4597580348736051,20260630,63f655d0d23cdff0afa014ccfd096eba0449dc81e7917b882ed0a92e2db503b6,a9175a7604d661c2708f06771d61bc40dc001844847e7ae5aee4f1d10f1f65ba
template_only,6,3,362,1,0.7425378083122743,20260630,63f655d0d23cdff0afa014ccfd096eba0449dc81e7917b882ed0a92e2db503b6,a9175a7604d661c2708f06771d61bc40dc001844847e7ae5aee4f1d10f1f65ba
template_only,6,3,370,0,0.333723731883472,20260630,63f655d0d23cdff0afa014ccfd096eba0449dc81e7917b882ed0a92e2db503b6,a9175a7604d661c2708f06771d61bc40dc001844847e7ae5aee4f1d10f1f65ba
template_only,6,3,374,0,0.7289452257401889,20260630,63f655d0d23cdff0afa014ccfd096eba0449dc81e7917b882ed0a92e2db503b6,a9175a7604d661c2708f06771d61bc40dc001844847e7ae5aee4f1d10f1f65ba
template_only,6,3,377,1,0.674722208940723,20260630,63f655d0d23cdff0afa014ccfd096eba0449dc81e7917b882ed0a92e2db503b6,a9175a7604d661c2708f06771d61bc40dc001844847e7ae5aee4f1d10f1f65ba
template_only,6,3,382,0,0.33386518349332267,20260630,63f655d0d23cdff0afa014ccfd096eba0449dc81e7917b882ed0a92e2db503b6,a9175a7604d661c2708f06771d61bc40dc001844847e7ae5aee4f1d10f1f65ba
template_only,6,3,386,1,0.33386518349332267,20260630,63f655d0d23cdff0afa014ccfd096eba0449dc81e7917b882ed0a92e2db503b6,a9175a7604d661c2708f06771d61bc40dc001844847e7ae5aee4f1d10f1f65ba
template_only,6,3,403,0,0.333723731883472,20260630,63f655d0d23cdff0afa014ccfd096eba0449dc81e7917b882ed0a92e2db503b6,a9175a7604d661c2708f06771d61bc40dc001844847e7ae5aee4f1d10f1f65ba
template_only,6,3,419,0,0.333723731883472,20260630,63f655d0d23cdff0afa014ccfd096eba0449dc81e7917b882ed0a92e2db503b6,a9175a7604d661c2708f06771d61bc40dc001844847e7ae5aee4f1d10f1f65ba
template_only,6,3,428,0,0.2785368474417908,20260630,63f655d0d23cdff0afa014ccfd096eba0449dc81e7917b882ed0a92e2db503b6,a9175a7604d661c2708f06771d61bc40dc001844847e7ae5aee4f1d10f1f65ba
template_only,6,3,430,0,0.742981096135113,20260630,63f655d0d23cdff0afa014ccfd096eba0449dc81e7917b882ed0a92e2db503b6,a9175a7604d661c2708f06771d61bc40dc001844847e7ae5aee4f1d10f1f65ba
template_only,6,3,437,0,0.33386518349332267,20260630,63f655d0d23cdff0afa014ccfd096eba0449dc81e7917b882ed0a92e2db503b6,a9175a7604d661c2708f06771d61bc40dc001844847e7ae5aee4f1d10f1f65ba
template_only,6,3,441,1,0.7064863245700164,20260630,63f655d0d23cdff0afa014ccfd096eba0449dc81e7917b882ed0a92e2db503b6,a9175a7604d661c2708f06771d61bc40dc001844847e7ae5aee4f1d10f1f65ba
template_only,6,3,443,0,0.25087699641381955,20260630,63f655d0d23cdff0afa014ccfd096eba0449dc81e7917b882ed0a92e2db503b6,a9175a7604d661c2708f06771d61bc40dc001844847e7ae5aee4f1d10f1f65ba
template_only,6,3,464,0,0.333723731883472,20260630,63f655d0d23cdff0afa014ccfd096eba0449dc81e7917b882ed0a92e2db503b6,a9175a7604d661c2708f06771d61bc40dc001844847e7ae5aee4f1d10f1f65ba
template_only,6,3,472,0,0.333723731883472,20260630,63f655d0d23cdff0afa014ccfd096eba0449dc81e7917b882ed0a92e2db503b6,a9175a7604d661c2708f06771d61bc40dc001844847e7ae5aee4f1d10f1f65ba
template_only,6,3,474,0,0.33386518349332267,20260630,63f655d0d23cdff0afa014ccfd096eba0449dc81e7917b882ed0a92e2db503b6,a9175a7604d661c2708f06771d61bc40dc001844847e7ae5aee4f1d10f1f65ba
template_only,6,3,475,0,0.333723731883472,20260630,63f655d0d23cdff0afa014ccfd096eba0449dc81e7917b882ed0a92e2db503b6,a9175a7604d661c2708f06771d61bc40dc001844847e7ae5aee4f1d10f1f65ba
template_only,6,3,479,0,0.25087699641381955,20260630,63f655d0d23cdff0afa014ccfd096eba0449dc81e7917b882ed0a92e2db503b6,a9175a7604d661c2708f06771d61bc40dc001844847e7ae5aee4f1d10f1f65ba
template_only,6,3,482,0,0.34382290176340796,20260630,63f655d0d23cdff0afa014ccfd096eba0449dc81e7917b882ed0a92e2db503b6,a9175a7604d661c2708f06771d61bc40dc001844847e7ae5aee4f1d10f1f65ba
template_only,6,3,483,1,0.5855173733328647,20260630,63f655d0d23cdff0afa014ccfd096eba0449dc81e7917b882ed0a92e2db503b6,a9175a7604d661c2708f06771d61bc40dc001844847e7ae5aee4f1d10f1f65ba
template_only,6,3,485,0,0.25087699641381955,20260630,63f655d0d23cdff0afa014ccfd096eba0449dc81e7917b882ed0a92e2db503b6,a9175a7604d661c2708f06771d61bc40dc001844847e7ae5aee4f1d10f1f65ba
template_only,6,3,487,0,0.333723731883472,20260630,63f655d0d23cdff0afa014ccfd096eba0449dc81e7917b882ed0a92e2db503b6,a9175a7604d661c2708f06771d61bc40dc001844847e7ae5aee4f1d10f1f65ba
template_only,6,4,302,0,0.4611122596253233,20260630,074b6ad01723802a6cbe54913e2a199d04b4442829b6b53ecfd71ef361fc155d,03579eae1588ac86d9e6cabbf54132342b01a45913d546459eb5d0b70da398ee
template_only,6,4,304,0,0.4393628400299186,20260630,074b6ad01723802a6cbe54913e2a199d04b4442829b6b53ecfd71ef361fc155d,03579eae1588ac86d9e6cabbf54132342b01a45913d546459eb5d0b70da398ee
template_only,6,4,317,0,0.7683860784483717,20260630,074b6ad01723802a6cbe54913e2a199d04b4442829b6b53ecfd71ef361fc155d,03579eae1588ac86d9e6cabbf54132342b01a45913d546459eb5d0b70da398ee
template_only,6,4,322,0,0.6594273025347867,20260630,074b6ad01723802a6cbe54913e2a199d04b4442829b6b53ecfd71ef361fc155d,03579eae1588ac86d9e6cabbf54132342b01a45913d546459eb5d0b70da398ee
template_only,6,4,328,0,0.34548889804229227,20260630,074b6ad01723802a6cbe54913e2a199d04b4442829b6b53ecfd71ef361fc155d,03579eae1588ac86d9e6cabbf54132342b01a45913d546459eb5d0b70da398ee
template_only,6,4,338,1,0.817860047221989,20260630,074b6ad01723802a6cbe54913e2a199d04b4442829b6b53ecfd71ef361fc155d,03579eae1588ac86d9e6cabbf54132342b01a45913d546459eb5d0b70da398ee
template_only,6,4,343,0,0.6767867687315814,20260630,074b6ad01723802a6cbe54913e2a199d04b4442829b6b53ecfd71ef361fc155d,03579eae1588ac86d9e6cabbf54132342b01a45913d546459eb5d0b70da398ee
template_only,6,4,348,1,0.7676503368995735,20260630,074b6ad01723802a6cbe54913e2a199d04b4442829b6b53ecfd71ef361fc155d,03579eae1588ac86d9e6cabbf54132342b01a45913d546459eb5d0b70da398ee
template_only,6,4,351,1,0.843003028236378,20260630,074b6ad01723802a6cbe54913e2a199d04b4442829b6b53ecfd71ef361fc155d,03579eae1588ac86d9e6cabbf54132342b01a45913d546459eb5d0b70da398ee
template_only,6,4,355,1,0.6732490152942351,20260630,074b6ad01723802a6cbe54913e2a199d04b4442829b6b53ecfd71ef361fc155d,03579eae1588ac86d9e6cabbf54132342b01a45913d546459eb5d0b70da398ee
template_only,6,4,358,0,0.8118931558730674,20260630,074b6ad01723802a6cbe54913e2a199d04b4442829b6b53ecfd71ef361fc155d,03579eae1588ac86d9e6cabbf54132342b01a45913d546459eb5d0b70da398ee
template_only,6,4,371,0,0.2767991203835434,20260630,074b6ad01723802a6cbe54913e2a199d04b4442829b6b53ecfd71ef361fc155d,03579eae1588ac86d9e6cabbf54132342b01a45913d546459eb5d0b70da398ee
template_only,6,4,380,1,0.30356463730870886,20260630,074b6ad01723802a6cbe54913e2a199d04b4442829b6b53ecfd71ef361fc155d,03579eae1588ac86d9e6cabbf54132342b01a45913d546459eb5d0b70da398ee
template_only,6,4,397,0,0.30356463730870886,20260630,074b6ad01723802a6cbe54913e2a199d04b4442829b6b53ecfd71ef361fc155d,03579eae1588ac86d9e6cabbf54132342b01a45913d546459eb5d0b70da398ee
template_only,6,4,400,0,0.5750157780102876,20260630,074b6ad01723802a6cbe54913e2a199d04b4442829b6b53ecfd71ef361fc155d,03579eae1588ac86d9e6cabbf54132342b01a45913d546459eb5d0b70da398ee
template_only,6,4,412,1,0.30356463730870886,20260630,074b6ad01723802a6cbe54913e2a199d04b4442829b6b53ecfd71ef361fc155d,03579eae1588ac86d9e6cabbf54132342b01a45913d546459eb5d0b70da398ee
template_only,6,4,416,0,0.30356463730870886,20260630,074b6ad01723802a6cbe54913e2a199d04b4442829b6b53ecfd71ef361fc155d,03579eae1588ac86d9e6cabbf54132342b01a45913d546459eb5d0b70da398ee
template_only,6,4,417,0,0.41940919780432584,20260630,074b6ad01723802a6cbe54913e2a199d04b4442829b6b53ecfd71ef361fc155d,03579eae1588ac86d9e6cabbf54132342b01a45913d546459eb5d0b70da398ee
template_only,6,4,418,1,0.7362284174993002,20260630,074b6ad01723802a6cbe54913e2a199d04b4442829b6b53ecfd71ef361fc155d,03579eae1588ac86d9e6cabbf54132342b01a45913d546459eb5d0b70da398ee
template_only,6,4,425,0,0.7349689323944822,20260630,074b6ad01723802a6cbe54913e2a199d04b4442829b6b53ecfd71ef361fc155d,03579eae1588ac86d9e6cabbf54132342b01a45913d546459eb5d0b70da398ee
template_only,6,4,427,0,0.30356463730870886,20260630,074b6ad01723802a6cbe54913e2a199d04b4442829b6b53ecfd71ef361fc155d,03579eae1588ac86d9e6cabbf54132342b01a45913d546459eb5d0b70da398ee
template_only,6,4,429,0,0.29659589527522817,20260630,074b6ad01723802a6cbe54913e2a199d04b4442829b6b53ecfd71ef361fc155d,03579eae1588ac86d9e6cabbf54132342b01a45913d546459eb5d0b70da398ee
template_only,6,4,434,0,0.30356463730870886,20260630,074b6ad01723802a6cbe54913e2a199d04b4442829b6b53ecfd71ef361fc155d,03579eae1588ac86d9e6cabbf54132342b01a45913d546459eb5d0b70da398ee
template_only,6,4,440,1,0.7125387713457775,20260630,074b6ad01723802a6cbe54913e2a199d04b4442829b6b53ecfd71ef361fc155d,03579eae1588ac86d9e6cabbf54132342b01a45913d546459eb5d0b70da398ee
template_only,6,4,444,0,0.28258747644559634,20260630,074b6ad01723802a6cbe54913e2a199d04b4442829b6b53ecfd71ef361fc155d,03579eae1588ac86d9e6cabbf54132342b01a45913d546459eb5d0b70da398ee
template_only,6,4,455,0,0.28258747644559634,20260630,074b6ad01723802a6cbe54913e2a199d04b4442829b6b53ecfd71ef361fc155d,03579eae1588ac86d9e6cabbf54132342b01a45913d546459eb5d0b70da398ee
template_only,6,4,456,0,0.30356463730870886,20260630,074b6ad01723802a6cbe54913e2a199d04b4442829b6b53ecfd71ef361fc155d,03579eae1588ac86d9e6cabbf54132342b01a45913d546459eb5d0b70da398ee
template_only,6,4,463,0,0.30356463730870886,20260630,074b6ad01723802a6cbe54913e2a199d04b4442829b6b53ecfd71ef361fc155d,03579eae1588ac86d9e6cabbf54132342b01a45913d546459eb5d0b70da398ee
template_only,6,5,307,0,0.38772939932772876,20260630,d56b8a941d07ed2aadb9bf902bdac36965245619a7470e237272178f95571c6e,e1873497cd4f17928da0fdd081db1deb07750ac53dc401a3727de5448357386b
template_only,6,5,312,0,0.31705016329503394,20260630,d56b8a941d07ed2aadb9bf902bdac36965245619a7470e237272178f95571c6e,e1873497cd4f17928da0fdd081db1deb07750ac53dc401a3727de5448357386b
template_only,6,5,316,0,0.7566138930370089,20260630,d56b8a941d07ed2aadb9bf902bdac36965245619a7470e237272178f95571c6e,e1873497cd4f17928da0fdd081db1deb07750ac53dc401a3727de5448357386b
template_only,6,5,324,0,0.6414418714027079,20260630,d56b8a941d07ed2aadb9bf902bdac36965245619a7470e237272178f95571c6e,e1873497cd4f17928da0fdd081db1deb07750ac53dc401a3727de5448357386b
template_only,6,5,325,1,0.6489651932723026,20260630,d56b8a941d07ed2aadb9bf902bdac36965245619a7470e237272178f95571c6e,e1873497cd4f17928da0fdd081db1deb07750ac53dc401a3727de5448357386b
template_only,6,5,330,1,0.545021683915854,20260630,d56b8a941d07ed2aadb9bf902bdac36965245619a7470e237272178f95571c6e,e1873497cd4f17928da0fdd081db1deb07750ac53dc401a3727de5448357386b
template_only,6,5,339,1,0.7013236673556926,20260630,d56b8a941d07ed2aadb9bf902bdac36965245619a7470e237272178f95571c6e,e1873497cd4f17928da0fdd081db1deb07750ac53dc401a3727de5448357386b
template_only,6,5,356,1,0.8662020165923604,20260630,d56b8a941d07ed2aadb9bf902bdac36965245619a7470e237272178f95571c6e,e1873497cd4f17928da0fdd081db1deb07750ac53dc401a3727de5448357386b
template_only,6,5,360,0,0.48196740752775175,20260630,d56b8a941d07ed2aadb9bf902bdac36965245619a7470e237272178f95571c6e,e1873497cd4f17928da0fdd081db1deb07750ac53dc401a3727de5448357386b
template_only,6,5,366,0,0.30727210822995765,20260630,d56b8a941d07ed2aadb9bf902bdac36965245619a7470e237272178f95571c6e,e1873497cd4f17928da0fdd081db1deb07750ac53dc401a3727de5448357386b
template_only,6,5,367,1,0.749605014100301,20260630,d56b8a941d07ed2aadb9bf902bdac36965245619a7470e237272178f95571c6e,e1873497cd4f17928da0fdd081db1deb07750ac53dc401a3727de5448357386b
template_only,6,5,368,0,0.3046559723770125,20260630,d56b8a941d07ed2aadb9bf902bdac36965245619a7470e237272178f95571c6e,e1873497cd4f17928da0fdd081db1deb07750ac53dc401a3727de5448357386b
template_only,6,5,372,1,0.5953826232546205,20260630,d56b8a941d07ed2aadb9bf902bdac36965245619a7470e237272178f95571c6e,e1873497cd4f17928da0fdd081db1deb07750ac53dc401a3727de5448357386b
template_only,6,5,375,0,0.24893202934887648,20260630,d56b8a941d07ed2aadb9bf902bdac36965245619a7470e237272178f95571c6e,e1873497cd4f17928da0fdd081db1deb07750ac53dc401a3727de5448357386b
template_only,6,5,376,1,0.538335150068523,20260630,d56b8a941d07ed2aadb9bf902bdac36965245619a7470e237272178f95571c6e,e1873497cd4f17928da0fdd081db1deb07750ac53dc401a3727de5448357386b
template_only,6,5,381,1,0.5547027747892227,20260630,d56b8a941d07ed2aadb9bf902bdac36965245619a7470e237272178f95571c6e,e1873497cd4f17928da0fdd081db1deb07750ac53dc401a3727de5448357386b
template_only,6,5,383,0,0.3046559723770125,20260630,d56b8a941d07ed2aadb9bf902bdac36965245619a7470e237272178f95571c6e,e1873497cd4f17928da0fdd081db1deb07750ac53dc401a3727de5448357386b
template_only,6,5,390,0,0.7577750402365092,20260630,d56b8a941d07ed2aadb9bf902bdac36965245619a7470e237272178f95571c6e,e1873497cd4f17928da0fdd081db1deb07750ac53dc401a3727de5448357386b
template_only,6,5,401,0,0.32198500591459034,20260630,d56b8a941d07ed2aadb9bf902bdac36965245619a7470e237272178f95571c6e,e1873497cd4f17928da0fdd081db1deb07750ac53dc401a3727de5448357386b
template_only,6,5,409,1,0.3046559723770125,20260630,d56b8a941d07ed2aadb9bf902bdac36965245619a7470e237272178f95571c6e,e1873497cd4f17928da0fdd081db1deb07750ac53dc401a3727de5448357386b
template_only,6,5,420,0,0.32198500591459034,20260630,d56b8a941d07ed2aadb9bf902bdac36965245619a7470e237272178f95571c6e,e1873497cd4f17928da0fdd081db1deb07750ac53dc401a3727de5448357386b
template_only,6,5,423,0,0.6077171347504114,20260630,d56b8a941d07ed2aadb9bf902bdac36965245619a7470e237272178f95571c6e,e1873497cd4f17928da0fdd081db1deb07750ac53dc401a3727de5448357386b
template_only,6,5,436,0,0.32198500591459034,20260630,d56b8a941d07ed2aadb9bf902bdac36965245619a7470e237272178f95571c6e,e1873497cd4f17928da0fdd081db1deb07750ac53dc401a3727de5448357386b
template_only,6,5,445,0,0.3046559723770125,20260630,d56b8a941d07ed2aadb9bf902bdac36965245619a7470e237272178f95571c6e,e1873497cd4f17928da0fdd081db1deb07750ac53dc401a3727de5448357386b
template_only,6,5,458,0,0.4766178978214956,20260630,d56b8a941d07ed2aadb9bf902bdac36965245619a7470e237272178f95571c6e,e1873497cd4f17928da0fdd081db1deb07750ac53dc401a3727de5448357386b
template_only,6,5,484,0,0.7512844069243717,20260630,d56b8a941d07ed2aadb9bf902bdac36965245619a7470e237272178f95571c6e,e1873497cd4f17928da0fdd081db1deb07750ac53dc401a3727de5448357386b
template_only,6,5,488,0,0.32198500591459034,20260630,d56b8a941d07ed2aadb9bf902bdac36965245619a7470e237272178f95571c6e,e1873497cd4f17928da0fdd081db1deb07750ac53dc401a3727de5448357386b
template_only,6,5,492,0,0.3046559723770125,20260630,d56b8a941d07ed2aadb9bf902bdac36965245619a7470e237272178f95571c6e,e1873497cd4f17928da0fdd081db1deb07750ac53dc401a3727de5448357386b
template_only,7,1,315,0,0.2978511312882076,20260631,f3dabc890c5a95e9aeba56026c4d2e5ef280fa3aa9f486c6242ef3e665740b39,9d2670fe5e3eca8e8444707242eea29f1e3602ef28d14ab3b5e3c6b03ec01143
template_only,7,1,319,1,0.7651793017236475,20260631,f3dabc890c5a95e9aeba56026c4d2e5ef280fa3aa9f486c6242ef3e665740b39,9d2670fe5e3eca8e8444707242eea29f1e3602ef28d14ab3b5e3c6b03ec01143
template_only,7,1,331,0,0.6860692794711386,20260631,f3dabc890c5a95e9aeba56026c4d2e5ef280fa3aa9f486c6242ef3e665740b39,9d2670fe5e3eca8e8444707242eea29f1e3602ef28d14ab3b5e3c6b03ec01143
template_only,7,1,333,0,0.3092033758415335,20260631,f3dabc890c5a95e9aeba56026c4d2e5ef280fa3aa9f486c6242ef3e665740b39,9d2670fe5e3eca8e8444707242eea29f1e3602ef28d14ab3b5e3c6b03ec01143
template_only,7,1,350,1,0.7523863116801128,20260631,f3dabc890c5a95e9aeba56026c4d2e5ef280fa3aa9f486c6242ef3e665740b39,9d2670fe5e3eca8e8444707242eea29f1e3602ef28d14ab3b5e3c6b03ec01143
template_only,7,1,352,1,0.40812242329466125,20260631,f3dabc890c5a95e9aeba56026c4d2e5ef280fa3aa9f486c6242ef3e665740b39,9d2670fe5e3eca8e8444707242eea29f1e3602ef28d14ab3b5e3c6b03ec01143
template_only,7,1,353,1,0.603504631663075,20260631,f3dabc890c5a95e9aeba56026c4d2e5ef280fa3aa9f486c6242ef3e665740b39,9d2670fe5e3eca8e8444707242eea29f1e3602ef28d14ab3b5e3c6b03ec01143
template_only,7,1,364,0,0.5392629864769273,20260631,f3dabc890c5a95e9aeba56026c4d2e5ef280fa3aa9f486c6242ef3e665740b39,9d2670fe5e3eca8e8444707242eea29f1e3602ef28d14ab3b5e3c6b03ec01143
template_only,7,1,367,1,0.7584415026888843,20260631,f3dabc890c5a95e9aeba56026c4d2e5ef280fa3aa9f486c6242ef3e665740b39,9d2670fe5e3eca8e8444707242eea29f1e3602ef28d14ab3b5e3c6b03ec01143
template_only,7,1,374,0,0.7678064911967787,20260631,f3dabc890c5a95e9aeba56026c4d2e5ef280fa3aa9f486c6242ef3e665740b39,9d2670fe5e3eca8e8444707242eea29f1e3602ef28d14ab3b5e3c6b03ec01143
template_only,7,1,386,1,0.3034479750880253,20260631,f3dabc890c5a95e9aeba56026c4d2e5ef280fa3aa9f486c6242ef3e665740b39,9d2670fe5e3eca8e8444707242eea29f1e3602ef28d14ab3b5e3c6b03ec01143
template_only,7,1,391,0,0.3207506763986524,20260631,f3dabc890c5a95e9aeba56026c4d2e5ef280fa3aa9f486c6242ef3e665740b39,9d2670fe5e3eca8e8444707242eea29f1e3602ef28d14ab3b5e3c6b03ec01143
template_only,7,1,400,0,0.5524618158497528,20260631,f3dabc890c5a95e9aeba56026c4d2e5ef280fa3aa9f486c6242ef3e665740b39,9d2670fe5e3eca8e8444707242eea29f1e3602ef28d14ab3b5e3c6b03ec01143
template_only,7,1,401,0,0.3034479750880253,20260631,f3dabc890c5a95e9aeba56026c4d2e5ef280fa3aa9f486c6242ef3e665740b39,9d2670fe5e3eca8e8444707242eea29f1e3602ef28d14ab3b5e3c6b03ec01143
template_only,7,1,412,1,0.3034479750880253,20260631,f3dabc890c5a95e9aeba56026c4d2e5ef280fa3aa9f486c6242ef3e665740b39,9d2670fe5e3eca8e8444707242eea29f1e3602ef28d14ab3b5e3c6b03ec01143
template_only,7,1,416,0,0.3034479750880253,20260631,f3dabc890c5a95e9aeba56026c4d2e5ef280fa3aa9f486c6242ef3e665740b39,9d2670fe5e3eca8e8444707242eea29f1e3602ef28d14ab3b5e3c6b03ec01143
template_only,7,1,422,1,0.30117870805939523,20260631,f3dabc890c5a95e9aeba56026c4d2e5ef280fa3aa9f486c6242ef3e665740b39,9d2670fe5e3eca8e8444707242eea29f1e3602ef28d14ab3b5e3c6b03ec01143
template_only,7,1,425,0,0.7623597074834435,20260631,f3dabc890c5a95e9aeba56026c4d2e5ef280fa3aa9f486c6242ef3e665740b39,9d2670fe5e3eca8e8444707242eea29f1e3602ef28d14ab3b5e3c6b03ec01143
template_only,7,1,427,0,0.3034479750880253,20260631,f3dabc890c5a95e9aeba56026c4d2e5ef280fa3aa9f486c6242ef3e665740b39,9d2670fe5e3eca8e8444707242eea29f1e3602ef28d14ab3b5e3c6b03ec01143
template_only,7,1,434,0,0.3034479750880253,20260631,f3dabc890c5a95e9aeba56026c4d2e5ef280fa3aa9f486c6242ef3e665740b39,9d2670fe5e3eca8e8444707242eea29f1e3602ef28d14ab3b5e3c6b03ec01143
template_only,7,1,437,0,0.3034479750880253,20260631,f3dabc890c5a95e9aeba56026c4d2e5ef280fa3aa9f486c6242ef3e665740b39,9d2670fe5e3eca8e8444707242eea29f1e3602ef28d14ab3b5e3c6b03ec01143
template_only,7,1,441,1,0.7435257283364546,20260631,f3dabc890c5a95e9aeba56026c4d2e5ef280fa3aa9f486c6242ef3e665740b39,9d2670fe5e3eca8e8444707242eea29f1e3602ef28d14ab3b5e3c6b03ec01143
template_only,7,1,443,0,0.23216583944691854,20260631,f3dabc890c5a95e9aeba56026c4d2e5ef280fa3aa9f486c6242ef3e665740b39,9d2670fe5e3eca8e8444707242eea29f1e3602ef28d14ab3b5e3c6b03ec01143
template_only,7,1,445,0,0.30044506262528387,20260631,f3dabc890c5a95e9aeba56026c4d2e5ef280fa3aa9f486c6242ef3e665740b39,9d2670fe5e3eca8e8444707242eea29f1e3602ef28d14ab3b5e3c6b03ec01143
template_only,7,1,446,0,0.30044506262528387,20260631,f3dabc890c5a95e9aeba56026c4d2e5ef280fa3aa9f486c6242ef3e665740b39,9d2670fe5e3eca8e8444707242eea29f1e3602ef28d14ab3b5e3c6b03ec01143
template_only,7,1,473,0,0.23216583944691854,20260631,f3dabc890c5a95e9aeba56026c4d2e5ef280fa3aa9f486c6242ef3e665740b39,9d2670fe5e3eca8e8444707242eea29f1e3602ef28d14ab3b5e3c6b03ec01143
template_only,7,1,476,0,0.3034479750880253,20260631,f3dabc890c5a95e9aeba56026c4d2e5ef280fa3aa9f486c6242ef3e665740b39,9d2670fe5e3eca8e8444707242eea29f1e3602ef28d14ab3b5e3c6b03ec01143
template_only,7,1,489,0,0.3034479750880253,20260631,f3dabc890c5a95e9aeba56026c4d2e5ef280fa3aa9f486c6242ef3e665740b39,9d2670fe5e3eca8e8444707242eea29f1e3602ef28d14ab3b5e3c6b03ec01143
template_only,7,1,490,0,0.3034479750880253,20260631,f3dabc890c5a95e9aeba56026c4d2e5ef280fa3aa9f486c6242ef3e665740b39,9d2670fe5e3eca8e8444707242eea29f1e3602ef28d14ab3b5e3c6b03ec01143
template_only,7,2,317,0,0.7880485687477573,20260631,23d657f172880618b5c9663758d294ce590bc310ce2977d3ac1616f50e4679d3,da8a53285626f312b48617faf929cf9bee1bbbbdae34bc11ca57beba12a52659
template_only,7,2,321,1,0.7617060231885983,20260631,23d657f172880618b5c9663758d294ce590bc310ce2977d3ac1616f50e4679d3,da8a53285626f312b48617faf929cf9bee1bbbbdae34bc11ca57beba12a52659
template_only,7,2,335,1,0.36733488011551085,20260631,23d657f172880618b5c9663758d294ce590bc310ce2977d3ac1616f50e4679d3,da8a53285626f312b48617faf929cf9bee1bbbbdae34bc11ca57beba12a52659
template_only,7,2,340,0,0.27525464634598995,20260631,23d657f172880618b5c9663758d294ce590bc310ce2977d3ac1616f50e4679d3,da8a53285626f312b48617faf929cf9bee1bbbbdae34bc11ca57beba12a52659
template_only,7,2,341,0,0.3047743040584442,20260631,23d657f172880618b5c9663758d294ce590bc310ce2977d3ac1616f50e4679d3,da8a53285626f312b48617faf929cf9bee1bbbbdae34bc11ca57beba12a52659
template_only,7,2,345,1,0.6162711125976298,20260631,23d657f172880618b5c9663758d294ce590bc310ce2977d3ac1616f50e4679d3,da8a53285626f312b48617faf929cf9bee1bbbbdae34bc11ca57beba12a52659
template_only,7,2,347,1,0.35878013302349365,20260631,23d657f172880618b5c9663758d294ce590bc310ce2977d3ac1616f50e4679d3,da8a53285626f312b48617faf929cf9bee1bbbbdae34bc11ca57beba12a52659
template_only,7,2,366,0,0.30708171444489935,20260631,23d657f172880618b5c9663758d294ce590bc310ce2977d3ac1616f50e4679d3,da8a53285626f312b48617faf929cf9bee1bbbbdae34bc11ca57beba12a52659
template_only,7,2,372,1,0.6092066176776754,20260631,23d657f172880618b5c9663758d294ce590bc310ce2977d3ac1616f50e4679d3,da8a53285626f312b48617faf929cf9bee1bbbbdae34bc11ca57beba12a52659
template_only,7,2,380,1,0.2703078653597698,20260631,23d657f172880618b5c9663758d294ce590bc310ce2977d3ac1616f50e4679d3,da8a53285626f312b48617faf929cf9bee1bbbbdae34bc11ca57beba12a52659
template_only,7,2,383,0,0.29084870346172226,20260631,23d657f172880618b5c9663758d294ce590bc310ce2977d3ac1616f50e4679d3,da8a53285626f312b48617faf929cf9bee1bbbbdae34bc11ca57beba12a52659
template_only,7,2,388,1,0.2703078653597698,20260631,23d657f172880618b5c9663758d294ce590bc310ce2977d3ac1616f50e4679d3,da8a53285626f312b48617faf929cf9bee1bbbbdae34bc11ca57beba12a52659
template_only,7,2,389,1,0.7153965313099119,20260631,23d657f172880618b5c9663758d294ce590bc310ce2977d3ac1616f50e4679d3,da8a53285626f312b48617faf929cf9bee1bbbbdae34bc11ca57beba12a52659
template_only,7,2,390,0,0.7509485670159168,20260631,23d657f172880618b5c9663758d294ce590bc310ce2977d3ac1616f50e4679d3,da8a53285626f312b48617faf929cf9bee1bbbbdae34bc11ca57beba12a52659
template_only,7,2,415,0,0.2703078653597698,20260631,23d657f172880618b5c9663758d294ce590bc310ce2977d3ac1616f50e4679d3,da8a53285626f312b48617faf929cf9bee1bbbbdae34bc11ca57beba12a52659
template_only,7,2,429,0,0.2646314719651813,20260631,23d657f172880618b5c9663758d294ce590bc310ce2977d3ac1616f50e4679d3,da8a53285626f312b48617faf929cf9bee1bbbbdae34bc11ca57beba12a52659
template_only,7,2,433,1,0.2703078653597698,20260631,23d657f172880618b5c9663758d294ce590bc310ce2977d3ac1616f50e4679d3,da8a53285626f312b48617faf929cf9bee1bbbbdae34bc11ca57beba12a52659
template_only,7,2,436,0,0.2703078653597698,20260631,23d657f172880618b5c9663758d294ce590bc310ce2977d3ac1616f50e4679d3,da8a53285626f312b48617faf929cf9bee1bbbbdae34bc11ca57beba12a52659
template_only,7,2,444,0,0.29084870346172226,20260631,23d657f172880618b5c9663758d294ce590bc310ce2977d3ac1616f50e4679d3,da8a53285626f312b48617faf929cf9bee1bbbbdae34bc11ca57beba12a52659
template_only,7,2,451,0,0.4673403653128605,20260631,23d657f172880618b5c9663758d294ce590bc310ce2977d3ac1616f50e4679d3,da8a53285626f312b48617faf929cf9bee1bbbbdae34bc11ca57beba12a52659
template_only,7,2,455,0,0.29084870346172226,20260631,23d657f172880618b5c9663758d294ce590bc310ce2977d3ac1616f50e4679d3,da8a53285626f312b48617faf929cf9bee1bbbbdae34bc11ca57beba12a52659
template_only,7,2,456,0,0.2703078653597698,20260631,23d657f172880618b5c9663758d294ce590bc310ce2977d3ac1616f50e4679d3,da8a53285626f312b48617faf929cf9bee1bbbbdae34bc11ca57beba12a52659
template_only,7,2,474,0,0.2703078653597698,20260631,23d657f172880618b5c9663758d294ce590bc310ce2977d3ac1616f50e4679d3,da8a53285626f312b48617faf929cf9bee1bbbbdae34bc11ca57beba12a52659
template_only,7,2,477,0,0.2703078653597698,20260631,23d657f172880618b5c9663758d294ce590bc310ce2977d3ac1616f50e4679d3,da8a53285626f312b48617faf929cf9bee1bbbbdae34bc11ca57beba12a52659
template_only,7,2,482,0,0.2727195590405965,20260631,23d657f172880618b5c9663758d294ce590bc310ce2977d3ac1616f50e4679d3,da8a53285626f312b48617faf929cf9bee1bbbbdae34bc11ca57beba12a52659
template_only,7,2,484,0,0.7673960790830555,20260631,23d657f172880618b5c9663758d294ce590bc310ce2977d3ac1616f50e4679d3,da8a53285626f312b48617faf929cf9bee1bbbbdae34bc11ca57beba12a52659
template_only,7,2,485,0,0.2094620462019508,20260631,23d657f172880618b5c9663758d294ce590bc310ce2977d3ac1616f50e4679d3,da8a53285626f312b48617faf929cf9bee1bbbbdae34bc11ca57beba12a52659
template_only,7,2,486,0,0.2703078653597698,20260631,23d657f172880618b5c9663758d294ce590bc310ce2977d3ac1616f50e4679d3,da8a53285626f312b48617faf929cf9bee1bbbbdae34bc11ca57beba12a52659
template_only,7,2,491,0,0.5307503892533009,20260631,23d657f172880618b5c9663758d294ce590bc310ce2977d3ac1616f50e4679d3,da8a53285626f312b48617faf929cf9bee1bbbbdae34bc11ca57beba12a52659
template_only,7,3,305,0,0.686792591659413,20260631,4eddfedce9ed4edac7f5f9d02c42b053a085693dc8e1fc3c5bb2088c7cec6616,3d0652c74e5c6639081fa5f85fd6c911a3a94a5f52e9e72a90e95041c926347f
template_only,7,3,307,0,0.44624482380706937,20260631,4eddfedce9ed4edac7f5f9d02c42b053a085693dc8e1fc3c5bb2088c7cec6616,3d0652c74e5c6639081fa5f85fd6c911a3a94a5f52e9e72a90e95041c926347f
template_only,7,3,318,0,0.33959260079777753,20260631,4eddfedce9ed4edac7f5f9d02c42b053a085693dc8e1fc3c5bb2088c7cec6616,3d0652c74e5c6639081fa5f85fd6c911a3a94a5f52e9e72a90e95041c926347f
template_only,7,3,324,0,0.6309201461354582,20260631,4eddfedce9ed4edac7f5f9d02c42b053a085693dc8e1fc3c5bb2088c7cec6616,3d0652c74e5c6639081fa5f85fd6c911a3a94a5f52e9e72a90e95041c926347f
template_only,7,3,325,1,0.6294788805096813,20260631,4eddfedce9ed4edac7f5f9d02c42b053a085693dc8e1fc3c5bb2088c7cec6616,3d0652c74e5c6639081fa5f85fd6c911a3a94a5f52e9e72a90e95041c926347f
template_only,7,3,328,0,0.33959260079777753,20260631,4eddfedce9ed4edac7f5f9d02c42b053a085693dc8e1fc3c5bb2088c7cec6616,3d0652c74e5c6639081fa5f85fd6c911a3a94a5f52e9e72a90e95041c926347f
template_only,7,3,358,0,0.7860449905240736,20260631,4eddfedce9ed4edac7f5f9d02c42b053a085693dc8e1fc3c5bb2088c7cec6616,3d0652c74e5c6639081fa5f85fd6c911a3a94a5f52e9e72a90e95041c926347f
template_only,7,3,360,0,0.5411039590519116,20260631,4eddfedce9ed4edac7f5f9d02c42b053a085693dc8e1fc3c5bb2088c7cec6616,3d0652c74e5c6639081fa5f85fd6c911a3a94a5f52e9e72a90e95041c926347f
template_only,7,3,362,1,0.7290758364988221,20260631,4eddfedce9ed4edac7f5f9d02c42b053a085693dc8e1fc3c5bb2088c7cec6616,3d0652c74e5c6639081fa5f85fd6c911a3a94a5f52e9e72a90e95041c926347f
template_only,7,3,369,0,0.3273775901364567,20260631,4eddfedce9ed4edac7f5f9d02c42b053a085693dc8e1fc3c5bb2088c7cec6616,3d0652c74e5c6639081fa5f85fd6c911a3a94a5f52e9e72a90e95041c926347f
template_only,7,3,371,0,0.2340566653633054,20260631,4eddfedce9ed4edac7f5f9d02c42b053a085693dc8e1fc3c5bb2088c7cec6616,3d0652c74e5c6639081fa5f85fd6c911a3a94a5f52e9e72a90e95041c926347f
template_only,7,3,376,1,0.48853553616492157,20260631,4eddfedce9ed4edac7f5f9d02c42b053a085693dc8e1fc3c5bb2088c7cec6616,3d0652c74e5c6639081fa5f85fd6c911a3a94a5f52e9e72a90e95041c926347f
template_only,7,3,402,1,0.5780039409023513,20260631,4eddfedce9ed4edac7f5f9d02c42b053a085693dc8e1fc3c5bb2088c7cec6616,3d0652c74e5c6639081fa5f85fd6c911a3a94a5f52e9e72a90e95041c926347f
template_only,7,3,409,1,0.2876665437884289,20260631,4eddfedce9ed4edac7f5f9d02c42b053a085693dc8e1fc3c5bb2088c7cec6616,3d0652c74e5c6639081fa5f85fd6c911a3a94a5f52e9e72a90e95041c926347f
template_only,7,3,414,1,0.5594013876871129,20260631,4eddfedce9ed4edac7f5f9d02c42b053a085693dc8e1fc3c5bb2088c7cec6616,3d0652c74e5c6639081fa5f85fd6c911a3a94a5f52e9e72a90e95041c926347f
template_only,7,3,419,0,0.2876665437884289,20260631,4eddfedce9ed4edac7f5f9d02c42b053a085693dc8e1fc3c5bb2088c7cec6616,3d0652c74e5c6639081fa5f85fd6c911a3a94a5f52e9e72a90e95041c926347f
template_only,7,3,426,1,0.5752811562020833,20260631,4eddfedce9ed4edac7f5f9d02c42b053a085693dc8e1fc3c5bb2088c7cec6616,3d0652c74e5c6639081fa5f85fd6c911a3a94a5f52e9e72a90e95041c926347f
template_only,7,3,439,0,0.2876665437884289,20260631,4eddfedce9ed4edac7f5f9d02c42b053a085693dc8e1fc3c5bb2088c7cec6616,3d0652c74e5c6639081fa5f85fd6c911a3a94a5f52e9e72a90e95041c926347f
template_only,7,3,440,1,0.6567761032509909,20260631,4eddfedce9ed4edac7f5f9d02c42b053a085693dc8e1fc3c5bb2088c7cec6616,3d0652c74e5c6639081fa5f85fd6c911a3a94a5f52e9e72a90e95041c926347f
template_only,7,3,447,0,0.3183828101238664,20260631,4eddfedce9ed4edac7f5f9d02c42b053a085693dc8e1fc3c5bb2088c7cec6616,3d0652c74e5c6639081fa5f85fd6c911a3a94a5f52e9e72a90e95041c926347f
template_only,7,3,449,0,0.2876665437884289,20260631,4eddfedce9ed4edac7f5f9d02c42b053a085693dc8e1fc3c5bb2088c7cec6616,3d0652c74e5c6639081fa5f85fd6c911a3a94a5f52e9e72a90e95041c926347f
template_only,7,3,454,0,0.20983228212482,20260631,4eddfedce9ed4edac7f5f9d02c42b053a085693dc8e1fc3c5bb2088c7cec6616,3d0652c74e5c6639081fa5f85fd6c911a3a94a5f52e9e72a90e95041c926347f
template_only,7,3,457,0,0.20983228212482,20260631,4eddfedce9ed4edac7f5f9d02c42b053a085693dc8e1fc3c5bb2088c7cec6616,3d0652c74e5c6639081fa5f85fd6c911a3a94a5f52e9e72a90e95041c926347f
template_only,7,3,463,0,0.3183828101238664,20260631,4eddfedce9ed4edac7f5f9d02c42b053a085693dc8e1fc3c5bb2088c7cec6616,3d0652c74e5c6639081fa5f85fd6c911a3a94a5f52e9e72a90e95041c926347f
template_only,7,3,472,0,0.2876665437884289,20260631,4eddfedce9ed4edac7f5f9d02c42b053a085693dc8e1fc3c5bb2088c7cec6616,3d0652c74e5c6639081fa5f85fd6c911a3a94a5f52e9e72a90e95041c926347f
template_only,7,3,475,0,0.2876665437884289,20260631,4eddfedce9ed4edac7f5f9d02c42b053a085693dc8e1fc3c5bb2088c7cec6616,3d0652c74e5c6639081fa5f85fd6c911a3a94a5f52e9e72a90e95041c926347f
template_only,7,3,487,0,0.2876665437884289,20260631,4eddfedce9ed4edac7f5f9d02c42b053a085693dc8e1fc3c5bb2088c7cec6616,3d0652c74e5c6639081fa5f85fd6c911a3a94a5f52e9e72a90e95041c926347f
template_only,7,3,488,0,0.3183828101238664,20260631,4eddfedce9ed4edac7f5f9d02c42b053a085693dc8e1fc3c5bb2088c7cec6616,3d0652c74e5c6639081fa5f85fd6c911a3a94a5f52e9e72a90e95041c926347f
template_only,7,4,302,0,0.44699128885555134,20260631,2cd630f89f9be953badf6194b7b655366f718766a325a0258da75f905eb6be81,52b5c89f9ca126f58d2180e016d275fa5187985e11606904d7be5d50468ec3dc
template_only,7,4,310,0,0.3564092091460641,20260631,2cd630f89f9be953badf6194b7b655366f718766a325a0258da75f905eb6be81,52b5c89f9ca126f58d2180e016d275fa5187985e11606904d7be5d50468ec3dc
template_only,7,4,312,0,0.3670251741083899,20260631,2cd630f89f9be953badf6194b7b655366f718766a325a0258da75f905eb6be81,52b5c89f9ca126f58d2180e016d275fa5187985e11606904d7be5d50468ec3dc
template_only,7,4,313,0,0.5597054916249699,20260631,2cd630f89f9be953badf6194b7b655366f718766a325a0258da75f905eb6be81,52b5c89f9ca126f58d2180e016d275fa5187985e11606904d7be5d50468ec3dc
template_only,7,4,322,0,0.6358848261208576,20260631,2cd630f89f9be953badf6194b7b655366f718766a325a0258da75f905eb6be81,52b5c89f9ca126f58d2180e016d275fa5187985e11606904d7be5d50468ec3dc
template_only,7,4,327,0,0.675972828546051,20260631,2cd630f89f9be953badf6194b7b655366f718766a325a0258da75f905eb6be81,52b5c89f9ca126f58d2180e016d275fa5187985e11606904d7be5d50468ec3dc
template_only,7,4,336,0,0.5096275203244998,20260631,2cd630f89f9be953badf6194b7b655366f718766a325a0258da75f905eb6be81,52b5c89f9ca126f58d2180e016d275fa5187985e11606904d7be5d50468ec3dc
template_only,7,4,338,1,0.7829933093038453,20260631,2cd630f89f9be953badf6194b7b655366f718766a325a0258da75f905eb6be81,52b5c89f9ca126f58d2180e016d275fa5187985e11606904d7be5d50468ec3dc
template_only,7,4,339,1,0.7470428054897378,20260631,2cd630f89f9be953badf6194b7b655366f718766a325a0258da75f905eb6be81,52b5c89f9ca126f58d2180e016d275fa5187985e11606904d7be5d50468ec3dc
template_only,7,4,346,1,0.6679083221737634,20260631,2cd630f89f9be953badf6194b7b655366f718766a325a0258da75f905eb6be81,52b5c89f9ca126f58d2180e016d275fa5187985e11606904d7be5d50468ec3dc
template_only,7,4,351,1,0.8148131169608765,20260631,2cd630f89f9be953badf6194b7b655366f718766a325a0258da75f905eb6be81,52b5c89f9ca126f58d2180e016d275fa5187985e11606904d7be5d50468ec3dc
template_only,7,4,356,1,0.8266585540748185,20260631,2cd630f89f9be953badf6194b7b655366f718766a325a0258da75f905eb6be81,52b5c89f9ca126f58d2180e016d275fa5187985e11606904d7be5d50468ec3dc
template_only,7,4,357,0,0.5096275203244998,20260631,2cd630f89f9be953badf6194b7b655366f718766a325a0258da75f905eb6be81,52b5c89f9ca126f58d2180e016d275fa5187985e11606904d7be5d50468ec3dc
template_only,7,4,368,0,0.32260241446421556,20260631,2cd630f89f9be953badf6194b7b655366f718766a325a0258da75f905eb6be81,52b5c89f9ca126f58d2180e016d275fa5187985e11606904d7be5d50468ec3dc
template_only,7,4,370,0,0.32260241446421556,20260631,2cd630f89f9be953badf6194b7b655366f718766a325a0258da75f905eb6be81,52b5c89f9ca126f58d2180e016d275fa5187985e11606904d7be5d50468ec3dc
template_only,7,4,375,0,0.2782974951363414,20260631,2cd630f89f9be953badf6194b7b655366f718766a325a0258da75f905eb6be81,52b5c89f9ca126f58d2180e016d275fa5187985e11606904d7be5d50468ec3dc
template_only,7,4,385,0,0.34642005301782863,20260631,2cd630f89f9be953badf6194b7b655366f718766a325a0258da75f905eb6be81,52b5c89f9ca126f58d2180e016d275fa5187985e11606904d7be5d50468ec3dc
template_only,7,4,392,0,0.25466630533141893,20260631,2cd630f89f9be953badf6194b7b655366f718766a325a0258da75f905eb6be81,52b5c89f9ca126f58d2180e016d275fa5187985e11606904d7be5d50468ec3dc
template_only,7,4,393,0,0.33741779151967244,20260631,2cd630f89f9be953badf6194b7b655366f718766a325a0258da75f905eb6be81,52b5c89f9ca126f58d2180e016d275fa5187985e11606904d7be5d50468ec3dc
template_only,7,4,403,0,0.32260241446421556,20260631,2cd630f89f9be953badf6194b7b655366f718766a325a0258da75f905eb6be81,52b5c89f9ca126f58d2180e016d275fa5187985e11606904d7be5d50468ec3dc
template_only,7,4,413,1,0.5075877598439011,20260631,2cd630f89f9be953badf6194b7b655366f718766a325a0258da75f905eb6be81,52b5c89f9ca126f58d2180e016d275fa5187985e11606904d7be5d50468ec3dc
template_only,7,4,417,0,0.46553993117264664,20260631,2cd630f89f9be953badf6194b7b655366f718766a325a0258da75f905eb6be81,52b5c89f9ca126f58d2180e016d275fa5187985e11606904d7be5d50468ec3dc
template_only,7,4,418,1,0.7029867572791517,20260631,2cd630f89f9be953badf6194b7b655366f718766a325a0258da75f905eb6be81,52b5c89f9ca126f58d2180e016d275fa5187985e11606904d7be5d50468ec3dc
template_only,7,4,428,0,0.29733637419986453,20260631,2cd630f89f9be953badf6194b7b655366f718766a325a0258da75f905eb6be81,52b5c89f9ca126f58d2180e016d275fa5187985e11606904d7be5d50468ec3dc
template_only,7,4,430,0,0.7417710916824164,20260631,2cd630f89f9be953badf6194b7b655366f718766a325a0258da75f905eb6be81,52b5c89f9ca126f58d2180e016d275fa5187985e11606904d7be5d50468ec3dc
template_only,7,4,471,0,0.3441290831061407,20260631,2cd630f89f9be953badf6194b7b655366f718766a325a0258da75f905eb6be81,52b5c89f9ca126f58d2180e016d275fa5187985e11606904d7be5d50468ec3dc
template_only,7,4,483,1,0.6036124713435979,20260631,2cd630f89f9be953badf6194b7b655366f718766a325a0258da75f905eb6be81,52b5c89f9ca126f58d2180e016d275fa5187985e11606904d7be5d50468ec3dc
template_only,7,4,492,0,0.32260241446421556,20260631,2cd630f89f9be953badf6194b7b655366f718766a325a0258da75f905eb6be81,52b5c89f9ca126f58d2180e016d275fa5187985e11606904d7be5d50468ec3dc
template_only,7,5,303,0,0.4306939699261214,20260631,9d186f625748e356da02736f6904b5773523be1118eadf2c62a98916e73c87d8,8f894ca0e4dad9915ca3d20752c63cc166b5253f4d16cc18d55ec30a44f5e251
template_only,7,5,304,0,0.4227010981943928,20260631,9d186f625748e356da02736f6904b5773523be1118eadf2c62a98916e73c87d8,8f894ca0e4dad9915ca3d20752c63cc166b5253f4d16cc18d55ec30a44f5e251
template_only,7,5,316,0,0.7427313426371006,20260631,9d186f625748e356da02736f6904b5773523be1118eadf2c62a98916e73c87d8,8f894ca0e4dad9915ca3d20752c63cc166b5253f4d16cc18d55ec30a44f5e251
template_only,7,5,320,1,0.715943372294136,20260631,9d186f625748e356da02736f6904b5773523be1118eadf2c62a98916e73c87d8,8f894ca0e4dad9915ca3d20752c63cc166b5253f4d16cc18d55ec30a44f5e251
template_only,7,5,326,0,0.3567842912421734,20260631,9d186f625748e356da02736f6904b5773523be1118eadf2c62a98916e73c87d8,8f894ca0e4dad9915ca3d20752c63cc166b5253f4d16cc18d55ec30a44f5e251
template_only,7,5,330,1,0.5346949527908417,20260631,9d186f625748e356da02736f6904b5773523be1118eadf2c62a98916e73c87d8,8f894ca0e4dad9915ca3d20752c63cc166b5253f4d16cc18d55ec30a44f5e251
template_only,7,5,343,0,0.6232851562905553,20260631,9d186f625748e356da02736f6904b5773523be1118eadf2c62a98916e73c87d8,8f894ca0e4dad9915ca3d20752c63cc166b5253f4d16cc18d55ec30a44f5e251
template_only,7,5,344,1,0.7154007567903128,20260631,9d186f625748e356da02736f6904b5773523be1118eadf2c62a98916e73c87d8,8f894ca0e4dad9915ca3d20752c63cc166b5253f4d16cc18d55ec30a44f5e251
template_only,7,5,348,1,0.7382966006230173,20260631,9d186f625748e356da02736f6904b5773523be1118eadf2c62a98916e73c87d8,8f894ca0e4dad9915ca3d20752c63cc166b5253f4d16cc18d55ec30a44f5e251
template_only,7,5,355,1,0.6506003769295406,20260631,9d186f625748e356da02736f6904b5773523be1118eadf2c62a98916e73c87d8,8f894ca0e4dad9915ca3d20752c63cc166b5253f4d16cc18d55ec30a44f5e251
template_only,7,5,363,0,0.36296217664087327,20260631,9d186f625748e356da02736f6904b5773523be1118eadf2c62a98916e73c87d8,8f894ca0e4dad9915ca3d20752c63cc166b5253f4d16cc18d55ec30a44f5e251
template_only,7,5,377,1,0.6721748576489945,20260631,9d186f625748e356da02736f6904b5773523be1118eadf2c62a98916e73c87d8,8f894ca0e4dad9915ca3d20752c63cc166b5253f4d16cc18d55ec30a44f5e251
template_only,7,5,379,0,0.33173653417812055,20260631,9d186f625748e356da02736f6904b5773523be1118eadf2c62a98916e73c87d8,8f894ca0e4dad9915ca3d20752c63cc166b5253f4d16cc18d55ec30a44f5e251
template_only,7,5,381,1,0.560857787028795,20260631,9d186f625748e356da02736f6904b5773523be1118eadf2c62a98916e73c87d8,8f894ca0e4dad9915ca3d20752c63cc166b5253f4d16cc18d55ec30a44f5e251
template_only,7,5,382,0,0.34966014222016023,20260631,9d186f625748e356da02736f6904b5773523be1118eadf2c62a98916e73c87d8,8f894ca0e4dad9915ca3d20752c63cc166b5253f4d16cc18d55ec30a44f5e251
template_only,7,5,395,0,0.3568389901379301,20260631,9d186f625748e356da02736f6904b5773523be1118eadf2c62a98916e73c87d8,8f894ca0e4dad9915ca3d20752c63cc166b5253f4d16cc18d55ec30a44f5e251
template_only,7,5,397,0,0.34966014222016023,20260631,9d186f625748e356da02736f6904b5773523be1118eadf2c62a98916e73c87d8,8f894ca0e4dad9915ca3d20752c63cc166b5253f4d16cc18d55ec30a44f5e251
template_only,7,5,404,0,0.34966014222016023,20260631,9d186f625748e356da02736f6904b5773523be1118eadf2c62a98916e73c87d8,8f894ca0e4dad9915ca3d20752c63cc166b5253f4d16cc18d55ec30a44f5e251
template_only,7,5,406,0,0.3153439375732924,20260631,9d186f625748e356da02736f6904b5773523be1118eadf2c62a98916e73c87d8,8f894ca0e4dad9915ca3d20752c63cc166b5253f4d16cc18d55ec30a44f5e251
template_only,7,5,420,0,0.34966014222016023,20260631,9d186f625748e356da02736f6904b5773523be1118eadf2c62a98916e73c87d8,8f894ca0e4dad9915ca3d20752c63cc166b5253f4d16cc18d55ec30a44f5e251
template_only,7,5,423,0,0.6052808620778989,20260631,9d186f625748e356da02736f6904b5773523be1118eadf2c62a98916e73c87d8,8f894ca0e4dad9915ca3d20752c63cc166b5253f4d16cc18d55ec30a44f5e251
template_only,7,5,448,1,0.604616825230847,20260631,9d186f625748e356da02736f6904b5773523be1118eadf2c62a98916e73c87d8,8f894ca0e4dad9915ca3d20752c63cc166b5253f4d16cc18d55ec30a44f5e251
template_only,7,5,458,0,0.4725614631694743,20260631,9d186f625748e356da02736f6904b5773523be1118eadf2c62a98916e73c87d8,8f894ca0e4dad9915ca3d20752c63cc166b5253f4d16cc18d55ec30a44f5e251
template_only,7,5,459,1,0.736439462119223,20260631,9d186f625748e356da02736f6904b5773523be1118eadf2c62a98916e73c87d8,8f894ca0e4dad9915ca3d20752c63cc166b5253f4d16cc18d55ec30a44f5e251
template_only,7,5,464,0,0.3153439375732924,20260631,9d186f625748e356da02736f6904b5773523be1118eadf2c62a98916e73c87d8,8f894ca0e4dad9915ca3d20752c63cc166b5253f4d16cc18d55ec30a44f5e251
template_only,7,5,468,0,0.34966014222016023,20260631,9d186f625748e356da02736f6904b5773523be1118eadf2c62a98916e73c87d8,8f894ca0e4dad9915ca3d20752c63cc166b5253f4d16cc18d55ec30a44f5e251
template_only,7,5,478,0,0.7501304149918916,20260631,9d186f625748e356da02736f6904b5773523be1118eadf2c62a98916e73c87d8,8f894ca0e4dad9915ca3d20752c63cc166b5253f4d16cc18d55ec30a44f5e251
template_only,7,5,479,0,0.26062432484470766,20260631,9d186f625748e356da02736f6904b5773523be1118eadf2c62a98916e73c87d8,8f894ca0e4dad9915ca3d20752c63cc166b5253f4d16cc18d55ec30a44f5e251
template_only,8,1,307,0,0.3638870076521679,20260632,272ea8ed8b9fb2f07fc3389d06eebf84cd7a478e29817ea8ae8b930c29efa6e0,ce6acb0eb513f13c6e4912b8528b2e1aed43f24bcfb2935eee0bcf435ec457d4
template_only,8,1,310,0,0.268623365521679,20260632,272ea8ed8b9fb2f07fc3389d06eebf84cd7a478e29817ea8ae8b930c29efa6e0,ce6acb0eb513f13c6e4912b8528b2e1aed43f24bcfb2935eee0bcf435ec457d4
template_only,8,1,319,1,0.7034741071277655,20260632,272ea8ed8b9fb2f07fc3389d06eebf84cd7a478e29817ea8ae8b930c29efa6e0,ce6acb0eb513f13c6e4912b8528b2e1aed43f24bcfb2935eee0bcf435ec457d4
template_only,8,1,321,1,0.7042561887361467,20260632,272ea8ed8b9fb2f07fc3389d06eebf84cd7a478e29817ea8ae8b930c29efa6e0,ce6acb0eb513f13c6e4912b8528b2e1aed43f24bcfb2935eee0bcf435ec457d4
template_only,8,1,325,1,0.5984022492804527,20260632,272ea8ed8b9fb2f07fc3389d06eebf84cd7a478e29817ea8ae8b930c29efa6e0,ce6acb0eb513f13c6e4912b8528b2e1aed43f24bcfb2935eee0bcf435ec457d4
template_only,8,1,339,1,0.6765267537817571,20260632,272ea8ed8b9fb2f07fc3389d06eebf84cd7a478e29817ea8ae8b930c29efa6e0,ce6acb0eb513f13c6e4912b8528b2e1aed43f24bcfb2935eee0bcf435ec457d4
template_only,8,1,340,0,0.3035021122370791,20260632,272ea8ed8b9fb2f07fc3389d06eebf84cd7a478e29817ea8ae8b930c29efa6e0,ce6acb0eb513f13c6e4912b8528b2e1aed43f24bcfb2935eee0bcf435ec457d4
template_only,8,1,341,0,0.31327515286391877,20260632,272ea8ed8b9fb2f07fc3389d06eebf84cd7a478e29817ea8ae8b930c29efa6e0,ce6acb0eb513f13c6e4912b8528b2e1aed43f24bcfb2935eee0bcf435ec457d4
template_only,8,1,351,1,0.8344789188042007,20260632,272ea8ed8b9fb2f07fc3389d06eebf84cd7a478e29817ea8ae8b930c29efa6e0,ce6acb0eb513f13c6e4912b8528b2e1aed43f24bcfb2935eee0bcf435ec457d4
template_only,8,1,363,0,0.34306508437713856,20260632,272ea8ed8b9fb2f07fc3389d06eebf84cd7a478e29817ea8ae8b930c29efa6e0,ce6acb0eb513f13c6e4912b8528b2e1aed43f24bcfb2935eee0bcf435ec457d4
template_only,8,1,371,0,0.23211931330102545,20260632,272ea8ed8b9fb2f07fc3389d06eebf84cd7a478e29817ea8ae8b930c29efa6e0,ce6acb0eb513f13c6e4912b8528b2e1aed43f24bcfb2935eee0bcf435ec457d4
template_only,8,1,374,0,0.7441978560154616,20260632,272ea8ed8b9fb2f07fc3389d06eebf84cd7a478e29817ea8ae8b930c29efa6e0,ce6acb0eb513f13c6e4912b8528b2e1aed43f24bcfb2935eee0bcf435ec457d4
template_only,8,1,376,1,0.5073716122809492,20260632,272ea8ed8b9fb2f07fc3389d06eebf84cd7a478e29817ea8ae8b930c29efa6e0,ce6acb0eb513f13c6e4912b8528b2e1aed43f24bcfb2935eee0bcf435ec457d4
template_only,8,1,382,0,0.3344565944850769,20260632,272ea8ed8b9fb2f07fc3389d06eebf84cd7a478e29817ea8ae8b930c29efa6e0,ce6acb0eb513f13c6e4912b8528b2e1aed43f24bcfb2935eee0bcf435ec457d4
template_only,8,1,383,0,0.3138278361662562,20260632,272ea8ed8b9fb2f07fc3389d06eebf84cd7a478e29817ea8ae8b930c29efa6e0,ce6acb0eb513f13c6e4912b8528b2e1aed43f24bcfb2935eee0bcf435ec457d4
template_only,8,1,390,0,0.7348475555311655,20260632,272ea8ed8b9fb2f07fc3389d06eebf84cd7a478e29817ea8ae8b930c29efa6e0,ce6acb0eb513f13c6e4912b8528b2e1aed43f24bcfb2935eee0bcf435ec457d4
template_only,8,1,395,0,0.34495897602986636,20260632,272ea8ed8b9fb2f07fc3389d06eebf84cd7a478e29817ea8ae8b930c29efa6e0,ce6acb0eb513f13c6e4912b8528b2e1aed43f24bcfb2935eee0bcf435ec457d4
template_only,8,1,406,0,0.3138278361662562,20260632,272ea8ed8b9fb2f07fc3389d06eebf84cd7a478e29817ea8ae8b930c29efa6e0,ce6acb0eb513f13c6e4912b8528b2e1aed43f24bcfb2935eee0bcf435ec457d4
template_only,8,1,412,1,0.3344565944850769,20260632,272ea8ed8b9fb2f07fc3389d06eebf84cd7a478e29817ea8ae8b930c29efa6e0,ce6acb0eb513f13c6e4912b8528b2e1aed43f24bcfb2935eee0bcf435ec457d4
template_only,8,1,419,0,0.3138278361662562,20260632,272ea8ed8b9fb2f07fc3389d06eebf84cd7a478e29817ea8ae8b930c29efa6e0,ce6acb0eb513f13c6e4912b8528b2e1aed43f24bcfb2935eee0bcf435ec457d4
template_only,8,1,422,1,0.32110932502050293,20260632,272ea8ed8b9fb2f07fc3389d06eebf84cd7a478e29817ea8ae8b930c29efa6e0,ce6acb0eb513f13c6e4912b8528b2e1aed43f24bcfb2935eee0bcf435ec457d4
template_only,8,1,427,0,0.3344565944850769,20260632,272ea8ed8b9fb2f07fc3389d06eebf84cd7a478e29817ea8ae8b930c29efa6e0,ce6acb0eb513f13c6e4912b8528b2e1aed43f24bcfb2935eee0bcf435ec457d4
template_only,8,1,445,0,0.3138278361662562,20260632,272ea8ed8b9fb2f07fc3389d06eebf84cd7a478e29817ea8ae8b930c29efa6e0,ce6acb0eb513f13c6e4912b8528b2e1aed43f24bcfb2935eee0bcf435ec457d4
template_only,8,1,448,1,0.5884883135645641,20260632,272ea8ed8b9fb2f07fc3389d06eebf84cd7a478e29817ea8ae8b930c29efa6e0,ce6acb0eb513f13c6e4912b8528b2e1aed43f24bcfb2935eee0bcf435ec457d4
template_only,8,1,457,0,0.22155396180347298,20260632,272ea8ed8b9fb2f07fc3389d06eebf84cd7a478e29817ea8ae8b930c29efa6e0,ce6acb0eb513f13c6e4912b8528b2e1aed43f24bcfb2935eee0bcf435ec457d4
template_only,8,1,477,0,0.3344565944850769,20260632,272ea8ed8b9fb2f07fc3389d06eebf84cd7a478e29817ea8ae8b930c29efa6e0,ce6acb0eb513f13c6e4912b8528b2e1aed43f24bcfb2935eee0bcf435ec457d4
template_only,8,1,486,0,0.3344565944850769,20260632,272ea8ed8b9fb2f07fc3389d06eebf84cd7a478e29817ea8ae8b930c29efa6e0,ce6acb0eb513f13c6e4912b8528b2e1aed43f24bcfb2935eee0bcf435ec457d4
template_only,8,1,487,0,0.3138278361662562,20260632,272ea8ed8b9fb2f07fc3389d06eebf84cd7a478e29817ea8ae8b930c29efa6e0,ce6acb0eb513f13c6e4912b8528b2e1aed43f24bcfb2935eee0bcf435ec457d4
template_only,8,1,488,0,0.3344565944850769,20260632,272ea8ed8b9fb2f07fc3389d06eebf84cd7a478e29817ea8ae8b930c29efa6e0,ce6acb0eb513f13c6e4912b8528b2e1aed43f24bcfb2935eee0bcf435ec457d4
template_only,8,2,303,0,0.4222848315004596,20260632,9f6f440b2bbb8eaecd66ad4410184b65f8690260c9842bd55c9952ec3c2618a8,7cc6796cf276bc2e9c322a22b982733904c489b8598389071b3a8004442be440
template_only,8,2,305,0,0.6621328998440197,20260632,9f6f440b2bbb8eaecd66ad4410184b65f8690260c9842bd55c9952ec3c2618a8,7cc6796cf276bc2e9c322a22b982733904c489b8598389071b3a8004442be440
template_only,8,2,312,0,0.3752126211419015,20260632,9f6f440b2bbb8eaecd66ad4410184b65f8690260c9842bd55c9952ec3c2618a8,7cc6796cf276bc2e9c322a22b982733904c489b8598389071b3a8004442be440
template_only,8,2,318,0,0.3758893338594787,20260632,9f6f440b2bbb8eaecd66ad4410184b65f8690260c9842bd55c9952ec3c2618a8,7cc6796cf276bc2e9c322a22b982733904c489b8598389071b3a8004442be440
template_only,8,2,324,0,0.6523638853147979,20260632,9f6f440b2bbb8eaecd66ad4410184b65f8690260c9842bd55c9952ec3c2618a8,7cc6796cf276bc2e9c322a22b982733904c489b8598389071b3a8004442be440
template_only,8,2,326,0,0.3819368974237039,20260632,9f6f440b2bbb8eaecd66ad4410184b65f8690260c9842bd55c9952ec3c2618a8,7cc6796cf276bc2e9c322a22b982733904c489b8598389071b3a8004442be440
template_only,8,2,343,0,0.6200842522892188,20260632,9f6f440b2bbb8eaecd66ad4410184b65f8690260c9842bd55c9952ec3c2618a8,7cc6796cf276bc2e9c322a22b982733904c489b8598389071b3a8004442be440
template_only,8,2,344,1,0.7647920239972467,20260632,9f6f440b2bbb8eaecd66ad4410184b65f8690260c9842bd55c9952ec3c2618a8,7cc6796cf276bc2e9c322a22b982733904c489b8598389071b3a8004442be440
template_only,8,2,353,1,0.6167184065461491,20260632,9f6f440b2bbb8eaecd66ad4410184b65f8690260c9842bd55c9952ec3c2618a8,7cc6796cf276bc2e9c322a22b982733904c489b8598389071b3a8004442be440
template_only,8,2,355,1,0.6668018181982077,20260632,9f6f440b2bbb8eaecd66ad4410184b65f8690260c9842bd55c9952ec3c2618a8,7cc6796cf276bc2e9c322a22b982733904c489b8598389071b3a8004442be440
template_only,8,2,360,0,0.5049797307090076,20260632,9f6f440b2bbb8eaecd66ad4410184b65f8690260c9842bd55c9952ec3c2618a8,7cc6796cf276bc2e9c322a22b982733904c489b8598389071b3a8004442be440
template_only,8,2,368,0,0.30505638479597214,20260632,9f6f440b2bbb8eaecd66ad4410184b65f8690260c9842bd55c9952ec3c2618a8,7cc6796cf276bc2e9c322a22b982733904c489b8598389071b3a8004442be440
template_only,8,2,377,1,0.6569927431912264,20260632,9f6f440b2bbb8eaecd66ad4410184b65f8690260c9842bd55c9952ec3c2618a8,7cc6796cf276bc2e9c322a22b982733904c489b8598389071b3a8004442be440
template_only,8,2,379,0,0.3127211367380013,20260632,9f6f440b2bbb8eaecd66ad4410184b65f8690260c9842bd55c9952ec3c2618a8,7cc6796cf276bc2e9c322a22b982733904c489b8598389071b3a8004442be440
template_only,8,2,386,1,0.31627639591362994,20260632,9f6f440b2bbb8eaecd66ad4410184b65f8690260c9842bd55c9952ec3c2618a8,7cc6796cf276bc2e9c322a22b982733904c489b8598389071b3a8004442be440
template_only,8,2,389,1,0.6810681269804287,20260632,9f6f440b2bbb8eaecd66ad4410184b65f8690260c9842bd55c9952ec3c2618a8,7cc6796cf276bc2e9c322a22b982733904c489b8598389071b3a8004442be440
template_only,8,2,401,0,0.31627639591362994,20260632,9f6f440b2bbb8eaecd66ad4410184b65f8690260c9842bd55c9952ec3c2618a8,7cc6796cf276bc2e9c322a22b982733904c489b8598389071b3a8004442be440
template_only,8,2,402,1,0.5710340028952473,20260632,9f6f440b2bbb8eaecd66ad4410184b65f8690260c9842bd55c9952ec3c2618a8,7cc6796cf276bc2e9c322a22b982733904c489b8598389071b3a8004442be440
template_only,8,2,413,1,0.5104132834661224,20260632,9f6f440b2bbb8eaecd66ad4410184b65f8690260c9842bd55c9952ec3c2618a8,7cc6796cf276bc2e9c322a22b982733904c489b8598389071b3a8004442be440
template_only,8,2,420,0,0.31627639591362994,20260632,9f6f440b2bbb8eaecd66ad4410184b65f8690260c9842bd55c9952ec3c2618a8,7cc6796cf276bc2e9c322a22b982733904c489b8598389071b3a8004442be440
template_only,8,2,434,0,0.31627639591362994,20260632,9f6f440b2bbb8eaecd66ad4410184b65f8690260c9842bd55c9952ec3c2618a8,7cc6796cf276bc2e9c322a22b982733904c489b8598389071b3a8004442be440
template_only,8,2,441,1,0.6967035130850587,20260632,9f6f440b2bbb8eaecd66ad4410184b65f8690260c9842bd55c9952ec3c2618a8,7cc6796cf276bc2e9c322a22b982733904c489b8598389071b3a8004442be440
template_only,8,2,454,0,0.24757730762642133,20260632,9f6f440b2bbb8eaecd66ad4410184b65f8690260c9842bd55c9952ec3c2618a8,7cc6796cf276bc2e9c322a22b982733904c489b8598389071b3a8004442be440
template_only,8,2,463,0,0.31627639591362994,20260632,9f6f440b2bbb8eaecd66ad4410184b65f8690260c9842bd55c9952ec3c2618a8,7cc6796cf276bc2e9c322a22b982733904c489b8598389071b3a8004442be440
template_only,8,2,472,0,0.30505638479597214,20260632,9f6f440b2bbb8eaecd66ad4410184b65f8690260c9842bd55c9952ec3c2618a8,7cc6796cf276bc2e9c322a22b982733904c489b8598389071b3a8004442be440
template_only,8,2,482,0,0.3259763109327514,20260632,9f6f440b2bbb8eaecd66ad4410184b65f8690260c9842bd55c9952ec3c2618a8,7cc6796cf276bc2e9c322a22b982733904c489b8598389071b3a8004442be440
template_only,8,2,490,0,0.31627639591362994,20260632,9f6f440b2bbb8eaecd66ad4410184b65f8690260c9842bd55c9952ec3c2618a8,7cc6796cf276bc2e9c322a22b982733904c489b8598389071b3a8004442be440
template_only,8,2,491,0,0.5314597159254985,20260632,9f6f440b2bbb8eaecd66ad4410184b65f8690260c9842bd55c9952ec3c2618a8,7cc6796cf276bc2e9c322a22b982733904c489b8598389071b3a8004442be440
template_only,8,2,492,0,0.30505638479597214,20260632,9f6f440b2bbb8eaecd66ad4410184b65f8690260c9842bd55c9952ec3c2618a8,7cc6796cf276bc2e9c322a22b982733904c489b8598389071b3a8004442be440
template_only,8,3,313,0,0.5037469548677925,20260632,b4d6182952902aad95996de4d2621be87072f3285ff606dfe77f76c2571fa191,1a17656ab598405b032197b5560613a00a435a1dfec2d8a70d7513a12c9e9479
template_only,8,3,328,0,0.3180672570647299,20260632,b4d6182952902aad95996de4d2621be87072f3285ff606dfe77f76c2571fa191,1a17656ab598405b032197b5560613a00a435a1dfec2d8a70d7513a12c9e9479
template_only,8,3,330,1,0.5015912755837397,20260632,b4d6182952902aad95996de4d2621be87072f3285ff606dfe77f76c2571fa191,1a17656ab598405b032197b5560613a00a435a1dfec2d8a70d7513a12c9e9479
template_only,8,3,333,0,0.3342040501852914,20260632,b4d6182952902aad95996de4d2621be87072f3285ff606dfe77f76c2571fa191,1a17656ab598405b032197b5560613a00a435a1dfec2d8a70d7513a12c9e9479
template_only,8,3,336,0,0.41088608595267,20260632,b4d6182952902aad95996de4d2621be87072f3285ff606dfe77f76c2571fa191,1a17656ab598405b032197b5560613a00a435a1dfec2d8a70d7513a12c9e9479
template_only,8,3,338,1,0.7510545285623728,20260632,b4d6182952902aad95996de4d2621be87072f3285ff606dfe77f76c2571fa191,1a17656ab598405b032197b5560613a00a435a1dfec2d8a70d7513a12c9e9479
template_only,8,3,347,1,0.3990572565452348,20260632,b4d6182952902aad95996de4d2621be87072f3285ff606dfe77f76c2571fa191,1a17656ab598405b032197b5560613a00a435a1dfec2d8a70d7513a12c9e9479
template_only,8,3,350,1,0.7290291975197931,20260632,b4d6182952902aad95996de4d2621be87072f3285ff606dfe77f76c2571fa191,1a17656ab598405b032197b5560613a00a435a1dfec2d8a70d7513a12c9e9479
template_only,8,3,356,1,0.8485144059745332,20260632,b4d6182952902aad95996de4d2621be87072f3285ff606dfe77f76c2571fa191,1a17656ab598405b032197b5560613a00a435a1dfec2d8a70d7513a12c9e9479
template_only,8,3,364,0,0.5375129229955588,20260632,b4d6182952902aad95996de4d2621be87072f3285ff606dfe77f76c2571fa191,1a17656ab598405b032197b5560613a00a435a1dfec2d8a70d7513a12c9e9479
template_only,8,3,370,0,0.317535828269303,20260632,b4d6182952902aad95996de4d2621be87072f3285ff606dfe77f76c2571fa191,1a17656ab598405b032197b5560613a00a435a1dfec2d8a70d7513a12c9e9479
template_only,8,3,381,1,0.5944114569311035,20260632,b4d6182952902aad95996de4d2621be87072f3285ff606dfe77f76c2571fa191,1a17656ab598405b032197b5560613a00a435a1dfec2d8a70d7513a12c9e9479
template_only,8,3,388,1,0.32282074325693183,20260632,b4d6182952902aad95996de4d2621be87072f3285ff606dfe77f76c2571fa191,1a17656ab598405b032197b5560613a00a435a1dfec2d8a70d7513a12c9e9479
template_only,8,3,416,0,0.32282074325693183,20260632,b4d6182952902aad95996de4d2621be87072f3285ff606dfe77f76c2571fa191,1a17656ab598405b032197b5560613a00a435a1dfec2d8a70d7513a12c9e9479
template_only,8,3,417,0,0.43581138851056056,20260632,b4d6182952902aad95996de4d2621be87072f3285ff606dfe77f76c2571fa191,1a17656ab598405b032197b5560613a00a435a1dfec2d8a70d7513a12c9e9479
template_only,8,3,425,0,0.7600946843998104,20260632,b4d6182952902aad95996de4d2621be87072f3285ff606dfe77f76c2571fa191,1a17656ab598405b032197b5560613a00a435a1dfec2d8a70d7513a12c9e9479
template_only,8,3,428,0,0.2846955484428182,20260632,b4d6182952902aad95996de4d2621be87072f3285ff606dfe77f76c2571fa191,1a17656ab598405b032197b5560613a00a435a1dfec2d8a70d7513a12c9e9479
template_only,8,3,430,0,0.772415682745511,20260632,b4d6182952902aad95996de4d2621be87072f3285ff606dfe77f76c2571fa191,1a17656ab598405b032197b5560613a00a435a1dfec2d8a70d7513a12c9e9479
template_only,8,3,437,0,0.32282074325693183,20260632,b4d6182952902aad95996de4d2621be87072f3285ff606dfe77f76c2571fa191,1a17656ab598405b032197b5560613a00a435a1dfec2d8a70d7513a12c9e9479
template_only,8,3,447,0,0.32282074325693183,20260632,b4d6182952902aad95996de4d2621be87072f3285ff606dfe77f76c2571fa191,1a17656ab598405b032197b5560613a00a435a1dfec2d8a70d7513a12c9e9479
template_only,8,3,449,0,0.317535828269303,20260632,b4d6182952902aad95996de4d2621be87072f3285ff606dfe77f76c2571fa191,1a17656ab598405b032197b5560613a00a435a1dfec2d8a70d7513a12c9e9479
template_only,8,3,464,0,0.317535828269303,20260632,b4d6182952902aad95996de4d2621be87072f3285ff606dfe77f76c2571fa191,1a17656ab598405b032197b5560613a00a435a1dfec2d8a70d7513a12c9e9479
template_only,8,3,471,0,0.3195442177168243,20260632,b4d6182952902aad95996de4d2621be87072f3285ff606dfe77f76c2571fa191,1a17656ab598405b032197b5560613a00a435a1dfec2d8a70d7513a12c9e9479
template_only,8,3,474,0,0.32282074325693183,20260632,b4d6182952902aad95996de4d2621be87072f3285ff606dfe77f76c2571fa191,1a17656ab598405b032197b5560613a00a435a1dfec2d8a70d7513a12c9e9479
template_only,8,3,475,0,0.317535828269303,20260632,b4d6182952902aad95996de4d2621be87072f3285ff606dfe77f76c2571fa191,1a17656ab598405b032197b5560613a00a435a1dfec2d8a70d7513a12c9e9479
template_only,8,3,478,0,0.7557684619444135,20260632,b4d6182952902aad95996de4d2621be87072f3285ff606dfe77f76c2571fa191,1a17656ab598405b032197b5560613a00a435a1dfec2d8a70d7513a12c9e9479
template_only,8,3,479,0,0.25099619346751967,20260632,b4d6182952902aad95996de4d2621be87072f3285ff606dfe77f76c2571fa191,1a17656ab598405b032197b5560613a00a435a1dfec2d8a70d7513a12c9e9479
template_only,8,3,483,1,0.6097301466002741,20260632,b4d6182952902aad95996de4d2621be87072f3285ff606dfe77f76c2571fa191,1a17656ab598405b032197b5560613a00a435a1dfec2d8a70d7513a12c9e9479
template_only,8,4,302,0,0.40244332095616725,20260632,da394944962943d7ed83535c06bc6b881831330e3e9bc30634367efc1e2a42c2,593fd96bdb0e36ad273987f666007f13ec3e44704d90c8fe361d6fed28c14458
template_only,8,4,316,0,0.7627659963944547,20260632,da394944962943d7ed83535c06bc6b881831330e3e9bc30634367efc1e2a42c2,593fd96bdb0e36ad273987f666007f13ec3e44704d90c8fe361d6fed28c14458
template_only,8,4,320,1,0.7073319270639212,20260632,da394944962943d7ed83535c06bc6b881831330e3e9bc30634367efc1e2a42c2,593fd96bdb0e36ad273987f666007f13ec3e44704d90c8fe361d6fed28c14458
template_only,8,4,331,0,0.6541539208191206,20260632,da394944962943d7ed83535c06bc6b881831330e3e9bc30634367efc1e2a42c2,593fd96bdb0e36ad273987f666007f13ec3e44704d90c8fe361d6fed28c14458
template_only,8,4,345,1,0.6141613140299319,20260632,da394944962943d7ed83535c06bc6b881831330e3e9bc30634367efc1e2a42c2,593fd96bdb0e36ad273987f666007f13ec3e44704d90c8fe361d6fed28c14458
template_only,8,4,346,1,0.634431500359795,20260632,da394944962943d7ed83535c06bc6b881831330e3e9bc30634367efc1e2a42c2,593fd96bdb0e36ad273987f666007f13ec3e44704d90c8fe361d6fed28c14458
template_only,8,4,348,1,0.7129451607390377,20260632,da394944962943d7ed83535c06bc6b881831330e3e9bc30634367efc1e2a42c2,593fd96bdb0e36ad273987f666007f13ec3e44704d90c8fe361d6fed28c14458
template_only,8,4,352,1,0.4274121624113274,20260632,da394944962943d7ed83535c06bc6b881831330e3e9bc30634367efc1e2a42c2,593fd96bdb0e36ad273987f666007f13ec3e44704d90c8fe361d6fed28c14458
template_only,8,4,358,0,0.7953164620118618,20260632,da394944962943d7ed83535c06bc6b881831330e3e9bc30634367efc1e2a42c2,593fd96bdb0e36ad273987f666007f13ec3e44704d90c8fe361d6fed28c14458
template_only,8,4,362,1,0.7431256940840069,20260632,da394944962943d7ed83535c06bc6b881831330e3e9bc30634367efc1e2a42c2,593fd96bdb0e36ad273987f666007f13ec3e44704d90c8fe361d6fed28c14458
template_only,8,4,366,0,0.3358792480450616,20260632,da394944962943d7ed83535c06bc6b881831330e3e9bc30634367efc1e2a42c2,593fd96bdb0e36ad273987f666007f13ec3e44704d90c8fe361d6fed28c14458
template_only,8,4,385,0,0.33624912856449785,20260632,da394944962943d7ed83535c06bc6b881831330e3e9bc30634367efc1e2a42c2,593fd96bdb0e36ad273987f666007f13ec3e44704d90c8fe361d6fed28c14458
template_only,8,4,392,0,0.21615069560758843,20260632,da394944962943d7ed83535c06bc6b881831330e3e9bc30634367efc1e2a42c2,593fd96bdb0e36ad273987f666007f13ec3e44704d90c8fe361d6fed28c14458
template_only,8,4,397,0,0.3291518961589909,20260632,da394944962943d7ed83535c06bc6b881831330e3e9bc30634367efc1e2a42c2,593fd96bdb0e36ad273987f666007f13ec3e44704d90c8fe361d6fed28c14458
template_only,8,4,400,0,0.5452932505602857,20260632,da394944962943d7ed83535c06bc6b881831330e3e9bc30634367efc1e2a42c2,593fd96bdb0e36ad273987f666007f13ec3e44704d90c8fe361d6fed28c14458
template_only,8,4,403,0,0.3185389566685912,20260632,da394944962943d7ed83535c06bc6b881831330e3e9bc30634367efc1e2a42c2,593fd96bdb0e36ad273987f666007f13ec3e44704d90c8fe361d6fed28c14458
template_only,8,4,404,0,0.3291518961589909,20260632,da394944962943d7ed83535c06bc6b881831330e3e9bc30634367efc1e2a42c2,593fd96bdb0e36ad273987f666007f13ec3e44704d90c8fe361d6fed28c14458
template_only,8,4,409,1,0.3185389566685912,20260632,da394944962943d7ed83535c06bc6b881831330e3e9bc30634367efc1e2a42c2,593fd96bdb0e36ad273987f666007f13ec3e44704d90c8fe361d6fed28c14458
template_only,8,4,415,0,0.3291518961589909,20260632,da394944962943d7ed83535c06bc6b881831330e3e9bc30634367efc1e2a42c2,593fd96bdb0e36ad273987f666007f13ec3e44704d90c8fe361d6fed28c14458
template_only,8,4,423,0,0.646659081476125,20260632,da394944962943d7ed83535c06bc6b881831330e3e9bc30634367efc1e2a42c2,593fd96bdb0e36ad273987f666007f13ec3e44704d90c8fe361d6fed28c14458
template_only,8,4,429,0,0.32125485332758097,20260632,da394944962943d7ed83535c06bc6b881831330e3e9bc30634367efc1e2a42c2,593fd96bdb0e36ad273987f666007f13ec3e44704d90c8fe361d6fed28c14458
template_only,8,4,444,0,0.3185389566685912,20260632,da394944962943d7ed83535c06bc6b881831330e3e9bc30634367efc1e2a42c2,593fd96bdb0e36ad273987f666007f13ec3e44704d90c8fe361d6fed28c14458
template_only,8,4,456,0,0.3291518961589909,20260632,da394944962943d7ed83535c06bc6b881831330e3e9bc30634367efc1e2a42c2,593fd96bdb0e36ad273987f666007f13ec3e44704d90c8fe361d6fed28c14458
template_only,8,4,458,0,0.4808998355465891,20260632,da394944962943d7ed83535c06bc6b881831330e3e9bc30634367efc1e2a42c2,593fd96bdb0e36ad273987f666007f13ec3e44704d90c8fe361d6fed28c14458
template_only,8,4,459,1,0.7474876674161055,20260632,da394944962943d7ed83535c06bc6b881831330e3e9bc30634367efc1e2a42c2,593fd96bdb0e36ad273987f666007f13ec3e44704d90c8fe361d6fed28c14458
template_only,8,4,468,0,0.3291518961589909,20260632,da394944962943d7ed83535c06bc6b881831330e3e9bc30634367efc1e2a42c2,593fd96bdb0e36ad273987f666007f13ec3e44704d90c8fe361d6fed28c14458
template_only,8,4,484,0,0.7585206211886841,20260632,da394944962943d7ed83535c06bc6b881831330e3e9bc30634367efc1e2a42c2,593fd96bdb0e36ad273987f666007f13ec3e44704d90c8fe361d6fed28c14458
template_only,8,4,489,0,0.3291518961589909,20260632,da394944962943d7ed83535c06bc6b881831330e3e9bc30634367efc1e2a42c2,593fd96bdb0e36ad273987f666007f13ec3e44704d90c8fe361d6fed28c14458
template_only,8,5,304,0,0.4121668019276269,20260632,cc37436b65a90543ea0b5bf2ae147559757a93d727cce5c40d9580bad73ddedd,98617d71df979616df6c234ab516b58331ee79ee8f2ebc378a36510f4ba436ec
template_only,8,5,315,0,0.37568402466745326,20260632,cc37436b65a90543ea0b5bf2ae147559757a93d727cce5c40d9580bad73ddedd,98617d71df979616df6c234ab516b58331ee79ee8f2ebc378a36510f4ba436ec
template_only,8,5,317,0,0.7759410458894066,20260632,cc37436b65a90543ea0b5bf2ae147559757a93d727cce5c40d9580bad73ddedd,98617d71df979616df6c234ab516b58331ee79ee8f2ebc378a36510f4ba436ec
template_only,8,5,322,0,0.6703340980219192,20260632,cc37436b65a90543ea0b5bf2ae147559757a93d727cce5c40d9580bad73ddedd,98617d71df979616df6c234ab516b58331ee79ee8f2ebc378a36510f4ba436ec
template_only,8,5,327,0,0.7079168378871007,20260632,cc37436b65a90543ea0b5bf2ae147559757a93d727cce5c40d9580bad73ddedd,98617d71df979616df6c234ab516b58331ee79ee8f2ebc378a36510f4ba436ec
template_only,8,5,335,1,0.47539362162661586,20260632,cc37436b65a90543ea0b5bf2ae147559757a93d727cce5c40d9580bad73ddedd,98617d71df979616df6c234ab516b58331ee79ee8f2ebc378a36510f4ba436ec
template_only,8,5,357,0,0.47539362162661586,20260632,cc37436b65a90543ea0b5bf2ae147559757a93d727cce5c40d9580bad73ddedd,98617d71df979616df6c234ab516b58331ee79ee8f2ebc378a36510f4ba436ec
template_only,8,5,367,1,0.7040569390130682,20260632,cc37436b65a90543ea0b5bf2ae147559757a93d727cce5c40d9580bad73ddedd,98617d71df979616df6c234ab516b58331ee79ee8f2ebc378a36510f4ba436ec
template_only,8,5,369,0,0.29497996196722087,20260632,cc37436b65a90543ea0b5bf2ae147559757a93d727cce5c40d9580bad73ddedd,98617d71df979616df6c234ab516b58331ee79ee8f2ebc378a36510f4ba436ec
template_only,8,5,372,1,0.4868548006684675,20260632,cc37436b65a90543ea0b5bf2ae147559757a93d727cce5c40d9580bad73ddedd,98617d71df979616df6c234ab516b58331ee79ee8f2ebc378a36510f4ba436ec
template_only,8,5,375,0,0.25535519239705295,20260632,cc37436b65a90543ea0b5bf2ae147559757a93d727cce5c40d9580bad73ddedd,98617d71df979616df6c234ab516b58331ee79ee8f2ebc378a36510f4ba436ec
template_only,8,5,380,1,0.2840461759597676,20260632,cc37436b65a90543ea0b5bf2ae147559757a93d727cce5c40d9580bad73ddedd,98617d71df979616df6c234ab516b58331ee79ee8f2ebc378a36510f4ba436ec
template_only,8,5,391,0,0.2885751939594808,20260632,cc37436b65a90543ea0b5bf2ae147559757a93d727cce5c40d9580bad73ddedd,98617d71df979616df6c234ab516b58331ee79ee8f2ebc378a36510f4ba436ec
template_only,8,5,393,0,0.2840461759597676,20260632,cc37436b65a90543ea0b5bf2ae147559757a93d727cce5c40d9580bad73ddedd,98617d71df979616df6c234ab516b58331ee79ee8f2ebc378a36510f4ba436ec
template_only,8,5,414,1,0.5010727783090388,20260632,cc37436b65a90543ea0b5bf2ae147559757a93d727cce5c40d9580bad73ddedd,98617d71df979616df6c234ab516b58331ee79ee8f2ebc378a36510f4ba436ec
template_only,8,5,418,1,0.6719136909583938,20260632,cc37436b65a90543ea0b5bf2ae147559757a93d727cce5c40d9580bad73ddedd,98617d71df979616df6c234ab516b58331ee79ee8f2ebc378a36510f4ba436ec
template_only,8,5,426,1,0.6236475244229898,20260632,cc37436b65a90543ea0b5bf2ae147559757a93d727cce5c40d9580bad73ddedd,98617d71df979616df6c234ab516b58331ee79ee8f2ebc378a36510f4ba436ec
template_only,8,5,433,1,0.2840461759597676,20260632,cc37436b65a90543ea0b5bf2ae147559757a93d727cce5c40d9580bad73ddedd,98617d71df979616df6c234ab516b58331ee79ee8f2ebc378a36510f4ba436ec
template_only,8,5,436,0,0.2840461759597676,20260632,cc37436b65a90543ea0b5bf2ae147559757a93d727cce5c40d9580bad73ddedd,98617d71df979616df6c234ab516b58331ee79ee8f2ebc378a36510f4ba436ec
template_only,8,5,439,0,0.27049851027429955,20260632,cc37436b65a90543ea0b5bf2ae147559757a93d727cce5c40d9580bad73ddedd,98617d71df979616df6c234ab516b58331ee79ee8f2ebc378a36510f4ba436ec
template_only,8,5,440,1,0.6797970985563442,20260632,cc37436b65a90543ea0b5bf2ae147559757a93d727cce5c40d9580bad73ddedd,98617d71df979616df6c234ab516b58331ee79ee8f2ebc378a36510f4ba436ec
template_only,8,5,443,0,0.23352627048510055,20260632,cc37436b65a90543ea0b5bf2ae147559757a93d727cce5c40d9580bad73ddedd,98617d71df979616df6c234ab516b58331ee79ee8f2ebc378a36510f4ba436ec
template_only,8,5,446,0,0.27049851027429955,20260632,cc37436b65a90543ea0b5bf2ae147559757a93d727cce5c40d9580bad73ddedd,98617d71df979616df6c234ab516b58331ee79ee8f2ebc378a36510f4ba436ec
template_only,8,5,451,0,0.4854251612063745,20260632,cc37436b65a90543ea0b5bf2ae147559757a93d727cce5c40d9580bad73ddedd,98617d71df979616df6c234ab516b58331ee79ee8f2ebc378a36510f4ba436ec
template_only,8,5,455,0,0.27049851027429955,20260632,cc37436b65a90543ea0b5bf2ae147559757a93d727cce5c40d9580bad73ddedd,98617d71df979616df6c234ab516b58331ee79ee8f2ebc378a36510f4ba436ec
template_only,8,5,473,0,0.23352627048510055,20260632,cc37436b65a90543ea0b5bf2ae147559757a93d727cce5c40d9580bad73ddedd,98617d71df979616df6c234ab516b58331ee79ee8f2ebc378a36510f4ba436ec
template_only,8,5,476,0,0.2840461759597676,20260632,cc37436b65a90543ea0b5bf2ae147559757a93d727cce5c40d9580bad73ddedd,98617d71df979616df6c234ab516b58331ee79ee8f2ebc378a36510f4ba436ec
template_only,8,5,485,0,0.23352627048510055,20260632,cc37436b65a90543ea0b5bf2ae147559757a93d727cce5c40d9580bad73ddedd,98617d71df979616df6c234ab516b58331ee79ee8f2ebc378a36510f4ba436ec
template_only,9,1,304,0,0.3822771431672735,20260633,afa19e3cccce742ddc357af86ec4d82858ca24c3c4dfbdf185aa786f31837595,4df42baf6d7f18ecfba23441e51004e28a1c5721decde967e2504deb0e581062
template_only,9,1,324,0,0.6330472955710184,20260633,afa19e3cccce742ddc357af86ec4d82858ca24c3c4dfbdf185aa786f31837595,4df42baf6d7f18ecfba23441e51004e28a1c5721decde967e2504deb0e581062
template_only,9,1,326,0,0.3711129210185493,20260633,afa19e3cccce742ddc357af86ec4d82858ca24c3c4dfbdf185aa786f31837595,4df42baf6d7f18ecfba23441e51004e28a1c5721decde967e2504deb0e581062
template_only,9,1,328,0,0.34112140192171736,20260633,afa19e3cccce742ddc357af86ec4d82858ca24c3c4dfbdf185aa786f31837595,4df42baf6d7f18ecfba23441e51004e28a1c5721decde967e2504deb0e581062
template_only,9,1,335,1,0.4285396610006188,20260633,afa19e3cccce742ddc357af86ec4d82858ca24c3c4dfbdf185aa786f31837595,4df42baf6d7f18ecfba23441e51004e28a1c5721decde967e2504deb0e581062
template_only,9,1,336,0,0.4285396610006188,20260633,afa19e3cccce742ddc357af86ec4d82858ca24c3c4dfbdf185aa786f31837595,4df42baf6d7f18ecfba23441e51004e28a1c5721decde967e2504deb0e581062
template_only,9,1,341,0,0.37954967680961893,20260633,afa19e3cccce742ddc357af86ec4d82858ca24c3c4dfbdf185aa786f31837595,4df42baf6d7f18ecfba23441e51004e28a1c5721decde967e2504deb0e581062
template_only,9,1,343,0,0.6341811675900315,20260633,afa19e3cccce742ddc357af86ec4d82858ca24c3c4dfbdf185aa786f31837595,4df42baf6d7f18ecfba23441e51004e28a1c5721decde967e2504deb0e581062
template_only,9,1,344,1,0.7017457388150683,20260633,afa19e3cccce742ddc357af86ec4d82858ca24c3c4dfbdf185aa786f31837595,4df42baf6d7f18ecfba23441e51004e28a1c5721decde967e2504deb0e581062
template_only,9,1,345,1,0.6054214773919417,20260633,afa19e3cccce742ddc357af86ec4d82858ca24c3c4dfbdf185aa786f31837595,4df42baf6d7f18ecfba23441e51004e28a1c5721decde967e2504deb0e581062
template_only,9,1,352,1,0.4285396610006188,20260633,afa19e3cccce742ddc357af86ec4d82858ca24c3c4dfbdf185aa786f31837595,4df42baf6d7f18ecfba23441e51004e28a1c5721decde967e2504deb0e581062
template_only,9,1,360,0,0.4285396610006188,20260633,afa19e3cccce742ddc357af86ec4d82858ca24c3c4dfbdf185aa786f31837595,4df42baf6d7f18ecfba23441e51004e28a1c5721decde967e2504deb0e581062
template_only,9,1,377,1,0.6850711980674704,20260633,afa19e3cccce742ddc357af86ec4d82858ca24c3c4dfbdf185aa786f31837595,4df42baf6d7f18ecfba23441e51004e28a1c5721decde967e2504deb0e581062
template_only,9,1,383,0,0.3053877599178368,20260633,afa19e3cccce742ddc357af86ec4d82858ca24c3c4dfbdf185aa786f31837595,4df42baf6d7f18ecfba23441e51004e28a1c5721decde967e2504deb0e581062
template_only,9,1,386,1,0.3099494790110405,20260633,afa19e3cccce742ddc357af86ec4d82858ca24c3c4dfbdf185aa786f31837595,4df42baf6d7f18ecfba23441e51004e28a1c5721decde967e2504deb0e581062
template_only,9,1,389,1,0.6792728883942927,20260633,afa19e3cccce742ddc357af86ec4d82858ca24c3c4dfbdf185aa786f31837595,4df42baf6d7f18ecfba23441e51004e28a1c5721decde967e2504deb0e581062
template_only,9,1,397,0,0.3099494790110405,20260633,afa19e3cccce742ddc357af86ec4d82858ca24c3c4dfbdf185aa786f31837595,4df42baf6d7f18ecfba23441e51004e28a1c5721decde967e2504deb0e581062
template_only,9,1,404,0,0.3099494790110405,20260633,afa19e3cccce742ddc357af86ec4d82858ca24c3c4dfbdf185aa786f31837595,4df42baf6d7f18ecfba23441e51004e28a1c5721decde967e2504deb0e581062
template_only,9,1,413,1,0.5146816616341859,20260633,afa19e3cccce742ddc357af86ec4d82858ca24c3c4dfbdf185aa786f31837595,4df42baf6d7f18ecfba23441e51004e28a1c5721decde967e2504deb0e581062
template_only,9,1,428,0,0.2957510719110813,20260633,afa19e3cccce742ddc357af86ec4d82858ca24c3c4dfbdf185aa786f31837595,4df42baf6d7f18ecfba23441e51004e28a1c5721decde967e2504deb0e581062
template_only,9,1,434,0,0.3099494790110405,20260633,afa19e3cccce742ddc357af86ec4d82858ca24c3c4dfbdf185aa786f31837595,4df42baf6d7f18ecfba23441e51004e28a1c5721decde967e2504deb0e581062
template_only,9,1,436,0,0.3099494790110405,20260633,afa19e3cccce742ddc357af86ec4d82858ca24c3c4dfbdf185aa786f31837595,4df42baf6d7f18ecfba23441e51004e28a1c5721decde967e2504deb0e581062
template_only,9,1,441,1,0.6951383231712895,20260633,afa19e3cccce742ddc357af86ec4d82858ca24c3c4dfbdf185aa786f31837595,4df42baf6d7f18ecfba23441e51004e28a1c5721decde967e2504deb0e581062
template_only,9,1,447,0,0.3099494790110405,20260633,afa19e3cccce742ddc357af86ec4d82858ca24c3c4dfbdf185aa786f31837595,4df42baf6d7f18ecfba23441e51004e28a1c5721decde967e2504deb0e581062
template_only,9,1,455,0,0.3053877599178368,20260633,afa19e3cccce742ddc357af86ec4d82858ca24c3c4dfbdf185aa786f31837595,4df42baf6d7f18ecfba23441e51004e28a1c5721decde967e2504deb0e581062
template_only,9,1,474,0,0.3099494790110405,20260633,afa19e3cccce742ddc357af86ec4d82858ca24c3c4dfbdf185aa786f31837595,4df42baf6d7f18ecfba23441e51004e28a1c5721decde967e2504deb0e581062
template_only,9,1,475,0,0.3053877599178368,20260633,afa19e3cccce742ddc357af86ec4d82858ca24c3c4dfbdf185aa786f31837595,4df42baf6d7f18ecfba23441e51004e28a1c5721decde967e2504deb0e581062
template_only,9,1,488,0,0.3099494790110405,20260633,afa19e3cccce742ddc357af86ec4d82858ca24c3c4dfbdf185aa786f31837595,4df42baf6d7f18ecfba23441e51004e28a1c5721decde967e2504deb0e581062
template_only,9,1,489,0,0.3099494790110405,20260633,afa19e3cccce742ddc357af86ec4d82858ca24c3c4dfbdf185aa786f31837595,4df42baf6d7f18ecfba23441e51004e28a1c5721decde967e2504deb0e581062
template_only,9,2,316,0,0.7749611054654572,20260633,eb798db6d53c7bd6b62d77728c470f61aecdcec31b8c285fa54e6bb347853f2f,43d0b62d442a4eba14e5b114be9ac6c76091afedaa4f12d085895bf9415583a8
template_only,9,2,322,0,0.6381225905564891,20260633,eb798db6d53c7bd6b62d77728c470f61aecdcec31b8c285fa54e6bb347853f2f,43d0b62d442a4eba14e5b114be9ac6c76091afedaa4f12d085895bf9415583a8
template_only,9,2,339,1,0.7443694433373669,20260633,eb798db6d53c7bd6b62d77728c470f61aecdcec31b8c285fa54e6bb347853f2f,43d0b62d442a4eba14e5b114be9ac6c76091afedaa4f12d085895bf9415583a8
template_only,9,2,367,1,0.7212418544807189,20260633,eb798db6d53c7bd6b62d77728c470f61aecdcec31b8c285fa54e6bb347853f2f,43d0b62d442a4eba14e5b114be9ac6c76091afedaa4f12d085895bf9415583a8
template_only,9,2,374,0,0.7238278123867505,20260633,eb798db6d53c7bd6b62d77728c470f61aecdcec31b8c285fa54e6bb347853f2f,43d0b62d442a4eba14e5b114be9ac6c76091afedaa4f12d085895bf9415583a8
template_only,9,2,375,0,0.20428419501773432,20260633,eb798db6d53c7bd6b62d77728c470f61aecdcec31b8c285fa54e6bb347853f2f,43d0b62d442a4eba14e5b114be9ac6c76091afedaa4f12d085895bf9415583a8
template_only,9,2,379,0,0.24440860865962266,20260633,eb798db6d53c7bd6b62d77728c470f61aecdcec31b8c285fa54e6bb347853f2f,43d0b62d442a4eba14e5b114be9ac6c76091afedaa4f12d085895bf9415583a8
template_only,9,2,380,1,0.25632119324664066,20260633,eb798db6d53c7bd6b62d77728c470f61aecdcec31b8c285fa54e6bb347853f2f,43d0b62d442a4eba14e5b114be9ac6c76091afedaa4f12d085895bf9415583a8
template_only,9,2,385,0,0.2714384756982548,20260633,eb798db6d53c7bd6b62d77728c470f61aecdcec31b8c285fa54e6bb347853f2f,43d0b62d442a4eba14e5b114be9ac6c76091afedaa4f12d085895bf9415583a8
template_only,9,2,401,0,0.25632119324664066,20260633,eb798db6d53c7bd6b62d77728c470f61aecdcec31b8c285fa54e6bb347853f2f,43d0b62d442a4eba14e5b114be9ac6c76091afedaa4f12d085895bf9415583a8
template_only,9,2,402,1,0.5735306916305282,20260633,eb798db6d53c7bd6b62d77728c470f61aecdcec31b8c285fa54e6bb347853f2f,43d0b62d442a4eba14e5b114be9ac6c76091afedaa4f12d085895bf9415583a8
template_only,9,2,406,0,0.24360850582168753,20260633,eb798db6d53c7bd6b62d77728c470f61aecdcec31b8c285fa54e6bb347853f2f,43d0b62d442a4eba14e5b114be9ac6c76091afedaa4f12d085895bf9415583a8
template_only,9,2,409,1,0.24360850582168753,20260633,eb798db6d53c7bd6b62d77728c470f61aecdcec31b8c285fa54e6bb347853f2f,43d0b62d442a4eba14e5b114be9ac6c76091afedaa4f12d085895bf9415583a8
template_only,9,2,412,1,0.25632119324664066,20260633,eb798db6d53c7bd6b62d77728c470f61aecdcec31b8c285fa54e6bb347853f2f,43d0b62d442a4eba14e5b114be9ac6c76091afedaa4f12d085895bf9415583a8
template_only,9,2,416,0,0.25632119324664066,20260633,eb798db6d53c7bd6b62d77728c470f61aecdcec31b8c285fa54e6bb347853f2f,43d0b62d442a4eba14e5b114be9ac6c76091afedaa4f12d085895bf9415583a8
template_only,9,2,419,0,0.24360850582168753,20260633,eb798db6d53c7bd6b62d77728c470f61aecdcec31b8c285fa54e6bb347853f2f,43d0b62d442a4eba14e5b114be9ac6c76091afedaa4f12d085895bf9415583a8
template_only,9,2,420,0,0.25632119324664066,20260633,eb798db6d53c7bd6b62d77728c470f61aecdcec31b8c285fa54e6bb347853f2f,43d0b62d442a4eba14e5b114be9ac6c76091afedaa4f12d085895bf9415583a8
template_only,9,2,422,1,0.2575957824037216,20260633,eb798db6d53c7bd6b62d77728c470f61aecdcec31b8c285fa54e6bb347853f2f,43d0b62d442a4eba14e5b114be9ac6c76091afedaa4f12d085895bf9415583a8
template_only,9,2,426,1,0.6435196593607183,20260633,eb798db6d53c7bd6b62d77728c470f61aecdcec31b8c285fa54e6bb347853f2f,43d0b62d442a4eba14e5b114be9ac6c76091afedaa4f12d085895bf9415583a8
template_only,9,2,433,1,0.25632119324664066,20260633,eb798db6d53c7bd6b62d77728c470f61aecdcec31b8c285fa54e6bb347853f2f,43d0b62d442a4eba14e5b114be9ac6c76091afedaa4f12d085895bf9415583a8
template_only,9,2,443,0,0.19622124301032187,20260633,eb798db6d53c7bd6b62d77728c470f61aecdcec31b8c285fa54e6bb347853f2f,43d0b62d442a4eba14e5b114be9ac6c76091afedaa4f12d085895bf9415583a8
template_only,9,2,445,0,0.24360850582168753,20260633,eb798db6d53c7bd6b62d77728c470f61aecdcec31b8c285fa54e6bb347853f2f,43d0b62d442a4eba14e5b114be9ac6c76091afedaa4f12d085895bf9415583a8
template_only,9,2,451,0,0.4678422696856367,20260633,eb798db6d53c7bd6b62d77728c470f61aecdcec31b8c285fa54e6bb347853f2f,43d0b62d442a4eba14e5b114be9ac6c76091afedaa4f12d085895bf9415583a8
template_only,9,2,457,0,0.19622124301032187,20260633,eb798db6d53c7bd6b62d77728c470f61aecdcec31b8c285fa54e6bb347853f2f,43d0b62d442a4eba14e5b114be9ac6c76091afedaa4f12d085895bf9415583a8
template_only,9,2,463,0,0.25632119324664066,20260633,eb798db6d53c7bd6b62d77728c470f61aecdcec31b8c285fa54e6bb347853f2f,43d0b62d442a4eba14e5b114be9ac6c76091afedaa4f12d085895bf9415583a8
template_only,9,2,464,0,0.24360850582168753,20260633,eb798db6d53c7bd6b62d77728c470f61aecdcec31b8c285fa54e6bb347853f2f,43d0b62d442a4eba14e5b114be9ac6c76091afedaa4f12d085895bf9415583a8
template_only,9,2,485,0,0.19622124301032187,20260633,eb798db6d53c7bd6b62d77728c470f61aecdcec31b8c285fa54e6bb347853f2f,43d0b62d442a4eba14e5b114be9ac6c76091afedaa4f12d085895bf9415583a8
template_only,9,2,487,0,0.24360850582168753,20260633,eb798db6d53c7bd6b62d77728c470f61aecdcec31b8c285fa54e6bb347853f2f,43d0b62d442a4eba14e5b114be9ac6c76091afedaa4f12d085895bf9415583a8
template_only,9,2,490,0,0.25632119324664066,20260633,eb798db6d53c7bd6b62d77728c470f61aecdcec31b8c285fa54e6bb347853f2f,43d0b62d442a4eba14e5b114be9ac6c76091afedaa4f12d085895bf9415583a8
template_only,9,3,303,0,0.433496956031313,20260633,2d6ecba2450c0e2343c9ef225d42fd6b1aa95df4ce85dcd1923adcabb9416a6b,41eb3246646395bc16b8b7012e608df2d1832e89652c14e702797390e475c8a1
template_only,9,3,307,0,0.4052848206120409,20260633,2d6ecba2450c0e2343c9ef225d42fd6b1aa95df4ce85dcd1923adcabb9416a6b,41eb3246646395bc16b8b7012e608df2d1832e89652c14e702797390e475c8a1
template_only,9,3,317,0,0.7544891387198989,20260633,2d6ecba2450c0e2343c9ef225d42fd6b1aa95df4ce85dcd1923adcabb9416a6b,41eb3246646395bc16b8b7012e608df2d1832e89652c14e702797390e475c8a1
template_only,9,3,325,1,0.6390456925900531,20260633,2d6ecba2450c0e2343c9ef225d42fd6b1aa95df4ce85dcd1923adcabb9416a6b,41eb3246646395bc16b8b7012e608df2d1832e89652c14e702797390e475c8a1
template_only,9,3,327,0,0.6415732290054029,20260633,2d6ecba2450c0e2343c9ef225d42fd6b1aa95df4ce85dcd1923adcabb9416a6b,41eb3246646395bc16b8b7012e608df2d1832e89652c14e702797390e475c8a1
template_only,9,3,338,1,0.7737643717511341,20260633,2d6ecba2450c0e2343c9ef225d42fd6b1aa95df4ce85dcd1923adcabb9416a6b,41eb3246646395bc16b8b7012e608df2d1832e89652c14e702797390e475c8a1
template_only,9,3,340,0,0.3218577666867062,20260633,2d6ecba2450c0e2343c9ef225d42fd6b1aa95df4ce85dcd1923adcabb9416a6b,41eb3246646395bc16b8b7012e608df2d1832e89652c14e702797390e475c8a1
template_only,9,3,355,1,0.6535580609606564,20260633,2d6ecba2450c0e2343c9ef225d42fd6b1aa95df4ce85dcd1923adcabb9416a6b,41eb3246646395bc16b8b7012e608df2d1832e89652c14e702797390e475c8a1
template_only,9,3,356,1,0.8472404732174235,20260633,2d6ecba2450c0e2343c9ef225d42fd6b1aa95df4ce85dcd1923adcabb9416a6b,41eb3246646395bc16b8b7012e608df2d1832e89652c14e702797390e475c8a1
template_only,9,3,357,0,0.4833518729207014,20260633,2d6ecba2450c0e2343c9ef225d42fd6b1aa95df4ce85dcd1923adcabb9416a6b,41eb3246646395bc16b8b7012e608df2d1832e89652c14e702797390e475c8a1
template_only,9,3,368,0,0.3205837843182006,20260633,2d6ecba2450c0e2343c9ef225d42fd6b1aa95df4ce85dcd1923adcabb9416a6b,41eb3246646395bc16b8b7012e608df2d1832e89652c14e702797390e475c8a1
template_only,9,3,376,1,0.5738184892653196,20260633,2d6ecba2450c0e2343c9ef225d42fd6b1aa95df4ce85dcd1923adcabb9416a6b,41eb3246646395bc16b8b7012e608df2d1832e89652c14e702797390e475c8a1
template_only,9,3,381,1,0.5836895985415138,20260633,2d6ecba2450c0e2343c9ef225d42fd6b1aa95df4ce85dcd1923adcabb9416a6b,41eb3246646395bc16b8b7012e608df2d1832e89652c14e702797390e475c8a1
template_only,9,3,382,0,0.344842188794675,20260633,2d6ecba2450c0e2343c9ef225d42fd6b1aa95df4ce85dcd1923adcabb9416a6b,41eb3246646395bc16b8b7012e608df2d1832e89652c14e702797390e475c8a1
template_only,9,3,393,0,0.344842188794675,20260633,2d6ecba2450c0e2343c9ef225d42fd6b1aa95df4ce85dcd1923adcabb9416a6b,41eb3246646395bc16b8b7012e608df2d1832e89652c14e702797390e475c8a1
template_only,9,3,395,0,0.34822966541568856,20260633,2d6ecba2450c0e2343c9ef225d42fd6b1aa95df4ce85dcd1923adcabb9416a6b,41eb3246646395bc16b8b7012e608df2d1832e89652c14e702797390e475c8a1
template_only,9,3,417,0,0.4470751022897286,20260633,2d6ecba2450c0e2343c9ef225d42fd6b1aa95df4ce85dcd1923adcabb9416a6b,41eb3246646395bc16b8b7012e608df2d1832e89652c14e702797390e475c8a1
template_only,9,3,418,1,0.7534169855995162,20260633,2d6ecba2450c0e2343c9ef225d42fd6b1aa95df4ce85dcd1923adcabb9416a6b,41eb3246646395bc16b8b7012e608df2d1832e89652c14e702797390e475c8a1
template_only,9,3,425,0,0.7491138631644297,20260633,2d6ecba2450c0e2343c9ef225d42fd6b1aa95df4ce85dcd1923adcabb9416a6b,41eb3246646395bc16b8b7012e608df2d1832e89652c14e702797390e475c8a1
template_only,9,3,437,0,0.344842188794675,20260633,2d6ecba2450c0e2343c9ef225d42fd6b1aa95df4ce85dcd1923adcabb9416a6b,41eb3246646395bc16b8b7012e608df2d1832e89652c14e702797390e475c8a1
template_only,9,3,440,1,0.729400115570533,20260633,2d6ecba2450c0e2343c9ef225d42fd6b1aa95df4ce85dcd1923adcabb9416a6b,41eb3246646395bc16b8b7012e608df2d1832e89652c14e702797390e475c8a1
template_only,9,3,444,0,0.3205837843182006,20260633,2d6ecba2450c0e2343c9ef225d42fd6b1aa95df4ce85dcd1923adcabb9416a6b,41eb3246646395bc16b8b7012e608df2d1832e89652c14e702797390e475c8a1
template_only,9,3,446,0,0.3205837843182006,20260633,2d6ecba2450c0e2343c9ef225d42fd6b1aa95df4ce85dcd1923adcabb9416a6b,41eb3246646395bc16b8b7012e608df2d1832e89652c14e702797390e475c8a1
template_only,9,3,454,0,0.24012703993171863,20260633,2d6ecba2450c0e2343c9ef225d42fd6b1aa95df4ce85dcd1923adcabb9416a6b,41eb3246646395bc16b8b7012e608df2d1832e89652c14e702797390e475c8a1
template_only,9,3,472,0,0.3205837843182006,20260633,2d6ecba2450c0e2343c9ef225d42fd6b1aa95df4ce85dcd1923adcabb9416a6b,41eb3246646395bc16b8b7012e608df2d1832e89652c14e702797390e475c8a1
template_only,9,3,478,0,0.7487466262503533,20260633,2d6ecba2450c0e2343c9ef225d42fd6b1aa95df4ce85dcd1923adcabb9416a6b,41eb3246646395bc16b8b7012e608df2d1832e89652c14e702797390e475c8a1
template_only,9,3,484,0,0.7491138631644297,20260633,2d6ecba2450c0e2343c9ef225d42fd6b1aa95df4ce85dcd1923adcabb9416a6b,41eb3246646395bc16b8b7012e608df2d1832e89652c14e702797390e475c8a1
template_only,9,3,492,0,0.3205837843182006,20260633,2d6ecba2450c0e2343c9ef225d42fd6b1aa95df4ce85dcd1923adcabb9416a6b,41eb3246646395bc16b8b7012e608df2d1832e89652c14e702797390e475c8a1
template_only,9,4,302,0,0.39470029989220917,20260633,c0e463051cfe9888715a337dce59c3a3895b97e3bc276ca387ee0076468a045f,aee6c5ef71a64a474b9fb88ae5fcdab07ce66ea762cb98c2b62fa1a85dac4e17
template_only,9,4,310,0,0.2967866063713865,20260633,c0e463051cfe9888715a337dce59c3a3895b97e3bc276ca387ee0076468a045f,aee6c5ef71a64a474b9fb88ae5fcdab07ce66ea762cb98c2b62fa1a85dac4e17
template_only,9,4,312,0,0.3144251852933634,20260633,c0e463051cfe9888715a337dce59c3a3895b97e3bc276ca387ee0076468a045f,aee6c5ef71a64a474b9fb88ae5fcdab07ce66ea762cb98c2b62fa1a85dac4e17
template_only,9,4,319,1,0.7206300012604585,20260633,c0e463051cfe9888715a337dce59c3a3895b97e3bc276ca387ee0076468a045f,aee6c5ef71a64a474b9fb88ae5fcdab07ce66ea762cb98c2b62fa1a85dac4e17
template_only,9,4,321,1,0.7115494574251465,20260633,c0e463051cfe9888715a337dce59c3a3895b97e3bc276ca387ee0076468a045f,aee6c5ef71a64a474b9fb88ae5fcdab07ce66ea762cb98c2b62fa1a85dac4e17
template_only,9,4,330,1,0.501102109519685,20260633,c0e463051cfe9888715a337dce59c3a3895b97e3bc276ca387ee0076468a045f,aee6c5ef71a64a474b9fb88ae5fcdab07ce66ea762cb98c2b62fa1a85dac4e17
template_only,9,4,331,0,0.651391769936238,20260633,c0e463051cfe9888715a337dce59c3a3895b97e3bc276ca387ee0076468a045f,aee6c5ef71a64a474b9fb88ae5fcdab07ce66ea762cb98c2b62fa1a85dac4e17
template_only,9,4,333,0,0.3261631807845357,20260633,c0e463051cfe9888715a337dce59c3a3895b97e3bc276ca387ee0076468a045f,aee6c5ef71a64a474b9fb88ae5fcdab07ce66ea762cb98c2b62fa1a85dac4e17
template_only,9,4,348,1,0.7073457893924568,20260633,c0e463051cfe9888715a337dce59c3a3895b97e3bc276ca387ee0076468a045f,aee6c5ef71a64a474b9fb88ae5fcdab07ce66ea762cb98c2b62fa1a85dac4e17
template_only,9,4,351,1,0.8174617732228927,20260633,c0e463051cfe9888715a337dce59c3a3895b97e3bc276ca387ee0076468a045f,aee6c5ef71a64a474b9fb88ae5fcdab07ce66ea762cb98c2b62fa1a85dac4e17
template_only,9,4,353,1,0.6088952041433056,20260633,c0e463051cfe9888715a337dce59c3a3895b97e3bc276ca387ee0076468a045f,aee6c5ef71a64a474b9fb88ae5fcdab07ce66ea762cb98c2b62fa1a85dac4e17
template_only,9,4,363,0,0.3502576283898417,20260633,c0e463051cfe9888715a337dce59c3a3895b97e3bc276ca387ee0076468a045f,aee6c5ef71a64a474b9fb88ae5fcdab07ce66ea762cb98c2b62fa1a85dac4e17
template_only,9,4,366,0,0.3399679989010924,20260633,c0e463051cfe9888715a337dce59c3a3895b97e3bc276ca387ee0076468a045f,aee6c5ef71a64a474b9fb88ae5fcdab07ce66ea762cb98c2b62fa1a85dac4e17
template_only,9,4,369,0,0.3423316661579487,20260633,c0e463051cfe9888715a337dce59c3a3895b97e3bc276ca387ee0076468a045f,aee6c5ef71a64a474b9fb88ae5fcdab07ce66ea762cb98c2b62fa1a85dac4e17
template_only,9,4,371,0,0.25370766420581375,20260633,c0e463051cfe9888715a337dce59c3a3895b97e3bc276ca387ee0076468a045f,aee6c5ef71a64a474b9fb88ae5fcdab07ce66ea762cb98c2b62fa1a85dac4e17
template_only,9,4,372,1,0.5970314468809785,20260633,c0e463051cfe9888715a337dce59c3a3895b97e3bc276ca387ee0076468a045f,aee6c5ef71a64a474b9fb88ae5fcdab07ce66ea762cb98c2b62fa1a85dac4e17
template_only,9,4,388,1,0.3328436172573792,20260633,c0e463051cfe9888715a337dce59c3a3895b97e3bc276ca387ee0076468a045f,aee6c5ef71a64a474b9fb88ae5fcdab07ce66ea762cb98c2b62fa1a85dac4e17
template_only,9,4,391,0,0.34984103101052605,20260633,c0e463051cfe9888715a337dce59c3a3895b97e3bc276ca387ee0076468a045f,aee6c5ef71a64a474b9fb88ae5fcdab07ce66ea762cb98c2b62fa1a85dac4e17
template_only,9,4,400,0,0.5275196479156589,20260633,c0e463051cfe9888715a337dce59c3a3895b97e3bc276ca387ee0076468a045f,aee6c5ef71a64a474b9fb88ae5fcdab07ce66ea762cb98c2b62fa1a85dac4e17
template_only,9,4,423,0,0.6286166333590884,20260633,c0e463051cfe9888715a337dce59c3a3895b97e3bc276ca387ee0076468a045f,aee6c5ef71a64a474b9fb88ae5fcdab07ce66ea762cb98c2b62fa1a85dac4e17
template_only,9,4,456,0,0.3328436172573792,20260633,c0e463051cfe9888715a337dce59c3a3895b97e3bc276ca387ee0076468a045f,aee6c5ef71a64a474b9fb88ae5fcdab07ce66ea762cb98c2b62fa1a85dac4e17
template_only,9,4,458,0,0.4738467718214759,20260633,c0e463051cfe9888715a337dce59c3a3895b97e3bc276ca387ee0076468a045f,aee6c5ef71a64a474b9fb88ae5fcdab07ce66ea762cb98c2b62fa1a85dac4e17
template_only,9,4,468,0,0.3328436172573792,20260633,c0e463051cfe9888715a337dce59c3a3895b97e3bc276ca387ee0076468a045f,aee6c5ef71a64a474b9fb88ae5fcdab07ce66ea762cb98c2b62fa1a85dac4e17
template_only,9,4,473,0,0.24022311967224827,20260633,c0e463051cfe9888715a337dce59c3a3895b97e3bc276ca387ee0076468a045f,aee6c5ef71a64a474b9fb88ae5fcdab07ce66ea762cb98c2b62fa1a85dac4e17
template_only,9,4,476,0,0.3328436172573792,20260633,c0e463051cfe9888715a337dce59c3a3895b97e3bc276ca387ee0076468a045f,aee6c5ef71a64a474b9fb88ae5fcdab07ce66ea762cb98c2b62fa1a85dac4e17
template_only,9,4,477,0,0.3328436172573792,20260633,c0e463051cfe9888715a337dce59c3a3895b97e3bc276ca387ee0076468a045f,aee6c5ef71a64a474b9fb88ae5fcdab07ce66ea762cb98c2b62fa1a85dac4e17
template_only,9,4,482,0,0.33818577873303496,20260633,c0e463051cfe9888715a337dce59c3a3895b97e3bc276ca387ee0076468a045f,aee6c5ef71a64a474b9fb88ae5fcdab07ce66ea762cb98c2b62fa1a85dac4e17
template_only,9,4,491,0,0.5374174039300473,20260633,c0e463051cfe9888715a337dce59c3a3895b97e3bc276ca387ee0076468a045f,aee6c5ef71a64a474b9fb88ae5fcdab07ce66ea762cb98c2b62fa1a85dac4e17
template_only,9,5,305,0,0.6929215712770336,20260633,85633ef22fed89bbc7e9229b1c6fdaa0413cd8c186d22527ca97dcc4c0c7e052,9cfda6bc91c5c231e9b2f013c25d2ef1981b2ab018635b3b0a4c3587bdcbdec7
template_only,9,5,313,0,0.5370668708069831,20260633,85633ef22fed89bbc7e9229b1c6fdaa0413cd8c186d22527ca97dcc4c0c7e052,9cfda6bc91c5c231e9b2f013c25d2ef1981b2ab018635b3b0a4c3587bdcbdec7
template_only,9,5,315,0,0.31511645306496117,20260633,85633ef22fed89bbc7e9229b1c6fdaa0413cd8c186d22527ca97dcc4c0c7e052,9cfda6bc91c5c231e9b2f013c25d2ef1981b2ab018635b3b0a4c3587bdcbdec7
template_only,9,5,318,0,0.31511645306496117,20260633,85633ef22fed89bbc7e9229b1c6fdaa0413cd8c186d22527ca97dcc4c0c7e052,9cfda6bc91c5c231e9b2f013c25d2ef1981b2ab018635b3b0a4c3587bdcbdec7
template_only,9,5,320,1,0.7409842490299555,20260633,85633ef22fed89bbc7e9229b1c6fdaa0413cd8c186d22527ca97dcc4c0c7e052,9cfda6bc91c5c231e9b2f013c25d2ef1981b2ab018635b3b0a4c3587bdcbdec7
template_only,9,5,346,1,0.5870709304428147,20260633,85633ef22fed89bbc7e9229b1c6fdaa0413cd8c186d22527ca97dcc4c0c7e052,9cfda6bc91c5c231e9b2f013c25d2ef1981b2ab018635b3b0a4c3587bdcbdec7
template_only,9,5,347,1,0.42479922048031943,20260633,85633ef22fed89bbc7e9229b1c6fdaa0413cd8c186d22527ca97dcc4c0c7e052,9cfda6bc91c5c231e9b2f013c25d2ef1981b2ab018635b3b0a4c3587bdcbdec7
template_only,9,5,350,1,0.752701268775534,20260633,85633ef22fed89bbc7e9229b1c6fdaa0413cd8c186d22527ca97dcc4c0c7e052,9cfda6bc91c5c231e9b2f013c25d2ef1981b2ab018635b3b0a4c3587bdcbdec7
template_only,9,5,358,0,0.752701268775534,20260633,85633ef22fed89bbc7e9229b1c6fdaa0413cd8c186d22527ca97dcc4c0c7e052,9cfda6bc91c5c231e9b2f013c25d2ef1981b2ab018635b3b0a4c3587bdcbdec7
template_only,9,5,362,1,0.7545654276116391,20260633,85633ef22fed89bbc7e9229b1c6fdaa0413cd8c186d22527ca97dcc4c0c7e052,9cfda6bc91c5c231e9b2f013c25d2ef1981b2ab018635b3b0a4c3587bdcbdec7
template_only,9,5,364,0,0.565002573956055,20260633,85633ef22fed89bbc7e9229b1c6fdaa0413cd8c186d22527ca97dcc4c0c7e052,9cfda6bc91c5c231e9b2f013c25d2ef1981b2ab018635b3b0a4c3587bdcbdec7
template_only,9,5,370,0,0.3262915627045041,20260633,85633ef22fed89bbc7e9229b1c6fdaa0413cd8c186d22527ca97dcc4c0c7e052,9cfda6bc91c5c231e9b2f013c25d2ef1981b2ab018635b3b0a4c3587bdcbdec7
template_only,9,5,390,0,0.7513024273847488,20260633,85633ef22fed89bbc7e9229b1c6fdaa0413cd8c186d22527ca97dcc4c0c7e052,9cfda6bc91c5c231e9b2f013c25d2ef1981b2ab018635b3b0a4c3587bdcbdec7
template_only,9,5,392,0,0.2349927253048292,20260633,85633ef22fed89bbc7e9229b1c6fdaa0413cd8c186d22527ca97dcc4c0c7e052,9cfda6bc91c5c231e9b2f013c25d2ef1981b2ab018635b3b0a4c3587bdcbdec7
template_only,9,5,403,0,0.3262915627045041,20260633,85633ef22fed89bbc7e9229b1c6fdaa0413cd8c186d22527ca97dcc4c0c7e052,9cfda6bc91c5c231e9b2f013c25d2ef1981b2ab018635b3b0a4c3587bdcbdec7
template_only,9,5,414,1,0.5977240099512957,20260633,85633ef22fed89bbc7e9229b1c6fdaa0413cd8c186d22527ca97dcc4c0c7e052,9cfda6bc91c5c231e9b2f013c25d2ef1981b2ab018635b3b0a4c3587bdcbdec7
template_only,9,5,415,0,0.3352900283414959,20260633,85633ef22fed89bbc7e9229b1c6fdaa0413cd8c186d22527ca97dcc4c0c7e052,9cfda6bc91c5c231e9b2f013c25d2ef1981b2ab018635b3b0a4c3587bdcbdec7
template_only,9,5,427,0,0.3352900283414959,20260633,85633ef22fed89bbc7e9229b1c6fdaa0413cd8c186d22527ca97dcc4c0c7e052,9cfda6bc91c5c231e9b2f013c25d2ef1981b2ab018635b3b0a4c3587bdcbdec7
template_only,9,5,429,0,0.3303614637323574,20260633,85633ef22fed89bbc7e9229b1c6fdaa0413cd8c186d22527ca97dcc4c0c7e052,9cfda6bc91c5c231e9b2f013c25d2ef1981b2ab018635b3b0a4c3587bdcbdec7
template_only,9,5,430,0,0.7777773410881887,20260633,85633ef22fed89bbc7e9229b1c6fdaa0413cd8c186d22527ca97dcc4c0c7e052,9cfda6bc91c5c231e9b2f013c25d2ef1981b2ab018635b3b0a4c3587bdcbdec7
template_only,9,5,439,0,0.3262915627045041,20260633,85633ef22fed89bbc7e9229b1c6fdaa0413cd8c186d22527ca97dcc4c0c7e052,9cfda6bc91c5c231e9b2f013c25d2ef1981b2ab018635b3b0a4c3587bdcbdec7
template_only,9,5,448,1,0.5954750145451299,20260633,85633ef22fed89bbc7e9229b1c6fdaa0413cd8c186d22527ca97dcc4c0c7e052,9cfda6bc91c5c231e9b2f013c25d2ef1981b2ab018635b3b0a4c3587bdcbdec7
template_only,9,5,449,0,0.3262915627045041,20260633,85633ef22fed89bbc7e9229b1c6fdaa0413cd8c186d22527ca97dcc4c0c7e052,9cfda6bc91c5c231e9b2f013c25d2ef1981b2ab018635b3b0a4c3587bdcbdec7
template_only,9,5,459,1,0.7446815351856813,20260633,85633ef22fed89bbc7e9229b1c6fdaa0413cd8c186d22527ca97dcc4c0c7e052,9cfda6bc91c5c231e9b2f013c25d2ef1981b2ab018635b3b0a4c3587bdcbdec7
template_only,9,5,471,0,0.3377183275476023,20260633,85633ef22fed89bbc7e9229b1c6fdaa0413cd8c186d22527ca97dcc4c0c7e052,9cfda6bc91c5c231e9b2f013c25d2ef1981b2ab018635b3b0a4c3587bdcbdec7
template_only,9,5,479,0,0.2349927253048292,20260633,85633ef22fed89bbc7e9229b1c6fdaa0413cd8c186d22527ca97dcc4c0c7e052,9cfda6bc91c5c231e9b2f013c25d2ef1981b2ab018635b3b0a4c3587bdcbdec7
template_only,9,5,483,1,0.6397035547734373,20260633,85633ef22fed89bbc7e9229b1c6fdaa0413cd8c186d22527ca97dcc4c0c7e052,9cfda6bc91c5c231e9b2f013c25d2ef1981b2ab018635b3b0a4c3587bdcbdec7
template_only,9,5,486,0,0.3352900283414959,20260633,85633ef22fed89bbc7e9229b1c6fdaa0413cd8c186d22527ca97dcc4c0c7e052,9cfda6bc91c5c231e9b2f013c25d2ef1981b2ab018635b3b0a4c3587bdcbdec7
template_only,10,1,302,0,0.41058882635029376,20260634,5fcb2f2eac78d2ba2a32ce27f993a6450d0e0be6977d32d5fad8b91a9cbe0471,68d092d8b196dfb5685500361293e2034168c7c0f1a5e9890e9ec7349f6b4474
template_only,10,1,310,0,0.3344812755125991,20260634,5fcb2f2eac78d2ba2a32ce27f993a6450d0e0be6977d32d5fad8b91a9cbe0471,68d092d8b196dfb5685500361293e2034168c7c0f1a5e9890e9ec7349f6b4474
template_only,10,1,318,0,0.33946760710269464,20260634,5fcb2f2eac78d2ba2a32ce27f993a6450d0e0be6977d32d5fad8b91a9cbe0471,68d092d8b196dfb5685500361293e2034168c7c0f1a5e9890e9ec7349f6b4474
template_only,10,1,319,1,0.7417208383855944,20260634,5fcb2f2eac78d2ba2a32ce27f993a6450d0e0be6977d32d5fad8b91a9cbe0471,68d092d8b196dfb5685500361293e2034168c7c0f1a5e9890e9ec7349f6b4474
template_only,10,1,324,0,0.6503612228501658,20260634,5fcb2f2eac78d2ba2a32ce27f993a6450d0e0be6977d32d5fad8b91a9cbe0471,68d092d8b196dfb5685500361293e2034168c7c0f1a5e9890e9ec7349f6b4474
template_only,10,1,327,0,0.6880136984238885,20260634,5fcb2f2eac78d2ba2a32ce27f993a6450d0e0be6977d32d5fad8b91a9cbe0471,68d092d8b196dfb5685500361293e2034168c7c0f1a5e9890e9ec7349f6b4474
template_only,10,1,333,0,0.36742529161931964,20260634,5fcb2f2eac78d2ba2a32ce27f993a6450d0e0be6977d32d5fad8b91a9cbe0471,68d092d8b196dfb5685500361293e2034168c7c0f1a5e9890e9ec7349f6b4474
template_only,10,1,344,1,0.6992625033618048,20260634,5fcb2f2eac78d2ba2a32ce27f993a6450d0e0be6977d32d5fad8b91a9cbe0471,68d092d8b196dfb5685500361293e2034168c7c0f1a5e9890e9ec7349f6b4474
template_only,10,1,346,1,0.6516766062550079,20260634,5fcb2f2eac78d2ba2a32ce27f993a6450d0e0be6977d32d5fad8b91a9cbe0471,68d092d8b196dfb5685500361293e2034168c7c0f1a5e9890e9ec7349f6b4474
template_only,10,1,347,1,0.41699729772146077,20260634,5fcb2f2eac78d2ba2a32ce27f993a6450d0e0be6977d32d5fad8b91a9cbe0471,68d092d8b196dfb5685500361293e2034168c7c0f1a5e9890e9ec7349f6b4474
template_only,10,1,348,1,0.7305900031768804,20260634,5fcb2f2eac78d2ba2a32ce27f993a6450d0e0be6977d32d5fad8b91a9cbe0471,68d092d8b196dfb5685500361293e2034168c7c0f1a5e9890e9ec7349f6b4474
template_only,10,1,358,0,0.7917275642271246,20260634,5fcb2f2eac78d2ba2a32ce27f993a6450d0e0be6977d32d5fad8b91a9cbe0471,68d092d8b196dfb5685500361293e2034168c7c0f1a5e9890e9ec7349f6b4474
template_only,10,1,385,0,0.3271684680056545,20260634,5fcb2f2eac78d2ba2a32ce27f993a6450d0e0be6977d32d5fad8b91a9cbe0471,68d092d8b196dfb5685500361293e2034168c7c0f1a5e9890e9ec7349f6b4474
template_only,10,1,388,1,0.3144010892524201,20260634,5fcb2f2eac78d2ba2a32ce27f993a6450d0e0be6977d32d5fad8b91a9cbe0471,68d092d8b196dfb5685500361293e2034168c7c0f1a5e9890e9ec7349f6b4474
template_only,10,1,393,0,0.3144010892524201,20260634,5fcb2f2eac78d2ba2a32ce27f993a6450d0e0be6977d32d5fad8b91a9cbe0471,68d092d8b196dfb5685500361293e2034168c7c0f1a5e9890e9ec7349f6b4474
template_only,10,1,395,0,0.3271684680056545,20260634,5fcb2f2eac78d2ba2a32ce27f993a6450d0e0be6977d32d5fad8b91a9cbe0471,68d092d8b196dfb5685500361293e2034168c7c0f1a5e9890e9ec7349f6b4474
template_only,10,1,397,0,0.3144010892524201,20260634,5fcb2f2eac78d2ba2a32ce27f993a6450d0e0be6977d32d5fad8b91a9cbe0471,68d092d8b196dfb5685500361293e2034168c7c0f1a5e9890e9ec7349f6b4474
template_only,10,1,400,0,0.5531768420397085,20260634,5fcb2f2eac78d2ba2a32ce27f993a6450d0e0be6977d32d5fad8b91a9cbe0471,68d092d8b196dfb5685500361293e2034168c7c0f1a5e9890e9ec7349f6b4474
template_only,10,1,414,1,0.6109472856958262,20260634,5fcb2f2eac78d2ba2a32ce27f993a6450d0e0be6977d32d5fad8b91a9cbe0471,68d092d8b196dfb5685500361293e2034168c7c0f1a5e9890e9ec7349f6b4474
template_only,10,1,423,0,0.6175198939888007,20260634,5fcb2f2eac78d2ba2a32ce27f993a6450d0e0be6977d32d5fad8b91a9cbe0471,68d092d8b196dfb5685500361293e2034168c7c0f1a5e9890e9ec7349f6b4474
template_only,10,1,441,1,0.7135742691861348,20260634,5fcb2f2eac78d2ba2a32ce27f993a6450d0e0be6977d32d5fad8b91a9cbe0471,68d092d8b196dfb5685500361293e2034168c7c0f1a5e9890e9ec7349f6b4474
template_only,10,1,445,0,0.3091414123857568,20260634,5fcb2f2eac78d2ba2a32ce27f993a6450d0e0be6977d32d5fad8b91a9cbe0471,68d092d8b196dfb5685500361293e2034168c7c0f1a5e9890e9ec7349f6b4474
template_only,10,1,448,1,0.6240223141307967,20260634,5fcb2f2eac78d2ba2a32ce27f993a6450d0e0be6977d32d5fad8b91a9cbe0471,68d092d8b196dfb5685500361293e2034168c7c0f1a5e9890e9ec7349f6b4474
template_only,10,1,464,0,0.3091414123857568,20260634,5fcb2f2eac78d2ba2a32ce27f993a6450d0e0be6977d32d5fad8b91a9cbe0471,68d092d8b196dfb5685500361293e2034168c7c0f1a5e9890e9ec7349f6b4474
template_only,10,1,472,0,0.3091414123857568,20260634,5fcb2f2eac78d2ba2a32ce27f993a6450d0e0be6977d32d5fad8b91a9cbe0471,68d092d8b196dfb5685500361293e2034168c7c0f1a5e9890e9ec7349f6b4474
template_only,10,1,473,0,0.2386288389069983,20260634,5fcb2f2eac78d2ba2a32ce27f993a6450d0e0be6977d32d5fad8b91a9cbe0471,68d092d8b196dfb5685500361293e2034168c7c0f1a5e9890e9ec7349f6b4474
template_only,10,1,482,0,0.3204583321505296,20260634,5fcb2f2eac78d2ba2a32ce27f993a6450d0e0be6977d32d5fad8b91a9cbe0471,68d092d8b196dfb5685500361293e2034168c7c0f1a5e9890e9ec7349f6b4474
template_only,10,1,485,0,0.2386288389069983,20260634,5fcb2f2eac78d2ba2a32ce27f993a6450d0e0be6977d32d5fad8b91a9cbe0471,68d092d8b196dfb5685500361293e2034168c7c0f1a5e9890e9ec7349f6b4474
template_only,10,1,487,0,0.3091414123857568,20260634,5fcb2f2eac78d2ba2a32ce27f993a6450d0e0be6977d32d5fad8b91a9cbe0471,68d092d8b196dfb5685500361293e2034168c7c0f1a5e9890e9ec7349f6b4474
template_only,10,2,305,0,0.6408722485853422,20260634,ca88cda193979af15e6ae17b2ddc3017de691cbaee282c1abd91958463a05f63,1609847951595199381b6725b4b7c7b58949cec29704515c062b568df451b9db
template_only,10,2,320,1,0.7293576732472842,20260634,ca88cda193979af15e6ae17b2ddc3017de691cbaee282c1abd91958463a05f63,1609847951595199381b6725b4b7c7b58949cec29704515c062b568df451b9db
template_only,10,2,326,0,0.30428543484707077,20260634,ca88cda193979af15e6ae17b2ddc3017de691cbaee282c1abd91958463a05f63,1609847951595199381b6725b4b7c7b58949cec29704515c062b568df451b9db
template_only,10,2,339,1,0.7191875523072301,20260634,ca88cda193979af15e6ae17b2ddc3017de691cbaee282c1abd91958463a05f63,1609847951595199381b6725b4b7c7b58949cec29704515c062b568df451b9db
template_only,10,2,350,1,0.7333143245209681,20260634,ca88cda193979af15e6ae17b2ddc3017de691cbaee282c1abd91958463a05f63,1609847951595199381b6725b4b7c7b58949cec29704515c062b568df451b9db
template_only,10,2,352,1,0.4186733041323112,20260634,ca88cda193979af15e6ae17b2ddc3017de691cbaee282c1abd91958463a05f63,1609847951595199381b6725b4b7c7b58949cec29704515c062b568df451b9db
template_only,10,2,353,1,0.5324998751499679,20260634,ca88cda193979af15e6ae17b2ddc3017de691cbaee282c1abd91958463a05f63,1609847951595199381b6725b4b7c7b58949cec29704515c062b568df451b9db
template_only,10,2,356,1,0.8637879514722205,20260634,ca88cda193979af15e6ae17b2ddc3017de691cbaee282c1abd91958463a05f63,1609847951595199381b6725b4b7c7b58949cec29704515c062b568df451b9db
template_only,10,2,360,0,0.4186733041323112,20260634,ca88cda193979af15e6ae17b2ddc3017de691cbaee282c1abd91958463a05f63,1609847951595199381b6725b4b7c7b58949cec29704515c062b568df451b9db
template_only,10,2,366,0,0.35384492116526234,20260634,ca88cda193979af15e6ae17b2ddc3017de691cbaee282c1abd91958463a05f63,1609847951595199381b6725b4b7c7b58949cec29704515c062b568df451b9db
template_only,10,2,370,0,0.3351110041175507,20260634,ca88cda193979af15e6ae17b2ddc3017de691cbaee282c1abd91958463a05f63,1609847951595199381b6725b4b7c7b58949cec29704515c062b568df451b9db
template_only,10,2,371,0,0.2529257515331952,20260634,ca88cda193979af15e6ae17b2ddc3017de691cbaee282c1abd91958463a05f63,1609847951595199381b6725b4b7c7b58949cec29704515c062b568df451b9db
template_only,10,2,374,0,0.776797310078007,20260634,ca88cda193979af15e6ae17b2ddc3017de691cbaee282c1abd91958463a05f63,1609847951595199381b6725b4b7c7b58949cec29704515c062b568df451b9db
template_only,10,2,377,1,0.6956239414162012,20260634,ca88cda193979af15e6ae17b2ddc3017de691cbaee282c1abd91958463a05f63,1609847951595199381b6725b4b7c7b58949cec29704515c062b568df451b9db
template_only,10,2,386,1,0.33426201013059936,20260634,ca88cda193979af15e6ae17b2ddc3017de691cbaee282c1abd91958463a05f63,1609847951595199381b6725b4b7c7b58949cec29704515c062b568df451b9db
template_only,10,2,402,1,0.6149057101658916,20260634,ca88cda193979af15e6ae17b2ddc3017de691cbaee282c1abd91958463a05f63,1609847951595199381b6725b4b7c7b58949cec29704515c062b568df451b9db
template_only,10,2,406,0,0.3351110041175507,20260634,ca88cda193979af15e6ae17b2ddc3017de691cbaee282c1abd91958463a05f63,1609847951595199381b6725b4b7c7b58949cec29704515c062b568df451b9db
template_only,10,2,415,0,0.33426201013059936,20260634,ca88cda193979af15e6ae17b2ddc3017de691cbaee282c1abd91958463a05f63,1609847951595199381b6725b4b7c7b58949cec29704515c062b568df451b9db
template_only,10,2,419,0,0.3351110041175507,20260634,ca88cda193979af15e6ae17b2ddc3017de691cbaee282c1abd91958463a05f63,1609847951595199381b6725b4b7c7b58949cec29704515c062b568df451b9db
template_only,10,2,430,0,0.7863837271873875,20260634,ca88cda193979af15e6ae17b2ddc3017de691cbaee282c1abd91958463a05f63,1609847951595199381b6725b4b7c7b58949cec29704515c062b568df451b9db
template_only,10,2,434,0,0.33426201013059936,20260634,ca88cda193979af15e6ae17b2ddc3017de691cbaee282c1abd91958463a05f63,1609847951595199381b6725b4b7c7b58949cec29704515c062b568df451b9db
template_only,10,2,436,0,0.33426201013059936,20260634,ca88cda193979af15e6ae17b2ddc3017de691cbaee282c1abd91958463a05f63,1609847951595199381b6725b4b7c7b58949cec29704515c062b568df451b9db
template_only,10,2,455,0,0.3351110041175507,20260634,ca88cda193979af15e6ae17b2ddc3017de691cbaee282c1abd91958463a05f63,1609847951595199381b6725b4b7c7b58949cec29704515c062b568df451b9db
template_only,10,2,458,0,0.47837800699980204,20260634,ca88cda193979af15e6ae17b2ddc3017de691cbaee282c1abd91958463a05f63,1609847951595199381b6725b4b7c7b58949cec29704515c062b568df451b9db
template_only,10,2,468,0,0.33426201013059936,20260634,ca88cda193979af15e6ae17b2ddc3017de691cbaee282c1abd91958463a05f63,1609847951595199381b6725b4b7c7b58949cec29704515c062b568df451b9db
template_only,10,2,471,0,0.3466125690918438,20260634,ca88cda193979af15e6ae17b2ddc3017de691cbaee282c1abd91958463a05f63,1609847951595199381b6725b4b7c7b58949cec29704515c062b568df451b9db
template_only,10,2,478,0,0.7646010268928828,20260634,ca88cda193979af15e6ae17b2ddc3017de691cbaee282c1abd91958463a05f63,1609847951595199381b6725b4b7c7b58949cec29704515c062b568df451b9db
template_only,10,2,479,0,0.23235464398615258,20260634,ca88cda193979af15e6ae17b2ddc3017de691cbaee282c1abd91958463a05f63,1609847951595199381b6725b4b7c7b58949cec29704515c062b568df451b9db
template_only,10,2,486,0,0.33426201013059936,20260634,ca88cda193979af15e6ae17b2ddc3017de691cbaee282c1abd91958463a05f63,1609847951595199381b6725b4b7c7b58949cec29704515c062b568df451b9db
template_only,10,3,303,0,0.467433520547351,20260634,78dac7830ce31413c6be0b0b40c32f8bbcd3aba7dda6fe79316cb1205a804cee,38ed0ceac81dcb436a4ff4cffcbd9934e440720381164c3a81324249e3b6ef02
template_only,10,3,304,0,0.38643590465668876,20260634,78dac7830ce31413c6be0b0b40c32f8bbcd3aba7dda6fe79316cb1205a804cee,38ed0ceac81dcb436a4ff4cffcbd9934e440720381164c3a81324249e3b6ef02
template_only,10,3,312,0,0.35463457762319545,20260634,78dac7830ce31413c6be0b0b40c32f8bbcd3aba7dda6fe79316cb1205a804cee,38ed0ceac81dcb436a4ff4cffcbd9934e440720381164c3a81324249e3b6ef02
template_only,10,3,315,0,0.3586509972964516,20260634,78dac7830ce31413c6be0b0b40c32f8bbcd3aba7dda6fe79316cb1205a804cee,38ed0ceac81dcb436a4ff4cffcbd9934e440720381164c3a81324249e3b6ef02
template_only,10,3,317,0,0.7684473918133601,20260634,78dac7830ce31413c6be0b0b40c32f8bbcd3aba7dda6fe79316cb1205a804cee,38ed0ceac81dcb436a4ff4cffcbd9934e440720381164c3a81324249e3b6ef02
template_only,10,3,321,1,0.7722823412543486,20260634,78dac7830ce31413c6be0b0b40c32f8bbcd3aba7dda6fe79316cb1205a804cee,38ed0ceac81dcb436a4ff4cffcbd9934e440720381164c3a81324249e3b6ef02
template_only,10,3,351,1,0.8455183875930322,20260634,78dac7830ce31413c6be0b0b40c32f8bbcd3aba7dda6fe79316cb1205a804cee,38ed0ceac81dcb436a4ff4cffcbd9934e440720381164c3a81324249e3b6ef02
template_only,10,3,355,1,0.6188007431866582,20260634,78dac7830ce31413c6be0b0b40c32f8bbcd3aba7dda6fe79316cb1205a804cee,38ed0ceac81dcb436a4ff4cffcbd9934e440720381164c3a81324249e3b6ef02
template_only,10,3,372,1,0.5040200897173535,20260634,78dac7830ce31413c6be0b0b40c32f8bbcd3aba7dda6fe79316cb1205a804cee,38ed0ceac81dcb436a4ff4cffcbd9934e440720381164c3a81324249e3b6ef02
template_only,10,3,375,0,0.23659229777400648,20260634,78dac7830ce31413c6be0b0b40c32f8bbcd3aba7dda6fe79316cb1205a804cee,38ed0ceac81dcb436a4ff4cffcbd9934e440720381164c3a81324249e3b6ef02
template_only,10,3,379,0,0.2437092462307605,20260634,78dac7830ce31413c6be0b0b40c32f8bbcd3aba7dda6fe79316cb1205a804cee,38ed0ceac81dcb436a4ff4cffcbd9934e440720381164c3a81324249e3b6ef02
template_only,10,3,382,0,0.30516541870531,20260634,78dac7830ce31413c6be0b0b40c32f8bbcd3aba7dda6fe79316cb1205a804cee,38ed0ceac81dcb436a4ff4cffcbd9934e440720381164c3a81324249e3b6ef02
template_only,10,3,383,0,0.2564039603850449,20260634,78dac7830ce31413c6be0b0b40c32f8bbcd3aba7dda6fe79316cb1205a804cee,38ed0ceac81dcb436a4ff4cffcbd9934e440720381164c3a81324249e3b6ef02
template_only,10,3,390,0,0.72399635723204,20260634,78dac7830ce31413c6be0b0b40c32f8bbcd3aba7dda6fe79316cb1205a804cee,38ed0ceac81dcb436a4ff4cffcbd9934e440720381164c3a81324249e3b6ef02
template_only,10,3,391,0,0.3206922187771476,20260634,78dac7830ce31413c6be0b0b40c32f8bbcd3aba7dda6fe79316cb1205a804cee,38ed0ceac81dcb436a4ff4cffcbd9934e440720381164c3a81324249e3b6ef02
template_only,10,3,392,0,0.2393451287391697,20260634,78dac7830ce31413c6be0b0b40c32f8bbcd3aba7dda6fe79316cb1205a804cee,38ed0ceac81dcb436a4ff4cffcbd9934e440720381164c3a81324249e3b6ef02
template_only,10,3,409,1,0.2564039603850449,20260634,78dac7830ce31413c6be0b0b40c32f8bbcd3aba7dda6fe79316cb1205a804cee,38ed0ceac81dcb436a4ff4cffcbd9934e440720381164c3a81324249e3b6ef02
template_only,10,3,422,1,0.2566693659131497,20260634,78dac7830ce31413c6be0b0b40c32f8bbcd3aba7dda6fe79316cb1205a804cee,38ed0ceac81dcb436a4ff4cffcbd9934e440720381164c3a81324249e3b6ef02
template_only,10,3,433,1,0.30516541870531,20260634,78dac7830ce31413c6be0b0b40c32f8bbcd3aba7dda6fe79316cb1205a804cee,38ed0ceac81dcb436a4ff4cffcbd9934e440720381164c3a81324249e3b6ef02
template_only,10,3,437,0,0.30516541870531,20260634,78dac7830ce31413c6be0b0b40c32f8bbcd3aba7dda6fe79316cb1205a804cee,38ed0ceac81dcb436a4ff4cffcbd9934e440720381164c3a81324249e3b6ef02
template_only,10,3,447,0,0.30516541870531,20260634,78dac7830ce31413c6be0b0b40c32f8bbcd3aba7dda6fe79316cb1205a804cee,38ed0ceac81dcb436a4ff4cffcbd9934e440720381164c3a81324249e3b6ef02
template_only,10,3,449,0,0.2564039603850449,20260634,78dac7830ce31413c6be0b0b40c32f8bbcd3aba7dda6fe79316cb1205a804cee,38ed0ceac81dcb436a4ff4cffcbd9934e440720381164c3a81324249e3b6ef02
template_only,10,3,451,0,0.460762525040591,20260634,78dac7830ce31413c6be0b0b40c32f8bbcd3aba7dda6fe79316cb1205a804cee,38ed0ceac81dcb436a4ff4cffcbd9934e440720381164c3a81324249e3b6ef02
template_only,10,3,454,0,0.2393451287391697,20260634,78dac7830ce31413c6be0b0b40c32f8bbcd3aba7dda6fe79316cb1205a804cee,38ed0ceac81dcb436a4ff4cffcbd9934e440720381164c3a81324249e3b6ef02
template_only,10,3,463,0,0.30516541870531,20260634,78dac7830ce31413c6be0b0b40c32f8bbcd3aba7dda6fe79316cb1205a804cee,38ed0ceac81dcb436a4ff4cffcbd9934e440720381164c3a81324249e3b6ef02
template_only,10,3,483,1,0.5466999589188909,20260634,78dac7830ce31413c6be0b0b40c32f8bbcd3aba7dda6fe79316cb1205a804cee,38ed0ceac81dcb436a4ff4cffcbd9934e440720381164c3a81324249e3b6ef02
template_only,10,3,489,0,0.30516541870531,20260634,78dac7830ce31413c6be0b0b40c32f8bbcd3aba7dda6fe79316cb1205a804cee,38ed0ceac81dcb436a4ff4cffcbd9934e440720381164c3a81324249e3b6ef02
template_only,10,3,492,0,0.2564039603850449,20260634,78dac7830ce31413c6be0b0b40c32f8bbcd3aba7dda6fe79316cb1205a804cee,38ed0ceac81dcb436a4ff4cffcbd9934e440720381164c3a81324249e3b6ef02
template_only,10,4,307,0,0.378694171138052,20260634,10a1b18538884f4ea5b03d490c3d067963782a5e7e32b8e1247de13da1a3e983,6ad30abde5826428941cc0b21b0733527d59eea3775390fb8a032771e30b8653
template_only,10,4,313,0,0.6065531797814815,20260634,10a1b18538884f4ea5b03d490c3d067963782a5e7e32b8e1247de13da1a3e983,6ad30abde5826428941cc0b21b0733527d59eea3775390fb8a032771e30b8653
template_only,10,4,316,0,0.7571191668330348,20260634,10a1b18538884f4ea5b03d490c3d067963782a5e7e32b8e1247de13da1a3e983,6ad30abde5826428941cc0b21b0733527d59eea3775390fb8a032771e30b8653
template_only,10,4,322,0,0.6535615992088206,20260634,10a1b18538884f4ea5b03d490c3d067963782a5e7e32b8e1247de13da1a3e983,6ad30abde5826428941cc0b21b0733527d59eea3775390fb8a032771e30b8653
template_only,10,4,328,0,0.38402736138685856,20260634,10a1b18538884f4ea5b03d490c3d067963782a5e7e32b8e1247de13da1a3e983,6ad30abde5826428941cc0b21b0733527d59eea3775390fb8a032771e30b8653
template_only,10,4,330,1,0.5520722758424688,20260634,10a1b18538884f4ea5b03d490c3d067963782a5e7e32b8e1247de13da1a3e983,6ad30abde5826428941cc0b21b0733527d59eea3775390fb8a032771e30b8653
template_only,10,4,336,0,0.49381741098606274,20260634,10a1b18538884f4ea5b03d490c3d067963782a5e7e32b8e1247de13da1a3e983,6ad30abde5826428941cc0b21b0733527d59eea3775390fb8a032771e30b8653
template_only,10,4,340,0,0.38402736138685856,20260634,10a1b18538884f4ea5b03d490c3d067963782a5e7e32b8e1247de13da1a3e983,6ad30abde5826428941cc0b21b0733527d59eea3775390fb8a032771e30b8653
template_only,10,4,341,0,0.3916844616388586,20260634,10a1b18538884f4ea5b03d490c3d067963782a5e7e32b8e1247de13da1a3e983,6ad30abde5826428941cc0b21b0733527d59eea3775390fb8a032771e30b8653
template_only,10,4,345,1,0.6272295041716325,20260634,10a1b18538884f4ea5b03d490c3d067963782a5e7e32b8e1247de13da1a3e983,6ad30abde5826428941cc0b21b0733527d59eea3775390fb8a032771e30b8653
template_only,10,4,357,0,0.49381741098606274,20260634,10a1b18538884f4ea5b03d490c3d067963782a5e7e32b8e1247de13da1a3e983,6ad30abde5826428941cc0b21b0733527d59eea3775390fb8a032771e30b8653
template_only,10,4,367,1,0.6966407178652,20260634,10a1b18538884f4ea5b03d490c3d067963782a5e7e32b8e1247de13da1a3e983,6ad30abde5826428941cc0b21b0733527d59eea3775390fb8a032771e30b8653
template_only,10,4,368,0,0.2884270135095008,20260634,10a1b18538884f4ea5b03d490c3d067963782a5e7e32b8e1247de13da1a3e983,6ad30abde5826428941cc0b21b0733527d59eea3775390fb8a032771e30b8653
template_only,10,4,369,0,0.3010799214700771,20260634,10a1b18538884f4ea5b03d490c3d067963782a5e7e32b8e1247de13da1a3e983,6ad30abde5826428941cc0b21b0733527d59eea3775390fb8a032771e30b8653
template_only,10,4,380,1,0.2906558983484751,20260634,10a1b18538884f4ea5b03d490c3d067963782a5e7e32b8e1247de13da1a3e983,6ad30abde5826428941cc0b21b0733527d59eea3775390fb8a032771e30b8653
template_only,10,4,389,1,0.661875328645023,20260634,10a1b18538884f4ea5b03d490c3d067963782a5e7e32b8e1247de13da1a3e983,6ad30abde5826428941cc0b21b0733527d59eea3775390fb8a032771e30b8653
template_only,10,4,403,0,0.2884270135095008,20260634,10a1b18538884f4ea5b03d490c3d067963782a5e7e32b8e1247de13da1a3e983,6ad30abde5826428941cc0b21b0733527d59eea3775390fb8a032771e30b8653
template_only,10,4,404,0,0.2906558983484751,20260634,10a1b18538884f4ea5b03d490c3d067963782a5e7e32b8e1247de13da1a3e983,6ad30abde5826428941cc0b21b0733527d59eea3775390fb8a032771e30b8653
template_only,10,4,412,1,0.2906558983484751,20260634,10a1b18538884f4ea5b03d490c3d067963782a5e7e32b8e1247de13da1a3e983,6ad30abde5826428941cc0b21b0733527d59eea3775390fb8a032771e30b8653
template_only,10,4,416,0,0.2906558983484751,20260634,10a1b18538884f4ea5b03d490c3d067963782a5e7e32b8e1247de13da1a3e983,6ad30abde5826428941cc0b21b0733527d59eea3775390fb8a032771e30b8653
template_only,10,4,425,0,0.707154762836204,20260634,10a1b18538884f4ea5b03d490c3d067963782a5e7e32b8e1247de13da1a3e983,6ad30abde5826428941cc0b21b0733527d59eea3775390fb8a032771e30b8653
template_only,10,4,427,0,0.2906558983484751,20260634,10a1b18538884f4ea5b03d490c3d067963782a5e7e32b8e1247de13da1a3e983,6ad30abde5826428941cc0b21b0733527d59eea3775390fb8a032771e30b8653
template_only,10,4,429,0,0.28668947260529504,20260634,10a1b18538884f4ea5b03d490c3d067963782a5e7e32b8e1247de13da1a3e983,6ad30abde5826428941cc0b21b0733527d59eea3775390fb8a032771e30b8653
template_only,10,4,440,1,0.6724678723267369,20260634,10a1b18538884f4ea5b03d490c3d067963782a5e7e32b8e1247de13da1a3e983,6ad30abde5826428941cc0b21b0733527d59eea3775390fb8a032771e30b8653
template_only,10,4,457,0,0.23167505690628587,20260634,10a1b18538884f4ea5b03d490c3d067963782a5e7e32b8e1247de13da1a3e983,6ad30abde5826428941cc0b21b0733527d59eea3775390fb8a032771e30b8653
template_only,10,4,459,1,0.6874236686720891,20260634,10a1b18538884f4ea5b03d490c3d067963782a5e7e32b8e1247de13da1a3e983,6ad30abde5826428941cc0b21b0733527d59eea3775390fb8a032771e30b8653
template_only,10,4,474,0,0.2906558983484751,20260634,10a1b18538884f4ea5b03d490c3d067963782a5e7e32b8e1247de13da1a3e983,6ad30abde5826428941cc0b21b0733527d59eea3775390fb8a032771e30b8653
template_only,10,4,488,0,0.2906558983484751,20260634,10a1b18538884f4ea5b03d490c3d067963782a5e7e32b8e1247de13da1a3e983,6ad30abde5826428941cc0b21b0733527d59eea3775390fb8a032771e30b8653
template_only,10,5,325,1,0.5915872166454449,20260634,372c21e2cb1dd480e900f6ddd8c542f6a89898ffcd241d06b14d7183db8aaa3c,e8110922fcacfc4bb78602772809156e2ad4cb2ad28bd806aec4a90f1714b6dc
template_only,10,5,331,0,0.6320997197478233,20260634,372c21e2cb1dd480e900f6ddd8c542f6a89898ffcd241d06b14d7183db8aaa3c,e8110922fcacfc4bb78602772809156e2ad4cb2ad28bd806aec4a90f1714b6dc
template_only,10,5,335,1,0.44070036264108786,20260634,372c21e2cb1dd480e900f6ddd8c542f6a89898ffcd241d06b14d7183db8aaa3c,e8110922fcacfc4bb78602772809156e2ad4cb2ad28bd806aec4a90f1714b6dc
template_only,10,5,338,1,0.7768783767302204,20260634,372c21e2cb1dd480e900f6ddd8c542f6a89898ffcd241d06b14d7183db8aaa3c,e8110922fcacfc4bb78602772809156e2ad4cb2ad28bd806aec4a90f1714b6dc
template_only,10,5,343,0,0.5656074457599086,20260634,372c21e2cb1dd480e900f6ddd8c542f6a89898ffcd241d06b14d7183db8aaa3c,e8110922fcacfc4bb78602772809156e2ad4cb2ad28bd806aec4a90f1714b6dc
template_only,10,5,362,1,0.7316851306593442,20260634,372c21e2cb1dd480e900f6ddd8c542f6a89898ffcd241d06b14d7183db8aaa3c,e8110922fcacfc4bb78602772809156e2ad4cb2ad28bd806aec4a90f1714b6dc
template_only,10,5,363,0,0.3754188751423988,20260634,372c21e2cb1dd480e900f6ddd8c542f6a89898ffcd241d06b14d7183db8aaa3c,e8110922fcacfc4bb78602772809156e2ad4cb2ad28bd806aec4a90f1714b6dc
template_only,10,5,364,0,0.5745860369485608,20260634,372c21e2cb1dd480e900f6ddd8c542f6a89898ffcd241d06b14d7183db8aaa3c,e8110922fcacfc4bb78602772809156e2ad4cb2ad28bd806aec4a90f1714b6dc
template_only,10,5,376,1,0.5493434715242991,20260634,372c21e2cb1dd480e900f6ddd8c542f6a89898ffcd241d06b14d7183db8aaa3c,e8110922fcacfc4bb78602772809156e2ad4cb2ad28bd806aec4a90f1714b6dc
template_only,10,5,381,1,0.6196378888509287,20260634,372c21e2cb1dd480e900f6ddd8c542f6a89898ffcd241d06b14d7183db8aaa3c,e8110922fcacfc4bb78602772809156e2ad4cb2ad28bd806aec4a90f1714b6dc
template_only,10,5,401,0,0.34336914561567533,20260634,372c21e2cb1dd480e900f6ddd8c542f6a89898ffcd241d06b14d7183db8aaa3c,e8110922fcacfc4bb78602772809156e2ad4cb2ad28bd806aec4a90f1714b6dc
template_only,10,5,413,1,0.5481473819040107,20260634,372c21e2cb1dd480e900f6ddd8c542f6a89898ffcd241d06b14d7183db8aaa3c,e8110922fcacfc4bb78602772809156e2ad4cb2ad28bd806aec4a90f1714b6dc
template_only,10,5,417,0,0.47283299176356747,20260634,372c21e2cb1dd480e900f6ddd8c542f6a89898ffcd241d06b14d7183db8aaa3c,e8110922fcacfc4bb78602772809156e2ad4cb2ad28bd806aec4a90f1714b6dc
template_only,10,5,418,1,0.7219573123155569,20260634,372c21e2cb1dd480e900f6ddd8c542f6a89898ffcd241d06b14d7183db8aaa3c,e8110922fcacfc4bb78602772809156e2ad4cb2ad28bd806aec4a90f1714b6dc
template_only,10,5,420,0,0.34336914561567533,20260634,372c21e2cb1dd480e900f6ddd8c542f6a89898ffcd241d06b14d7183db8aaa3c,e8110922fcacfc4bb78602772809156e2ad4cb2ad28bd806aec4a90f1714b6dc
template_only,10,5,426,1,0.6518474155133295,20260634,372c21e2cb1dd480e900f6ddd8c542f6a89898ffcd241d06b14d7183db8aaa3c,e8110922fcacfc4bb78602772809156e2ad4cb2ad28bd806aec4a90f1714b6dc
template_only,10,5,428,0,0.27264078284625043,20260634,372c21e2cb1dd480e900f6ddd8c542f6a89898ffcd241d06b14d7183db8aaa3c,e8110922fcacfc4bb78602772809156e2ad4cb2ad28bd806aec4a90f1714b6dc
template_only,10,5,439,0,0.33818266440748734,20260634,372c21e2cb1dd480e900f6ddd8c542f6a89898ffcd241d06b14d7183db8aaa3c,e8110922fcacfc4bb78602772809156e2ad4cb2ad28bd806aec4a90f1714b6dc
template_only,10,5,443,0,0.23327207951299234,20260634,372c21e2cb1dd480e900f6ddd8c542f6a89898ffcd241d06b14d7183db8aaa3c,e8110922fcacfc4bb78602772809156e2ad4cb2ad28bd806aec4a90f1714b6dc
template_only,10,5,444,0,0.33818266440748734,20260634,372c21e2cb1dd480e900f6ddd8c542f6a89898ffcd241d06b14d7183db8aaa3c,e8110922fcacfc4bb78602772809156e2ad4cb2ad28bd806aec4a90f1714b6dc
template_only,10,5,446,0,0.33818266440748734,20260634,372c21e2cb1dd480e900f6ddd8c542f6a89898ffcd241d06b14d7183db8aaa3c,e8110922fcacfc4bb78602772809156e2ad4cb2ad28bd806aec4a90f1714b6dc
template_only,10,5,456,0,0.34336914561567533,20260634,372c21e2cb1dd480e900f6ddd8c542f6a89898ffcd241d06b14d7183db8aaa3c,e8110922fcacfc4bb78602772809156e2ad4cb2ad28bd806aec4a90f1714b6dc
template_only,10,5,475,0,0.33818266440748734,20260634,372c21e2cb1dd480e900f6ddd8c542f6a89898ffcd241d06b14d7183db8aaa3c,e8110922fcacfc4bb78602772809156e2ad4cb2ad28bd806aec4a90f1714b6dc
template_only,10,5,476,0,0.34336914561567533,20260634,372c21e2cb1dd480e900f6ddd8c542f6a89898ffcd241d06b14d7183db8aaa3c,e8110922fcacfc4bb78602772809156e2ad4cb2ad28bd806aec4a90f1714b6dc
template_only,10,5,477,0,0.34336914561567533,20260634,372c21e2cb1dd480e900f6ddd8c542f6a89898ffcd241d06b14d7183db8aaa3c,e8110922fcacfc4bb78602772809156e2ad4cb2ad28bd806aec4a90f1714b6dc
template_only,10,5,484,0,0.7274471654368331,20260634,372c21e2cb1dd480e900f6ddd8c542f6a89898ffcd241d06b14d7183db8aaa3c,e8110922fcacfc4bb78602772809156e2ad4cb2ad28bd806aec4a90f1714b6dc
template_only,10,5,490,0,0.34336914561567533,20260634,372c21e2cb1dd480e900f6ddd8c542f6a89898ffcd241d06b14d7183db8aaa3c,e8110922fcacfc4bb78602772809156e2ad4cb2ad28bd806aec4a90f1714b6dc
template_only,10,5,491,0,0.5602047238537197,20260634,372c21e2cb1dd480e900f6ddd8c542f6a89898ffcd241d06b14d7183db8aaa3c,e8110922fcacfc4bb78602772809156e2ad4cb2ad28bd806aec4a90f1714b6dc
